--
-- PostgreSQL database dump
--

-- Dumped from database version 16.9 (Ubuntu 16.9-0ubuntu0.24.04.1)
-- Dumped by pg_dump version 16.9 (Ubuntu 16.9-0ubuntu0.24.04.1)

SET statement_timeout = 0;
SET lock_timeout = 0;
SET idle_in_transaction_session_timeout = 0;
SET client_encoding = 'UTF8';
SET standard_conforming_strings = on;
SELECT pg_catalog.set_config('search_path', '', false);
SET check_function_bodies = false;
SET xmloption = content;
SET client_min_messages = warning;
SET row_security = off;

--
-- Name: claim_reason_enum; Type: TYPE; Schema: public; Owner: -
--

CREATE TYPE public.claim_reason_enum AS ENUM (
    'missing_item',
    'wrong_item',
    'production_failure',
    'other'
);


--
-- Name: order_claim_type_enum; Type: TYPE; Schema: public; Owner: -
--

CREATE TYPE public.order_claim_type_enum AS ENUM (
    'refund',
    'replace'
);


--
-- Name: order_status_enum; Type: TYPE; Schema: public; Owner: -
--

CREATE TYPE public.order_status_enum AS ENUM (
    'pending',
    'completed',
    'draft',
    'archived',
    'canceled',
    'requires_action'
);


--
-- Name: return_status_enum; Type: TYPE; Schema: public; Owner: -
--

CREATE TYPE public.return_status_enum AS ENUM (
    'open',
    'requested',
    'received',
    'partially_received',
    'canceled'
);


SET default_tablespace = '';

SET default_table_access_method = heap;

--
-- Name: account_holder; Type: TABLE; Schema: public; Owner: -
--

CREATE TABLE public.account_holder (
    id text NOT NULL,
    provider_id text NOT NULL,
    external_id text NOT NULL,
    email text,
    data jsonb DEFAULT '{}'::jsonb NOT NULL,
    metadata jsonb,
    created_at timestamp with time zone DEFAULT now() NOT NULL,
    updated_at timestamp with time zone DEFAULT now() NOT NULL,
    deleted_at timestamp with time zone
);


--
-- Name: api_key; Type: TABLE; Schema: public; Owner: -
--

CREATE TABLE public.api_key (
    id text NOT NULL,
    token text NOT NULL,
    salt text NOT NULL,
    redacted text NOT NULL,
    title text NOT NULL,
    type text NOT NULL,
    last_used_at timestamp with time zone,
    created_by text NOT NULL,
    created_at timestamp with time zone DEFAULT now() NOT NULL,
    revoked_by text,
    revoked_at timestamp with time zone,
    updated_at timestamp with time zone DEFAULT now() NOT NULL,
    deleted_at timestamp with time zone,
    CONSTRAINT api_key_type_check CHECK ((type = ANY (ARRAY['publishable'::text, 'secret'::text])))
);


--
-- Name: application_method_buy_rules; Type: TABLE; Schema: public; Owner: -
--

CREATE TABLE public.application_method_buy_rules (
    application_method_id text NOT NULL,
    promotion_rule_id text NOT NULL
);


--
-- Name: application_method_target_rules; Type: TABLE; Schema: public; Owner: -
--

CREATE TABLE public.application_method_target_rules (
    application_method_id text NOT NULL,
    promotion_rule_id text NOT NULL
);


--
-- Name: auth_identity; Type: TABLE; Schema: public; Owner: -
--

CREATE TABLE public.auth_identity (
    id text NOT NULL,
    app_metadata jsonb,
    created_at timestamp with time zone DEFAULT now() NOT NULL,
    updated_at timestamp with time zone DEFAULT now() NOT NULL,
    deleted_at timestamp with time zone
);


--
-- Name: brand; Type: TABLE; Schema: public; Owner: -
--

CREATE TABLE public.brand (
    id text NOT NULL,
    name text NOT NULL,
    created_at timestamp with time zone DEFAULT now() NOT NULL,
    updated_at timestamp with time zone DEFAULT now() NOT NULL,
    deleted_at timestamp with time zone
);


--
-- Name: capture; Type: TABLE; Schema: public; Owner: -
--

CREATE TABLE public.capture (
    id text NOT NULL,
    amount numeric NOT NULL,
    raw_amount jsonb NOT NULL,
    payment_id text NOT NULL,
    created_at timestamp with time zone DEFAULT now() NOT NULL,
    updated_at timestamp with time zone DEFAULT now() NOT NULL,
    deleted_at timestamp with time zone,
    created_by text,
    metadata jsonb
);


--
-- Name: cart; Type: TABLE; Schema: public; Owner: -
--

CREATE TABLE public.cart (
    id text NOT NULL,
    region_id text,
    customer_id text,
    sales_channel_id text,
    email text,
    currency_code text NOT NULL,
    shipping_address_id text,
    billing_address_id text,
    metadata jsonb,
    created_at timestamp with time zone DEFAULT now() NOT NULL,
    updated_at timestamp with time zone DEFAULT now() NOT NULL,
    deleted_at timestamp with time zone,
    completed_at timestamp with time zone
);


--
-- Name: cart_address; Type: TABLE; Schema: public; Owner: -
--

CREATE TABLE public.cart_address (
    id text NOT NULL,
    customer_id text,
    company text,
    first_name text,
    last_name text,
    address_1 text,
    address_2 text,
    city text,
    country_code text,
    province text,
    postal_code text,
    phone text,
    metadata jsonb,
    created_at timestamp with time zone DEFAULT now() NOT NULL,
    updated_at timestamp with time zone DEFAULT now() NOT NULL,
    deleted_at timestamp with time zone
);


--
-- Name: cart_line_item; Type: TABLE; Schema: public; Owner: -
--

CREATE TABLE public.cart_line_item (
    id text NOT NULL,
    cart_id text NOT NULL,
    title text NOT NULL,
    subtitle text,
    thumbnail text,
    quantity integer NOT NULL,
    variant_id text,
    product_id text,
    product_title text,
    product_description text,
    product_subtitle text,
    product_type text,
    product_collection text,
    product_handle text,
    variant_sku text,
    variant_barcode text,
    variant_title text,
    variant_option_values jsonb,
    requires_shipping boolean DEFAULT true NOT NULL,
    is_discountable boolean DEFAULT true NOT NULL,
    is_tax_inclusive boolean DEFAULT false NOT NULL,
    compare_at_unit_price numeric,
    raw_compare_at_unit_price jsonb,
    unit_price numeric NOT NULL,
    raw_unit_price jsonb NOT NULL,
    metadata jsonb,
    created_at timestamp with time zone DEFAULT now() NOT NULL,
    updated_at timestamp with time zone DEFAULT now() NOT NULL,
    deleted_at timestamp with time zone,
    product_type_id text,
    is_custom_price boolean DEFAULT false NOT NULL,
    CONSTRAINT cart_line_item_unit_price_check CHECK ((unit_price >= (0)::numeric))
);


--
-- Name: cart_line_item_adjustment; Type: TABLE; Schema: public; Owner: -
--

CREATE TABLE public.cart_line_item_adjustment (
    id text NOT NULL,
    description text,
    promotion_id text,
    code text,
    amount numeric NOT NULL,
    raw_amount jsonb NOT NULL,
    provider_id text,
    metadata jsonb,
    created_at timestamp with time zone DEFAULT now() NOT NULL,
    updated_at timestamp with time zone DEFAULT now() NOT NULL,
    deleted_at timestamp with time zone,
    item_id text,
    CONSTRAINT cart_line_item_adjustment_check CHECK ((amount >= (0)::numeric))
);


--
-- Name: cart_line_item_tax_line; Type: TABLE; Schema: public; Owner: -
--

CREATE TABLE public.cart_line_item_tax_line (
    id text NOT NULL,
    description text,
    tax_rate_id text,
    code text NOT NULL,
    rate real NOT NULL,
    provider_id text,
    metadata jsonb,
    created_at timestamp with time zone DEFAULT now() NOT NULL,
    updated_at timestamp with time zone DEFAULT now() NOT NULL,
    deleted_at timestamp with time zone,
    item_id text
);


--
-- Name: cart_payment_collection; Type: TABLE; Schema: public; Owner: -
--

CREATE TABLE public.cart_payment_collection (
    cart_id character varying(255) NOT NULL,
    payment_collection_id character varying(255) NOT NULL,
    id character varying(255) NOT NULL,
    created_at timestamp with time zone DEFAULT CURRENT_TIMESTAMP NOT NULL,
    updated_at timestamp with time zone DEFAULT CURRENT_TIMESTAMP NOT NULL,
    deleted_at timestamp with time zone
);


--
-- Name: cart_promotion; Type: TABLE; Schema: public; Owner: -
--

CREATE TABLE public.cart_promotion (
    cart_id character varying(255) NOT NULL,
    promotion_id character varying(255) NOT NULL,
    id character varying(255) NOT NULL,
    created_at timestamp with time zone DEFAULT CURRENT_TIMESTAMP NOT NULL,
    updated_at timestamp with time zone DEFAULT CURRENT_TIMESTAMP NOT NULL,
    deleted_at timestamp with time zone
);


--
-- Name: cart_shipping_method; Type: TABLE; Schema: public; Owner: -
--

CREATE TABLE public.cart_shipping_method (
    id text NOT NULL,
    cart_id text NOT NULL,
    name text NOT NULL,
    description jsonb,
    amount numeric NOT NULL,
    raw_amount jsonb NOT NULL,
    is_tax_inclusive boolean DEFAULT false NOT NULL,
    shipping_option_id text,
    data jsonb,
    metadata jsonb,
    created_at timestamp with time zone DEFAULT now() NOT NULL,
    updated_at timestamp with time zone DEFAULT now() NOT NULL,
    deleted_at timestamp with time zone,
    CONSTRAINT cart_shipping_method_check CHECK ((amount >= (0)::numeric))
);


--
-- Name: cart_shipping_method_adjustment; Type: TABLE; Schema: public; Owner: -
--

CREATE TABLE public.cart_shipping_method_adjustment (
    id text NOT NULL,
    description text,
    promotion_id text,
    code text,
    amount numeric NOT NULL,
    raw_amount jsonb NOT NULL,
    provider_id text,
    metadata jsonb,
    created_at timestamp with time zone DEFAULT now() NOT NULL,
    updated_at timestamp with time zone DEFAULT now() NOT NULL,
    deleted_at timestamp with time zone,
    shipping_method_id text
);


--
-- Name: cart_shipping_method_tax_line; Type: TABLE; Schema: public; Owner: -
--

CREATE TABLE public.cart_shipping_method_tax_line (
    id text NOT NULL,
    description text,
    tax_rate_id text,
    code text NOT NULL,
    rate real NOT NULL,
    provider_id text,
    metadata jsonb,
    created_at timestamp with time zone DEFAULT now() NOT NULL,
    updated_at timestamp with time zone DEFAULT now() NOT NULL,
    deleted_at timestamp with time zone,
    shipping_method_id text
);


--
-- Name: currency; Type: TABLE; Schema: public; Owner: -
--

CREATE TABLE public.currency (
    code text NOT NULL,
    symbol text NOT NULL,
    symbol_native text NOT NULL,
    decimal_digits integer DEFAULT 0 NOT NULL,
    rounding numeric DEFAULT 0 NOT NULL,
    raw_rounding jsonb NOT NULL,
    name text NOT NULL,
    created_at timestamp with time zone DEFAULT now() NOT NULL,
    updated_at timestamp with time zone DEFAULT now() NOT NULL,
    deleted_at timestamp with time zone
);


--
-- Name: customer; Type: TABLE; Schema: public; Owner: -
--

CREATE TABLE public.customer (
    id text NOT NULL,
    company_name text,
    first_name text,
    last_name text,
    email text,
    phone text,
    has_account boolean DEFAULT false NOT NULL,
    metadata jsonb,
    created_at timestamp with time zone DEFAULT now() NOT NULL,
    updated_at timestamp with time zone DEFAULT now() NOT NULL,
    deleted_at timestamp with time zone,
    created_by text
);


--
-- Name: customer_account_holder; Type: TABLE; Schema: public; Owner: -
--

CREATE TABLE public.customer_account_holder (
    customer_id character varying(255) NOT NULL,
    account_holder_id character varying(255) NOT NULL,
    id character varying(255) NOT NULL,
    created_at timestamp with time zone DEFAULT CURRENT_TIMESTAMP NOT NULL,
    updated_at timestamp with time zone DEFAULT CURRENT_TIMESTAMP NOT NULL,
    deleted_at timestamp with time zone
);


--
-- Name: customer_address; Type: TABLE; Schema: public; Owner: -
--

CREATE TABLE public.customer_address (
    id text NOT NULL,
    customer_id text NOT NULL,
    address_name text,
    is_default_shipping boolean DEFAULT false NOT NULL,
    is_default_billing boolean DEFAULT false NOT NULL,
    company text,
    first_name text,
    last_name text,
    address_1 text,
    address_2 text,
    city text,
    country_code text,
    province text,
    postal_code text,
    phone text,
    metadata jsonb,
    created_at timestamp with time zone DEFAULT now() NOT NULL,
    updated_at timestamp with time zone DEFAULT now() NOT NULL,
    deleted_at timestamp with time zone
);


--
-- Name: customer_group; Type: TABLE; Schema: public; Owner: -
--

CREATE TABLE public.customer_group (
    id text NOT NULL,
    name text NOT NULL,
    metadata jsonb,
    created_by text,
    created_at timestamp with time zone DEFAULT now() NOT NULL,
    updated_at timestamp with time zone DEFAULT now() NOT NULL,
    deleted_at timestamp with time zone
);


--
-- Name: customer_group_customer; Type: TABLE; Schema: public; Owner: -
--

CREATE TABLE public.customer_group_customer (
    id text NOT NULL,
    customer_id text NOT NULL,
    customer_group_id text NOT NULL,
    metadata jsonb,
    created_at timestamp with time zone DEFAULT now() NOT NULL,
    updated_at timestamp with time zone DEFAULT now() NOT NULL,
    created_by text,
    deleted_at timestamp with time zone
);


--
-- Name: fulfillment; Type: TABLE; Schema: public; Owner: -
--

CREATE TABLE public.fulfillment (
    id text NOT NULL,
    location_id text NOT NULL,
    packed_at timestamp with time zone,
    shipped_at timestamp with time zone,
    delivered_at timestamp with time zone,
    canceled_at timestamp with time zone,
    data jsonb,
    provider_id text,
    shipping_option_id text,
    metadata jsonb,
    delivery_address_id text,
    created_at timestamp with time zone DEFAULT now() NOT NULL,
    updated_at timestamp with time zone DEFAULT now() NOT NULL,
    deleted_at timestamp with time zone,
    marked_shipped_by text,
    created_by text,
    requires_shipping boolean DEFAULT true NOT NULL
);


--
-- Name: fulfillment_address; Type: TABLE; Schema: public; Owner: -
--

CREATE TABLE public.fulfillment_address (
    id text NOT NULL,
    company text,
    first_name text,
    last_name text,
    address_1 text,
    address_2 text,
    city text,
    country_code text,
    province text,
    postal_code text,
    phone text,
    metadata jsonb,
    created_at timestamp with time zone DEFAULT now() NOT NULL,
    updated_at timestamp with time zone DEFAULT now() NOT NULL,
    deleted_at timestamp with time zone
);


--
-- Name: fulfillment_item; Type: TABLE; Schema: public; Owner: -
--

CREATE TABLE public.fulfillment_item (
    id text NOT NULL,
    title text NOT NULL,
    sku text NOT NULL,
    barcode text NOT NULL,
    quantity numeric NOT NULL,
    raw_quantity jsonb NOT NULL,
    line_item_id text,
    inventory_item_id text,
    fulfillment_id text NOT NULL,
    created_at timestamp with time zone DEFAULT now() NOT NULL,
    updated_at timestamp with time zone DEFAULT now() NOT NULL,
    deleted_at timestamp with time zone
);


--
-- Name: fulfillment_label; Type: TABLE; Schema: public; Owner: -
--

CREATE TABLE public.fulfillment_label (
    id text NOT NULL,
    tracking_number text NOT NULL,
    tracking_url text NOT NULL,
    label_url text NOT NULL,
    fulfillment_id text NOT NULL,
    created_at timestamp with time zone DEFAULT now() NOT NULL,
    updated_at timestamp with time zone DEFAULT now() NOT NULL,
    deleted_at timestamp with time zone
);


--
-- Name: fulfillment_provider; Type: TABLE; Schema: public; Owner: -
--

CREATE TABLE public.fulfillment_provider (
    id text NOT NULL,
    is_enabled boolean DEFAULT true NOT NULL,
    created_at timestamp with time zone DEFAULT now() NOT NULL,
    updated_at timestamp with time zone DEFAULT now() NOT NULL,
    deleted_at timestamp with time zone
);


--
-- Name: fulfillment_set; Type: TABLE; Schema: public; Owner: -
--

CREATE TABLE public.fulfillment_set (
    id text NOT NULL,
    name text NOT NULL,
    type text NOT NULL,
    metadata jsonb,
    created_at timestamp with time zone DEFAULT now() NOT NULL,
    updated_at timestamp with time zone DEFAULT now() NOT NULL,
    deleted_at timestamp with time zone
);


--
-- Name: geo_zone; Type: TABLE; Schema: public; Owner: -
--

CREATE TABLE public.geo_zone (
    id text NOT NULL,
    type text DEFAULT 'country'::text NOT NULL,
    country_code text NOT NULL,
    province_code text,
    city text,
    service_zone_id text NOT NULL,
    postal_expression jsonb,
    metadata jsonb,
    created_at timestamp with time zone DEFAULT now() NOT NULL,
    updated_at timestamp with time zone DEFAULT now() NOT NULL,
    deleted_at timestamp with time zone,
    CONSTRAINT geo_zone_type_check CHECK ((type = ANY (ARRAY['country'::text, 'province'::text, 'city'::text, 'zip'::text])))
);


--
-- Name: image; Type: TABLE; Schema: public; Owner: -
--

CREATE TABLE public.image (
    id text NOT NULL,
    url text NOT NULL,
    metadata jsonb,
    created_at timestamp with time zone DEFAULT now() NOT NULL,
    updated_at timestamp with time zone DEFAULT now() NOT NULL,
    deleted_at timestamp with time zone,
    rank integer DEFAULT 0 NOT NULL,
    product_id text NOT NULL
);


--
-- Name: ingredient; Type: TABLE; Schema: public; Owner: -
--

CREATE TABLE public.ingredient (
    id text NOT NULL,
    name text NOT NULL,
    grams real NOT NULL,
    removable boolean DEFAULT false NOT NULL,
    product_id text NOT NULL,
    created_at timestamp with time zone DEFAULT now() NOT NULL,
    updated_at timestamp with time zone DEFAULT now() NOT NULL,
    deleted_at timestamp with time zone
);


--
-- Name: inventory_item; Type: TABLE; Schema: public; Owner: -
--

CREATE TABLE public.inventory_item (
    id text NOT NULL,
    created_at timestamp with time zone DEFAULT now() NOT NULL,
    updated_at timestamp with time zone DEFAULT now() NOT NULL,
    deleted_at timestamp with time zone,
    sku text,
    origin_country text,
    hs_code text,
    mid_code text,
    material text,
    weight integer,
    length integer,
    height integer,
    width integer,
    requires_shipping boolean DEFAULT true NOT NULL,
    description text,
    title text,
    thumbnail text,
    metadata jsonb
);


--
-- Name: inventory_level; Type: TABLE; Schema: public; Owner: -
--

CREATE TABLE public.inventory_level (
    id text NOT NULL,
    created_at timestamp with time zone DEFAULT now() NOT NULL,
    updated_at timestamp with time zone DEFAULT now() NOT NULL,
    deleted_at timestamp with time zone,
    inventory_item_id text NOT NULL,
    location_id text NOT NULL,
    stocked_quantity numeric DEFAULT 0 NOT NULL,
    reserved_quantity numeric DEFAULT 0 NOT NULL,
    incoming_quantity numeric DEFAULT 0 NOT NULL,
    metadata jsonb,
    raw_stocked_quantity jsonb,
    raw_reserved_quantity jsonb,
    raw_incoming_quantity jsonb
);


--
-- Name: invite; Type: TABLE; Schema: public; Owner: -
--

CREATE TABLE public.invite (
    id text NOT NULL,
    email text NOT NULL,
    accepted boolean DEFAULT false NOT NULL,
    token text NOT NULL,
    expires_at timestamp with time zone NOT NULL,
    metadata jsonb,
    created_at timestamp with time zone DEFAULT now() NOT NULL,
    updated_at timestamp with time zone DEFAULT now() NOT NULL,
    deleted_at timestamp with time zone
);


--
-- Name: link_module_migrations; Type: TABLE; Schema: public; Owner: -
--

CREATE TABLE public.link_module_migrations (
    id integer NOT NULL,
    table_name character varying(255) NOT NULL,
    link_descriptor jsonb DEFAULT '{}'::jsonb NOT NULL,
    created_at timestamp without time zone DEFAULT CURRENT_TIMESTAMP
);


--
-- Name: link_module_migrations_id_seq; Type: SEQUENCE; Schema: public; Owner: -
--

CREATE SEQUENCE public.link_module_migrations_id_seq
    AS integer
    START WITH 1
    INCREMENT BY 1
    NO MINVALUE
    NO MAXVALUE
    CACHE 1;


--
-- Name: link_module_migrations_id_seq; Type: SEQUENCE OWNED BY; Schema: public; Owner: -
--

ALTER SEQUENCE public.link_module_migrations_id_seq OWNED BY public.link_module_migrations.id;


--
-- Name: location_fulfillment_provider; Type: TABLE; Schema: public; Owner: -
--

CREATE TABLE public.location_fulfillment_provider (
    stock_location_id character varying(255) NOT NULL,
    fulfillment_provider_id character varying(255) NOT NULL,
    id character varying(255) NOT NULL,
    created_at timestamp with time zone DEFAULT CURRENT_TIMESTAMP NOT NULL,
    updated_at timestamp with time zone DEFAULT CURRENT_TIMESTAMP NOT NULL,
    deleted_at timestamp with time zone
);


--
-- Name: location_fulfillment_set; Type: TABLE; Schema: public; Owner: -
--

CREATE TABLE public.location_fulfillment_set (
    stock_location_id character varying(255) NOT NULL,
    fulfillment_set_id character varying(255) NOT NULL,
    id character varying(255) NOT NULL,
    created_at timestamp with time zone DEFAULT CURRENT_TIMESTAMP NOT NULL,
    updated_at timestamp with time zone DEFAULT CURRENT_TIMESTAMP NOT NULL,
    deleted_at timestamp with time zone
);


--
-- Name: mikro_orm_migrations; Type: TABLE; Schema: public; Owner: -
--

CREATE TABLE public.mikro_orm_migrations (
    id integer NOT NULL,
    name character varying(255),
    executed_at timestamp with time zone DEFAULT CURRENT_TIMESTAMP
);


--
-- Name: mikro_orm_migrations_id_seq; Type: SEQUENCE; Schema: public; Owner: -
--

CREATE SEQUENCE public.mikro_orm_migrations_id_seq
    AS integer
    START WITH 1
    INCREMENT BY 1
    NO MINVALUE
    NO MAXVALUE
    CACHE 1;


--
-- Name: mikro_orm_migrations_id_seq; Type: SEQUENCE OWNED BY; Schema: public; Owner: -
--

ALTER SEQUENCE public.mikro_orm_migrations_id_seq OWNED BY public.mikro_orm_migrations.id;


--
-- Name: notification; Type: TABLE; Schema: public; Owner: -
--

CREATE TABLE public.notification (
    id text NOT NULL,
    "to" text NOT NULL,
    channel text NOT NULL,
    template text NOT NULL,
    data jsonb,
    trigger_type text,
    resource_id text,
    resource_type text,
    receiver_id text,
    original_notification_id text,
    idempotency_key text,
    external_id text,
    provider_id text,
    created_at timestamp with time zone DEFAULT now() NOT NULL,
    updated_at timestamp with time zone DEFAULT now() NOT NULL,
    deleted_at timestamp with time zone,
    status text DEFAULT 'pending'::text NOT NULL,
    CONSTRAINT notification_status_check CHECK ((status = ANY (ARRAY['pending'::text, 'success'::text, 'failure'::text])))
);


--
-- Name: notification_provider; Type: TABLE; Schema: public; Owner: -
--

CREATE TABLE public.notification_provider (
    id text NOT NULL,
    handle text NOT NULL,
    name text NOT NULL,
    is_enabled boolean DEFAULT true NOT NULL,
    channels text[] DEFAULT '{}'::text[] NOT NULL,
    created_at timestamp with time zone DEFAULT now() NOT NULL,
    updated_at timestamp with time zone DEFAULT now() NOT NULL,
    deleted_at timestamp with time zone
);


--
-- Name: order; Type: TABLE; Schema: public; Owner: -
--

CREATE TABLE public."order" (
    id text NOT NULL,
    region_id text,
    display_id integer,
    customer_id text,
    version integer DEFAULT 1 NOT NULL,
    sales_channel_id text,
    status public.order_status_enum DEFAULT 'pending'::public.order_status_enum NOT NULL,
    is_draft_order boolean DEFAULT false NOT NULL,
    email text,
    currency_code text NOT NULL,
    shipping_address_id text,
    billing_address_id text,
    no_notification boolean,
    metadata jsonb,
    created_at timestamp with time zone DEFAULT now() NOT NULL,
    updated_at timestamp with time zone DEFAULT now() NOT NULL,
    deleted_at timestamp with time zone,
    canceled_at timestamp with time zone
);


--
-- Name: order_address; Type: TABLE; Schema: public; Owner: -
--

CREATE TABLE public.order_address (
    id text NOT NULL,
    customer_id text,
    company text,
    first_name text,
    last_name text,
    address_1 text,
    address_2 text,
    city text,
    country_code text,
    province text,
    postal_code text,
    phone text,
    metadata jsonb,
    created_at timestamp with time zone DEFAULT now() NOT NULL,
    updated_at timestamp with time zone DEFAULT now() NOT NULL,
    deleted_at timestamp with time zone
);


--
-- Name: order_cart; Type: TABLE; Schema: public; Owner: -
--

CREATE TABLE public.order_cart (
    order_id character varying(255) NOT NULL,
    cart_id character varying(255) NOT NULL,
    id character varying(255) NOT NULL,
    created_at timestamp with time zone DEFAULT CURRENT_TIMESTAMP NOT NULL,
    updated_at timestamp with time zone DEFAULT CURRENT_TIMESTAMP NOT NULL,
    deleted_at timestamp with time zone
);


--
-- Name: order_change; Type: TABLE; Schema: public; Owner: -
--

CREATE TABLE public.order_change (
    id text NOT NULL,
    order_id text NOT NULL,
    version integer NOT NULL,
    description text,
    status text DEFAULT 'pending'::text NOT NULL,
    internal_note text,
    created_by text,
    requested_by text,
    requested_at timestamp with time zone,
    confirmed_by text,
    confirmed_at timestamp with time zone,
    declined_by text,
    declined_reason text,
    metadata jsonb,
    declined_at timestamp with time zone,
    canceled_by text,
    canceled_at timestamp with time zone,
    created_at timestamp with time zone DEFAULT now() NOT NULL,
    updated_at timestamp with time zone DEFAULT now() NOT NULL,
    change_type text,
    deleted_at timestamp with time zone,
    return_id text,
    claim_id text,
    exchange_id text,
    CONSTRAINT order_change_status_check CHECK ((status = ANY (ARRAY['confirmed'::text, 'declined'::text, 'requested'::text, 'pending'::text, 'canceled'::text])))
);


--
-- Name: order_change_action; Type: TABLE; Schema: public; Owner: -
--

CREATE TABLE public.order_change_action (
    id text NOT NULL,
    order_id text,
    version integer,
    ordering bigint NOT NULL,
    order_change_id text,
    reference text,
    reference_id text,
    action text NOT NULL,
    details jsonb,
    amount numeric,
    raw_amount jsonb,
    internal_note text,
    applied boolean DEFAULT false NOT NULL,
    created_at timestamp with time zone DEFAULT now() NOT NULL,
    updated_at timestamp with time zone DEFAULT now() NOT NULL,
    deleted_at timestamp with time zone,
    return_id text,
    claim_id text,
    exchange_id text
);


--
-- Name: order_change_action_ordering_seq; Type: SEQUENCE; Schema: public; Owner: -
--

CREATE SEQUENCE public.order_change_action_ordering_seq
    START WITH 1
    INCREMENT BY 1
    NO MINVALUE
    NO MAXVALUE
    CACHE 1;


--
-- Name: order_change_action_ordering_seq; Type: SEQUENCE OWNED BY; Schema: public; Owner: -
--

ALTER SEQUENCE public.order_change_action_ordering_seq OWNED BY public.order_change_action.ordering;


--
-- Name: order_claim; Type: TABLE; Schema: public; Owner: -
--

CREATE TABLE public.order_claim (
    id text NOT NULL,
    order_id text NOT NULL,
    return_id text,
    order_version integer NOT NULL,
    display_id integer NOT NULL,
    type public.order_claim_type_enum NOT NULL,
    no_notification boolean,
    refund_amount numeric,
    raw_refund_amount jsonb,
    metadata jsonb,
    created_at timestamp with time zone DEFAULT now() NOT NULL,
    updated_at timestamp with time zone DEFAULT now() NOT NULL,
    deleted_at timestamp with time zone,
    canceled_at timestamp with time zone,
    created_by text
);


--
-- Name: order_claim_display_id_seq; Type: SEQUENCE; Schema: public; Owner: -
--

CREATE SEQUENCE public.order_claim_display_id_seq
    AS integer
    START WITH 1
    INCREMENT BY 1
    NO MINVALUE
    NO MAXVALUE
    CACHE 1;


--
-- Name: order_claim_display_id_seq; Type: SEQUENCE OWNED BY; Schema: public; Owner: -
--

ALTER SEQUENCE public.order_claim_display_id_seq OWNED BY public.order_claim.display_id;


--
-- Name: order_claim_item; Type: TABLE; Schema: public; Owner: -
--

CREATE TABLE public.order_claim_item (
    id text NOT NULL,
    claim_id text NOT NULL,
    item_id text NOT NULL,
    is_additional_item boolean DEFAULT false NOT NULL,
    reason public.claim_reason_enum,
    quantity numeric NOT NULL,
    raw_quantity jsonb NOT NULL,
    note text,
    metadata jsonb,
    created_at timestamp with time zone DEFAULT now() NOT NULL,
    updated_at timestamp with time zone DEFAULT now() NOT NULL,
    deleted_at timestamp with time zone
);


--
-- Name: order_claim_item_image; Type: TABLE; Schema: public; Owner: -
--

CREATE TABLE public.order_claim_item_image (
    id text NOT NULL,
    claim_item_id text NOT NULL,
    url text NOT NULL,
    metadata jsonb,
    created_at timestamp with time zone DEFAULT now() NOT NULL,
    updated_at timestamp with time zone DEFAULT now() NOT NULL,
    deleted_at timestamp with time zone
);


--
-- Name: order_credit_line; Type: TABLE; Schema: public; Owner: -
--

CREATE TABLE public.order_credit_line (
    id text NOT NULL,
    order_id text NOT NULL,
    reference text,
    reference_id text,
    amount numeric NOT NULL,
    raw_amount jsonb NOT NULL,
    metadata jsonb,
    created_at timestamp with time zone DEFAULT now() NOT NULL,
    updated_at timestamp with time zone DEFAULT now() NOT NULL,
    deleted_at timestamp with time zone
);


--
-- Name: order_display_id_seq; Type: SEQUENCE; Schema: public; Owner: -
--

CREATE SEQUENCE public.order_display_id_seq
    AS integer
    START WITH 1
    INCREMENT BY 1
    NO MINVALUE
    NO MAXVALUE
    CACHE 1;


--
-- Name: order_display_id_seq; Type: SEQUENCE OWNED BY; Schema: public; Owner: -
--

ALTER SEQUENCE public.order_display_id_seq OWNED BY public."order".display_id;


--
-- Name: order_exchange; Type: TABLE; Schema: public; Owner: -
--

CREATE TABLE public.order_exchange (
    id text NOT NULL,
    order_id text NOT NULL,
    return_id text,
    order_version integer NOT NULL,
    display_id integer NOT NULL,
    no_notification boolean,
    allow_backorder boolean DEFAULT false NOT NULL,
    difference_due numeric,
    raw_difference_due jsonb,
    metadata jsonb,
    created_at timestamp with time zone DEFAULT now() NOT NULL,
    updated_at timestamp with time zone DEFAULT now() NOT NULL,
    deleted_at timestamp with time zone,
    canceled_at timestamp with time zone,
    created_by text
);


--
-- Name: order_exchange_display_id_seq; Type: SEQUENCE; Schema: public; Owner: -
--

CREATE SEQUENCE public.order_exchange_display_id_seq
    AS integer
    START WITH 1
    INCREMENT BY 1
    NO MINVALUE
    NO MAXVALUE
    CACHE 1;


--
-- Name: order_exchange_display_id_seq; Type: SEQUENCE OWNED BY; Schema: public; Owner: -
--

ALTER SEQUENCE public.order_exchange_display_id_seq OWNED BY public.order_exchange.display_id;


--
-- Name: order_exchange_item; Type: TABLE; Schema: public; Owner: -
--

CREATE TABLE public.order_exchange_item (
    id text NOT NULL,
    exchange_id text NOT NULL,
    item_id text NOT NULL,
    quantity numeric NOT NULL,
    raw_quantity jsonb NOT NULL,
    note text,
    metadata jsonb,
    created_at timestamp with time zone DEFAULT now() NOT NULL,
    updated_at timestamp with time zone DEFAULT now() NOT NULL,
    deleted_at timestamp with time zone
);


--
-- Name: order_fulfillment; Type: TABLE; Schema: public; Owner: -
--

CREATE TABLE public.order_fulfillment (
    order_id character varying(255) NOT NULL,
    fulfillment_id character varying(255) NOT NULL,
    id character varying(255) NOT NULL,
    created_at timestamp with time zone DEFAULT CURRENT_TIMESTAMP NOT NULL,
    updated_at timestamp with time zone DEFAULT CURRENT_TIMESTAMP NOT NULL,
    deleted_at timestamp with time zone
);


--
-- Name: order_item; Type: TABLE; Schema: public; Owner: -
--

CREATE TABLE public.order_item (
    id text NOT NULL,
    order_id text NOT NULL,
    version integer NOT NULL,
    item_id text NOT NULL,
    quantity numeric NOT NULL,
    raw_quantity jsonb NOT NULL,
    fulfilled_quantity numeric NOT NULL,
    raw_fulfilled_quantity jsonb NOT NULL,
    shipped_quantity numeric NOT NULL,
    raw_shipped_quantity jsonb NOT NULL,
    return_requested_quantity numeric NOT NULL,
    raw_return_requested_quantity jsonb NOT NULL,
    return_received_quantity numeric NOT NULL,
    raw_return_received_quantity jsonb NOT NULL,
    return_dismissed_quantity numeric NOT NULL,
    raw_return_dismissed_quantity jsonb NOT NULL,
    written_off_quantity numeric NOT NULL,
    raw_written_off_quantity jsonb NOT NULL,
    metadata jsonb,
    created_at timestamp with time zone DEFAULT now() NOT NULL,
    updated_at timestamp with time zone DEFAULT now() NOT NULL,
    deleted_at timestamp with time zone,
    delivered_quantity numeric DEFAULT 0 NOT NULL,
    raw_delivered_quantity jsonb NOT NULL,
    unit_price numeric,
    raw_unit_price jsonb,
    compare_at_unit_price numeric,
    raw_compare_at_unit_price jsonb
);


--
-- Name: order_line_item; Type: TABLE; Schema: public; Owner: -
--

CREATE TABLE public.order_line_item (
    id text NOT NULL,
    totals_id text,
    title text NOT NULL,
    subtitle text,
    thumbnail text,
    variant_id text,
    product_id text,
    product_title text,
    product_description text,
    product_subtitle text,
    product_type text,
    product_collection text,
    product_handle text,
    variant_sku text,
    variant_barcode text,
    variant_title text,
    variant_option_values jsonb,
    requires_shipping boolean DEFAULT true NOT NULL,
    is_discountable boolean DEFAULT true NOT NULL,
    is_tax_inclusive boolean DEFAULT false NOT NULL,
    compare_at_unit_price numeric,
    raw_compare_at_unit_price jsonb,
    unit_price numeric NOT NULL,
    raw_unit_price jsonb NOT NULL,
    metadata jsonb,
    created_at timestamp with time zone DEFAULT now() NOT NULL,
    updated_at timestamp with time zone DEFAULT now() NOT NULL,
    deleted_at timestamp with time zone,
    is_custom_price boolean DEFAULT false NOT NULL,
    product_type_id text
);


--
-- Name: order_line_item_adjustment; Type: TABLE; Schema: public; Owner: -
--

CREATE TABLE public.order_line_item_adjustment (
    id text NOT NULL,
    description text,
    promotion_id text,
    code text,
    amount numeric NOT NULL,
    raw_amount jsonb NOT NULL,
    provider_id text,
    created_at timestamp with time zone DEFAULT now() NOT NULL,
    updated_at timestamp with time zone DEFAULT now() NOT NULL,
    item_id text NOT NULL,
    deleted_at timestamp with time zone
);


--
-- Name: order_line_item_tax_line; Type: TABLE; Schema: public; Owner: -
--

CREATE TABLE public.order_line_item_tax_line (
    id text NOT NULL,
    description text,
    tax_rate_id text,
    code text NOT NULL,
    rate numeric NOT NULL,
    raw_rate jsonb NOT NULL,
    provider_id text,
    created_at timestamp with time zone DEFAULT now() NOT NULL,
    updated_at timestamp with time zone DEFAULT now() NOT NULL,
    item_id text NOT NULL,
    deleted_at timestamp with time zone
);


--
-- Name: order_payment_collection; Type: TABLE; Schema: public; Owner: -
--

CREATE TABLE public.order_payment_collection (
    order_id character varying(255) NOT NULL,
    payment_collection_id character varying(255) NOT NULL,
    id character varying(255) NOT NULL,
    created_at timestamp with time zone DEFAULT CURRENT_TIMESTAMP NOT NULL,
    updated_at timestamp with time zone DEFAULT CURRENT_TIMESTAMP NOT NULL,
    deleted_at timestamp with time zone
);


--
-- Name: order_promotion; Type: TABLE; Schema: public; Owner: -
--

CREATE TABLE public.order_promotion (
    order_id character varying(255) NOT NULL,
    promotion_id character varying(255) NOT NULL,
    id character varying(255) NOT NULL,
    created_at timestamp with time zone DEFAULT CURRENT_TIMESTAMP NOT NULL,
    updated_at timestamp with time zone DEFAULT CURRENT_TIMESTAMP NOT NULL,
    deleted_at timestamp with time zone
);


--
-- Name: order_shipping; Type: TABLE; Schema: public; Owner: -
--

CREATE TABLE public.order_shipping (
    id text NOT NULL,
    order_id text NOT NULL,
    version integer NOT NULL,
    shipping_method_id text NOT NULL,
    created_at timestamp with time zone DEFAULT now() NOT NULL,
    updated_at timestamp with time zone DEFAULT now() NOT NULL,
    deleted_at timestamp with time zone,
    return_id text,
    claim_id text,
    exchange_id text
);


--
-- Name: order_shipping_method; Type: TABLE; Schema: public; Owner: -
--

CREATE TABLE public.order_shipping_method (
    id text NOT NULL,
    name text NOT NULL,
    description jsonb,
    amount numeric NOT NULL,
    raw_amount jsonb NOT NULL,
    is_tax_inclusive boolean DEFAULT false NOT NULL,
    shipping_option_id text,
    data jsonb,
    metadata jsonb,
    created_at timestamp with time zone DEFAULT now() NOT NULL,
    updated_at timestamp with time zone DEFAULT now() NOT NULL,
    deleted_at timestamp with time zone,
    is_custom_amount boolean DEFAULT false NOT NULL
);


--
-- Name: order_shipping_method_adjustment; Type: TABLE; Schema: public; Owner: -
--

CREATE TABLE public.order_shipping_method_adjustment (
    id text NOT NULL,
    description text,
    promotion_id text,
    code text,
    amount numeric NOT NULL,
    raw_amount jsonb NOT NULL,
    provider_id text,
    created_at timestamp with time zone DEFAULT now() NOT NULL,
    updated_at timestamp with time zone DEFAULT now() NOT NULL,
    shipping_method_id text NOT NULL,
    deleted_at timestamp with time zone
);


--
-- Name: order_shipping_method_tax_line; Type: TABLE; Schema: public; Owner: -
--

CREATE TABLE public.order_shipping_method_tax_line (
    id text NOT NULL,
    description text,
    tax_rate_id text,
    code text NOT NULL,
    rate numeric NOT NULL,
    raw_rate jsonb NOT NULL,
    provider_id text,
    created_at timestamp with time zone DEFAULT now() NOT NULL,
    updated_at timestamp with time zone DEFAULT now() NOT NULL,
    shipping_method_id text NOT NULL,
    deleted_at timestamp with time zone
);


--
-- Name: order_summary; Type: TABLE; Schema: public; Owner: -
--

CREATE TABLE public.order_summary (
    id text NOT NULL,
    order_id text NOT NULL,
    version integer DEFAULT 1 NOT NULL,
    totals jsonb,
    created_at timestamp with time zone DEFAULT now() NOT NULL,
    updated_at timestamp with time zone DEFAULT now() NOT NULL,
    deleted_at timestamp with time zone
);


--
-- Name: order_transaction; Type: TABLE; Schema: public; Owner: -
--

CREATE TABLE public.order_transaction (
    id text NOT NULL,
    order_id text NOT NULL,
    version integer DEFAULT 1 NOT NULL,
    amount numeric NOT NULL,
    raw_amount jsonb NOT NULL,
    currency_code text NOT NULL,
    reference text,
    reference_id text,
    created_at timestamp with time zone DEFAULT now() NOT NULL,
    updated_at timestamp with time zone DEFAULT now() NOT NULL,
    deleted_at timestamp with time zone,
    return_id text,
    claim_id text,
    exchange_id text
);


--
-- Name: payment; Type: TABLE; Schema: public; Owner: -
--

CREATE TABLE public.payment (
    id text NOT NULL,
    amount numeric NOT NULL,
    raw_amount jsonb NOT NULL,
    currency_code text NOT NULL,
    provider_id text NOT NULL,
    data jsonb,
    created_at timestamp with time zone DEFAULT now() NOT NULL,
    updated_at timestamp with time zone DEFAULT now() NOT NULL,
    deleted_at timestamp with time zone,
    captured_at timestamp with time zone,
    canceled_at timestamp with time zone,
    payment_collection_id text NOT NULL,
    payment_session_id text NOT NULL,
    metadata jsonb
);


--
-- Name: payment_collection; Type: TABLE; Schema: public; Owner: -
--

CREATE TABLE public.payment_collection (
    id text NOT NULL,
    currency_code text NOT NULL,
    amount numeric NOT NULL,
    raw_amount jsonb NOT NULL,
    authorized_amount numeric,
    raw_authorized_amount jsonb,
    captured_amount numeric,
    raw_captured_amount jsonb,
    refunded_amount numeric,
    raw_refunded_amount jsonb,
    created_at timestamp with time zone DEFAULT now() NOT NULL,
    updated_at timestamp with time zone DEFAULT now() NOT NULL,
    deleted_at timestamp with time zone,
    completed_at timestamp with time zone,
    status text DEFAULT 'not_paid'::text NOT NULL,
    metadata jsonb,
    CONSTRAINT payment_collection_status_check CHECK ((status = ANY (ARRAY['not_paid'::text, 'awaiting'::text, 'authorized'::text, 'partially_authorized'::text, 'canceled'::text, 'failed'::text, 'completed'::text])))
);


--
-- Name: payment_collection_payment_providers; Type: TABLE; Schema: public; Owner: -
--

CREATE TABLE public.payment_collection_payment_providers (
    payment_collection_id text NOT NULL,
    payment_provider_id text NOT NULL
);


--
-- Name: payment_provider; Type: TABLE; Schema: public; Owner: -
--

CREATE TABLE public.payment_provider (
    id text NOT NULL,
    is_enabled boolean DEFAULT true NOT NULL,
    created_at timestamp with time zone DEFAULT now() NOT NULL,
    updated_at timestamp with time zone DEFAULT now() NOT NULL,
    deleted_at timestamp with time zone
);


--
-- Name: payment_session; Type: TABLE; Schema: public; Owner: -
--

CREATE TABLE public.payment_session (
    id text NOT NULL,
    currency_code text NOT NULL,
    amount numeric NOT NULL,
    raw_amount jsonb NOT NULL,
    provider_id text NOT NULL,
    data jsonb DEFAULT '{}'::jsonb NOT NULL,
    context jsonb,
    status text DEFAULT 'pending'::text NOT NULL,
    authorized_at timestamp with time zone,
    payment_collection_id text NOT NULL,
    metadata jsonb,
    created_at timestamp with time zone DEFAULT now() NOT NULL,
    updated_at timestamp with time zone DEFAULT now() NOT NULL,
    deleted_at timestamp with time zone,
    CONSTRAINT payment_session_status_check CHECK ((status = ANY (ARRAY['authorized'::text, 'captured'::text, 'pending'::text, 'requires_more'::text, 'error'::text, 'canceled'::text])))
);


--
-- Name: price; Type: TABLE; Schema: public; Owner: -
--

CREATE TABLE public.price (
    id text NOT NULL,
    title text,
    price_set_id text NOT NULL,
    currency_code text NOT NULL,
    raw_amount jsonb NOT NULL,
    rules_count integer DEFAULT 0,
    created_at timestamp with time zone DEFAULT now() NOT NULL,
    updated_at timestamp with time zone DEFAULT now() NOT NULL,
    deleted_at timestamp with time zone,
    price_list_id text,
    amount numeric NOT NULL,
    min_quantity integer,
    max_quantity integer
);


--
-- Name: price_list; Type: TABLE; Schema: public; Owner: -
--

CREATE TABLE public.price_list (
    id text NOT NULL,
    status text DEFAULT 'draft'::text NOT NULL,
    starts_at timestamp with time zone,
    ends_at timestamp with time zone,
    rules_count integer DEFAULT 0,
    title text NOT NULL,
    description text NOT NULL,
    type text DEFAULT 'sale'::text NOT NULL,
    created_at timestamp with time zone DEFAULT now() NOT NULL,
    updated_at timestamp with time zone DEFAULT now() NOT NULL,
    deleted_at timestamp with time zone,
    CONSTRAINT price_list_status_check CHECK ((status = ANY (ARRAY['active'::text, 'draft'::text]))),
    CONSTRAINT price_list_type_check CHECK ((type = ANY (ARRAY['sale'::text, 'override'::text])))
);


--
-- Name: price_list_rule; Type: TABLE; Schema: public; Owner: -
--

CREATE TABLE public.price_list_rule (
    id text NOT NULL,
    price_list_id text NOT NULL,
    created_at timestamp with time zone DEFAULT now() NOT NULL,
    updated_at timestamp with time zone DEFAULT now() NOT NULL,
    deleted_at timestamp with time zone,
    value jsonb,
    attribute text DEFAULT ''::text NOT NULL
);


--
-- Name: price_preference; Type: TABLE; Schema: public; Owner: -
--

CREATE TABLE public.price_preference (
    id text NOT NULL,
    attribute text NOT NULL,
    value text,
    is_tax_inclusive boolean DEFAULT false NOT NULL,
    created_at timestamp with time zone DEFAULT now() NOT NULL,
    updated_at timestamp with time zone DEFAULT now() NOT NULL,
    deleted_at timestamp with time zone
);


--
-- Name: price_rule; Type: TABLE; Schema: public; Owner: -
--

CREATE TABLE public.price_rule (
    id text NOT NULL,
    value text NOT NULL,
    priority integer DEFAULT 0 NOT NULL,
    price_id text NOT NULL,
    created_at timestamp with time zone DEFAULT now() NOT NULL,
    updated_at timestamp with time zone DEFAULT now() NOT NULL,
    deleted_at timestamp with time zone,
    attribute text DEFAULT ''::text NOT NULL,
    operator text DEFAULT 'eq'::text NOT NULL,
    CONSTRAINT price_rule_operator_check CHECK ((operator = ANY (ARRAY['gte'::text, 'lte'::text, 'gt'::text, 'lt'::text, 'eq'::text])))
);


--
-- Name: price_set; Type: TABLE; Schema: public; Owner: -
--

CREATE TABLE public.price_set (
    id text NOT NULL,
    created_at timestamp with time zone DEFAULT now() NOT NULL,
    updated_at timestamp with time zone DEFAULT now() NOT NULL,
    deleted_at timestamp with time zone
);


--
-- Name: product; Type: TABLE; Schema: public; Owner: -
--

CREATE TABLE public.product (
    id text NOT NULL,
    title text NOT NULL,
    handle text NOT NULL,
    subtitle text,
    description text,
    is_giftcard boolean DEFAULT false NOT NULL,
    status text DEFAULT 'draft'::text NOT NULL,
    thumbnail text,
    weight text,
    length text,
    height text,
    width text,
    origin_country text,
    hs_code text,
    mid_code text,
    material text,
    collection_id text,
    type_id text,
    discountable boolean DEFAULT true NOT NULL,
    external_id text,
    created_at timestamp with time zone DEFAULT now() NOT NULL,
    updated_at timestamp with time zone DEFAULT now() NOT NULL,
    deleted_at timestamp with time zone,
    metadata jsonb,
    CONSTRAINT product_status_check CHECK ((status = ANY (ARRAY['draft'::text, 'proposed'::text, 'published'::text, 'rejected'::text])))
);


--
-- Name: product_category; Type: TABLE; Schema: public; Owner: -
--

CREATE TABLE public.product_category (
    id text NOT NULL,
    name text NOT NULL,
    description text DEFAULT ''::text NOT NULL,
    handle text NOT NULL,
    mpath text NOT NULL,
    is_active boolean DEFAULT false NOT NULL,
    is_internal boolean DEFAULT false NOT NULL,
    rank integer DEFAULT 0 NOT NULL,
    parent_category_id text,
    created_at timestamp with time zone DEFAULT now() NOT NULL,
    updated_at timestamp with time zone DEFAULT now() NOT NULL,
    deleted_at timestamp with time zone,
    metadata jsonb
);


--
-- Name: product_category_product; Type: TABLE; Schema: public; Owner: -
--

CREATE TABLE public.product_category_product (
    product_id text NOT NULL,
    product_category_id text NOT NULL
);


--
-- Name: product_collection; Type: TABLE; Schema: public; Owner: -
--

CREATE TABLE public.product_collection (
    id text NOT NULL,
    title text NOT NULL,
    handle text NOT NULL,
    metadata jsonb,
    created_at timestamp with time zone DEFAULT now() NOT NULL,
    updated_at timestamp with time zone DEFAULT now() NOT NULL,
    deleted_at timestamp with time zone
);


--
-- Name: product_option; Type: TABLE; Schema: public; Owner: -
--

CREATE TABLE public.product_option (
    id text NOT NULL,
    title text NOT NULL,
    product_id text NOT NULL,
    metadata jsonb,
    created_at timestamp with time zone DEFAULT now() NOT NULL,
    updated_at timestamp with time zone DEFAULT now() NOT NULL,
    deleted_at timestamp with time zone
);


--
-- Name: product_option_value; Type: TABLE; Schema: public; Owner: -
--

CREATE TABLE public.product_option_value (
    id text NOT NULL,
    value text NOT NULL,
    option_id text,
    metadata jsonb,
    created_at timestamp with time zone DEFAULT now() NOT NULL,
    updated_at timestamp with time zone DEFAULT now() NOT NULL,
    deleted_at timestamp with time zone
);


--
-- Name: product_sales_channel; Type: TABLE; Schema: public; Owner: -
--

CREATE TABLE public.product_sales_channel (
    product_id character varying(255) NOT NULL,
    sales_channel_id character varying(255) NOT NULL,
    id character varying(255) NOT NULL,
    created_at timestamp with time zone DEFAULT CURRENT_TIMESTAMP NOT NULL,
    updated_at timestamp with time zone DEFAULT CURRENT_TIMESTAMP NOT NULL,
    deleted_at timestamp with time zone
);


--
-- Name: product_shipping_profile; Type: TABLE; Schema: public; Owner: -
--

CREATE TABLE public.product_shipping_profile (
    product_id character varying(255) NOT NULL,
    shipping_profile_id character varying(255) NOT NULL,
    id character varying(255) NOT NULL,
    created_at timestamp with time zone DEFAULT CURRENT_TIMESTAMP NOT NULL,
    updated_at timestamp with time zone DEFAULT CURRENT_TIMESTAMP NOT NULL,
    deleted_at timestamp with time zone
);


--
-- Name: product_tag; Type: TABLE; Schema: public; Owner: -
--

CREATE TABLE public.product_tag (
    id text NOT NULL,
    value text NOT NULL,
    metadata jsonb,
    created_at timestamp with time zone DEFAULT now() NOT NULL,
    updated_at timestamp with time zone DEFAULT now() NOT NULL,
    deleted_at timestamp with time zone
);


--
-- Name: product_tags; Type: TABLE; Schema: public; Owner: -
--

CREATE TABLE public.product_tags (
    product_id text NOT NULL,
    product_tag_id text NOT NULL
);


--
-- Name: product_type; Type: TABLE; Schema: public; Owner: -
--

CREATE TABLE public.product_type (
    id text NOT NULL,
    value text NOT NULL,
    metadata json,
    created_at timestamp with time zone DEFAULT now() NOT NULL,
    updated_at timestamp with time zone DEFAULT now() NOT NULL,
    deleted_at timestamp with time zone
);


--
-- Name: product_variant; Type: TABLE; Schema: public; Owner: -
--

CREATE TABLE public.product_variant (
    id text NOT NULL,
    title text NOT NULL,
    sku text,
    barcode text,
    ean text,
    upc text,
    allow_backorder boolean DEFAULT false NOT NULL,
    manage_inventory boolean DEFAULT true NOT NULL,
    hs_code text,
    origin_country text,
    mid_code text,
    material text,
    weight integer,
    length integer,
    height integer,
    width integer,
    metadata jsonb,
    variant_rank integer DEFAULT 0,
    product_id text,
    created_at timestamp with time zone DEFAULT now() NOT NULL,
    updated_at timestamp with time zone DEFAULT now() NOT NULL,
    deleted_at timestamp with time zone
);


--
-- Name: product_variant_inventory_item; Type: TABLE; Schema: public; Owner: -
--

CREATE TABLE public.product_variant_inventory_item (
    variant_id character varying(255) NOT NULL,
    inventory_item_id character varying(255) NOT NULL,
    id character varying(255) NOT NULL,
    required_quantity integer DEFAULT 1 NOT NULL,
    created_at timestamp with time zone DEFAULT CURRENT_TIMESTAMP NOT NULL,
    updated_at timestamp with time zone DEFAULT CURRENT_TIMESTAMP NOT NULL,
    deleted_at timestamp with time zone
);


--
-- Name: product_variant_option; Type: TABLE; Schema: public; Owner: -
--

CREATE TABLE public.product_variant_option (
    variant_id text NOT NULL,
    option_value_id text NOT NULL
);


--
-- Name: product_variant_price_set; Type: TABLE; Schema: public; Owner: -
--

CREATE TABLE public.product_variant_price_set (
    variant_id character varying(255) NOT NULL,
    price_set_id character varying(255) NOT NULL,
    id character varying(255) NOT NULL,
    created_at timestamp with time zone DEFAULT CURRENT_TIMESTAMP NOT NULL,
    updated_at timestamp with time zone DEFAULT CURRENT_TIMESTAMP NOT NULL,
    deleted_at timestamp with time zone
);


--
-- Name: promotion; Type: TABLE; Schema: public; Owner: -
--

CREATE TABLE public.promotion (
    id text NOT NULL,
    code text NOT NULL,
    campaign_id text,
    is_automatic boolean DEFAULT false NOT NULL,
    type text NOT NULL,
    created_at timestamp with time zone DEFAULT now() NOT NULL,
    updated_at timestamp with time zone DEFAULT now() NOT NULL,
    deleted_at timestamp with time zone,
    status text DEFAULT 'draft'::text NOT NULL,
    CONSTRAINT promotion_status_check CHECK ((status = ANY (ARRAY['draft'::text, 'active'::text, 'inactive'::text]))),
    CONSTRAINT promotion_type_check CHECK ((type = ANY (ARRAY['standard'::text, 'buyget'::text])))
);


--
-- Name: promotion_application_method; Type: TABLE; Schema: public; Owner: -
--

CREATE TABLE public.promotion_application_method (
    id text NOT NULL,
    value numeric,
    raw_value jsonb,
    max_quantity integer,
    apply_to_quantity integer,
    buy_rules_min_quantity integer,
    type text NOT NULL,
    target_type text NOT NULL,
    allocation text,
    promotion_id text NOT NULL,
    created_at timestamp with time zone DEFAULT now() NOT NULL,
    updated_at timestamp with time zone DEFAULT now() NOT NULL,
    deleted_at timestamp with time zone,
    currency_code text,
    CONSTRAINT promotion_application_method_allocation_check CHECK ((allocation = ANY (ARRAY['each'::text, 'across'::text]))),
    CONSTRAINT promotion_application_method_target_type_check CHECK ((target_type = ANY (ARRAY['order'::text, 'shipping_methods'::text, 'items'::text]))),
    CONSTRAINT promotion_application_method_type_check CHECK ((type = ANY (ARRAY['fixed'::text, 'percentage'::text])))
);


--
-- Name: promotion_campaign; Type: TABLE; Schema: public; Owner: -
--

CREATE TABLE public.promotion_campaign (
    id text NOT NULL,
    name text NOT NULL,
    description text,
    campaign_identifier text NOT NULL,
    starts_at timestamp with time zone,
    ends_at timestamp with time zone,
    created_at timestamp with time zone DEFAULT now() NOT NULL,
    updated_at timestamp with time zone DEFAULT now() NOT NULL,
    deleted_at timestamp with time zone
);


--
-- Name: promotion_campaign_budget; Type: TABLE; Schema: public; Owner: -
--

CREATE TABLE public.promotion_campaign_budget (
    id text NOT NULL,
    type text NOT NULL,
    campaign_id text NOT NULL,
    "limit" numeric,
    raw_limit jsonb,
    used numeric DEFAULT 0 NOT NULL,
    raw_used jsonb NOT NULL,
    created_at timestamp with time zone DEFAULT now() NOT NULL,
    updated_at timestamp with time zone DEFAULT now() NOT NULL,
    deleted_at timestamp with time zone,
    currency_code text,
    CONSTRAINT promotion_campaign_budget_type_check CHECK ((type = ANY (ARRAY['spend'::text, 'usage'::text])))
);


--
-- Name: promotion_promotion_rule; Type: TABLE; Schema: public; Owner: -
--

CREATE TABLE public.promotion_promotion_rule (
    promotion_id text NOT NULL,
    promotion_rule_id text NOT NULL
);


--
-- Name: promotion_rule; Type: TABLE; Schema: public; Owner: -
--

CREATE TABLE public.promotion_rule (
    id text NOT NULL,
    description text,
    attribute text NOT NULL,
    operator text NOT NULL,
    created_at timestamp with time zone DEFAULT now() NOT NULL,
    updated_at timestamp with time zone DEFAULT now() NOT NULL,
    deleted_at timestamp with time zone,
    CONSTRAINT promotion_rule_operator_check CHECK ((operator = ANY (ARRAY['gte'::text, 'lte'::text, 'gt'::text, 'lt'::text, 'eq'::text, 'ne'::text, 'in'::text])))
);


--
-- Name: promotion_rule_value; Type: TABLE; Schema: public; Owner: -
--

CREATE TABLE public.promotion_rule_value (
    id text NOT NULL,
    promotion_rule_id text NOT NULL,
    value text NOT NULL,
    created_at timestamp with time zone DEFAULT now() NOT NULL,
    updated_at timestamp with time zone DEFAULT now() NOT NULL,
    deleted_at timestamp with time zone
);


--
-- Name: provider_identity; Type: TABLE; Schema: public; Owner: -
--

CREATE TABLE public.provider_identity (
    id text NOT NULL,
    entity_id text NOT NULL,
    provider text NOT NULL,
    auth_identity_id text NOT NULL,
    user_metadata jsonb,
    provider_metadata jsonb,
    created_at timestamp with time zone DEFAULT now() NOT NULL,
    updated_at timestamp with time zone DEFAULT now() NOT NULL,
    deleted_at timestamp with time zone
);


--
-- Name: publishable_api_key_sales_channel; Type: TABLE; Schema: public; Owner: -
--

CREATE TABLE public.publishable_api_key_sales_channel (
    publishable_key_id character varying(255) NOT NULL,
    sales_channel_id character varying(255) NOT NULL,
    id character varying(255) NOT NULL,
    created_at timestamp with time zone DEFAULT CURRENT_TIMESTAMP NOT NULL,
    updated_at timestamp with time zone DEFAULT CURRENT_TIMESTAMP NOT NULL,
    deleted_at timestamp with time zone
);


--
-- Name: refund; Type: TABLE; Schema: public; Owner: -
--

CREATE TABLE public.refund (
    id text NOT NULL,
    amount numeric NOT NULL,
    raw_amount jsonb NOT NULL,
    payment_id text NOT NULL,
    created_at timestamp with time zone DEFAULT now() NOT NULL,
    updated_at timestamp with time zone DEFAULT now() NOT NULL,
    deleted_at timestamp with time zone,
    created_by text,
    metadata jsonb,
    refund_reason_id text,
    note text
);


--
-- Name: refund_reason; Type: TABLE; Schema: public; Owner: -
--

CREATE TABLE public.refund_reason (
    id text NOT NULL,
    label text NOT NULL,
    description text,
    metadata jsonb,
    created_at timestamp with time zone DEFAULT now() NOT NULL,
    updated_at timestamp with time zone DEFAULT now() NOT NULL,
    deleted_at timestamp with time zone
);


--
-- Name: region; Type: TABLE; Schema: public; Owner: -
--

CREATE TABLE public.region (
    id text NOT NULL,
    name text NOT NULL,
    currency_code text NOT NULL,
    metadata jsonb,
    created_at timestamp with time zone DEFAULT now() NOT NULL,
    updated_at timestamp with time zone DEFAULT now() NOT NULL,
    deleted_at timestamp with time zone,
    automatic_taxes boolean DEFAULT true NOT NULL
);


--
-- Name: region_country; Type: TABLE; Schema: public; Owner: -
--

CREATE TABLE public.region_country (
    iso_2 text NOT NULL,
    iso_3 text NOT NULL,
    num_code text NOT NULL,
    name text NOT NULL,
    display_name text NOT NULL,
    region_id text,
    metadata jsonb,
    created_at timestamp with time zone DEFAULT now() NOT NULL,
    updated_at timestamp with time zone DEFAULT now() NOT NULL,
    deleted_at timestamp with time zone
);


--
-- Name: region_payment_provider; Type: TABLE; Schema: public; Owner: -
--

CREATE TABLE public.region_payment_provider (
    region_id character varying(255) NOT NULL,
    payment_provider_id character varying(255) NOT NULL,
    id character varying(255) NOT NULL,
    created_at timestamp with time zone DEFAULT CURRENT_TIMESTAMP NOT NULL,
    updated_at timestamp with time zone DEFAULT CURRENT_TIMESTAMP NOT NULL,
    deleted_at timestamp with time zone
);


--
-- Name: reservation_item; Type: TABLE; Schema: public; Owner: -
--

CREATE TABLE public.reservation_item (
    id text NOT NULL,
    created_at timestamp with time zone DEFAULT now() NOT NULL,
    updated_at timestamp with time zone DEFAULT now() NOT NULL,
    deleted_at timestamp with time zone,
    line_item_id text,
    location_id text NOT NULL,
    quantity numeric NOT NULL,
    external_id text,
    description text,
    created_by text,
    metadata jsonb,
    inventory_item_id text NOT NULL,
    allow_backorder boolean DEFAULT false,
    raw_quantity jsonb
);


--
-- Name: return; Type: TABLE; Schema: public; Owner: -
--

CREATE TABLE public.return (
    id text NOT NULL,
    order_id text NOT NULL,
    claim_id text,
    exchange_id text,
    order_version integer NOT NULL,
    display_id integer NOT NULL,
    status public.return_status_enum DEFAULT 'open'::public.return_status_enum NOT NULL,
    no_notification boolean,
    refund_amount numeric,
    raw_refund_amount jsonb,
    metadata jsonb,
    created_at timestamp with time zone DEFAULT now() NOT NULL,
    updated_at timestamp with time zone DEFAULT now() NOT NULL,
    deleted_at timestamp with time zone,
    received_at timestamp with time zone,
    canceled_at timestamp with time zone,
    location_id text,
    requested_at timestamp with time zone,
    created_by text
);


--
-- Name: return_display_id_seq; Type: SEQUENCE; Schema: public; Owner: -
--

CREATE SEQUENCE public.return_display_id_seq
    AS integer
    START WITH 1
    INCREMENT BY 1
    NO MINVALUE
    NO MAXVALUE
    CACHE 1;


--
-- Name: return_display_id_seq; Type: SEQUENCE OWNED BY; Schema: public; Owner: -
--

ALTER SEQUENCE public.return_display_id_seq OWNED BY public.return.display_id;


--
-- Name: return_fulfillment; Type: TABLE; Schema: public; Owner: -
--

CREATE TABLE public.return_fulfillment (
    return_id character varying(255) NOT NULL,
    fulfillment_id character varying(255) NOT NULL,
    id character varying(255) NOT NULL,
    created_at timestamp with time zone DEFAULT CURRENT_TIMESTAMP NOT NULL,
    updated_at timestamp with time zone DEFAULT CURRENT_TIMESTAMP NOT NULL,
    deleted_at timestamp with time zone
);


--
-- Name: return_item; Type: TABLE; Schema: public; Owner: -
--

CREATE TABLE public.return_item (
    id text NOT NULL,
    return_id text NOT NULL,
    reason_id text,
    item_id text NOT NULL,
    quantity numeric NOT NULL,
    raw_quantity jsonb NOT NULL,
    received_quantity numeric DEFAULT 0 NOT NULL,
    raw_received_quantity jsonb NOT NULL,
    note text,
    metadata jsonb,
    created_at timestamp with time zone DEFAULT now() NOT NULL,
    updated_at timestamp with time zone DEFAULT now() NOT NULL,
    deleted_at timestamp with time zone,
    damaged_quantity numeric DEFAULT 0 NOT NULL,
    raw_damaged_quantity jsonb NOT NULL
);


--
-- Name: return_reason; Type: TABLE; Schema: public; Owner: -
--

CREATE TABLE public.return_reason (
    id character varying NOT NULL,
    value character varying NOT NULL,
    label character varying NOT NULL,
    description character varying,
    metadata jsonb,
    parent_return_reason_id character varying,
    created_at timestamp with time zone DEFAULT now() NOT NULL,
    updated_at timestamp with time zone DEFAULT now() NOT NULL,
    deleted_at timestamp with time zone
);


--
-- Name: review; Type: TABLE; Schema: public; Owner: -
--

CREATE TABLE public.review (
    id text NOT NULL,
    title text,
    content text NOT NULL,
    rating real NOT NULL,
    first_name text NOT NULL,
    last_name text NOT NULL,
    status text DEFAULT 'pending'::text NOT NULL,
    product_id text NOT NULL,
    customer_id text,
    created_at timestamp with time zone DEFAULT now() NOT NULL,
    updated_at timestamp with time zone DEFAULT now() NOT NULL,
    deleted_at timestamp with time zone,
    CONSTRAINT rating_range CHECK (((rating >= (1)::double precision) AND (rating <= (5)::double precision))),
    CONSTRAINT review_status_check CHECK ((status = ANY (ARRAY['pending'::text, 'approved'::text, 'rejected'::text])))
);


--
-- Name: sales_channel; Type: TABLE; Schema: public; Owner: -
--

CREATE TABLE public.sales_channel (
    id text NOT NULL,
    name text NOT NULL,
    description text,
    is_disabled boolean DEFAULT false NOT NULL,
    metadata jsonb,
    created_at timestamp with time zone DEFAULT now() NOT NULL,
    updated_at timestamp with time zone DEFAULT now() NOT NULL,
    deleted_at timestamp with time zone
);


--
-- Name: sales_channel_stock_location; Type: TABLE; Schema: public; Owner: -
--

CREATE TABLE public.sales_channel_stock_location (
    sales_channel_id character varying(255) NOT NULL,
    stock_location_id character varying(255) NOT NULL,
    id character varying(255) NOT NULL,
    created_at timestamp with time zone DEFAULT CURRENT_TIMESTAMP NOT NULL,
    updated_at timestamp with time zone DEFAULT CURRENT_TIMESTAMP NOT NULL,
    deleted_at timestamp with time zone
);


--
-- Name: script_migrations; Type: TABLE; Schema: public; Owner: -
--

CREATE TABLE public.script_migrations (
    id integer NOT NULL,
    script_name character varying(255) NOT NULL,
    created_at timestamp with time zone DEFAULT CURRENT_TIMESTAMP,
    finished_at timestamp with time zone
);


--
-- Name: script_migrations_id_seq; Type: SEQUENCE; Schema: public; Owner: -
--

CREATE SEQUENCE public.script_migrations_id_seq
    AS integer
    START WITH 1
    INCREMENT BY 1
    NO MINVALUE
    NO MAXVALUE
    CACHE 1;


--
-- Name: script_migrations_id_seq; Type: SEQUENCE OWNED BY; Schema: public; Owner: -
--

ALTER SEQUENCE public.script_migrations_id_seq OWNED BY public.script_migrations.id;


--
-- Name: service_zone; Type: TABLE; Schema: public; Owner: -
--

CREATE TABLE public.service_zone (
    id text NOT NULL,
    name text NOT NULL,
    metadata jsonb,
    fulfillment_set_id text NOT NULL,
    created_at timestamp with time zone DEFAULT now() NOT NULL,
    updated_at timestamp with time zone DEFAULT now() NOT NULL,
    deleted_at timestamp with time zone
);


--
-- Name: shipping_option; Type: TABLE; Schema: public; Owner: -
--

CREATE TABLE public.shipping_option (
    id text NOT NULL,
    name text NOT NULL,
    price_type text DEFAULT 'flat'::text NOT NULL,
    service_zone_id text NOT NULL,
    shipping_profile_id text,
    provider_id text,
    data jsonb,
    metadata jsonb,
    shipping_option_type_id text NOT NULL,
    created_at timestamp with time zone DEFAULT now() NOT NULL,
    updated_at timestamp with time zone DEFAULT now() NOT NULL,
    deleted_at timestamp with time zone,
    CONSTRAINT shipping_option_price_type_check CHECK ((price_type = ANY (ARRAY['calculated'::text, 'flat'::text])))
);


--
-- Name: shipping_option_price_set; Type: TABLE; Schema: public; Owner: -
--

CREATE TABLE public.shipping_option_price_set (
    shipping_option_id character varying(255) NOT NULL,
    price_set_id character varying(255) NOT NULL,
    id character varying(255) NOT NULL,
    created_at timestamp with time zone DEFAULT CURRENT_TIMESTAMP NOT NULL,
    updated_at timestamp with time zone DEFAULT CURRENT_TIMESTAMP NOT NULL,
    deleted_at timestamp with time zone
);


--
-- Name: shipping_option_rule; Type: TABLE; Schema: public; Owner: -
--

CREATE TABLE public.shipping_option_rule (
    id text NOT NULL,
    attribute text NOT NULL,
    operator text NOT NULL,
    value jsonb,
    shipping_option_id text NOT NULL,
    created_at timestamp with time zone DEFAULT now() NOT NULL,
    updated_at timestamp with time zone DEFAULT now() NOT NULL,
    deleted_at timestamp with time zone,
    CONSTRAINT shipping_option_rule_operator_check CHECK ((operator = ANY (ARRAY['in'::text, 'eq'::text, 'ne'::text, 'gt'::text, 'gte'::text, 'lt'::text, 'lte'::text, 'nin'::text])))
);


--
-- Name: shipping_option_type; Type: TABLE; Schema: public; Owner: -
--

CREATE TABLE public.shipping_option_type (
    id text NOT NULL,
    label text NOT NULL,
    description text,
    code text NOT NULL,
    created_at timestamp with time zone DEFAULT now() NOT NULL,
    updated_at timestamp with time zone DEFAULT now() NOT NULL,
    deleted_at timestamp with time zone
);


--
-- Name: shipping_profile; Type: TABLE; Schema: public; Owner: -
--

CREATE TABLE public.shipping_profile (
    id text NOT NULL,
    name text NOT NULL,
    type text NOT NULL,
    metadata jsonb,
    created_at timestamp with time zone DEFAULT now() NOT NULL,
    updated_at timestamp with time zone DEFAULT now() NOT NULL,
    deleted_at timestamp with time zone
);


--
-- Name: stock_location; Type: TABLE; Schema: public; Owner: -
--

CREATE TABLE public.stock_location (
    id text NOT NULL,
    created_at timestamp with time zone DEFAULT now() NOT NULL,
    updated_at timestamp with time zone DEFAULT now() NOT NULL,
    deleted_at timestamp with time zone,
    name text NOT NULL,
    address_id text,
    metadata jsonb
);


--
-- Name: stock_location_address; Type: TABLE; Schema: public; Owner: -
--

CREATE TABLE public.stock_location_address (
    id text NOT NULL,
    created_at timestamp with time zone DEFAULT now() NOT NULL,
    updated_at timestamp with time zone DEFAULT now() NOT NULL,
    deleted_at timestamp with time zone,
    address_1 text NOT NULL,
    address_2 text,
    company text,
    city text,
    country_code text NOT NULL,
    phone text,
    province text,
    postal_code text,
    metadata jsonb
);


--
-- Name: store; Type: TABLE; Schema: public; Owner: -
--

CREATE TABLE public.store (
    id text NOT NULL,
    name text DEFAULT 'Medusa Store'::text NOT NULL,
    default_sales_channel_id text,
    default_region_id text,
    default_location_id text,
    metadata jsonb,
    created_at timestamp with time zone DEFAULT now() NOT NULL,
    updated_at timestamp with time zone DEFAULT now() NOT NULL,
    deleted_at timestamp with time zone
);


--
-- Name: store_currency; Type: TABLE; Schema: public; Owner: -
--

CREATE TABLE public.store_currency (
    id text NOT NULL,
    currency_code text NOT NULL,
    is_default boolean DEFAULT false NOT NULL,
    store_id text,
    created_at timestamp with time zone DEFAULT now() NOT NULL,
    updated_at timestamp with time zone DEFAULT now() NOT NULL,
    deleted_at timestamp with time zone
);


--
-- Name: tax_provider; Type: TABLE; Schema: public; Owner: -
--

CREATE TABLE public.tax_provider (
    id text NOT NULL,
    is_enabled boolean DEFAULT true NOT NULL,
    created_at timestamp with time zone DEFAULT now() NOT NULL,
    updated_at timestamp with time zone DEFAULT now() NOT NULL,
    deleted_at timestamp with time zone
);


--
-- Name: tax_rate; Type: TABLE; Schema: public; Owner: -
--

CREATE TABLE public.tax_rate (
    id text NOT NULL,
    rate real,
    code text NOT NULL,
    name text NOT NULL,
    is_default boolean DEFAULT false NOT NULL,
    is_combinable boolean DEFAULT false NOT NULL,
    tax_region_id text NOT NULL,
    metadata jsonb,
    created_at timestamp with time zone DEFAULT now() NOT NULL,
    updated_at timestamp with time zone DEFAULT now() NOT NULL,
    created_by text,
    deleted_at timestamp with time zone
);


--
-- Name: tax_rate_rule; Type: TABLE; Schema: public; Owner: -
--

CREATE TABLE public.tax_rate_rule (
    id text NOT NULL,
    tax_rate_id text NOT NULL,
    reference_id text NOT NULL,
    reference text NOT NULL,
    metadata jsonb,
    created_at timestamp with time zone DEFAULT now() NOT NULL,
    updated_at timestamp with time zone DEFAULT now() NOT NULL,
    created_by text,
    deleted_at timestamp with time zone
);


--
-- Name: tax_region; Type: TABLE; Schema: public; Owner: -
--

CREATE TABLE public.tax_region (
    id text NOT NULL,
    provider_id text,
    country_code text NOT NULL,
    province_code text,
    parent_id text,
    metadata jsonb,
    created_at timestamp with time zone DEFAULT now() NOT NULL,
    updated_at timestamp with time zone DEFAULT now() NOT NULL,
    created_by text,
    deleted_at timestamp with time zone,
    CONSTRAINT "CK_tax_region_country_top_level" CHECK (((parent_id IS NULL) OR (province_code IS NOT NULL))),
    CONSTRAINT "CK_tax_region_provider_top_level" CHECK (((parent_id IS NULL) OR (provider_id IS NULL)))
);


--
-- Name: user; Type: TABLE; Schema: public; Owner: -
--

CREATE TABLE public."user" (
    id text NOT NULL,
    first_name text,
    last_name text,
    email text NOT NULL,
    avatar_url text,
    metadata jsonb,
    created_at timestamp with time zone DEFAULT now() NOT NULL,
    updated_at timestamp with time zone DEFAULT now() NOT NULL,
    deleted_at timestamp with time zone
);


--
-- Name: workflow_execution; Type: TABLE; Schema: public; Owner: -
--

CREATE TABLE public.workflow_execution (
    id character varying NOT NULL,
    workflow_id character varying NOT NULL,
    transaction_id character varying NOT NULL,
    execution jsonb,
    context jsonb,
    state character varying NOT NULL,
    created_at timestamp without time zone DEFAULT now() NOT NULL,
    updated_at timestamp without time zone DEFAULT now() NOT NULL,
    deleted_at timestamp without time zone,
    retention_time integer
);


--
-- Name: link_module_migrations id; Type: DEFAULT; Schema: public; Owner: -
--

ALTER TABLE ONLY public.link_module_migrations ALTER COLUMN id SET DEFAULT nextval('public.link_module_migrations_id_seq'::regclass);


--
-- Name: mikro_orm_migrations id; Type: DEFAULT; Schema: public; Owner: -
--

ALTER TABLE ONLY public.mikro_orm_migrations ALTER COLUMN id SET DEFAULT nextval('public.mikro_orm_migrations_id_seq'::regclass);


--
-- Name: order display_id; Type: DEFAULT; Schema: public; Owner: -
--

ALTER TABLE ONLY public."order" ALTER COLUMN display_id SET DEFAULT nextval('public.order_display_id_seq'::regclass);


--
-- Name: order_change_action ordering; Type: DEFAULT; Schema: public; Owner: -
--

ALTER TABLE ONLY public.order_change_action ALTER COLUMN ordering SET DEFAULT nextval('public.order_change_action_ordering_seq'::regclass);


--
-- Name: order_claim display_id; Type: DEFAULT; Schema: public; Owner: -
--

ALTER TABLE ONLY public.order_claim ALTER COLUMN display_id SET DEFAULT nextval('public.order_claim_display_id_seq'::regclass);


--
-- Name: order_exchange display_id; Type: DEFAULT; Schema: public; Owner: -
--

ALTER TABLE ONLY public.order_exchange ALTER COLUMN display_id SET DEFAULT nextval('public.order_exchange_display_id_seq'::regclass);


--
-- Name: return display_id; Type: DEFAULT; Schema: public; Owner: -
--

ALTER TABLE ONLY public.return ALTER COLUMN display_id SET DEFAULT nextval('public.return_display_id_seq'::regclass);


--
-- Name: script_migrations id; Type: DEFAULT; Schema: public; Owner: -
--

ALTER TABLE ONLY public.script_migrations ALTER COLUMN id SET DEFAULT nextval('public.script_migrations_id_seq'::regclass);


--
-- Data for Name: account_holder; Type: TABLE DATA; Schema: public; Owner: -
--

COPY public.account_holder (id, provider_id, external_id, email, data, metadata, created_at, updated_at, deleted_at) FROM stdin;
\.


--
-- Data for Name: api_key; Type: TABLE DATA; Schema: public; Owner: -
--

COPY public.api_key (id, token, salt, redacted, title, type, last_used_at, created_by, created_at, revoked_by, revoked_at, updated_at, deleted_at) FROM stdin;
apk_01JM74X7V0PB4SMATW70A7XA32	pk_b8a36aa31ed663706c86f304d6eade7c429b82416f6e62063852b8e8ee935251		pk_b8a***251	Webshop	publishable	\N		2025-02-16 16:29:48.513+06	\N	\N	2025-02-16 16:29:48.513+06	\N
\.


--
-- Data for Name: application_method_buy_rules; Type: TABLE DATA; Schema: public; Owner: -
--

COPY public.application_method_buy_rules (application_method_id, promotion_rule_id) FROM stdin;
\.


--
-- Data for Name: application_method_target_rules; Type: TABLE DATA; Schema: public; Owner: -
--

COPY public.application_method_target_rules (application_method_id, promotion_rule_id) FROM stdin;
\.


--
-- Data for Name: auth_identity; Type: TABLE DATA; Schema: public; Owner: -
--

COPY public.auth_identity (id, app_metadata, created_at, updated_at, deleted_at) FROM stdin;
authid_01JWBVFPZ25E59TRHNHQM68CZR	{"user_id": "user_01JWBVFPS5RHWQ8J1Z7WWZ36S5"}	2025-05-28 22:26:54.818+06	2025-05-28 22:26:54.864+06	\N
authid_01JWBW38YRTB6ZKT1NCPHQ2HKX	{"customer_id": "cus_01JWBW38ZSRJMBDTA8VKVZSE3A"}	2025-05-28 22:37:35.833+06	2025-05-28 22:37:35.887+06	\N
\.


--
-- Data for Name: brand; Type: TABLE DATA; Schema: public; Owner: -
--

COPY public.brand (id, name, created_at, updated_at, deleted_at) FROM stdin;
01JMBDZSHZCFYW81EMC9Y4A48G	Pokemon	2025-02-18 08:25:27.104+06	2025-02-18 08:25:27.104+06	\N
01JMMC13NYFDQB35NCHDSZZ5FV	Almond	2025-02-21 19:44:22.975+06	2025-02-21 19:44:22.975+06	\N
\.


--
-- Data for Name: capture; Type: TABLE DATA; Schema: public; Owner: -
--

COPY public.capture (id, amount, raw_amount, payment_id, created_at, updated_at, deleted_at, created_by, metadata) FROM stdin;
capt_01JMCNMZQJHXEE28T3BVR7PY8N	20	{"value": "20", "precision": 20}	pay_01JMCNJA9F9MEQE7X7WKS5M06Z	2025-02-18 19:58:36.018+06	2025-02-18 19:58:36.018+06	\N	\N	\N
capt_01JMPQEKE2E5BP0CD5APFGDGH1	20	{"value": "20", "precision": 20}	pay_01JMPQDWXW7XK3NYV5Z4BSXEFY	2025-02-22 17:42:28.29+06	2025-02-22 17:42:28.29+06	\N	\N	\N
capt_01JMZ3FQ3K7B9M82C99E308D6A	30	{"value": "30", "precision": 20}	pay_01JMZ3F4YF79R9W502ZWN2ZY05	2025-02-25 23:46:43.188+06	2025-02-25 23:46:43.188+06	\N	\N	\N
capt_01JNX66JRKDRF1MZSQB0WRKFDK	20	{"value": "20", "precision": 20}	pay_01JNX61QZ88YDMSM12E83MJDPB	2025-03-09 16:11:22.515+06	2025-03-09 16:11:22.515+06	\N	\N	\N
capt_01JQH7DRYB10AS5ZSWRZZV2V2C	2600	{"value": "2600", "precision": 20}	pay_01JQH7D5GDGV45PSXQM0VW1CCR	2025-03-29 21:13:17.259+06	2025-03-29 21:13:17.26+06	\N	\N	\N
capt_01JQS38NQ98XDJQCYPS8PA25GD	2600	{"value": "2600", "precision": 20}	pay_01JQS32NBX5NR1ZM6GTGRS54K3	2025-04-01 22:34:31.274+06	2025-04-01 22:34:31.274+06	\N	\N	\N
capt_01JVAG7JTPV6J2YK90EZ1AWGY3	300	{"value": "300", "precision": 20}	pay_01JVAG3CQJ8DYN6QJ0BGPCH5JG	2025-05-15 23:35:17.847+06	2025-05-15 23:35:17.847+06	\N	\N	\N
capt_01JVAH6K63CRNEQR7BNXYMQEGV	200	{"value": "200", "precision": 20}	pay_01JVAH3N7N3KEX64NWEA89HXE2	2025-05-15 23:52:14.019+06	2025-05-15 23:52:14.019+06	\N	\N	\N
capt_01JVAKRFAQXS8XFC18E338TEQT	200	{"value": "200", "precision": 20}	pay_01JVAKPTKZGTSKEVVMX6NWCRNJ	2025-05-16 00:36:57.048+06	2025-05-16 00:36:57.048+06	\N	\N	\N
capt_01JVAM76TPTJADP1H55FCDWWX4	600	{"value": "600", "precision": 20}	pay_01JV6SRJ9A4Y1EZWW00PJ11EP7	2025-05-16 00:44:59.863+06	2025-05-16 00:44:59.863+06	\N	\N	\N
capt_01JVAMJP72KZ9GZCSVQJ6JWR2A	600	{"value": "600", "precision": 20}	pay_01JV2HYSYWZVP7B47HRNNMHGHW	2025-05-16 00:51:16.067+06	2025-05-16 00:51:16.067+06	\N	\N	\N
capt_01JVAN1EM3RNRPG80CYY46X7VJ	600	{"value": "600", "precision": 20}	pay_01JTZ2G9MQV1HCJ6QS29WJJTQK	2025-05-16 00:59:19.812+06	2025-05-16 00:59:19.812+06	\N	\N	\N
capt_01JVAQ2Y2D4KP3DDRGZAAAFGP0	200	{"value": "200", "precision": 20}	pay_01JVANPD01BACX4FFWAV53Q3YY	2025-05-16 01:35:05.55+06	2025-05-16 01:35:05.55+06	\N	\N	\N
capt_01JVAQCZG2BEWWA2Y8J3R61FBE	600	{"value": "600", "precision": 20}	pay_01JTYC3R991XGTP01PTDGT1Y6S	2025-05-16 01:40:34.691+06	2025-05-16 01:40:34.691+06	\N	\N	\N
capt_01JVAQFKJN02SZN7VPHQDH0RBQ	200	{"value": "200", "precision": 20}	pay_01JVAQF39XANEPZTDMAD1TM8NF	2025-05-16 01:42:00.789+06	2025-05-16 01:42:00.789+06	\N	\N	\N
capt_01JVAQPZKYN30PSSPEQNRC1TYX	200	{"value": "200", "precision": 20}	pay_01JVAQNHTZCQKBP29S1HX1XHF8	2025-05-16 01:46:02.495+06	2025-05-16 01:46:02.495+06	\N	\N	\N
capt_01JWPAT6FQBV2J266KDKR1S41J	1100	{"value": "1100", "precision": 20}	pay_01JWPASAFQDT19HJGNBQMADKVQ	2025-06-02 00:07:11.352+06	2025-06-02 00:07:11.352+06	\N	\N	\N
capt_01JWPBFYBBVDGJ2SGKFFCCF1NN	200	{"value": "200", "precision": 20}	pay_01JWPBFF7GJPSYFNDHM6XV8608	2025-06-02 00:19:03.916+06	2025-06-02 00:19:03.916+06	\N	\N	\N
capt_01JWR1J41RXX7QPDD67NYAGDVV	200	{"value": "200", "precision": 20}	pay_01JWR1HKGBCS8M6WKJ1XYZNTH0	2025-06-02 16:03:58.393+06	2025-06-02 16:03:58.393+06	\N	\N	\N
capt_01JWR3W55JP40Y4MNGZ3G5NA2E	500	{"value": "500", "precision": 20}	pay_01JWR1GJK9MK8ET4Y2GW9JASRN	2025-06-02 16:44:24.371+06	2025-06-02 16:44:24.371+06	\N	\N	\N
capt_01JWR4363S0H1SE57AN46T1R5S	200	{"value": "200", "precision": 20}	pay_01JWR42N415DJPPFEMTNEYZJ7P	2025-06-02 16:48:14.713+06	2025-06-02 16:48:14.713+06	\N	\N	\N
\.


--
-- Data for Name: cart; Type: TABLE DATA; Schema: public; Owner: -
--

COPY public.cart (id, region_id, customer_id, sales_channel_id, email, currency_code, shipping_address_id, billing_address_id, metadata, created_at, updated_at, deleted_at, completed_at) FROM stdin;
cart_01JMCNHB2MXRNRTH2TZXXDZ0P8	reg_01JM74X6KKWRA6RFHP1S3PHMCF	cus_01JMCNHZCXE6YRZ1EJE6TVC3J4	sc_01JM74X28JRVC097RK9V6GKE95	kmosabbir@gmail.com	eur	caaddr_01JMCNHZF0KCC7NZ9G8VQ37J68	caaddr_01JMCNHZEZP979TWB02H8SVZM3	\N	2025-02-18 19:56:36.565+06	2025-02-18 19:57:09.082+06	\N	2025-02-18 19:57:09.042+06
cart_01JMPQADQXQXNA4JPFAEGRAQZJ	reg_01JM74X6KKWRA6RFHP1S3PHMCF	cus_01JMPQ9K7R3BKEMBVG59BHS2MY	sc_01JM74X28JRVC097RK9V6GKE95	mosabbir.fwd@gmail.com	eur	caaddr_01JMPQB11DGK123NR3S2G309NN	caaddr_01JMPQB11DWNFWDC1P9M7BT6X0	\N	2025-02-22 17:40:11.389+06	2025-02-22 17:42:05.646+06	\N	2025-02-22 17:42:05.615+06
cart_01JMZ3E7YAWPZXX3N9B8JEQ273	reg_01JM74X6KKWRA6RFHP1S3PHMCF	cus_01JMPQ9K7R3BKEMBVG59BHS2MY	sc_01JM74X28JRVC097RK9V6GKE95	mosabbir.fwd@gmail.com	eur	caaddr_01JMZ3EXGXEH2ZWC19MN5KQE9H	caaddr_01JMZ3EXGXQPZ68B8ZTPA5SAEY	\N	2025-02-25 23:45:54.89+06	2025-02-25 23:46:24.978+06	\N	2025-02-25 23:46:24.894+06
cart_01JNX5SP8FETBXGZWJSQYK43VM	reg_01JM74X6KKWRA6RFHP1S3PHMCF	cus_01JMPQ9K7R3BKEMBVG59BHS2MY	sc_01JM74X28JRVC097RK9V6GKE95	mosabbir.fwd@gmail.com	eur	caaddr_01JNX5W097DF2ZW2H1QHE1GT2Z	caaddr_01JNX5W097ZCSN209YBEC6T2WH	\N	2025-03-09 16:04:20.315+06	2025-03-09 16:08:44.528+06	\N	2025-03-09 16:08:44.482+06
cart_01JNX6D1TF2HJBXV3ZMA953ZSM	reg_01JM74X6KKWRA6RFHP1S3PHMCF	cus_01JMPQ9K7R3BKEMBVG59BHS2MY	sc_01JM74X28JRVC097RK9V6GKE95	mosabbir.fwd@gmail.com	eur	caaddr_01JNX6DEMREPSXNTKN74527QPP	caaddr_01JNX6DEMQ3AJYYKKJC7Y26P2F	\N	2025-03-09 16:14:54.544+06	2025-03-09 16:19:14.601+06	\N	2025-03-09 16:19:14.572+06
cart_01JNY3K3ZB6DVBTH9WJC98A0Z6	reg_01JNX8FYXTTQNQR08WNDTE0Z9G	cus_01JMPQ9K7R3BKEMBVG59BHS2MY	sc_01JM74X28JRVC097RK9V6GKE95	mosabbir.fwd@gmail.com	bdt	caaddr_01JNY5SJWKG5MVK7ENT10M0J3F	caaddr_01JNY5SJWKJS0N896CHNG238PG	\N	2025-03-10 00:45:02.059+06	2025-03-10 01:23:31.092+06	\N	\N
cart_01JQ6JFTVKKQMJFFJRE20HFK31	reg_01JNX8FYXTTQNQR08WNDTE0Z9G	\N	sc_01JM74X28JRVC097RK9V6GKE95	\N	bdt	caaddr_01JQ6JFTVK8QCRSJENRVDBHMEV	\N	\N	2025-03-25 17:55:00.341+06	2025-03-25 17:55:00.341+06	\N	\N
cart_01JQ6K0JKS8F9ST33R4M6Y9BPV	reg_01JNX8FYXTTQNQR08WNDTE0Z9G	cus_01JMPQ9K7R3BKEMBVG59BHS2MY	sc_01JM74X28JRVC097RK9V6GKE95	mosabbir.fwd@gmail.com	bdt	caaddr_01JQ78DVQP0DDW8C5W1D8ND9M9	caaddr_01JQ78DVQPD8XNZT6PJTPVQ175	\N	2025-03-25 18:04:08.954+06	2025-03-26 00:26:28.606+06	\N	2025-03-26 00:26:28.572+06
cart_01JQE4201QB3K4P8VY120ZFME8	reg_01JNX8FYXTTQNQR08WNDTE0Z9G	cus_01JMPQ9K7R3BKEMBVG59BHS2MY	sc_01JM74X28JRVC097RK9V6GKE95	mosabbir.fwd@gmail.com	bdt	caaddr_01JQE42PETE8RVRYECV3X2JY4A	caaddr_01JQE42PET945E6CRXW983D0HA	\N	2025-03-28 16:16:42.295+06	2025-03-29 21:12:57.814+06	\N	2025-03-29 21:12:57.785+06
cart_01JQMS9VM8V8GJE880PC3TF7MS	reg_01JNX8FYXTTQNQR08WNDTE0Z9G	cus_01JMPQ9K7R3BKEMBVG59BHS2MY	sc_01JM74X28JRVC097RK9V6GKE95	mosabbir.fwd@gmail.com	bdt	caaddr_01JQS320JWQBNQ2HKBXCKH0FXJ	caaddr_01JQS320JW42M6R3E2WA024EET	\N	2025-03-31 06:23:26.602+06	2025-04-01 22:31:15.175+06	\N	2025-04-01 22:31:15.107+06
cart_01JTAPMENE1RPX7DNMPRS2QZ50	reg_01JNX8FYXTTQNQR08WNDTE0Z9G	cus_01JMPQ9K7R3BKEMBVG59BHS2MY	sc_01JM74X28JRVC097RK9V6GKE95	mosabbir.fwd@gmail.com	bdt	caaddr_01JTAPMENEC8B9HJF026PY8RJJ	\N	\N	2025-05-03 15:11:29.2+06	2025-05-03 15:11:48.268+06	\N	\N
cart_01JTYC2888BPXYRKER48X900Q1	reg_01JNX8FYXTTQNQR08WNDTE0Z9G	cus_01JMPQ9K7R3BKEMBVG59BHS2MY	sc_01JM74X28JRVC097RK9V6GKE95	mosabbir.fwd@gmail.com	bdt	caaddr_01JTYC3E7R4Y013GQKWHAD11PQ	caaddr_01JTYC3E7RHFGQA43Z403AXJ58	\N	2025-05-11 06:31:35.69+06	2025-05-11 06:32:25.593+06	\N	2025-05-11 06:32:25.562+06
cart_01JTZ2F3HP5KTMDMHT4XPFTY50	reg_01JNX8FYXTTQNQR08WNDTE0Z9G	cus_01JMPQ9K7R3BKEMBVG59BHS2MY	sc_01JM74X28JRVC097RK9V6GKE95	mosabbir.fwd@gmail.com	bdt	caaddr_01JTZ2FHCV4PZGTWPM7G0XHMPC	caaddr_01JTZ2FHCV87GRE8T93R4K0BQF	\N	2025-05-11 13:03:05.527+06	2025-05-11 13:03:45.114+06	\N	2025-05-11 13:03:45.08+06
cart_01JV2HXX494ACJZTTKBAWDFXRK	reg_01JNX8FYXTTQNQR08WNDTE0Z9G	cus_01JMPQ9K7R3BKEMBVG59BHS2MY	sc_01JM74X28JRVC097RK9V6GKE95	mosabbir.fwd@gmail.com	bdt	caaddr_01JV2HY9WFZ9YWV2F039XSDHQ9	caaddr_01JV2HY9WE79RE61G45DWR93VT	\N	2025-05-12 21:31:02.41+06	2025-05-12 21:31:32.447+06	\N	2025-05-12 21:31:32.399+06
cart_01JV6RMH7K93G4S469S971ABMX	reg_01JNX8FYXTTQNQR08WNDTE0Z9G	cus_01JMPQ9K7R3BKEMBVG59BHS2MY	sc_01JM74X28JRVC097RK9V6GKE95	mosabbir.fwd@gmail.com	bdt	caaddr_01JV6SRA80D90N647HEDMBYJR6	caaddr_01JV6SRA7ZFNY01PBQQGHJ55TQ	\N	2025-05-14 12:45:13.077+06	2025-05-14 13:04:54.391+06	\N	2025-05-14 13:04:54.362+06
cart_01JV85BF9HNTSEQAW6DAPJGVND	reg_01JNX8FYXTTQNQR08WNDTE0Z9G	cus_01JMPQ9K7R3BKEMBVG59BHS2MY	sc_01JM74X28JRVC097RK9V6GKE95	mosabbir.fwd@gmail.com	bdt	caaddr_01JV85C07957HA2FKZ0SPZ5XNW	caaddr_01JV85C079MAN1FH8PB2FPQ6A3	\N	2025-05-15 01:46:42.098+06	2025-05-15 01:48:07.205+06	\N	2025-05-15 01:48:07.177+06
cart_01JV85FDE5MDQ90SMGTS6HV56X	reg_01JNX8FYXTTQNQR08WNDTE0Z9G	cus_01JMPQ9K7R3BKEMBVG59BHS2MY	sc_01JM74X28JRVC097RK9V6GKE95	kmosabbir@gmail.com	bdt	caaddr_01JV85FXY6ASHS41QDNNJ4MA7Q	caaddr_01JV85FXY6VFTXJRCKRCSYHTB5	\N	2025-05-15 01:48:51.27+06	2025-05-15 01:49:14.703+06	\N	2025-05-15 01:49:14.666+06
cart_01JVAG2F2Y358KXXC3HYDMWDZT	reg_01JNX8FYXTTQNQR08WNDTE0Z9G	cus_01JMPQ9K7R3BKEMBVG59BHS2MY	sc_01JM74X28JRVC097RK9V6GKE95	kmosabbir@gmail.com	bdt	caaddr_01JVAG34BCXH5390B4DAQGY7A0	caaddr_01JVAG34BB3HCZVH7AKHPY9BJH	\N	2025-05-15 23:32:30.176+06	2025-05-15 23:33:00.809+06	\N	2025-05-15 23:33:00.766+06
cart_01JVAH36HCDHZSR0X8J9MMRTCK	reg_01JNX8FYXTTQNQR08WNDTE0Z9G	cus_01JMPQ9K7R3BKEMBVG59BHS2MY	sc_01JM74X28JRVC097RK9V6GKE95	kmosabbir@gmail.com	bdt	caaddr_01JVAH3E78BR74RBW93RSZXCF0	caaddr_01JVAH3E78KSEEJPJGSG2HVW18	\N	2025-05-15 23:50:22.766+06	2025-05-15 23:50:38.167+06	\N	2025-05-15 23:50:38.096+06
cart_01JVAKP0P054QZVGTQR69C6ZHJ	reg_01JNX8FYXTTQNQR08WNDTE0Z9G	cus_01JMPQ9K7R3BKEMBVG59BHS2MY	sc_01JM74X28JRVC097RK9V6GKE95	kmosabbir@gmail.com	bdt	caaddr_01JVAKPM3HNR83G2XNG9M2XW68	caaddr_01JVAKPM3GXVJB1CBD2EZ37RJ5	\N	2025-05-16 00:35:36.513+06	2025-05-16 00:36:03.29+06	\N	2025-05-16 00:36:03.238+06
cart_01JVANNE4Z9EBBQJPY9AQRRFQE	reg_01JNX8FYXTTQNQR08WNDTE0Z9G	cus_01JMPQ9K7R3BKEMBVG59BHS2MY	sc_01JM74X28JRVC097RK9V6GKE95	kmosabbir@gmail.com	bdt	caaddr_01JVANP66FFDYF2M1HSGK85CQZ	caaddr_01JVANP66FWSKFZ54W56RXJP7M	\N	2025-05-16 01:10:14.689+06	2025-05-16 01:10:46.529+06	\N	2025-05-16 01:10:46.486+06
cart_01JVAQEHBCM4WDZAJ4Q52SX6WH	reg_01JNX8FYXTTQNQR08WNDTE0Z9G	cus_01JMPQ9K7R3BKEMBVG59BHS2MY	sc_01JM74X28JRVC097RK9V6GKE95	kmosabbir@gmail.com	bdt	caaddr_01JVAQEWAA5EY928HQJ77XTQM5	caaddr_01JVAQEWA9KT9CNZ6BDC7CV5AA	\N	2025-05-16 01:41:25.741+06	2025-05-16 01:41:44.336+06	\N	2025-05-16 01:41:44.293+06
cart_01JVAQN03582XWY3R2E633K0X1	reg_01JNX8FYXTTQNQR08WNDTE0Z9G	cus_01JMPQ9K7R3BKEMBVG59BHS2MY	sc_01JM74X28JRVC097RK9V6GKE95	kmosabbir@gmail.com	bdt	caaddr_01JVAQNBF676DH7PH1KCNKVPKX	caaddr_01JVAQNBF5KVD0BZ7C0RNTCZ0J	\N	2025-05-16 01:44:57.447+06	2025-05-16 01:45:15.852+06	\N	2025-05-16 01:45:15.81+06
cart_01JVB14Z4JZKXTTNA1880P95RG	reg_01JNX8FYXTTQNQR08WNDTE0Z9G	cus_01JMPQ9K7R3BKEMBVG59BHS2MY	sc_01JM74X28JRVC097RK9V6GKE95	kmosabbir@gmail.com	bdt	caaddr_01JVB15GWNBM953JX34JF7YN3B	caaddr_01JVB15GWN9JCKZ5APVK8YPRY6	\N	2025-05-16 04:30:57.939+06	2025-05-16 04:31:23.728+06	\N	2025-05-16 04:31:23.695+06
cart_01JVC7XVCYW9PJBVXHJJXCRJK1	reg_01JNX8FYXTTQNQR08WNDTE0Z9G	cus_01JMPQ9K7R3BKEMBVG59BHS2MY	sc_01JM74X28JRVC097RK9V6GKE95	kmosabbir@gmail.com	bdt	caaddr_01JVC7YFAFKY7TYMKQ3AX3R5NZ	caaddr_01JVC7YFAE4WF467BH0W6GKM4Y	\N	2025-05-16 15:48:39.2+06	2025-05-16 15:49:07.784+06	\N	2025-05-16 15:49:07.743+06
cart_01JVCK94FHRRPJ0MDYG3GJGHJ0	reg_01JNX8FYXTTQNQR08WNDTE0Z9G	cus_01JMPQ9K7R3BKEMBVG59BHS2MY	sc_01JM74X28JRVC097RK9V6GKE95	mosabbir.fwd@gmail.com	bdt	caaddr_01JVCK94FHYG43WBZB3P9P0BC1	\N	\N	2025-05-16 19:07:03.284+06	2025-05-16 19:07:03.284+06	\N	\N
cart_01JVSVEXRDJKXK4M59ESAWKXW5	reg_01JNX8FYXTTQNQR08WNDTE0Z9G	cus_01JMPQ9K7R3BKEMBVG59BHS2MY	sc_01JM74X28JRVC097RK9V6GKE95	mosabbir.fwd@gmail.com	bdt	caaddr_01JVSVFBYCPB1ZF4RCNWNB2KSC	caaddr_01JVSVFBYB8C224B6666H70CXS	\N	2025-05-21 22:40:09.229+06	2025-05-21 22:40:47.889+06	\N	\N
cart_01JWPAMMTGP0RM9ARYXVQRYPYJ	reg_01JNX8FYXTTQNQR08WNDTE0Z9G	cus_01JWPANFK9ZG6B4PJ4GMTHN7G9	sc_01JM74X28JRVC097RK9V6GKE95	kmosabbir@gmail.com	bdt	caaddr_01JWPANFXY9BZ7E0TRFZKBV608	caaddr_01JWPANFXY7NW3DJRM979DV4MF	\N	2025-06-02 00:04:09.424+06	2025-06-02 00:06:43.16+06	\N	2025-06-02 00:06:43.124+06
cart_01JWPBF11N2XJ6JZBNTSN7YZ9X	reg_01JNX8FYXTTQNQR08WNDTE0Z9G	cus_01JWPANFK9ZG6B4PJ4GMTHN7G9	sc_01JM74X28JRVC097RK9V6GKE95	kmosabbir@gmail.com	bdt	caaddr_01JWPBF9ECAM5MJEYFEC4XJEP0	caaddr_01JWPBF9EBC2WSQ687DF0YZ1GT	\N	2025-06-02 00:18:33.909+06	2025-06-02 00:18:48.704+06	\N	2025-06-02 00:18:48.677+06
cart_01JWR1FS8MSXY3FKNS2AEZBEEH	reg_01JNX8FYXTTQNQR08WNDTE0Z9G	cus_01JWPANFK9ZG6B4PJ4GMTHN7G9	sc_01JM74X28JRVC097RK9V6GKE95	kmosabbir@gmail.com	bdt	caaddr_01JWR1GCCFGZBC78JR2B8XYN6M	caaddr_01JWR1GCCF3ZH19MC671TNGWAH	\N	2025-06-02 16:02:41.813+06	2025-06-02 16:03:08.319+06	\N	2025-06-02 16:03:08.29+06
cart_01JWR1GZBEN1WSN7MTZZPM4WH3	reg_01JNX8FYXTTQNQR08WNDTE0Z9G	cus_01JWPANFK9ZG6B4PJ4GMTHN7G9	sc_01JM74X28JRVC097RK9V6GKE95	kmosabbir@gmail.com	bdt	caaddr_01JWR1HDJ4WQ96HJQDWVR1GP6V	caaddr_01JWR1HDJ3S7HT79C23N53Z06Z	\N	2025-06-02 16:03:20.814+06	2025-06-02 16:03:41.579+06	\N	2025-06-02 16:03:41.557+06
cart_01JWR426HS9JN0JQS45EG9PC36	reg_01JNX8FYXTTQNQR08WNDTE0Z9G	cus_01JWPANFK9ZG6B4PJ4GMTHN7G9	sc_01JM74X28JRVC097RK9V6GKE95	kmosabbir@gmail.com	bdt	caaddr_01JWR42ENNEJNF6MMD1QD9CYY7	caaddr_01JWR42ENNMTR34X4G4QFYZPRP	\N	2025-06-02 16:47:42.395+06	2025-06-02 16:47:58.153+06	\N	2025-06-02 16:47:58.12+06
cart_01JWR47YXCY625FRCPFEH8PCYG	reg_01JNX8FYXTTQNQR08WNDTE0Z9G	cus_01JWPANFK9ZG6B4PJ4GMTHN7G9	sc_01JM74X28JRVC097RK9V6GKE95	kmosabbir@gmail.com	bdt	caaddr_01JWR486PQSYYV8CE0301JTQS5	caaddr_01JWR486PQYFFMF6QMSPAHFN6T	\N	2025-06-02 16:50:51.181+06	2025-06-02 16:51:04.295+06	\N	2025-06-02 16:51:04.268+06
cart_01JWR507Y9YF0TG1NKAGH0TSY2	reg_01JNX8FYXTTQNQR08WNDTE0Z9G	cus_01JWPANFK9ZG6B4PJ4GMTHN7G9	sc_01JM74X28JRVC097RK9V6GKE95	kmosabbir@gmail.com	bdt	caaddr_01JWR50HVCN152JDC3AJDH4PXT	caaddr_01JWR50HVC7HE35QC0Y0KB0RSQ	\N	2025-06-02 17:04:06.857+06	2025-06-02 17:04:22.378+06	\N	2025-06-02 17:04:22.354+06
cart_01JWR56CY3Q9APB5FR1ZSP78XM	reg_01JNX8FYXTTQNQR08WNDTE0Z9G	cus_01JWPANFK9ZG6B4PJ4GMTHN7G9	sc_01JM74X28JRVC097RK9V6GKE95	kmosabbir@gmail.com	bdt	caaddr_01JWR56RP7VDEHBDATVHZPF0VF	caaddr_01JWR56RP7H3YFTBPVDB9AKXMS	\N	2025-06-02 17:07:28.58+06	2025-06-02 17:07:45.42+06	\N	2025-06-02 17:07:45.377+06
cart_01JWR6G0TJP9BQWW31YSZBGVDS	reg_01JNX8FYXTTQNQR08WNDTE0Z9G	cus_01JWBW38ZSRJMBDTA8VKVZSE3A	sc_01JM74X28JRVC097RK9V6GKE95	mosabbir.fwd@gmail.com	bdt	caaddr_01JWR6GB1Y01ZQWYR4R7Z2SJMG	caaddr_01JWR6GB1YM8B45AE77DN8AMH9	\N	2025-06-02 17:30:12.434+06	2025-06-02 17:30:27.793+06	\N	2025-06-02 17:30:27.767+06
cart_01JWR6RBCES1ZF71Y40BRBJDH2	reg_01JNX8FYXTTQNQR08WNDTE0Z9G	cus_01JWBW38ZSRJMBDTA8VKVZSE3A	sc_01JM74X28JRVC097RK9V6GKE95	mosabbir.fwd@gmail.com	bdt	caaddr_01JWR6RKK17BYNWRBDM069Y5DQ	caaddr_01JWR6RKK13YACAP12J084MCE8	\N	2025-06-02 17:34:45.391+06	2025-06-02 17:34:59.284+06	\N	2025-06-02 17:34:59.26+06
cart_01JWR7JX18CHDF87S6Z50465FZ	reg_01JNX8FYXTTQNQR08WNDTE0Z9G	cus_01JWPANFK9ZG6B4PJ4GMTHN7G9	sc_01JM74X28JRVC097RK9V6GKE95	kmosabbir@gmail.com	bdt	caaddr_01JWR7K44H73V3DQH9NJHN4KVT	caaddr_01JWR7K44HQZFZ1HQ3H3RYB53X	\N	2025-06-02 17:49:15.433+06	2025-06-02 17:49:27.977+06	\N	2025-06-02 17:49:27.951+06
cart_01JWR8RC04N9SEHBN76XRJT82Y	reg_01JNX8FYXTTQNQR08WNDTE0Z9G	cus_01JWPANFK9ZG6B4PJ4GMTHN7G9	sc_01JM74X28JRVC097RK9V6GKE95	kmosabbir@gmail.com	bdt	caaddr_01JWR8RN45P7VYH62H67TQZMDC	caaddr_01JWR8RN44JY46YPG99G4YRGRR	\N	2025-06-02 18:09:43.173+06	2025-06-02 18:09:57.518+06	\N	2025-06-02 18:09:57.49+06
cart_01JY1QMJCF760VDM2VZNXKAXKP	reg_01JNX8FYXTTQNQR08WNDTE0Z9G	cus_01JWBW38ZSRJMBDTA8VKVZSE3A	sc_01JM74X28JRVC097RK9V6GKE95	mosabbir.fwd@gmail.com	bdt	caaddr_01JY1QMW31WG55R9MA0GT1K46S	caaddr_01JY1QMW31Y5K8JNRQGZY0F717	\N	2025-06-18 20:38:38.992+06	2025-06-18 20:39:02.338+06	\N	2025-06-18 20:39:02.317+06
\.


--
-- Data for Name: cart_address; Type: TABLE DATA; Schema: public; Owner: -
--

COPY public.cart_address (id, customer_id, company, first_name, last_name, address_1, address_2, city, country_code, province, postal_code, phone, metadata, created_at, updated_at, deleted_at) FROM stdin;
caaddr_01JMCNHZEZP979TWB02H8SVZM3	\N		Md Mosabbir Hossain	Khan	314/A Ulon,  Rampura		Dhaka	fr		1319	01829463584	\N	2025-02-18 19:56:57.44+06	2025-02-18 19:56:57.44+06	\N
caaddr_01JMCNHZF0KCC7NZ9G8VQ37J68	\N		Md Mosabbir Hossain	Khan	314/A Ulon,  Rampura		Dhaka	fr		1319	01829463584	\N	2025-02-18 19:56:57.44+06	2025-02-18 19:56:57.44+06	\N
caaddr_01JMPQB11DWNFWDC1P9M7BT6X0	\N		Md Mosabbir Hossain	Khan	314/A Ulon,  Rampura		Dhaka	es		1319	01829463584	\N	2025-02-22 17:40:31.149+06	2025-02-22 17:40:31.149+06	\N
caaddr_01JMPQB11DGK123NR3S2G309NN	\N		Md Mosabbir Hossain	Khan	314/A Ulon,  Rampura		Dhaka	es		1319	01829463584	\N	2025-02-22 17:40:31.15+06	2025-02-22 17:40:31.15+06	\N
caaddr_01JMZ3EXGXQPZ68B8ZTPA5SAEY	\N		Md Mosabbir Hossain	Khan	314/A Ulon,  Rampura		Dhaka	de		1319	01829463584	\N	2025-02-25 23:46:16.989+06	2025-02-25 23:46:16.989+06	\N
caaddr_01JMZ3EXGXEH2ZWC19MN5KQE9H	\N		Md Mosabbir Hossain	Khan	314/A Ulon,  Rampura		Dhaka	de		1319	01829463584	\N	2025-02-25 23:46:16.99+06	2025-02-25 23:46:16.99+06	\N
caaddr_01JNX5W097ZCSN209YBEC6T2WH	\N		Md Mosabbir Hossain	Khan	314/A Ulon,  Rampura		Dhaka	de		1319	01829463584	\N	2025-03-09 16:05:35.911+06	2025-03-09 16:05:35.911+06	\N
caaddr_01JNX5W097DF2ZW2H1QHE1GT2Z	\N		Md Mosabbir Hossain	Khan	314/A Ulon,  Rampura		Dhaka	de		1319	01829463584	\N	2025-03-09 16:05:35.912+06	2025-03-09 16:05:35.912+06	\N
caaddr_01JNX6DEMQ3AJYYKKJC7Y26P2F	\N		Md Mosabbir Hossain	Khan	314/A Ulon,  Rampura		Dhaka	dk		1319	01829463584	\N	2025-03-09 16:15:07.672+06	2025-03-09 16:15:07.672+06	\N
caaddr_01JNX6DEMREPSXNTKN74527QPP	\N		Md Mosabbir Hossain	Khan	314/A Ulon,  Rampura		Dhaka	dk		1319	01829463584	\N	2025-03-09 16:15:07.672+06	2025-03-09 16:15:07.672+06	\N
caaddr_01JNY3K3ZAB9ERWSMVZ1Q2PFYW	\N	\N	\N	\N	\N	\N	\N	bd	\N	\N	\N	\N	2025-03-10 00:45:02.059+06	2025-03-10 00:45:02.059+06	\N
caaddr_01JNY5SJWKJS0N896CHNG238PG	\N		Md Mosabbir Hossain	Khan	314/A Ulon,  Rampura		Dhaka	bd		1319	01829463584	\N	2025-03-10 01:23:31.091+06	2025-03-10 01:23:31.091+06	\N
caaddr_01JNY5SJWKG5MVK7ENT10M0J3F	\N		Md Mosabbir Hossain	Khan	314/A Ulon,  Rampura		Dhaka	bd		1319	01829463584	\N	2025-03-10 01:23:31.092+06	2025-03-10 01:23:31.092+06	\N
caaddr_01JQ6JFTVK8QCRSJENRVDBHMEV	\N	\N	\N	\N	\N	\N	\N	bd	\N	\N	\N	\N	2025-03-25 17:55:00.34+06	2025-03-25 17:55:00.34+06	\N
caaddr_01JQ6K0JKR868B93KBGZJ8T5BW	\N	\N	\N	\N	\N	\N	\N	bd	\N	\N	\N	\N	2025-03-25 18:04:08.953+06	2025-03-25 18:04:08.954+06	\N
caaddr_01JQ78DFWJWSS3ZJCHSZYYSEAZ	\N	23	Mosabbir	Khn	23		23	bd	23	23	1234	\N	2025-03-26 00:18:12.242+06	2025-03-26 00:18:12.242+06	\N
caaddr_01JQ78DFWJP1M3KSX0CX0DSEGQ	\N	23	Mosabbir	Khn	23		23	bd	23	23	1234	\N	2025-03-26 00:18:12.242+06	2025-03-26 00:18:12.242+06	\N
caaddr_01JQ78DVQPD8XNZT6PJTPVQ175	\N	23	Mosabbir	Khn	23		23	bd	23	23	1234	\N	2025-03-26 00:18:24.374+06	2025-03-26 00:18:24.374+06	\N
caaddr_01JQ78DVQP0DDW8C5W1D8ND9M9	\N	23	Mosabbir	Khn	23		23	bd	23	23	1234	\N	2025-03-26 00:18:24.374+06	2025-03-26 00:18:24.374+06	\N
caaddr_01JQE4201Q6KCWWD60SMMRS7ZX	\N	\N	\N	\N	\N	\N	\N	bd	\N	\N	\N	\N	2025-03-28 16:16:42.295+06	2025-03-28 16:16:42.295+06	\N
caaddr_01JQE42PET945E6CRXW983D0HA	\N		Md Mosabbir	Khan	300/R Banasree		Dhaka	bd		1212	018454545454	\N	2025-03-28 16:17:05.242+06	2025-03-28 16:17:05.242+06	\N
caaddr_01JQE42PETE8RVRYECV3X2JY4A	\N		Md Mosabbir	Khan	300/R Banasree		Dhaka	bd		1212	018454545454	\N	2025-03-28 16:17:05.242+06	2025-03-28 16:17:05.242+06	\N
caaddr_01JQMS9VM8S2EK9BD7V7G64MV2	\N	\N	\N	\N	\N	\N	\N	bd	\N	\N	\N	\N	2025-03-31 06:23:26.601+06	2025-03-31 06:23:26.601+06	\N
caaddr_01JQS320JW42M6R3E2WA024EET	\N		Md Mosabbir	Khan	300/R Banasree		Dhaka	bd		1212	018454545454	\N	2025-04-01 22:30:53.021+06	2025-04-01 22:30:53.021+06	\N
caaddr_01JQS320JWQBNQ2HKBXCKH0FXJ	\N		Md Mosabbir	Khan	300/R Banasree		Dhaka	bd		1212	018454545454	\N	2025-04-01 22:30:53.021+06	2025-04-01 22:30:53.021+06	\N
caaddr_01JTAPMENEC8B9HJF026PY8RJJ	\N	\N	\N	\N	\N	\N	\N	bd	\N	\N	\N	\N	2025-05-03 15:11:29.199+06	2025-05-03 15:11:29.199+06	\N
caaddr_01JTYC28885EFTHV7R0VTT81WN	\N	\N	\N	\N	\N	\N	\N	bd	\N	\N	\N	\N	2025-05-11 06:31:35.689+06	2025-05-11 06:31:35.689+06	\N
caaddr_01JTYC3E7RHFGQA43Z403AXJ58	\N		Md Mosabbir	Khan	300/R Banasree		Dhaka	bd		1212	018454545454	\N	2025-05-11 06:32:14.585+06	2025-05-11 06:32:14.585+06	\N
caaddr_01JTYC3E7R4Y013GQKWHAD11PQ	\N		Md Mosabbir	Khan	300/R Banasree		Dhaka	bd		1212	018454545454	\N	2025-05-11 06:32:14.585+06	2025-05-11 06:32:14.585+06	\N
caaddr_01JTZ2F3HPD8DFY0KBB3JM8BB5	\N	\N	\N	\N	\N	\N	\N	bd	\N	\N	\N	\N	2025-05-11 13:03:05.527+06	2025-05-11 13:03:05.527+06	\N
caaddr_01JTZ2FHCV87GRE8T93R4K0BQF	\N		Md Mosabbir	Khan	300/R Banasree		Dhaka	bd		1212	018454545454	\N	2025-05-11 13:03:19.707+06	2025-05-11 13:03:19.707+06	\N
caaddr_01JTZ2FHCV4PZGTWPM7G0XHMPC	\N		Md Mosabbir	Khan	300/R Banasree		Dhaka	bd		1212	018454545454	\N	2025-05-11 13:03:19.707+06	2025-05-11 13:03:19.707+06	\N
caaddr_01JV2HXX4951YR504EBTJ04NWG	\N	\N	\N	\N	\N	\N	\N	bd	\N	\N	\N	\N	2025-05-12 21:31:02.41+06	2025-05-12 21:31:02.41+06	\N
caaddr_01JV2HY9WE79RE61G45DWR93VT	\N		Md Mosabbir	Khan	300/R Banasree		Dhaka	bd		1212	018454545454	\N	2025-05-12 21:31:15.472+06	2025-05-12 21:31:15.472+06	\N
caaddr_01JV2HY9WFZ9YWV2F039XSDHQ9	\N		Md Mosabbir	Khan	300/R Banasree		Dhaka	bd		1212	018454545454	\N	2025-05-12 21:31:15.472+06	2025-05-12 21:31:15.472+06	\N
caaddr_01JV6RMH7KY6AC7E777N4QJ722	\N	\N	\N	\N	\N	\N	\N	bd	\N	\N	\N	\N	2025-05-14 12:45:13.076+06	2025-05-14 12:45:13.076+06	\N
caaddr_01JV6SRA7ZFNY01PBQQGHJ55TQ	\N		Md Mosabbir	Khan	300/R Banasree		Dhaka	bd		1212	018454545454	\N	2025-05-14 13:04:45.568+06	2025-05-14 13:04:45.568+06	\N
caaddr_01JV6SRA80D90N647HEDMBYJR6	\N		Md Mosabbir	Khan	300/R Banasree		Dhaka	bd		1212	018454545454	\N	2025-05-14 13:04:45.568+06	2025-05-14 13:04:45.568+06	\N
caaddr_01JV85BF9HHPKV6F7BQWGZDDZ7	\N	\N	\N	\N	\N	\N	\N	bd	\N	\N	\N	\N	2025-05-15 01:46:42.097+06	2025-05-15 01:46:42.097+06	\N
caaddr_01JV85C079MAN1FH8PB2FPQ6A3	\N		Md Mosabbir	Khan	300/R Banasree		Dhaka	bd		1212	018454545454	\N	2025-05-15 01:46:59.434+06	2025-05-15 01:46:59.434+06	\N
caaddr_01JV85C07957HA2FKZ0SPZ5XNW	\N		Md Mosabbir	Khan	300/R Banasree		Dhaka	bd		1212	018454545454	\N	2025-05-15 01:46:59.434+06	2025-05-15 01:46:59.434+06	\N
caaddr_01JV85FDE51NV8Z3PNJD4998AA	\N	\N	\N	\N	\N	\N	\N	bd	\N	\N	\N	\N	2025-05-15 01:48:51.27+06	2025-05-15 01:48:51.27+06	\N
caaddr_01JV85FXY6VFTXJRCKRCSYHTB5	\N		Md Mosabbir	Khan	300/R Banasree		Dhaka	bd		1212	018454545454	\N	2025-05-15 01:49:08.166+06	2025-05-15 01:49:08.167+06	\N
caaddr_01JV85FXY6ASHS41QDNNJ4MA7Q	\N		Md Mosabbir	Khan	300/R Banasree		Dhaka	bd		1212	018454545454	\N	2025-05-15 01:49:08.167+06	2025-05-15 01:49:08.167+06	\N
caaddr_01JVAG2F2YH9DSS2B49ZRJ5AWC	\N	\N	\N	\N	\N	\N	\N	bd	\N	\N	\N	\N	2025-05-15 23:32:30.175+06	2025-05-15 23:32:30.175+06	\N
caaddr_01JVAG34BB3HCZVH7AKHPY9BJH	\N		Md Mosabbir Hossain	Khan	314/A Ulon,  Rampura		Dhaka	bd		1319	01829463584	\N	2025-05-15 23:32:51.948+06	2025-05-15 23:32:51.948+06	\N
caaddr_01JVAG34BCXH5390B4DAQGY7A0	\N		Md Mosabbir Hossain	Khan	314/A Ulon,  Rampura		Dhaka	bd		1319	01829463584	\N	2025-05-15 23:32:51.948+06	2025-05-15 23:32:51.948+06	\N
caaddr_01JVAH36HCG3GXN744DN27519F	\N	\N	\N	\N	\N	\N	\N	bd	\N	\N	\N	\N	2025-05-15 23:50:22.765+06	2025-05-15 23:50:22.765+06	\N
caaddr_01JVAH3E78KSEEJPJGSG2HVW18	\N		Md Mosabbir Hossain	Khan	314/A Ulon,  Rampura		Dhaka	bd		1319	01829463584	\N	2025-05-15 23:50:30.633+06	2025-05-15 23:50:30.633+06	\N
caaddr_01JVAH3E78BR74RBW93RSZXCF0	\N		Md Mosabbir Hossain	Khan	314/A Ulon,  Rampura		Dhaka	bd		1319	01829463584	\N	2025-05-15 23:50:30.633+06	2025-05-15 23:50:30.633+06	\N
caaddr_01JVAKP0NZ74NFT3S0AKFS5EXT	\N	\N	\N	\N	\N	\N	\N	bd	\N	\N	\N	\N	2025-05-16 00:35:36.512+06	2025-05-16 00:35:36.512+06	\N
caaddr_01JVAKPM3GXVJB1CBD2EZ37RJ5	\N		Md Mosabbir Hossain	Khan	314/A Ulon,  Rampura		Dhaka	bd		1319	01829463584	\N	2025-05-16 00:35:56.401+06	2025-05-16 00:35:56.401+06	\N
caaddr_01JVAKPM3HNR83G2XNG9M2XW68	\N		Md Mosabbir Hossain	Khan	314/A Ulon,  Rampura		Dhaka	bd		1319	01829463584	\N	2025-05-16 00:35:56.401+06	2025-05-16 00:35:56.401+06	\N
caaddr_01JVANNE4YV3KX1FWEXKG4E427	\N	\N	\N	\N	\N	\N	\N	bd	\N	\N	\N	\N	2025-05-16 01:10:14.688+06	2025-05-16 01:10:14.688+06	\N
caaddr_01JVANP66FWSKFZ54W56RXJP7M	\N		Md Mosabbir Hossain	Khan	314/A Ulon,  Rampura		Dhaka	bd		1319	01829463584	\N	2025-05-16 01:10:39.312+06	2025-05-16 01:10:39.312+06	\N
caaddr_01JVANP66FFDYF2M1HSGK85CQZ	\N		Md Mosabbir Hossain	Khan	314/A Ulon,  Rampura		Dhaka	bd		1319	01829463584	\N	2025-05-16 01:10:39.312+06	2025-05-16 01:10:39.312+06	\N
caaddr_01JVAQEHBBXJ2T7SV640DHFJRT	\N	\N	\N	\N	\N	\N	\N	bd	\N	\N	\N	\N	2025-05-16 01:41:25.74+06	2025-05-16 01:41:25.74+06	\N
caaddr_01JVAQEWA9KT9CNZ6BDC7CV5AA	\N		Md Mosabbir Hossain	Khan	314/A Ulon,  Rampura		Dhaka	bd		1319	01829463584	\N	2025-05-16 01:41:36.97+06	2025-05-16 01:41:36.97+06	\N
caaddr_01JVAQEWAA5EY928HQJ77XTQM5	\N		Md Mosabbir Hossain	Khan	314/A Ulon,  Rampura		Dhaka	bd		1319	01829463584	\N	2025-05-16 01:41:36.97+06	2025-05-16 01:41:36.97+06	\N
caaddr_01JVAQN035J1HA7YZWVBZD72V6	\N	\N	\N	\N	\N	\N	\N	bd	\N	\N	\N	\N	2025-05-16 01:44:57.447+06	2025-05-16 01:44:57.447+06	\N
caaddr_01JVAQNBF5KVD0BZ7C0RNTCZ0J	\N		Md Mosabbir Hossain	Khan	314/A Ulon,  Rampura		Dhaka	bd		1319	01829463584	\N	2025-05-16 01:45:09.094+06	2025-05-16 01:45:09.094+06	\N
caaddr_01JVAQNBF676DH7PH1KCNKVPKX	\N		Md Mosabbir Hossain	Khan	314/A Ulon,  Rampura		Dhaka	bd		1319	01829463584	\N	2025-05-16 01:45:09.094+06	2025-05-16 01:45:09.094+06	\N
caaddr_01JVB14Z4HH5640DS490PYE0P1	\N	\N	\N	\N	\N	\N	\N	bd	\N	\N	\N	\N	2025-05-16 04:30:57.938+06	2025-05-16 04:30:57.938+06	\N
caaddr_01JVB15GWN9JCKZ5APVK8YPRY6	\N		Md Mosabbir Hossain	Khan	314/A Ulon,  Rampura		Dhaka	bd		1319	01829463584	\N	2025-05-16 04:31:16.117+06	2025-05-16 04:31:16.117+06	\N
caaddr_01JVB15GWNBM953JX34JF7YN3B	\N		Md Mosabbir Hossain	Khan	314/A Ulon,  Rampura		Dhaka	bd		1319	01829463584	\N	2025-05-16 04:31:16.118+06	2025-05-16 04:31:16.118+06	\N
caaddr_01JVC7XVCYT5D050VQZTVABQZ7	\N	\N	\N	\N	\N	\N	\N	bd	\N	\N	\N	\N	2025-05-16 15:48:39.199+06	2025-05-16 15:48:39.199+06	\N
caaddr_01JVC7YFAE4WF467BH0W6GKM4Y	\N		Md Mosabbir Hossain	Khan	314/A Ulon,  Rampura		Dhaka	bd		1319	01829463584	\N	2025-05-16 15:48:59.599+06	2025-05-16 15:48:59.599+06	\N
caaddr_01JVC7YFAFKY7TYMKQ3AX3R5NZ	\N		Md Mosabbir Hossain	Khan	314/A Ulon,  Rampura		Dhaka	bd		1319	01829463584	\N	2025-05-16 15:48:59.599+06	2025-05-16 15:48:59.599+06	\N
caaddr_01JVCK94FHYG43WBZB3P9P0BC1	\N	\N	\N	\N	\N	\N	\N	bd	\N	\N	\N	\N	2025-05-16 19:07:03.283+06	2025-05-16 19:07:03.283+06	\N
caaddr_01JVSVEXRCP690ZJS5BD5B5C19	\N	\N	\N	\N	\N	\N	\N	bd	\N	\N	\N	\N	2025-05-21 22:40:09.229+06	2025-05-21 22:40:09.229+06	\N
caaddr_01JVSVFBYB8C224B6666H70CXS	\N		Md Mosabbir Hossain	Khan	314/A Ulon,  Rampura		Dhaka	bd		1319	01829463584	\N	2025-05-21 22:40:23.756+06	2025-05-21 22:40:23.756+06	\N
caaddr_01JVSVFBYCPB1ZF4RCNWNB2KSC	\N		Md Mosabbir Hossain	Khan	314/A Ulon,  Rampura		Dhaka	bd		1319	01829463584	\N	2025-05-21 22:40:23.756+06	2025-05-21 22:40:23.756+06	\N
caaddr_01JWPAMMTG607QK1ZE5WE04V3Z	\N	\N	\N	\N	\N	\N	\N	bd	\N	\N	\N	\N	2025-06-02 00:04:09.424+06	2025-06-02 00:04:09.424+06	\N
caaddr_01JWPANFXY7NW3DJRM979DV4MF	\N		Md Mosabbir Hossain	Khan	314/A Ulon,  Rampura		Dhaka	bd		1319	01829463584	\N	2025-06-02 00:04:37.183+06	2025-06-02 00:04:37.183+06	\N
caaddr_01JWPANFXY9BZ7E0TRFZKBV608	\N		Md Mosabbir Hossain	Khan	314/A Ulon,  Rampura		Dhaka	bd		1319	01829463584	\N	2025-06-02 00:04:37.183+06	2025-06-02 00:04:37.183+06	\N
caaddr_01JWPBF11NW9X1WF53A1HQSMW5	\N	\N	\N	\N	\N	\N	\N	bd	\N	\N	\N	\N	2025-06-02 00:18:33.909+06	2025-06-02 00:18:33.909+06	\N
caaddr_01JWPBF9EBC2WSQ687DF0YZ1GT	\N		Md Mosabbir Hossain	Khan	314/A Ulon,  Rampura		Dhaka	bd		1319	01829463584	\N	2025-06-02 00:18:42.508+06	2025-06-02 00:18:42.508+06	\N
caaddr_01JWPBF9ECAM5MJEYFEC4XJEP0	\N		Md Mosabbir Hossain	Khan	314/A Ulon,  Rampura		Dhaka	bd		1319	01829463584	\N	2025-06-02 00:18:42.508+06	2025-06-02 00:18:42.508+06	\N
caaddr_01JWR1FS8MTXT1D0BQR9NNW6G5	\N	\N	\N	\N	\N	\N	\N	bd	\N	\N	\N	\N	2025-06-02 16:02:41.813+06	2025-06-02 16:02:41.813+06	\N
caaddr_01JWR1GCCF3ZH19MC671TNGWAH	\N		Md Mosabbir Hossain	Khan	314/A Ulon,  Rampura		Dhaka	bd		1319	01829463584	\N	2025-06-02 16:03:01.392+06	2025-06-02 16:03:01.392+06	\N
caaddr_01JWR1GCCFGZBC78JR2B8XYN6M	\N		Md Mosabbir Hossain	Khan	314/A Ulon,  Rampura		Dhaka	bd		1319	01829463584	\N	2025-06-02 16:03:01.392+06	2025-06-02 16:03:01.392+06	\N
caaddr_01JWR1GZBE2DNNC0DBRQKZ3CJM	\N	\N	\N	\N	\N	\N	\N	bd	\N	\N	\N	\N	2025-06-02 16:03:20.814+06	2025-06-02 16:03:20.814+06	\N
caaddr_01JWR1HDJ3S7HT79C23N53Z06Z	\N		Md Mosabbir Hossain	Khan	314/A Ulon,  Rampura		Dhaka	bd		1319	01829463584	\N	2025-06-02 16:03:35.364+06	2025-06-02 16:03:35.364+06	\N
caaddr_01JWR1HDJ4WQ96HJQDWVR1GP6V	\N		Md Mosabbir Hossain	Khan	314/A Ulon,  Rampura		Dhaka	bd		1319	01829463584	\N	2025-06-02 16:03:35.364+06	2025-06-02 16:03:35.364+06	\N
caaddr_01JWR426HSAVKB02PGFXEFMGPR	\N	\N	\N	\N	\N	\N	\N	bd	\N	\N	\N	\N	2025-06-02 16:47:42.394+06	2025-06-02 16:47:42.394+06	\N
caaddr_01JWR42ENNMTR34X4G4QFYZPRP	\N		Md Mosabbir Hossain	Khan	314/A Ulon,  Rampura		Dhaka	bd		1319	01829463584	\N	2025-06-02 16:47:50.709+06	2025-06-02 16:47:50.709+06	\N
caaddr_01JWR42ENNEJNF6MMD1QD9CYY7	\N		Md Mosabbir Hossain	Khan	314/A Ulon,  Rampura		Dhaka	bd		1319	01829463584	\N	2025-06-02 16:47:50.709+06	2025-06-02 16:47:50.709+06	\N
caaddr_01JWR47YXCF8TJ2Z6N2KGQFYX7	\N	\N	\N	\N	\N	\N	\N	bd	\N	\N	\N	\N	2025-06-02 16:50:51.181+06	2025-06-02 16:50:51.181+06	\N
caaddr_01JWR486PQYFFMF6QMSPAHFN6T	\N		Md Mosabbir Hossain	Khan	314/A Ulon,  Rampura		Dhaka	bd		1319	01829463584	\N	2025-06-02 16:50:59.159+06	2025-06-02 16:50:59.159+06	\N
caaddr_01JWR486PQSYYV8CE0301JTQS5	\N		Md Mosabbir Hossain	Khan	314/A Ulon,  Rampura		Dhaka	bd		1319	01829463584	\N	2025-06-02 16:50:59.159+06	2025-06-02 16:50:59.159+06	\N
caaddr_01JWR507Y8MS6DDP3RCT281SEG	\N	\N	\N	\N	\N	\N	\N	bd	\N	\N	\N	\N	2025-06-02 17:04:06.857+06	2025-06-02 17:04:06.857+06	\N
caaddr_01JWR50HVC7HE35QC0Y0KB0RSQ	\N		Md Mosabbir Hossain	Khan	314/A Ulon,  Rampura		Dhaka	bd		1319	01829463584	\N	2025-06-02 17:04:17.004+06	2025-06-02 17:04:17.004+06	\N
caaddr_01JWR50HVCN152JDC3AJDH4PXT	\N		Md Mosabbir Hossain	Khan	314/A Ulon,  Rampura		Dhaka	bd		1319	01829463584	\N	2025-06-02 17:04:17.005+06	2025-06-02 17:04:17.005+06	\N
caaddr_01JWR56CY322F8GJYDKYPQV7TK	\N	\N	\N	\N	\N	\N	\N	bd	\N	\N	\N	\N	2025-06-02 17:07:28.58+06	2025-06-02 17:07:28.58+06	\N
caaddr_01JWR56RP7H3YFTBPVDB9AKXMS	\N		Md Mosabbir Hossain	Khan	314/A Ulon,  Rampura		Dhaka	bd		1319	01829463584	\N	2025-06-02 17:07:40.616+06	2025-06-02 17:07:40.616+06	\N
caaddr_01JWR56RP7VDEHBDATVHZPF0VF	\N		Md Mosabbir Hossain	Khan	314/A Ulon,  Rampura		Dhaka	bd		1319	01829463584	\N	2025-06-02 17:07:40.616+06	2025-06-02 17:07:40.616+06	\N
caaddr_01JWR6G0TH7P4BQS9H8H7NKD07	\N	\N	\N	\N	\N	\N	\N	bd	\N	\N	\N	\N	2025-06-02 17:30:12.434+06	2025-06-02 17:30:12.434+06	\N
caaddr_01JWR6GB1YM8B45AE77DN8AMH9	\N		Md Mosabbir Hossain	Khan	314/A Ulon,  Rampura		Dhaka	bd		1319	01829463584	\N	2025-06-02 17:30:22.91+06	2025-06-02 17:30:22.91+06	\N
caaddr_01JWR6GB1Y01ZQWYR4R7Z2SJMG	\N		Md Mosabbir Hossain	Khan	314/A Ulon,  Rampura		Dhaka	bd		1319	01829463584	\N	2025-06-02 17:30:22.91+06	2025-06-02 17:30:22.91+06	\N
caaddr_01JWR6RBCEM7B5VM9S2EXZKNSM	\N	\N	\N	\N	\N	\N	\N	bd	\N	\N	\N	\N	2025-06-02 17:34:45.391+06	2025-06-02 17:34:45.391+06	\N
caaddr_01JWR6RKK13YACAP12J084MCE8	\N		Md Mosabbir Hossain	Khan	314/A Ulon,  Rampura		Dhaka	bd		1319	01829463584	\N	2025-06-02 17:34:53.793+06	2025-06-02 17:34:53.793+06	\N
caaddr_01JWR6RKK17BYNWRBDM069Y5DQ	\N		Md Mosabbir Hossain	Khan	314/A Ulon,  Rampura		Dhaka	bd		1319	01829463584	\N	2025-06-02 17:34:53.793+06	2025-06-02 17:34:53.793+06	\N
caaddr_01JWR7JX18P4VP1Z391S7BAX7R	\N	\N	\N	\N	\N	\N	\N	bd	\N	\N	\N	\N	2025-06-02 17:49:15.432+06	2025-06-02 17:49:15.432+06	\N
caaddr_01JWR7K44HQZFZ1HQ3H3RYB53X	\N		Md Mosabbir Hossain	Khan	314/A Ulon,  Rampura		Dhaka	bd		1319	01829463584	\N	2025-06-02 17:49:22.705+06	2025-06-02 17:49:22.705+06	\N
caaddr_01JWR7K44H73V3DQH9NJHN4KVT	\N		Md Mosabbir Hossain	Khan	314/A Ulon,  Rampura		Dhaka	bd		1319	01829463584	\N	2025-06-02 17:49:22.705+06	2025-06-02 17:49:22.705+06	\N
caaddr_01JWR8RC04NQGQ3K9BXCTQY7H9	\N	\N	\N	\N	\N	\N	\N	bd	\N	\N	\N	\N	2025-06-02 18:09:43.173+06	2025-06-02 18:09:43.173+06	\N
caaddr_01JWR8RN44JY46YPG99G4YRGRR	\N		Md Mosabbir Hossain	Khan	314/A Ulon,  Rampura		Dhaka	bd		1319	01829463584	\N	2025-06-02 18:09:52.517+06	2025-06-02 18:09:52.517+06	\N
caaddr_01JWR8RN45P7VYH62H67TQZMDC	\N		Md Mosabbir Hossain	Khan	314/A Ulon,  Rampura		Dhaka	bd		1319	01829463584	\N	2025-06-02 18:09:52.517+06	2025-06-02 18:09:52.517+06	\N
caaddr_01JY1QMJCF0NPCA0JKJ542B97H	\N	\N	\N	\N	\N	\N	\N	bd	\N	\N	\N	\N	2025-06-18 20:38:38.992+06	2025-06-18 20:38:38.992+06	\N
caaddr_01JY1QMW31Y5K8JNRQGZY0F717	\N		Md Mosabbir Hossain	Khan	314/A Ulon,  Rampura		Dhaka	bd		1319	01829463584	\N	2025-06-18 20:38:48.929+06	2025-06-18 20:38:48.929+06	\N
caaddr_01JY1QMW31WG55R9MA0GT1K46S	\N		Md Mosabbir Hossain	Khan	314/A Ulon,  Rampura		Dhaka	bd		1319	01829463584	\N	2025-06-18 20:38:48.929+06	2025-06-18 20:38:48.929+06	\N
\.


--
-- Data for Name: cart_line_item; Type: TABLE DATA; Schema: public; Owner: -
--

COPY public.cart_line_item (id, cart_id, title, subtitle, thumbnail, quantity, variant_id, product_id, product_title, product_description, product_subtitle, product_type, product_collection, product_handle, variant_sku, variant_barcode, variant_title, variant_option_values, requires_shipping, is_discountable, is_tax_inclusive, compare_at_unit_price, raw_compare_at_unit_price, unit_price, raw_unit_price, metadata, created_at, updated_at, deleted_at, product_type_id, is_custom_price) FROM stdin;
cali_01JMCNHBGD3QNTYEW905GXXTDJ	cart_01JMCNHB2MXRNRTH2TZXXDZ0P8	XL	Medusa Sweatshirt	https://medusa-public-images.s3.eu-west-1.amazonaws.com/sweatshirt-vintage-front.png	1	variant_01JM74X8V1DQ32B5MB7C6FTMFH	prod_01JM74X8PX4BA4QCWJKEXVGDK9	Medusa Sweatshirt	Reimagine the feeling of a classic sweatshirt. With our cotton sweatshirt, everyday essentials no longer have to be ordinary.	\N	\N	\N	sweatshirt	SWEATSHIRT-XL	\N	XL	\N	t	t	f	\N	\N	10	{"value": "10", "precision": 20}	{}	2025-02-18 19:56:37.005+06	2025-02-18 19:56:37.005+06	\N	\N	f
cali_01JMPQDFQXS8P6QJ0F99AG3PGX	cart_01JMPQADQXQXNA4JPFAEGRAQZJ	M / Black	Medusa T-Shirt	https://medusa-public-images.s3.eu-west-1.amazonaws.com/tee-black-front.png	1	variant_01JM74X8V02QY0K09JMJ9HQST7	prod_01JM74X8PXPNNP7KX16T389S1A	Medusa T-Shirt	Reimagine the feeling of a classic T-shirt. With our cotton T-shirts, everyday essentials no longer have to be ordinary.	\N	\N	\N	t-shirt	SHIRT-M-BLACK	\N	M / Black	\N	t	t	f	\N	\N	10	{"value": "10", "precision": 20}	{}	2025-02-22 17:41:51.742+06	2025-02-22 17:41:51.742+06	\N	\N	f
cali_01JMPQAE47170W08MA192VFYZD	cart_01JMPQADQXQXNA4JPFAEGRAQZJ	Yes / No	Nokshi Pitha	http://localhost:9000/static/1740224328347-images.jpeg	1	variant_01JMPQ7WZZYDMK8G4ESYCS3F9Q	prod_01JMPQ7WPMDM0D830C94FWMXCH	Nokshi Pitha	lorem ipsum jipsum	Amazing	\N	\N	pihta	\N	\N	Yes / No	\N	t	t	f	\N	\N	10	{"value": "10", "precision": 20}	{}	2025-02-22 17:40:11.784+06	2025-02-22 17:41:54.126+06	2025-02-22 17:41:54.125+06	\N	f
cali_01JMZ3E8FC53DY8RKDHZDV2M15	cart_01JMZ3E7YAWPZXX3N9B8JEQ273	XL / Black	Medusa T-Shirt	https://medusa-public-images.s3.eu-west-1.amazonaws.com/tee-black-front.png	2	variant_01JM74X8V1FM7N1DHEGKHXGF23	prod_01JM74X8PXPNNP7KX16T389S1A	Medusa T-Shirt	Reimagine the feeling of a classic T-shirt. With our cotton T-shirts, everyday essentials no longer have to be ordinary.	\N	\N	\N	t-shirt	SHIRT-XL-BLACK	\N	XL / Black	\N	t	t	f	\N	\N	10	{"value": "10", "precision": 20}	{}	2025-02-25 23:45:55.436+06	2025-02-25 23:46:03.151+06	\N	\N	f
cali_01JVAG2FF657G9FR9Z5QJM6J5X	cart_01JVAG2F2Y358KXXC3HYDMWDZT	Default variant	Pokmeon	http://localhost:9000/static/1747251920117-Screenshot%20from%202025-01-07%2009-10-30.png	1	variant_01JV858ZVBMGKNNRBHCM8YYVX7	prod_01JV858ZAE63830RPWDNTVEYEJ	Pokmeon	sdfsdfs	A steamed rice cake filled with jaggery (gur) and coconut.	Pitha	Food	pihta	\N	\N	Default variant	\N	t	t	f	\N	\N	100	{"value": "100", "precision": 20}	{"ingredients": [{"id": "d3de53c4-2ba5-4068-85ef-0959080b97a5", "name": "123"}]}	2025-05-15 23:32:30.567+06	2025-05-15 23:32:30.567+06	\N	ptyp_01JNX87TA227NBFF63VMQE8GNR	f
cali_01JNX5T2YT99JR16G629E7B2JG	cart_01JNX5SP8FETBXGZWJSQYK43VM	No	Choco Choco Choclate	http://localhost:9000/static/1740505438444-alex-mccarthy-v-Kh2HYl_Cc-unsplash.jpg	1	variant_01JMZ3APMTZ5JPRKSFR681D7ZW	prod_01JMZ3APAAENMATTTNZGG3CX3Q	Choco Choco Choclate	the sflkiasdfkl sadlkfjsdlkf lksadfl dkf asd asldkjflksdjfsdf	-_-	\N	\N	pihta-2	\N	\N	No	\N	t	t	f	\N	\N	10	{"value": "10", "precision": 20}	{}	2025-03-09 16:04:33.115+06	2025-03-09 16:05:18.692+06	\N	\N	f
cali_01JNX6D20M4WFF1W3X274X6SJ3	cart_01JNX6D1TF2HJBXV3ZMA953ZSM	M	Medusa Sweatshirt	https://medusa-public-images.s3.eu-west-1.amazonaws.com/sweatshirt-vintage-front.png	1	variant_01JM74X8V1HMZ5XSM361FSQEDJ	prod_01JM74X8PX4BA4QCWJKEXVGDK9	Medusa Sweatshirt	Reimagine the feeling of a classic sweatshirt. With our cotton sweatshirt, everyday essentials no longer have to be ordinary.	\N	\N	\N	sweatshirt	SWEATSHIRT-M	\N	M	\N	t	t	f	\N	\N	10	{"value": "10", "precision": 20}	{}	2025-03-09 16:14:54.74+06	2025-03-09 16:14:54.74+06	\N	\N	f
cali_01JNX6MRHE68HAG1620YE1E9BR	cart_01JNX6D1TF2HJBXV3ZMA953ZSM	Yes	Choco Choco Choclate	http://localhost:9000/static/1740505438444-alex-mccarthy-v-Kh2HYl_Cc-unsplash.jpg	1	variant_01JMZ3APMSFAGJPFXH5EY9Q32D	prod_01JMZ3APAAENMATTTNZGG3CX3Q	Choco Choco Choclate	the sflkiasdfkl sadlkfjsdlkf lksadfl dkf asd asldkjflksdjfsdf	-_-	\N	\N	pihta-2	\N	\N	Yes	\N	t	t	f	\N	\N	10	{"value": "10", "precision": 20}	{}	2025-03-09 16:19:07.182+06	2025-03-09 16:19:07.182+06	\N	\N	f
cali_01JVAG2JJR4MK5D9R3XQB8VBNC	cart_01JVAG2F2Y358KXXC3HYDMWDZT	Default variant	Pokmeon	http://localhost:9000/static/1747251920117-Screenshot%20from%202025-01-07%2009-10-30.png	1	variant_01JV858ZVBMGKNNRBHCM8YYVX7	prod_01JV858ZAE63830RPWDNTVEYEJ	Pokmeon	sdfsdfs	A steamed rice cake filled with jaggery (gur) and coconut.	Pitha	Food	pihta	\N	\N	Default variant	\N	t	t	f	\N	\N	100	{"value": "100", "precision": 20}	{"ingredients": []}	2025-05-15 23:32:33.752+06	2025-05-15 23:32:33.752+06	\N	ptyp_01JNX87TA227NBFF63VMQE8GNR	f
cali_01JVAH36Z5E2CD0J4MV4YN0QZT	cart_01JVAH36HCDHZSR0X8J9MMRTCK	Default variant	Pokmeon	http://localhost:9000/static/1747251920117-Screenshot%20from%202025-01-07%2009-10-30.png	1	variant_01JV858ZVBMGKNNRBHCM8YYVX7	prod_01JV858ZAE63830RPWDNTVEYEJ	Pokmeon	sdfsdfs	A steamed rice cake filled with jaggery (gur) and coconut.	Pitha	Food	pihta	\N	\N	Default variant	\N	t	t	f	\N	\N	100	{"value": "100", "precision": 20}	{"ingredients": [{"id": "d3de53c4-2ba5-4068-85ef-0959080b97a5", "name": "123"}]}	2025-05-15 23:50:23.206+06	2025-05-15 23:50:23.206+06	\N	ptyp_01JNX87TA227NBFF63VMQE8GNR	f
cali_01JVAKP106Y0SJE7BXP8B84Q7M	cart_01JVAKP0P054QZVGTQR69C6ZHJ	Default variant	Pokmeon	http://localhost:9000/static/1747251920117-Screenshot%20from%202025-01-07%2009-10-30.png	1	variant_01JV858ZVBMGKNNRBHCM8YYVX7	prod_01JV858ZAE63830RPWDNTVEYEJ	Pokmeon	sdfsdfs	A steamed rice cake filled with jaggery (gur) and coconut.	Pitha	Food	pihta	\N	\N	Default variant	\N	t	t	f	\N	\N	100	{"value": "100", "precision": 20}	{"ingredients": [{"id": "d3de53c4-2ba5-4068-85ef-0959080b97a5", "name": "123"}]}	2025-05-16 00:35:36.838+06	2025-05-16 00:35:36.838+06	\N	ptyp_01JNX87TA227NBFF63VMQE8GNR	f
cali_01JVANNEGZF6C3PJGQ6JS8GBYP	cart_01JVANNE4Z9EBBQJPY9AQRRFQE	Default variant	Pokmeon	http://localhost:9000/static/1747251920117-Screenshot%20from%202025-01-07%2009-10-30.png	1	variant_01JV858ZVBMGKNNRBHCM8YYVX7	prod_01JV858ZAE63830RPWDNTVEYEJ	Pokmeon	sdfsdfs	A steamed rice cake filled with jaggery (gur) and coconut.	Pitha	Food	pihta	\N	\N	Default variant	\N	t	t	f	\N	\N	100	{"value": "100", "precision": 20}	{"ingredients": [{"id": "d3de53c4-2ba5-4068-85ef-0959080b97a5", "name": "123"}]}	2025-05-16 01:10:15.072+06	2025-05-16 01:10:15.072+06	\N	ptyp_01JNX87TA227NBFF63VMQE8GNR	f
cali_01JVAQEHNCESCTCMC21WWHC3X4	cart_01JVAQEHBCM4WDZAJ4Q52SX6WH	Default variant	Pokmeon	http://localhost:9000/static/1747251920117-Screenshot%20from%202025-01-07%2009-10-30.png	1	variant_01JV858ZVBMGKNNRBHCM8YYVX7	prod_01JV858ZAE63830RPWDNTVEYEJ	Pokmeon	sdfsdfs	A steamed rice cake filled with jaggery (gur) and coconut.	Pitha	Food	pihta	\N	\N	Default variant	\N	t	t	f	\N	\N	100	{"value": "100", "precision": 20}	{"ingredients": [{"id": "d3de53c4-2ba5-4068-85ef-0959080b97a5", "name": "123"}]}	2025-05-16 01:41:26.06+06	2025-05-16 01:41:26.06+06	\N	ptyp_01JNX87TA227NBFF63VMQE8GNR	f
cali_01JVAQN0KEJ3DX6AZ5YM3KT1RD	cart_01JVAQN03582XWY3R2E633K0X1	Default variant	Pokmeon	http://localhost:9000/static/1747251920117-Screenshot%20from%202025-01-07%2009-10-30.png	1	variant_01JV858ZVBMGKNNRBHCM8YYVX7	prod_01JV858ZAE63830RPWDNTVEYEJ	Pokmeon	sdfsdfs	A steamed rice cake filled with jaggery (gur) and coconut.	Pitha	Food	pihta	\N	\N	Default variant	\N	t	t	f	\N	\N	100	{"value": "100", "precision": 20}	{"ingredients": [{"id": "d3de53c4-2ba5-4068-85ef-0959080b97a5", "name": "123"}]}	2025-05-16 01:44:57.967+06	2025-05-16 01:44:57.967+06	\N	ptyp_01JNX87TA227NBFF63VMQE8GNR	f
cali_01JNY44GP2B2S812DZHE3FJ9MM	cart_01JNY3K3ZB6DVBTH9WJC98A0Z6	Default variant	Bhapa Pitha	http://localhost:9000/static/1741516666895-bhapa.pitha.3.recipe.jpg	1	variant_01JNX7PY97WBEPBQRHWRTPV0Q1	prod_01JNX7PY25NB6PHE7FGPZZ96XP	Bhapa Pitha	General Description\nBhapa Pitha is a beloved winter delicacy in Bangladesh, known for its soft, fluffy texture and the rich sweetness of date palm jaggery (patali gur). It is a steamed rice cake that brings warmth and nostalgia, often prepared in early mornings during winter. The combination of fragrant rice flour, caramel-like jaggery, and fresh coconut creates a comforting and wholesome treat. Traditionally, it is made using a clay pot and a piece of cloth to achieve the perfect steam.\n\nIngredients & Measurements\nRice Flour  2 cups\nDate Palm Jaggery (Patali Gur)   cup (grated)\nFreshly Grated Coconut   cup\nSalt   tsp\nWater  As needed (to create a moist, crumbly flour texture)\nBenefits\n Nutritious  Made with rice flour and jaggery, providing energy and warmth.\n Natural Sweetener  Uses date palm jaggery, which is rich in iron and minerals.\n Gluten-Free  Ideal for those with gluten sensitivity.\n Cultural Heritage  A symbol of traditional Bangladeshi winter cuisine.	A steamed rice cake filled with jaggery (gur) and coconut.	\N	Food	bhapa	\N	\N	Default variant	\N	t	t	f	\N	\N	500	{"value": "500", "precision": 20}	{}	2025-03-10 00:54:32.13+06	2025-03-10 00:55:24.331+06	2025-03-10 00:55:24.331+06	\N	f
cali_01JNY4WRB60B1N2N56NSTF3WV8	cart_01JNY3K3ZB6DVBTH9WJC98A0Z6	All items included	Bhapa Pitha	http://localhost:9000/static/1741516666895-bhapa.pitha.3.recipe.jpg	1	variant_01JNY4AY6ET9S6J98WF2DSSWR6	prod_01JNX7PY25NB6PHE7FGPZZ96XP	Bhapa Pitha	General Description\nBhapa Pitha is a beloved winter delicacy in Bangladesh, known for its soft, fluffy texture and the rich sweetness of date palm jaggery (patali gur). It is a steamed rice cake that brings warmth and nostalgia, often prepared in early mornings during winter. The combination of fragrant rice flour, caramel-like jaggery, and fresh coconut creates a comforting and wholesome treat. Traditionally, it is made using a clay pot and a piece of cloth to achieve the perfect steam.\n\nIngredients & Measurements\nRice Flour  2 cups\nDate Palm Jaggery (Patali Gur)   cup (grated)\nFreshly Grated Coconut   cup\nSalt   tsp\nWater  As needed (to create a moist, crumbly flour texture)\nBenefits\n Nutritious  Made with rice flour and jaggery, providing energy and warmth.\n Natural Sweetener  Uses date palm jaggery, which is rich in iron and minerals.\n Gluten-Free  Ideal for those with gluten sensitivity.\n Cultural Heritage  A symbol of traditional Bangladeshi winter cuisine.	A steamed rice cake filled with jaggery (gur) and coconut.	Pitha	Food	bhapa	\N	\N	All items included	\N	t	t	f	\N	\N	500	{"value": "500", "precision": 20}	{}	2025-03-10 01:07:46.406+06	2025-03-10 01:09:13.248+06	2025-03-10 01:09:13.248+06	ptyp_01JNX87TA227NBFF63VMQE8GNR	f
cali_01JNY5R20XJQNCM09S7KVFRT9E	cart_01JNY3K3ZB6DVBTH9WJC98A0Z6	Include Almonds / Include Honey	Bhapa Pitha	http://localhost:9000/static/1741547834316-bhapa.pitha.3.recipe.jpg	1	variant_01JNY5E35JDMNVQ8X1DPG93H72	prod_01JNY5E2ZBH7WKY4FT94Z7DYG4	Bhapa Pitha	General Description\nBhapa Pitha is a beloved winter delicacy in Bangladesh, known for its soft, fluffy texture and the rich sweetness of date palm jaggery (patali gur). It is a steamed rice cake that brings warmth and nostalgia, often prepared in early mornings during winter. The combination of fragrant rice flour, caramel-like jaggery, and fresh coconut creates a comforting and wholesome treat. Traditionally, it is made using a clay pot and a piece of cloth to achieve the perfect steam.\n\nIngredients & Measurements\nRice Flour  2 cups\nDate Palm Jaggery (Patali Gur)   cup (grated)\nFreshly Grated Coconut   cup\nSalt   tsp\nWater  As needed (to create a moist, crumbly flour texture)\nBenefits\n Nutritious  Made with rice flour and jaggery, providing energy and warmth.\n Natural Sweetener  Uses date palm jaggery, which is rich in iron and minerals.\n Gluten-Free  Ideal for those with gluten sensitivity.\n Cultural Heritage  A symbol of traditional Bangladeshi winter cuisine.	A steamed rice cake filled with jaggery (gur) and coconut.	Pitha	Food	bhapa-pihta	\N	\N	Include Almonds / Include Honey	\N	t	t	f	\N	\N	500	{"value": "500", "precision": 20}	{}	2025-03-10 01:22:41.053+06	2025-03-10 01:22:45.599+06	2025-03-10 01:22:45.599+06	ptyp_01JNX87TA227NBFF63VMQE8GNR	f
cali_01JNY5S6DC144QC177EQQH1KQ4	cart_01JNY3K3ZB6DVBTH9WJC98A0Z6	Include Almonds / Include Honey	Bhapa Pitha	http://localhost:9000/static/1741547834316-bhapa.pitha.3.recipe.jpg	1	variant_01JNY5E35JDMNVQ8X1DPG93H72	prod_01JNY5E2ZBH7WKY4FT94Z7DYG4	Bhapa Pitha	General Description\nBhapa Pitha is a beloved winter delicacy in Bangladesh, known for its soft, fluffy texture and the rich sweetness of date palm jaggery (patali gur). It is a steamed rice cake that brings warmth and nostalgia, often prepared in early mornings during winter. The combination of fragrant rice flour, caramel-like jaggery, and fresh coconut creates a comforting and wholesome treat. Traditionally, it is made using a clay pot and a piece of cloth to achieve the perfect steam.\n\nIngredients & Measurements\nRice Flour  2 cups\nDate Palm Jaggery (Patali Gur)   cup (grated)\nFreshly Grated Coconut   cup\nSalt   tsp\nWater  As needed (to create a moist, crumbly flour texture)\nBenefits\n Nutritious  Made with rice flour and jaggery, providing energy and warmth.\n Natural Sweetener  Uses date palm jaggery, which is rich in iron and minerals.\n Gluten-Free  Ideal for those with gluten sensitivity.\n Cultural Heritage  A symbol of traditional Bangladeshi winter cuisine.	A steamed rice cake filled with jaggery (gur) and coconut.	Pitha	Food	bhapa-pihta	\N	\N	Include Almonds / Include Honey	\N	t	t	f	\N	\N	500	{"value": "500", "precision": 20}	{}	2025-03-10 01:23:18.316+06	2025-03-10 01:23:18.316+06	\N	ptyp_01JNX87TA227NBFF63VMQE8GNR	f
cali_01JQ6JG2WTE6D7W5PVM96RZX1F	cart_01JQ6JFTVKKQMJFFJRE20HFK31	Include Almonds / Include Honey	Bhapa Pitha	http://localhost:9000/static/1741547834316-bhapa.pitha.3.recipe.jpg	1	variant_01JNY5E35JDMNVQ8X1DPG93H72	prod_01JNY5E2ZBH7WKY4FT94Z7DYG4	Bhapa Pitha	General Description\nBhapa Pitha is a beloved winter delicacy in Bangladesh, known for its soft, fluffy texture and the rich sweetness of date palm jaggery (patali gur). It is a steamed rice cake that brings warmth and nostalgia, often prepared in early mornings during winter. The combination of fragrant rice flour, caramel-like jaggery, and fresh coconut creates a comforting and wholesome treat. Traditionally, it is made using a clay pot and a piece of cloth to achieve the perfect steam.\n\nIngredients & Measurements\nRice Flour  2 cups\nDate Palm Jaggery (Patali Gur)   cup (grated)\nFreshly Grated Coconut   cup\nSalt   tsp\nWater  As needed (to create a moist, crumbly flour texture)\nBenefits\n Nutritious  Made with rice flour and jaggery, providing energy and warmth.\n Natural Sweetener  Uses date palm jaggery, which is rich in iron and minerals.\n Gluten-Free  Ideal for those with gluten sensitivity.\n Cultural Heritage  A symbol of traditional Bangladeshi winter cuisine.	A steamed rice cake filled with jaggery (gur) and coconut.	Pitha	Food	bhapa-pihta	\N	\N	Include Almonds / Include Honey	\N	t	t	f	\N	\N	500	{"value": "500", "precision": 20}	{}	2025-03-25 17:55:08.571+06	2025-03-25 17:55:08.571+06	\N	ptyp_01JNX87TA227NBFF63VMQE8GNR	f
cali_01JQ6K0SD3CQJW91AQHG1QY3BG	cart_01JQ6K0JKS8F9ST33R4M6Y9BPV	Omit Almonds / Omit oney	Bhapa Pitha	http://localhost:9000/static/1741547834316-bhapa.pitha.3.recipe.jpg	1	variant_01JNY5E35MC00804KQJEPY5V7C	prod_01JNY5E2ZBH7WKY4FT94Z7DYG4	Bhapa Pitha	General Description\nBhapa Pitha is a beloved winter delicacy in Bangladesh, known for its soft, fluffy texture and the rich sweetness of date palm jaggery (patali gur). It is a steamed rice cake that brings warmth and nostalgia, often prepared in early mornings during winter. The combination of fragrant rice flour, caramel-like jaggery, and fresh coconut creates a comforting and wholesome treat. Traditionally, it is made using a clay pot and a piece of cloth to achieve the perfect steam.\n\nIngredients & Measurements\nRice Flour  2 cups\nDate Palm Jaggery (Patali Gur)   cup (grated)\nFreshly Grated Coconut   cup\nSalt   tsp\nWater  As needed (to create a moist, crumbly flour texture)\nBenefits\n Nutritious  Made with rice flour and jaggery, providing energy and warmth.\n Natural Sweetener  Uses date palm jaggery, which is rich in iron and minerals.\n Gluten-Free  Ideal for those with gluten sensitivity.\n Cultural Heritage  A symbol of traditional Bangladeshi winter cuisine.	A steamed rice cake filled with jaggery (gur) and coconut.	Pitha	Food	bhapa-pihta	\N	\N	Omit Almonds / Omit oney	\N	t	t	f	\N	\N	500	{"value": "500", "precision": 20}	{}	2025-03-25 18:04:15.908+06	2025-03-25 18:04:15.908+06	\N	ptyp_01JNX87TA227NBFF63VMQE8GNR	f
cali_01JQH7CQPC8V5WESY48EKTEC9Z	cart_01JQE4201QB3K4P8VY120ZFME8	Include Almonds / Include Honey	Bhapa Pitha	http://localhost:9000/static/1741547834316-bhapa.pitha.3.recipe.jpg	5	variant_01JNY5E35JDMNVQ8X1DPG93H72	prod_01JNY5E2ZBH7WKY4FT94Z7DYG4	Bhapa Pitha	General Description\nBhapa Pitha is a beloved winter delicacy in Bangladesh, known for its soft, fluffy texture and the rich sweetness of date palm jaggery (patali gur). It is a steamed rice cake that brings warmth and nostalgia, often prepared in early mornings during winter. The combination of fragrant rice flour, caramel-like jaggery, and fresh coconut creates a comforting and wholesome treat. Traditionally, it is made using a clay pot and a piece of cloth to achieve the perfect steam.\n\nIngredients & Measurements\nRice Flour  2 cups\nDate Palm Jaggery (Patali Gur)   cup (grated)\nFreshly Grated Coconut   cup\nSalt   tsp\nWater  As needed (to create a moist, crumbly flour texture)\nBenefits\n Nutritious  Made with rice flour and jaggery, providing energy and warmth.\n Natural Sweetener  Uses date palm jaggery, which is rich in iron and minerals.\n Gluten-Free  Ideal for those with gluten sensitivity.\n Cultural Heritage  A symbol of traditional Bangladeshi winter cuisine.	A steamed rice cake filled with jaggery (gur) and coconut.	Pitha	Food	bhapa-pihta	\N	\N	Include Almonds / Include Honey	\N	t	t	f	\N	\N	500	{"value": "500", "precision": 20}	{}	2025-03-29 21:12:43.214+06	2025-03-29 21:12:48.884+06	\N	ptyp_01JNX87TA227NBFF63VMQE8GNR	f
cali_01JQ78C0033SS2W6T32CE194C0	cart_01JQ6K0JKS8F9ST33R4M6Y9BPV	Include Almonds / Include Honey	Bhapa Pitha	http://localhost:9000/static/1741547834316-bhapa.pitha.3.recipe.jpg	2	variant_01JNY5E35JDMNVQ8X1DPG93H72	prod_01JNY5E2ZBH7WKY4FT94Z7DYG4	Bhapa Pitha	General Description\nBhapa Pitha is a beloved winter delicacy in Bangladesh, known for its soft, fluffy texture and the rich sweetness of date palm jaggery (patali gur). It is a steamed rice cake that brings warmth and nostalgia, often prepared in early mornings during winter. The combination of fragrant rice flour, caramel-like jaggery, and fresh coconut creates a comforting and wholesome treat. Traditionally, it is made using a clay pot and a piece of cloth to achieve the perfect steam.\n\nIngredients & Measurements\nRice Flour  2 cups\nDate Palm Jaggery (Patali Gur)   cup (grated)\nFreshly Grated Coconut   cup\nSalt   tsp\nWater  As needed (to create a moist, crumbly flour texture)\nBenefits\n Nutritious  Made with rice flour and jaggery, providing energy and warmth.\n Natural Sweetener  Uses date palm jaggery, which is rich in iron and minerals.\n Gluten-Free  Ideal for those with gluten sensitivity.\n Cultural Heritage  A symbol of traditional Bangladeshi winter cuisine.	A steamed rice cake filled with jaggery (gur) and coconut.	Pitha	Food	bhapa-pihta	\N	\N	Include Almonds / Include Honey	\N	t	t	f	\N	\N	500	{"value": "500", "precision": 20}	{}	2025-03-26 00:17:23.204+06	2025-03-26 00:26:08.344+06	2025-03-26 00:26:08.334+06	ptyp_01JNX87TA227NBFF63VMQE8GNR	f
cali_01JQE420KP5QXGG4RQE0EAW17Y	cart_01JQE4201QB3K4P8VY120ZFME8	Omit Almonds / Omit oney	Bhapa Pitha	http://localhost:9000/static/1741547834316-bhapa.pitha.3.recipe.jpg	10	variant_01JNY5E35MC00804KQJEPY5V7C	prod_01JNY5E2ZBH7WKY4FT94Z7DYG4	Bhapa Pitha	General Description\nBhapa Pitha is a beloved winter delicacy in Bangladesh, known for its soft, fluffy texture and the rich sweetness of date palm jaggery (patali gur). It is a steamed rice cake that brings warmth and nostalgia, often prepared in early mornings during winter. The combination of fragrant rice flour, caramel-like jaggery, and fresh coconut creates a comforting and wholesome treat. Traditionally, it is made using a clay pot and a piece of cloth to achieve the perfect steam.\n\nIngredients & Measurements\nRice Flour  2 cups\nDate Palm Jaggery (Patali Gur)   cup (grated)\nFreshly Grated Coconut   cup\nSalt   tsp\nWater  As needed (to create a moist, crumbly flour texture)\nBenefits\n Nutritious  Made with rice flour and jaggery, providing energy and warmth.\n Natural Sweetener  Uses date palm jaggery, which is rich in iron and minerals.\n Gluten-Free  Ideal for those with gluten sensitivity.\n Cultural Heritage  A symbol of traditional Bangladeshi winter cuisine.	A steamed rice cake filled with jaggery (gur) and coconut.	Pitha	Food	bhapa-pihta	\N	\N	Omit Almonds / Omit oney	\N	t	t	f	\N	\N	500	{"value": "500", "precision": 20}	{}	2025-03-28 16:16:42.87+06	2025-03-28 16:27:25.979+06	2025-03-28 16:27:25.979+06	ptyp_01JNX87TA227NBFF63VMQE8GNR	f
cali_01JQMS9W59XRA95B215SA2T9F3	cart_01JQMS9VM8V8GJE880PC3TF7MS	Include Almonds / Include Honey	Bhapa Pitha	http://localhost:9000/static/1741547834316-th.jpeg	3	variant_01JNY5E35JDMNVQ8X1DPG93H72	prod_01JNY5E2ZBH7WKY4FT94Z7DYG4	Bhapa Pitha	General Description\nBhapa Pitha is a beloved winter delicacy in Bangladesh, known for its soft, fluffy texture and the rich sweetness of date palm jaggery (patali gur). It is a steamed rice cake that brings warmth and nostalgia, often prepared in early mornings during winter. The combination of fragrant rice flour, caramel-like jaggery, and fresh coconut creates a comforting and wholesome treat. Traditionally, it is made using a clay pot and a piece of cloth to achieve the perfect steam.\n\nIngredients & Measurements\nRice Flour  2 cups\nDate Palm Jaggery (Patali Gur)   cup (grated)\nFreshly Grated Coconut   cup\nSalt   tsp\nWater  As needed (to create a moist, crumbly flour texture)\nBenefits\n Nutritious  Made with rice flour and jaggery, providing energy and warmth.\n Natural Sweetener  Uses date palm jaggery, which is rich in iron and minerals.\n Gluten-Free  Ideal for those with gluten sensitivity.\n Cultural Heritage  A symbol of traditional Bangladeshi winter cuisine.	A steamed rice cake filled with jaggery (gur) and coconut.	Pitha	Food	bhapa-pihta	\N	\N	Include Almonds / Include Honey	\N	t	t	f	\N	\N	500	{"value": "500", "precision": 20}	{}	2025-03-31 06:23:27.145+06	2025-04-01 22:30:21.638+06	2025-04-01 22:30:21.636+06	ptyp_01JNX87TA227NBFF63VMQE8GNR	f
cali_01JTAPMFJCC1864VHN34QA3PVT	cart_01JTAPMENE1RPX7DNMPRS2QZ50	Include Almonds / Omit oney	Bhapa Pitha	http://localhost:9000/static/1741547834316-th.jpeg	1	variant_01JNY5E35MNADZMWQKW5HE2TJD	prod_01JNY5E2ZBH7WKY4FT94Z7DYG4	Bhapa Pitha	General Description\nBhapa Pitha is a beloved winter delicacy in Bangladesh, known for its soft, fluffy texture and the rich sweetness of date palm jaggery (patali gur). It is a steamed rice cake that brings warmth and nostalgia, often prepared in early mornings during winter. The combination of fragrant rice flour, caramel-like jaggery, and fresh coconut creates a comforting and wholesome treat. Traditionally, it is made using a clay pot and a piece of cloth to achieve the perfect steam.\n\nIngredients & Measurements\nRice Flour  2 cups\nDate Palm Jaggery (Patali Gur)   cup (grated)\nFreshly Grated Coconut   cup\nSalt   tsp\nWater  As needed (to create a moist, crumbly flour texture)\nBenefits\n Nutritious  Made with rice flour and jaggery, providing energy and warmth.\n Natural Sweetener  Uses date palm jaggery, which is rich in iron and minerals.\n Gluten-Free  Ideal for those with gluten sensitivity.\n Cultural Heritage  A symbol of traditional Bangladeshi winter cuisine.	A steamed rice cake filled with jaggery (gur) and coconut.	Pitha	Food	bhapa-pihta	\N	\N	Include Almonds / Omit oney	\N	t	t	f	\N	\N	500	{"value": "500", "precision": 20}	{}	2025-05-03 15:11:30.125+06	2025-05-03 15:11:30.125+06	\N	ptyp_01JNX87TA227NBFF63VMQE8GNR	f
cali_01JQS30PACD7E07KRZK3V39JC7	cart_01JQMS9VM8V8GJE880PC3TF7MS	Omit Almonds / Include Honey	Bhapa Pitha	http://localhost:9000/static/1741547834316-th.jpeg	5	variant_01JNY5E35KZF2NM3AAS3HE2NK8	prod_01JNY5E2ZBH7WKY4FT94Z7DYG4	Bhapa Pitha	General Description\nBhapa Pitha is a beloved winter delicacy in Bangladesh, known for its soft, fluffy texture and the rich sweetness of date palm jaggery (patali gur). It is a steamed rice cake that brings warmth and nostalgia, often prepared in early mornings during winter. The combination of fragrant rice flour, caramel-like jaggery, and fresh coconut creates a comforting and wholesome treat. Traditionally, it is made using a clay pot and a piece of cloth to achieve the perfect steam.\n\nIngredients & Measurements\nRice Flour  2 cups\nDate Palm Jaggery (Patali Gur)   cup (grated)\nFreshly Grated Coconut   cup\nSalt   tsp\nWater  As needed (to create a moist, crumbly flour texture)\nBenefits\n Nutritious  Made with rice flour and jaggery, providing energy and warmth.\n Natural Sweetener  Uses date palm jaggery, which is rich in iron and minerals.\n Gluten-Free  Ideal for those with gluten sensitivity.\n Cultural Heritage  A symbol of traditional Bangladeshi winter cuisine.	A steamed rice cake filled with jaggery (gur) and coconut.	Pitha	Food	bhapa-pihta	\N	\N	Omit Almonds / Include Honey	\N	t	t	f	\N	\N	500	{"value": "500", "precision": 20}	{}	2025-04-01 22:30:09.742+06	2025-04-01 22:30:36.47+06	\N	ptyp_01JNX87TA227NBFF63VMQE8GNR	f
cali_01JTYC28VS7K9KYEPM5H0CJ3VE	cart_01JTYC2888BPXYRKER48X900Q1	Include Almonds / Include Honey	Bhapa Pitha	http://localhost:9000/static/1741547834316-th.jpeg	1	variant_01JNY5E35JDMNVQ8X1DPG93H72	prod_01JNY5E2ZBH7WKY4FT94Z7DYG4	Bhapa Pitha	General Description\nBhapa Pitha is a beloved winter delicacy in Bangladesh, known for its soft, fluffy texture and the rich sweetness of date palm jaggery (patali gur). It is a steamed rice cake that brings warmth and nostalgia, often prepared in early mornings during winter. The combination of fragrant rice flour, caramel-like jaggery, and fresh coconut creates a comforting and wholesome treat. Traditionally, it is made using a clay pot and a piece of cloth to achieve the perfect steam.\n\nIngredients & Measurements\nRice Flour  2 cups\nDate Palm Jaggery (Patali Gur)   cup (grated)\nFreshly Grated Coconut   cup\nSalt   tsp\nWater  As needed (to create a moist, crumbly flour texture)\nBenefits\n Nutritious  Made with rice flour and jaggery, providing energy and warmth.\n Natural Sweetener  Uses date palm jaggery, which is rich in iron and minerals.\n Gluten-Free  Ideal for those with gluten sensitivity.\n Cultural Heritage  A symbol of traditional Bangladeshi winter cuisine.	A steamed rice cake filled with jaggery (gur) and coconut.	Pitha	Food	bhapa-pihta	\N	\N	Include Almonds / Include Honey	\N	t	t	f	\N	\N	500	{"value": "500", "precision": 20}	{}	2025-05-11 06:31:36.314+06	2025-05-11 06:31:36.314+06	\N	ptyp_01JNX87TA227NBFF63VMQE8GNR	f
cali_01JTZ2F48SCZ1PPR5M9NNT6AWP	cart_01JTZ2F3HP5KTMDMHT4XPFTY50	Include Almonds / Omit oney	Bhapa Pitha	http://localhost:9000/static/1741547834316-th.jpeg	1	variant_01JNY5E35MNADZMWQKW5HE2TJD	prod_01JNY5E2ZBH7WKY4FT94Z7DYG4	Bhapa Pitha	General Description\nBhapa Pitha is a beloved winter delicacy in Bangladesh, known for its soft, fluffy texture and the rich sweetness of date palm jaggery (patali gur). It is a steamed rice cake that brings warmth and nostalgia, often prepared in early mornings during winter. The combination of fragrant rice flour, caramel-like jaggery, and fresh coconut creates a comforting and wholesome treat. Traditionally, it is made using a clay pot and a piece of cloth to achieve the perfect steam.\n\nIngredients & Measurements\nRice Flour  2 cups\nDate Palm Jaggery (Patali Gur)   cup (grated)\nFreshly Grated Coconut   cup\nSalt   tsp\nWater  As needed (to create a moist, crumbly flour texture)\nBenefits\n Nutritious  Made with rice flour and jaggery, providing energy and warmth.\n Natural Sweetener  Uses date palm jaggery, which is rich in iron and minerals.\n Gluten-Free  Ideal for those with gluten sensitivity.\n Cultural Heritage  A symbol of traditional Bangladeshi winter cuisine.	A steamed rice cake filled with jaggery (gur) and coconut.	Pitha	Food	bhapa-pihta	\N	\N	Include Almonds / Omit oney	\N	t	t	f	\N	\N	500	{"value": "500", "precision": 20}	{}	2025-05-11 13:03:06.266+06	2025-05-11 13:03:06.266+06	\N	ptyp_01JNX87TA227NBFF63VMQE8GNR	f
cali_01JV2HXXTRA4YEM0E82M7RKBCG	cart_01JV2HXX494ACJZTTKBAWDFXRK	Include Almonds / Omit oney	Bhapa Pitha	http://localhost:9000/static/1741547834316-th.jpeg	1	variant_01JNY5E35MNADZMWQKW5HE2TJD	prod_01JNY5E2ZBH7WKY4FT94Z7DYG4	Bhapa Pitha	General Description\nBhapa Pitha is a beloved winter delicacy in Bangladesh, known for its soft, fluffy texture and the rich sweetness of date palm jaggery (patali gur). It is a steamed rice cake that brings warmth and nostalgia, often prepared in early mornings during winter. The combination of fragrant rice flour, caramel-like jaggery, and fresh coconut creates a comforting and wholesome treat. Traditionally, it is made using a clay pot and a piece of cloth to achieve the perfect steam.\n\nIngredients & Measurements\nRice Flour  2 cups\nDate Palm Jaggery (Patali Gur)   cup (grated)\nFreshly Grated Coconut   cup\nSalt   tsp\nWater  As needed (to create a moist, crumbly flour texture)\nBenefits\n Nutritious  Made with rice flour and jaggery, providing energy and warmth.\n Natural Sweetener  Uses date palm jaggery, which is rich in iron and minerals.\n Gluten-Free  Ideal for those with gluten sensitivity.\n Cultural Heritage  A symbol of traditional Bangladeshi winter cuisine.	A steamed rice cake filled with jaggery (gur) and coconut.	Pitha	Food	bhapa-pihta	\N	\N	Include Almonds / Omit oney	\N	t	t	f	\N	\N	500	{"value": "500", "precision": 20}	{}	2025-05-12 21:31:03.129+06	2025-05-12 21:31:03.129+06	\N	ptyp_01JNX87TA227NBFF63VMQE8GNR	f
cali_01JV6SDXMG686Y0AWDW9H6E3A1	cart_01JV6RMH7K93G4S469S971ABMX	Include Almonds / Include Honey	Bhapa Pitha	http://localhost:9000/static/1741547834316-th.jpeg	1	variant_01JNY5E35JDMNVQ8X1DPG93H72	prod_01JNY5E2ZBH7WKY4FT94Z7DYG4	Bhapa Pitha	General Description\nBhapa Pitha is a beloved winter delicacy in Bangladesh, known for its soft, fluffy texture and the rich sweetness of date palm jaggery (patali gur). It is a steamed rice cake that brings warmth and nostalgia, often prepared in early mornings during winter. The combination of fragrant rice flour, caramel-like jaggery, and fresh coconut creates a comforting and wholesome treat. Traditionally, it is made using a clay pot and a piece of cloth to achieve the perfect steam.\n\nIngredients & Measurements\nRice Flour  2 cups\nDate Palm Jaggery (Patali Gur)   cup (grated)\nFreshly Grated Coconut   cup\nSalt   tsp\nWater  As needed (to create a moist, crumbly flour texture)\nBenefits\n Nutritious  Made with rice flour and jaggery, providing energy and warmth.\n Natural Sweetener  Uses date palm jaggery, which is rich in iron and minerals.\n Gluten-Free  Ideal for those with gluten sensitivity.\n Cultural Heritage  A symbol of traditional Bangladeshi winter cuisine.	A steamed rice cake filled with jaggery (gur) and coconut.	Pitha	Food	bhapa-pihta	\N	\N	Include Almonds / Include Honey	\N	t	t	f	\N	\N	500	{"value": "500", "precision": 20}	{"ingredients": [{"id": "482846de-6ace-48d2-aef8-f55d42324d8f", "name": "Mosabbir"}]}	2025-05-14 12:59:04.976+06	2025-05-14 12:59:26.593+06	2025-05-14 12:59:26.592+06	ptyp_01JNX87TA227NBFF63VMQE8GNR	f
cali_01JV6RMKH9S27SKMJXAFQA1Y4E	cart_01JV6RMH7K93G4S469S971ABMX	Include Almonds / Include Honey	Bhapa Pitha	http://localhost:9000/static/1741547834316-th.jpeg	1	variant_01JNY5E35JDMNVQ8X1DPG93H72	prod_01JNY5E2ZBH7WKY4FT94Z7DYG4	Bhapa Pitha	General Description\nBhapa Pitha is a beloved winter delicacy in Bangladesh, known for its soft, fluffy texture and the rich sweetness of date palm jaggery (patali gur). It is a steamed rice cake that brings warmth and nostalgia, often prepared in early mornings during winter. The combination of fragrant rice flour, caramel-like jaggery, and fresh coconut creates a comforting and wholesome treat. Traditionally, it is made using a clay pot and a piece of cloth to achieve the perfect steam.\n\nIngredients & Measurements\nRice Flour  2 cups\nDate Palm Jaggery (Patali Gur)   cup (grated)\nFreshly Grated Coconut   cup\nSalt   tsp\nWater  As needed (to create a moist, crumbly flour texture)\nBenefits\n Nutritious  Made with rice flour and jaggery, providing energy and warmth.\n Natural Sweetener  Uses date palm jaggery, which is rich in iron and minerals.\n Gluten-Free  Ideal for those with gluten sensitivity.\n Cultural Heritage  A symbol of traditional Bangladeshi winter cuisine.	A steamed rice cake filled with jaggery (gur) and coconut.	Pitha	Food	bhapa-pihta	\N	\N	Include Almonds / Include Honey	\N	t	t	f	\N	\N	500	{"value": "500", "precision": 20}	{}	2025-05-14 12:45:15.433+06	2025-05-14 12:59:27.759+06	2025-05-14 12:59:27.758+06	ptyp_01JNX87TA227NBFF63VMQE8GNR	f
cali_01JV6SEXS3RBF816Y1R0JEAW09	cart_01JV6RMH7K93G4S469S971ABMX	Include Almonds / Include Honey	Bhapa Pitha	http://localhost:9000/static/1741547834316-th.jpeg	1	variant_01JNY5E35JDMNVQ8X1DPG93H72	prod_01JNY5E2ZBH7WKY4FT94Z7DYG4	Bhapa Pitha	General Description\nBhapa Pitha is a beloved winter delicacy in Bangladesh, known for its soft, fluffy texture and the rich sweetness of date palm jaggery (patali gur). It is a steamed rice cake that brings warmth and nostalgia, often prepared in early mornings during winter. The combination of fragrant rice flour, caramel-like jaggery, and fresh coconut creates a comforting and wholesome treat. Traditionally, it is made using a clay pot and a piece of cloth to achieve the perfect steam.\n\nIngredients & Measurements\nRice Flour  2 cups\nDate Palm Jaggery (Patali Gur)   cup (grated)\nFreshly Grated Coconut   cup\nSalt   tsp\nWater  As needed (to create a moist, crumbly flour texture)\nBenefits\n Nutritious  Made with rice flour and jaggery, providing energy and warmth.\n Natural Sweetener  Uses date palm jaggery, which is rich in iron and minerals.\n Gluten-Free  Ideal for those with gluten sensitivity.\n Cultural Heritage  A symbol of traditional Bangladeshi winter cuisine.	A steamed rice cake filled with jaggery (gur) and coconut.	Pitha	Food	bhapa-pihta	\N	\N	Include Almonds / Include Honey	\N	t	t	f	\N	\N	500	{"value": "500", "precision": 20}	{"ingredients": [{"id": "fea2774c-5d54-49c2-91b2-c948ee15d367", "name": "Sugar"}, {"id": "558c6103-8402-49ba-8395-f88c6e595a1e", "name": "Honey"}, {"id": "482846de-6ace-48d2-aef8-f55d42324d8f", "name": "Mosabbir"}]}	2025-05-14 12:59:37.891+06	2025-05-14 12:59:37.891+06	\N	ptyp_01JNX87TA227NBFF63VMQE8GNR	f
cali_01JV85BFW8RBS8EY7RHM3778MQ	cart_01JV85BF9HNTSEQAW6DAPJGVND	Default variant	Pokmeon	http://localhost:9000/static/1747251920117-Screenshot%20from%202025-01-07%2009-10-30.png	1	variant_01JV858ZVBMGKNNRBHCM8YYVX7	prod_01JV858ZAE63830RPWDNTVEYEJ	Pokmeon	sdfsdfs	A steamed rice cake filled with jaggery (gur) and coconut.	Pitha	Food	pihta	\N	\N	Default variant	\N	t	t	f	\N	\N	100	{"value": "100", "precision": 20}	{"ingredients": [{"id": "d3de53c4-2ba5-4068-85ef-0959080b97a5", "name": "123"}]}	2025-05-15 01:46:42.696+06	2025-05-15 01:46:42.696+06	\N	ptyp_01JNX87TA227NBFF63VMQE8GNR	f
cali_01JV85FDRABCPHQ75MCQCG6AE4	cart_01JV85FDE5MDQ90SMGTS6HV56X	Default variant	Pokmeon	http://localhost:9000/static/1747251920117-Screenshot%20from%202025-01-07%2009-10-30.png	1	variant_01JV858ZVBMGKNNRBHCM8YYVX7	prod_01JV858ZAE63830RPWDNTVEYEJ	Pokmeon	sdfsdfs	A steamed rice cake filled with jaggery (gur) and coconut.	Pitha	Food	pihta	\N	\N	Default variant	\N	t	t	f	\N	\N	100	{"value": "100", "precision": 20}	{"ingredients": []}	2025-05-15 01:48:51.594+06	2025-05-15 01:48:51.594+06	\N	ptyp_01JNX87TA227NBFF63VMQE8GNR	f
cali_01JVB14ZYVW1FN27130H76Q8D5	cart_01JVB14Z4JZKXTTNA1880P95RG	Default variant	Pokmeon	http://localhost:9000/static/1747251920117-Screenshot%20from%202025-01-07%2009-10-30.png	1	variant_01JV858ZVBMGKNNRBHCM8YYVX7	prod_01JV858ZAE63830RPWDNTVEYEJ	Pokmeon	sdfsdfs	A steamed rice cake filled with jaggery (gur) and coconut.	Pitha	featured	pihta	\N	\N	Default variant	\N	t	t	f	\N	\N	100	{"value": "100", "precision": 20}	{"ingredients": [{"id": "d3de53c4-2ba5-4068-85ef-0959080b97a5", "name": "123"}]}	2025-05-16 04:30:58.779+06	2025-05-16 04:30:58.779+06	\N	ptyp_01JNX87TA227NBFF63VMQE8GNR	f
cali_01JVC7XX0V27QM1971NMK0FY07	cart_01JVC7XVCYW9PJBVXHJJXCRJK1	Default variant	Pokmeon	http://localhost:9000/static/1747251920117-Screenshot%20from%202025-01-07%2009-10-30.png	1	variant_01JV858ZVBMGKNNRBHCM8YYVX7	prod_01JV858ZAE63830RPWDNTVEYEJ	Pokmeon	sdfsdfs	A steamed rice cake filled with jaggery (gur) and coconut.	Pitha	featured	pihta	\N	\N	Default variant	\N	t	t	f	\N	\N	100	{"value": "100", "precision": 20}	{"ingredients": [{"id": "d3de53c4-2ba5-4068-85ef-0959080b97a5", "name": "123"}]}	2025-05-16 15:48:40.859+06	2025-05-16 15:48:40.859+06	\N	ptyp_01JNX87TA227NBFF63VMQE8GNR	f
cali_01JVD3QTQ4ECVXDCK3XE8TFCP3	cart_01JVCK94FHRRPJ0MDYG3GJGHJ0	Default variant	123	vmalvylbpzudqhkvpcqj/Screenshot from 2024-11-13 20-00-43-01JVAZ3JKBMSYC6SBWM0XJ6CST.png	1	variant_01JVAZ3MM39V3471XRVSPT41AE	prod_01JVAZ3MB741M58VBSN490DV4W	123	123	\N	Pitha	\N	123	\N	\N	Default variant	\N	t	t	f	\N	\N	100	{"value": "100", "precision": 20}	{"ingredients": []}	2025-05-16 23:54:42.02+06	2025-05-17 00:18:18.365+06	2025-05-17 00:18:18.361+06	ptyp_01JNX87TA227NBFF63VMQE8GNR	f
cali_01JVCK94XG88KYADWC6PJA9WNZ	cart_01JVCK94FHRRPJ0MDYG3GJGHJ0	Default variant	Pokmeon	http://localhost:9000/static/1747251920117-Screenshot%20from%202025-01-07%2009-10-30.png	1	variant_01JV858ZVBMGKNNRBHCM8YYVX7	prod_01JV858ZAE63830RPWDNTVEYEJ	Pokmeon	sdfsdfs	A steamed rice cake filled with jaggery (gur) and coconut.	Pitha	featured	pihta	\N	\N	Default variant	\N	t	t	f	\N	\N	100	{"value": "100", "precision": 20}	{"ingredients": [{"id": "d3de53c4-2ba5-4068-85ef-0959080b97a5", "name": "123"}]}	2025-05-16 19:07:03.729+06	2025-05-17 00:18:21.103+06	2025-05-17 00:18:21.103+06	ptyp_01JNX87TA227NBFF63VMQE8GNR	f
cali_01JVSVEYHMESPCXJ7T33WZG0AX	cart_01JVSVEXRDJKXK4M59ESAWKXW5	Default variant	123	https://vmalvylbpzudqhkvpcqj.supabase.co/storage/v1/object/public/nufatahs//1-01JVSVCSPN2QQ2WX5XA8JSRBYF.png	1	variant_01JVSVCX65K1ZKGAP91W2MYPWK	prod_01JVSVCWS8G20WMS32E5SJ9Q1R	123	wsfasdfdsafsadfsa	\N	Pitha	\N	123	\N	\N	Default variant	\N	t	t	f	\N	\N	100	{"value": "100", "precision": 20}	{"ingredients": [{"id": "752decf4-943c-4160-ab7c-5c77a8875761", "name": "Nuts"}, {"id": "9616de63-ea77-43a5-9c41-c1c263a650a7", "name": "Cheese"}]}	2025-05-21 22:40:10.037+06	2025-05-21 22:40:10.037+06	\N	ptyp_01JNX87TA227NBFF63VMQE8GNR	f
cali_01JWPAMNMJ8MBT6RH3S0BJ4X0Q	cart_01JWPAMMTGP0RM9ARYXVQRYPYJ	Default variant	123	https://vmalvylbpzudqhkvpcqj.supabase.co/storage/v1/object/public/nufatahs//1-01JVSVCSPN2QQ2WX5XA8JSRBYF.png	10	variant_01JVSVCX65K1ZKGAP91W2MYPWK	prod_01JVSVCWS8G20WMS32E5SJ9Q1R	123	wsfasdfdsafsadfsa	\N	Pitha	\N	123	\N	\N	Default variant	\N	t	t	f	\N	\N	100	{"value": "100", "precision": 20}	{"ingredients": [{"id": "752decf4-943c-4160-ab7c-5c77a8875761", "name": "Nuts"}, {"id": "9616de63-ea77-43a5-9c41-c1c263a650a7", "name": "Cheese"}]}	2025-06-02 00:04:10.258+06	2025-06-02 00:04:20.009+06	\N	ptyp_01JNX87TA227NBFF63VMQE8GNR	f
cali_01JWPBF1855THH7V0NMH7GT7K8	cart_01JWPBF11N2XJ6JZBNTSN7YZ9X	Default variant	123	https://vmalvylbpzudqhkvpcqj.supabase.co/storage/v1/object/public/nufatahs//1-01JVSVCSPN2QQ2WX5XA8JSRBYF.png	1	variant_01JVSVCX65K1ZKGAP91W2MYPWK	prod_01JVSVCWS8G20WMS32E5SJ9Q1R	123	wsfasdfdsafsadfsa	\N	Pitha	\N	123	\N	\N	Default variant	\N	t	t	f	\N	\N	100	{"value": "100", "precision": 20}	{"ingredients": [{"id": "752decf4-943c-4160-ab7c-5c77a8875761", "name": "Nuts"}, {"id": "9616de63-ea77-43a5-9c41-c1c263a650a7", "name": "Cheese"}]}	2025-06-02 00:18:34.117+06	2025-06-02 00:18:34.117+06	\N	ptyp_01JNX87TA227NBFF63VMQE8GNR	f
cali_01JWR1G02FT3PC4GXQYXWAYXYN	cart_01JWR1FS8MSXY3FKNS2AEZBEEH	Default variant	123	https://vmalvylbpzudqhkvpcqj.supabase.co/storage/v1/object/public/nufatahs//1-01JVSVCSPN2QQ2WX5XA8JSRBYF.png	1	variant_01JVSVCX65K1ZKGAP91W2MYPWK	prod_01JVSVCWS8G20WMS32E5SJ9Q1R	123	wsfasdfdsafsadfsa	\N	Pitha	\N	123	\N	\N	Default variant	\N	t	t	f	\N	\N	100	{"value": "100", "precision": 20}	{"ingredients": [{"id": "9616de63-ea77-43a5-9c41-c1c263a650a7", "name": "Cheese"}]}	2025-06-02 16:02:48.784+06	2025-06-02 16:02:48.784+06	\N	ptyp_01JNX87TA227NBFF63VMQE8GNR	f
cali_01JWR1FT54QGQEMAHYCC3JXWJR	cart_01JWR1FS8MSXY3FKNS2AEZBEEH	Default variant	123	https://vmalvylbpzudqhkvpcqj.supabase.co/storage/v1/object/public/nufatahs//1-01JVSVCSPN2QQ2WX5XA8JSRBYF.png	3	variant_01JVSVCX65K1ZKGAP91W2MYPWK	prod_01JVSVCWS8G20WMS32E5SJ9Q1R	123	wsfasdfdsafsadfsa	\N	Pitha	\N	123	\N	\N	Default variant	\N	t	t	f	\N	\N	100	{"value": "100", "precision": 20}	{"ingredients": [{"id": "752decf4-943c-4160-ab7c-5c77a8875761", "name": "Nuts"}, {"id": "9616de63-ea77-43a5-9c41-c1c263a650a7", "name": "Cheese"}]}	2025-06-02 16:02:42.724+06	2025-06-02 16:02:47.15+06	\N	ptyp_01JNX87TA227NBFF63VMQE8GNR	f
cali_01JWR1GZHAA3BFA03Q953D7XEK	cart_01JWR1GZBEN1WSN7MTZZPM4WH3	Default variant	123	https://vmalvylbpzudqhkvpcqj.supabase.co/storage/v1/object/public/nufatahs//1-01JVSVCSPN2QQ2WX5XA8JSRBYF.png	1	variant_01JVSVCX65K1ZKGAP91W2MYPWK	prod_01JVSVCWS8G20WMS32E5SJ9Q1R	123	wsfasdfdsafsadfsa	\N	Pitha	\N	123	\N	\N	Default variant	\N	t	t	f	\N	\N	100	{"value": "100", "precision": 20}	{"ingredients": [{"id": "9616de63-ea77-43a5-9c41-c1c263a650a7", "name": "Cheese"}]}	2025-06-02 16:03:21.002+06	2025-06-02 16:03:21.002+06	\N	ptyp_01JNX87TA227NBFF63VMQE8GNR	f
cali_01JWR426QKVMTYXKJ4DP7WXYKD	cart_01JWR426HS9JN0JQS45EG9PC36	Default variant	123	https://vmalvylbpzudqhkvpcqj.supabase.co/storage/v1/object/public/nufatahs//1-01JVSVCSPN2QQ2WX5XA8JSRBYF.png	1	variant_01JVSVCX65K1ZKGAP91W2MYPWK	prod_01JVSVCWS8G20WMS32E5SJ9Q1R	123	wsfasdfdsafsadfsa	\N	Pitha	\N	123	\N	\N	Default variant	\N	t	t	f	\N	\N	100	{"value": "100", "precision": 20}	{"ingredients": [{"id": "752decf4-943c-4160-ab7c-5c77a8875761", "name": "Nuts"}, {"id": "9616de63-ea77-43a5-9c41-c1c263a650a7", "name": "Cheese"}]}	2025-06-02 16:47:42.579+06	2025-06-02 16:47:42.579+06	\N	ptyp_01JNX87TA227NBFF63VMQE8GNR	f
cali_01JWR47Z608C0C1KDSHD2WGW8F	cart_01JWR47YXCY625FRCPFEH8PCYG	Default variant	123	https://vmalvylbpzudqhkvpcqj.supabase.co/storage/v1/object/public/nufatahs//1-01JVSVCSPN2QQ2WX5XA8JSRBYF.png	1	variant_01JVSVCX65K1ZKGAP91W2MYPWK	prod_01JVSVCWS8G20WMS32E5SJ9Q1R	123	wsfasdfdsafsadfsa	\N	Pitha	\N	123	\N	\N	Default variant	\N	t	t	f	\N	\N	100	{"value": "100", "precision": 20}	{"ingredients": [{"id": "752decf4-943c-4160-ab7c-5c77a8875761", "name": "Nuts"}, {"id": "9616de63-ea77-43a5-9c41-c1c263a650a7", "name": "Cheese"}]}	2025-06-02 16:50:51.457+06	2025-06-02 16:50:51.457+06	\N	ptyp_01JNX87TA227NBFF63VMQE8GNR	f
cali_01JWR5083YR7RKT7WRMM1060XX	cart_01JWR507Y9YF0TG1NKAGH0TSY2	Default variant	123	https://vmalvylbpzudqhkvpcqj.supabase.co/storage/v1/object/public/nufatahs//1-01JVSVCSPN2QQ2WX5XA8JSRBYF.png	1	variant_01JVSVCX65K1ZKGAP91W2MYPWK	prod_01JVSVCWS8G20WMS32E5SJ9Q1R	123	wsfasdfdsafsadfsa	\N	Pitha	\N	123	\N	\N	Default variant	\N	t	t	f	\N	\N	100	{"value": "100", "precision": 20}	{"ingredients": [{"id": "752decf4-943c-4160-ab7c-5c77a8875761", "name": "Nuts"}, {"id": "9616de63-ea77-43a5-9c41-c1c263a650a7", "name": "Cheese"}]}	2025-06-02 17:04:07.039+06	2025-06-02 17:04:07.039+06	\N	ptyp_01JNX87TA227NBFF63VMQE8GNR	f
cali_01JWR56D44G669ADFM5MHJRGBZ	cart_01JWR56CY3Q9APB5FR1ZSP78XM	Default variant	123	https://vmalvylbpzudqhkvpcqj.supabase.co/storage/v1/object/public/nufatahs//1-01JVSVCSPN2QQ2WX5XA8JSRBYF.png	1	variant_01JVSVCX65K1ZKGAP91W2MYPWK	prod_01JVSVCWS8G20WMS32E5SJ9Q1R	123	wsfasdfdsafsadfsa	\N	Pitha	\N	123	\N	\N	Default variant	\N	t	t	f	\N	\N	100	{"value": "100", "precision": 20}	{"ingredients": [{"id": "752decf4-943c-4160-ab7c-5c77a8875761", "name": "Nuts"}, {"id": "9616de63-ea77-43a5-9c41-c1c263a650a7", "name": "Cheese"}]}	2025-06-02 17:07:28.772+06	2025-06-02 17:07:28.772+06	\N	ptyp_01JNX87TA227NBFF63VMQE8GNR	f
cali_01JWR6G107ZHBHYHH8XQ4DJ8NJ	cart_01JWR6G0TJP9BQWW31YSZBGVDS	Default variant	123	https://vmalvylbpzudqhkvpcqj.supabase.co/storage/v1/object/public/nufatahs//1-01JVSVCSPN2QQ2WX5XA8JSRBYF.png	1	variant_01JVSVCX65K1ZKGAP91W2MYPWK	prod_01JVSVCWS8G20WMS32E5SJ9Q1R	123	wsfasdfdsafsadfsa	\N	Pitha	\N	123	\N	\N	Default variant	\N	t	t	f	\N	\N	100	{"value": "100", "precision": 20}	{"ingredients": [{"id": "752decf4-943c-4160-ab7c-5c77a8875761", "name": "Nuts"}, {"id": "9616de63-ea77-43a5-9c41-c1c263a650a7", "name": "Cheese"}]}	2025-06-02 17:30:12.615+06	2025-06-02 17:30:12.615+06	\N	ptyp_01JNX87TA227NBFF63VMQE8GNR	f
cali_01JWR6RBJMAZ88SKPRQYKRXAZQ	cart_01JWR6RBCES1ZF71Y40BRBJDH2	Default variant	123	https://vmalvylbpzudqhkvpcqj.supabase.co/storage/v1/object/public/nufatahs//1-01JVSVCSPN2QQ2WX5XA8JSRBYF.png	1	variant_01JVSVCX65K1ZKGAP91W2MYPWK	prod_01JVSVCWS8G20WMS32E5SJ9Q1R	123	wsfasdfdsafsadfsa	\N	Pitha	\N	123	\N	\N	Default variant	\N	t	t	f	\N	\N	100	{"value": "100", "precision": 20}	{"ingredients": [{"id": "752decf4-943c-4160-ab7c-5c77a8875761", "name": "Nuts"}, {"id": "9616de63-ea77-43a5-9c41-c1c263a650a7", "name": "Cheese"}]}	2025-06-02 17:34:45.588+06	2025-06-02 17:34:45.588+06	\N	ptyp_01JNX87TA227NBFF63VMQE8GNR	f
cali_01JWR7JX7HYMZ9E39THYW13V1E	cart_01JWR7JX18CHDF87S6Z50465FZ	Default variant	123	https://vmalvylbpzudqhkvpcqj.supabase.co/storage/v1/object/public/nufatahs//1-01JVSVCSPN2QQ2WX5XA8JSRBYF.png	1	variant_01JVSVCX65K1ZKGAP91W2MYPWK	prod_01JVSVCWS8G20WMS32E5SJ9Q1R	123	wsfasdfdsafsadfsa	\N	Pitha	\N	123	\N	\N	Default variant	\N	t	t	f	\N	\N	100	{"value": "100", "precision": 20}	{"ingredients": [{"id": "752decf4-943c-4160-ab7c-5c77a8875761", "name": "Nuts"}, {"id": "9616de63-ea77-43a5-9c41-c1c263a650a7", "name": "Cheese"}]}	2025-06-02 17:49:15.633+06	2025-06-02 17:49:15.633+06	\N	ptyp_01JNX87TA227NBFF63VMQE8GNR	f
cali_01JWR8RC64A997NB4877E8QKFM	cart_01JWR8RC04N9SEHBN76XRJT82Y	Default variant	123	https://vmalvylbpzudqhkvpcqj.supabase.co/storage/v1/object/public/nufatahs//1-01JVSVCSPN2QQ2WX5XA8JSRBYF.png	1	variant_01JVSVCX65K1ZKGAP91W2MYPWK	prod_01JVSVCWS8G20WMS32E5SJ9Q1R	123	wsfasdfdsafsadfsa	\N	Pitha	\N	123	\N	\N	Default variant	\N	t	t	f	\N	\N	100	{"value": "100", "precision": 20}	{"ingredients": [{"id": "752decf4-943c-4160-ab7c-5c77a8875761", "name": "Nuts"}, {"id": "9616de63-ea77-43a5-9c41-c1c263a650a7", "name": "Cheese"}]}	2025-06-02 18:09:43.365+06	2025-06-02 18:09:43.365+06	\N	ptyp_01JNX87TA227NBFF63VMQE8GNR	f
cali_01JY1QMJZTMM7FG32ZQKR5EXG0	cart_01JY1QMJCF760VDM2VZNXKAXKP	Default variant	123	https://vmalvylbpzudqhkvpcqj.supabase.co/storage/v1/object/public/nufatahs//1-01JVSVCSPN2QQ2WX5XA8JSRBYF.png	1	variant_01JVSVCX65K1ZKGAP91W2MYPWK	prod_01JVSVCWS8G20WMS32E5SJ9Q1R	123	wsfasdfdsafsadfsa	\N	Pitha	featured	123	\N	\N	Default variant	\N	t	t	f	\N	\N	100	{"value": "100", "precision": 20}	{"ingredients": [{"id": "752decf4-943c-4160-ab7c-5c77a8875761", "name": "Nuts"}, {"id": "9616de63-ea77-43a5-9c41-c1c263a650a7", "name": "Cheese"}]}	2025-06-18 20:38:39.61+06	2025-06-18 20:38:39.61+06	\N	ptyp_01JNX87TA227NBFF63VMQE8GNR	f
\.


--
-- Data for Name: cart_line_item_adjustment; Type: TABLE DATA; Schema: public; Owner: -
--

COPY public.cart_line_item_adjustment (id, description, promotion_id, code, amount, raw_amount, provider_id, metadata, created_at, updated_at, deleted_at, item_id) FROM stdin;
\.


--
-- Data for Name: cart_line_item_tax_line; Type: TABLE DATA; Schema: public; Owner: -
--

COPY public.cart_line_item_tax_line (id, description, tax_rate_id, code, rate, provider_id, metadata, created_at, updated_at, deleted_at, item_id) FROM stdin;
calitxl_01JNY44GVHXX865A4WYT2AJDPT	Bangladesh	txr_01JNX8H0S9X07PTNVN7PBW3NXB		0	system	\N	2025-03-10 00:54:32.305+06	2025-03-10 00:55:24.357+06	2025-03-10 00:55:24.331+06	cali_01JNY44GP2B2S812DZHE3FJ9MM
calitxl_01JNY4WRG26EG5VG57WQ95FRQ2	Bangladesh	txr_01JNX8H0S9X07PTNVN7PBW3NXB		0	system	\N	2025-03-10 01:07:46.562+06	2025-03-10 01:09:13.254+06	2025-03-10 01:09:13.248+06	cali_01JNY4WRB60B1N2N56NSTF3WV8
calitxl_01JNY5R24Z3VAGY1HATFNSMCNR	Bangladesh	txr_01JNX8H0S9X07PTNVN7PBW3NXB		0	system	\N	2025-03-10 01:22:41.184+06	2025-03-10 01:22:45.605+06	2025-03-10 01:22:45.599+06	cali_01JNY5R20XJQNCM09S7KVFRT9E
calitxl_01JNY5SK6AJD48KJF3ZPQ4G4Z8	Bangladesh	txr_01JNX8H0S9X07PTNVN7PBW3NXB		0	system	\N	2025-03-10 01:23:31.403+06	2025-03-10 01:23:31.403+06	\N	cali_01JNY5S6DC144QC177EQQH1KQ4
calitxl_01JNY5S6KQF6GEXCCB9P343ZQV	Bangladesh	txr_01JNX8H0S9X07PTNVN7PBW3NXB		0	system	\N	2025-03-10 01:23:18.519+06	2025-03-10 01:23:31.402+06	2025-03-10 01:23:31.402+06	cali_01JNY5S6DC144QC177EQQH1KQ4
calitxl_01JQ6JG3SR0R54NWS1TXPE91FC	Bangladesh	txr_01JNX8H0S9X07PTNVN7PBW3NXB		0	system	\N	2025-03-25 17:55:09.496+06	2025-03-25 17:55:09.496+06	\N	cali_01JQ6JG2WTE6D7W5PVM96RZX1F
calitxl_01JQ6K1BRYFA4G0R6SWMHYMBWV	Bangladesh	txr_01JNX8H0S9X07PTNVN7PBW3NXB		0	system	\N	2025-03-25 18:04:34.721+06	2025-03-26 00:17:24.128+06	2025-03-26 00:17:24.126+06	cali_01JQ6K0SD3CQJW91AQHG1QY3BG
calitxl_01JQ78C0WZPSP2XGVZGSKB073T	Bangladesh	txr_01JNX8H0S9X07PTNVN7PBW3NXB		0	system	\N	2025-03-26 00:17:24.128+06	2025-03-26 00:18:12.444+06	2025-03-26 00:18:12.444+06	cali_01JQ6K0SD3CQJW91AQHG1QY3BG
calitxl_01JQ78DG2WMW4GE559MHMXDR8F	Bangladesh	txr_01JNX8H0S9X07PTNVN7PBW3NXB		0	system	\N	2025-03-26 00:18:12.444+06	2025-03-26 00:18:24.581+06	2025-03-26 00:18:24.581+06	cali_01JQ6K0SD3CQJW91AQHG1QY3BG
calitxl_01JQ78DVY5HXNZSB398EKQYT2T	Bangladesh	txr_01JNX8H0S9X07PTNVN7PBW3NXB		0	system	\N	2025-03-26 00:18:24.582+06	2025-03-26 00:24:34.682+06	2025-03-26 00:24:34.681+06	cali_01JQ6K0SD3CQJW91AQHG1QY3BG
calitxl_01JQ78S5BSBVVT7EACYTGDC01K	Bangladesh	txr_01JNX8H0S9X07PTNVN7PBW3NXB		0	system	\N	2025-03-26 00:24:34.682+06	2025-03-26 00:26:04.237+06	2025-03-26 00:26:04.235+06	cali_01JQ6K0SD3CQJW91AQHG1QY3BG
calitxl_01JQ78C0WZ3Y5R6E5N54G81YNB	Bangladesh	txr_01JNX8H0S9X07PTNVN7PBW3NXB		0	system	\N	2025-03-26 00:17:24.128+06	2025-03-26 00:26:08.404+06	2025-03-26 00:26:08.334+06	cali_01JQ78C0033SS2W6T32CE194C0
calitxl_01JQ78DG2WM3RGKQ2SBJF5KQ16	Bangladesh	txr_01JNX8H0S9X07PTNVN7PBW3NXB		0	system	\N	2025-03-26 00:18:12.444+06	2025-03-26 00:26:08.404+06	2025-03-26 00:26:08.334+06	cali_01JQ78C0033SS2W6T32CE194C0
calitxl_01JQ78DVY5CTCQSEM6WAWRBFJ9	Bangladesh	txr_01JNX8H0S9X07PTNVN7PBW3NXB		0	system	\N	2025-03-26 00:18:24.582+06	2025-03-26 00:26:08.405+06	2025-03-26 00:26:08.334+06	cali_01JQ78C0033SS2W6T32CE194C0
calitxl_01JQ78VWTCS79E8DKE39TDEQFE	Bangladesh	txr_01JNX8H0S9X07PTNVN7PBW3NXB		0	system	\N	2025-03-26 00:26:04.237+06	2025-03-26 00:26:08.405+06	2025-03-26 00:26:08.334+06	cali_01JQ78C0033SS2W6T32CE194C0
calitxl_01JQ78S5BTCN727MV36J32MWGS	Bangladesh	txr_01JNX8H0S9X07PTNVN7PBW3NXB		0	system	\N	2025-03-26 00:24:34.682+06	2025-03-26 00:26:08.405+06	2025-03-26 00:26:08.334+06	cali_01JQ78C0033SS2W6T32CE194C0
calitxl_01JQ78VWTBY49J6NCSBW1BJMQR	Bangladesh	txr_01JNX8H0S9X07PTNVN7PBW3NXB		0	system	\N	2025-03-26 00:26:04.237+06	2025-03-26 00:26:08.592+06	2025-03-26 00:26:08.591+06	cali_01JQ6K0SD3CQJW91AQHG1QY3BG
calitxl_01JQ78W6RGMDBZZKCPFA5F0DEP	Bangladesh	txr_01JNX8H0S9X07PTNVN7PBW3NXB		0	system	\N	2025-03-26 00:26:14.417+06	2025-03-26 00:26:14.417+06	\N	cali_01JQ6K0SD3CQJW91AQHG1QY3BG
calitxl_01JQ78W12FGP40W69GQ603MZPJ	Bangladesh	txr_01JNX8H0S9X07PTNVN7PBW3NXB		0	system	\N	2025-03-26 00:26:08.592+06	2025-03-26 00:26:14.417+06	2025-03-26 00:26:14.416+06	cali_01JQ6K0SD3CQJW91AQHG1QY3BG
calitxl_01JQE420ZR4T5C6GCK12MZRWYE	Bangladesh	txr_01JNX8H0S9X07PTNVN7PBW3NXB		0	system	\N	2025-03-28 16:16:43.256+06	2025-03-28 16:27:25.997+06	2025-03-28 16:27:25.979+06	cali_01JQE420KP5QXGG4RQE0EAW17Y
calitxl_01JQE429EP5J15C82W1E1FHZ03	Bangladesh	txr_01JNX8H0S9X07PTNVN7PBW3NXB		0	system	\N	2025-03-28 16:16:51.926+06	2025-03-28 16:27:25.997+06	2025-03-28 16:27:25.979+06	cali_01JQE420KP5QXGG4RQE0EAW17Y
calitxl_01JQE42PKPP2K8W9FF70FNPKBP	Bangladesh	txr_01JNX8H0S9X07PTNVN7PBW3NXB		0	system	\N	2025-03-28 16:17:05.398+06	2025-03-28 16:27:25.998+06	2025-03-28 16:27:25.979+06	cali_01JQE420KP5QXGG4RQE0EAW17Y
calitxl_01JQE430XXHHW6WW1167GZMG70	Bangladesh	txr_01JNX8H0S9X07PTNVN7PBW3NXB		0	system	\N	2025-03-28 16:17:15.965+06	2025-03-28 16:27:25.998+06	2025-03-28 16:27:25.979+06	cali_01JQE420KP5QXGG4RQE0EAW17Y
calitxl_01JQE42RZQVS2A4YFQMHEW8N6W	Bangladesh	txr_01JNX8H0S9X07PTNVN7PBW3NXB		0	system	\N	2025-03-28 16:17:07.832+06	2025-03-28 16:27:25.998+06	2025-03-28 16:27:25.979+06	cali_01JQE420KP5QXGG4RQE0EAW17Y
calitxl_01JQH7CXE3460VE7V3J8CD3CCG	Bangladesh	txr_01JNX8H0S9X07PTNVN7PBW3NXB		0	system	\N	2025-03-29 21:12:49.092+06	2025-03-29 21:12:49.092+06	\N	cali_01JQH7CQPC8V5WESY48EKTEC9Z
calitxl_01JQH7CRBRTB5S5RKTM1QKJJR8	Bangladesh	txr_01JNX8H0S9X07PTNVN7PBW3NXB		0	system	\N	2025-03-29 21:12:43.896+06	2025-03-29 21:12:49.092+06	2025-03-29 21:12:49.091+06	cali_01JQH7CQPC8V5WESY48EKTEC9Z
calitxl_01JQMS9WCD7XKT77B3YCK4KEW7	Bangladesh	txr_01JNX8H0S9X07PTNVN7PBW3NXB		0	system	\N	2025-03-31 06:23:27.373+06	2025-04-01 22:30:21.657+06	2025-04-01 22:30:21.636+06	cali_01JQMS9W59XRA95B215SA2T9F3
calitxl_01JQS30Q63B9E2TH47ABX65BM9	Bangladesh	txr_01JNX8H0S9X07PTNVN7PBW3NXB		0	system	\N	2025-04-01 22:30:10.63+06	2025-04-01 22:30:21.657+06	2025-04-01 22:30:21.636+06	cali_01JQMS9W59XRA95B215SA2T9F3
calitxl_01JQMSA791AG4SYKVKGHQ7XX22	Bangladesh	txr_01JNX8H0S9X07PTNVN7PBW3NXB		0	system	\N	2025-03-31 06:23:38.529+06	2025-04-01 22:30:21.658+06	2025-04-01 22:30:21.636+06	cali_01JQMS9W59XRA95B215SA2T9F3
calitxl_01JQS30Q64HYSY37TXN5544WQY	Bangladesh	txr_01JNX8H0S9X07PTNVN7PBW3NXB		0	system	\N	2025-04-01 22:30:10.63+06	2025-04-01 22:30:22.254+06	2025-04-01 22:30:22.253+06	cali_01JQS30PACD7E07KRZK3V39JC7
calitxl_01JQS312HDTE1WRXTZ0G5R9B81	Bangladesh	txr_01JNX8H0S9X07PTNVN7PBW3NXB		0	system	\N	2025-04-01 22:30:22.254+06	2025-04-01 22:30:29.719+06	2025-04-01 22:30:29.718+06	cali_01JQS30PACD7E07KRZK3V39JC7
calitxl_01JQS319TP4RMKJE2RDN6NKEHR	Bangladesh	txr_01JNX8H0S9X07PTNVN7PBW3NXB		0	system	\N	2025-04-01 22:30:29.719+06	2025-04-01 22:30:36.923+06	2025-04-01 22:30:36.922+06	cali_01JQS30PACD7E07KRZK3V39JC7
calitxl_01JQS31GVTPPM299DVW3XYSMRD	Bangladesh	txr_01JNX8H0S9X07PTNVN7PBW3NXB		0	system	\N	2025-04-01 22:30:36.923+06	2025-04-01 22:30:53.352+06	2025-04-01 22:30:53.35+06	cali_01JQS30PACD7E07KRZK3V39JC7
calitxl_01JQS32536G0WZN4S7278KVCHC	Bangladesh	txr_01JNX8H0S9X07PTNVN7PBW3NXB		0	system	\N	2025-04-01 22:30:57.639+06	2025-04-01 22:30:57.639+06	\N	cali_01JQS30PACD7E07KRZK3V39JC7
calitxl_01JQS320X7S0G4C570JXXGAGB4	Bangladesh	txr_01JNX8H0S9X07PTNVN7PBW3NXB		0	system	\N	2025-04-01 22:30:53.352+06	2025-04-01 22:30:57.639+06	2025-04-01 22:30:57.638+06	cali_01JQS30PACD7E07KRZK3V39JC7
calitxl_01JTAPN1ESC3ES76DA65MG15NW	Bangladesh	txr_01JNX8H0S9X07PTNVN7PBW3NXB		0	system	\N	2025-05-03 15:11:48.442+06	2025-05-03 15:11:48.442+06	\N	cali_01JTAPMFJCC1864VHN34QA3PVT
calitxl_01JTAPMFW5WNFK6B7YEA6X59E9	Bangladesh	txr_01JNX8H0S9X07PTNVN7PBW3NXB		0	system	\N	2025-05-03 15:11:30.437+06	2025-05-03 15:11:48.442+06	2025-05-03 15:11:48.441+06	cali_01JTAPMFJCC1864VHN34QA3PVT
calitxl_01JTYC297VQDTS2Y2WF3FM84YG	Bangladesh	txr_01JNX8H0S9X07PTNVN7PBW3NXB		0	system	\N	2025-05-11 06:31:36.699+06	2025-05-11 06:31:52.403+06	2025-05-11 06:31:52.402+06	cali_01JTYC28VS7K9KYEPM5H0CJ3VE
calitxl_01JTYC2RJKR1A3PH5D98QCZEP0	Bangladesh	txr_01JNX8H0S9X07PTNVN7PBW3NXB		0	system	\N	2025-05-11 06:31:52.403+06	2025-05-11 06:32:14.743+06	2025-05-11 06:32:14.742+06	cali_01JTYC28VS7K9KYEPM5H0CJ3VE
calitxl_01JTYC3HN4DSWX9F28D1EG20GF	Bangladesh	txr_01JNX8H0S9X07PTNVN7PBW3NXB		0	system	\N	2025-05-11 06:32:18.085+06	2025-05-11 06:32:18.085+06	\N	cali_01JTYC28VS7K9KYEPM5H0CJ3VE
calitxl_01JTYC3ECPQ091GH6KQS51JP3V	Bangladesh	txr_01JNX8H0S9X07PTNVN7PBW3NXB		0	system	\N	2025-05-11 06:32:14.743+06	2025-05-11 06:32:18.085+06	2025-05-11 06:32:18.084+06	cali_01JTYC28VS7K9KYEPM5H0CJ3VE
calitxl_01JTZ2FMGB47BWB5SB9ZTZVN2T	Bangladesh	txr_01JNX8H0S9X07PTNVN7PBW3NXB		0	system	\N	2025-05-11 13:03:22.892+06	2025-05-11 13:03:22.892+06	\N	cali_01JTZ2F48SCZ1PPR5M9NNT6AWP
calitxl_01JTZ2F4FVVESWX76DG5WK02JF	Bangladesh	txr_01JNX8H0S9X07PTNVN7PBW3NXB		0	system	\N	2025-05-11 13:03:06.492+06	2025-05-11 13:03:19.858+06	2025-05-11 13:03:19.856+06	cali_01JTZ2F48SCZ1PPR5M9NNT6AWP
calitxl_01JTZ2FHHHE4YTRVP5DN6BWWJ6	Bangladesh	txr_01JNX8H0S9X07PTNVN7PBW3NXB		0	system	\N	2025-05-11 13:03:19.858+06	2025-05-11 13:03:22.892+06	2025-05-11 13:03:22.891+06	cali_01JTZ2F48SCZ1PPR5M9NNT6AWP
calitxl_01JVAQEHVXQYYNK1QGB5K75X9V	Bangladesh	txr_01JNX8H0S9X07PTNVN7PBW3NXB		0	system	\N	2025-05-16 01:41:26.27+06	2025-05-16 01:41:37.211+06	2025-05-16 01:41:37.21+06	cali_01JVAQEHNCESCTCMC21WWHC3X4
calitxl_01JV2HXY47TZE1S045TWPX3T0M	Bangladesh	txr_01JNX8H0S9X07PTNVN7PBW3NXB		0	system	\N	2025-05-12 21:31:03.432+06	2025-05-12 21:31:15.723+06	2025-05-12 21:31:15.721+06	cali_01JV2HXXTRA4YEM0E82M7RKBCG
calitxl_01JV2HYGN9KTVC1F7D8B73MPGP	Bangladesh	txr_01JNX8H0S9X07PTNVN7PBW3NXB		0	system	\N	2025-05-12 21:31:22.411+06	2025-05-12 21:31:22.411+06	\N	cali_01JV2HXXTRA4YEM0E82M7RKBCG
calitxl_01JV2HYA4BHJZ92F2ZEVY5GTB1	Bangladesh	txr_01JNX8H0S9X07PTNVN7PBW3NXB		0	system	\N	2025-05-12 21:31:15.723+06	2025-05-12 21:31:22.411+06	2025-05-12 21:31:22.408+06	cali_01JV2HXXTRA4YEM0E82M7RKBCG
calitxl_01JVAQEZN30QE2CXH193B3D3FJ	Bangladesh	txr_01JNX8H0S9X07PTNVN7PBW3NXB		0	system	\N	2025-05-16 01:41:40.388+06	2025-05-16 01:41:40.388+06	\N	cali_01JVAQEHNCESCTCMC21WWHC3X4
calitxl_01JVAQEWHV8XTQV2KGD3YKWGC5	Bangladesh	txr_01JNX8H0S9X07PTNVN7PBW3NXB		0	system	\N	2025-05-16 01:41:37.211+06	2025-05-16 01:41:40.388+06	2025-05-16 01:41:40.387+06	cali_01JVAQEHNCESCTCMC21WWHC3X4
calitxl_01JV6SDXVZEPSTQ4DRRX1KXX3G	Bangladesh	txr_01JNX8H0S9X07PTNVN7PBW3NXB		0	system	\N	2025-05-14 12:59:05.216+06	2025-05-14 12:59:26.604+06	2025-05-14 12:59:26.592+06	cali_01JV6SDXMG686Y0AWDW9H6E3A1
calitxl_01JVAQN0VWFSTRK53J4W2V1JXY	Bangladesh	txr_01JNX8H0S9X07PTNVN7PBW3NXB		0	system	\N	2025-05-16 01:44:58.237+06	2025-05-16 01:45:09.336+06	2025-05-16 01:45:09.334+06	cali_01JVAQN0KEJ3DX6AZ5YM3KT1RD
calitxl_01JVAQNEDQWJXSC9XQBA3HRYWG	Bangladesh	txr_01JNX8H0S9X07PTNVN7PBW3NXB		0	system	\N	2025-05-16 01:45:12.119+06	2025-05-16 01:45:12.119+06	\N	cali_01JVAQN0KEJ3DX6AZ5YM3KT1RD
calitxl_01JV6RMM1R7X6VBP0GB0FMZ4B1	Bangladesh	txr_01JNX8H0S9X07PTNVN7PBW3NXB		0	system	\N	2025-05-14 12:45:15.961+06	2025-05-14 12:59:27.768+06	2025-05-14 12:59:27.758+06	cali_01JV6RMKH9S27SKMJXAFQA1Y4E
calitxl_01JV6SEJXR0H5038HG9SHR3H83	Bangladesh	txr_01JNX8H0S9X07PTNVN7PBW3NXB		0	system	\N	2025-05-14 12:59:26.777+06	2025-05-14 12:59:27.768+06	2025-05-14 12:59:27.758+06	cali_01JV6RMKH9S27SKMJXAFQA1Y4E
calitxl_01JV6SDXVZFQMAACDDACMFBNZV	Bangladesh	txr_01JNX8H0S9X07PTNVN7PBW3NXB		0	system	\N	2025-05-14 12:59:05.216+06	2025-05-14 12:59:27.768+06	2025-05-14 12:59:27.758+06	cali_01JV6RMKH9S27SKMJXAFQA1Y4E
calitxl_01JVAQNBPQM3A2CX5RA31CKZV5	Bangladesh	txr_01JNX8H0S9X07PTNVN7PBW3NXB		0	system	\N	2025-05-16 01:45:09.336+06	2025-05-16 01:45:12.119+06	2025-05-16 01:45:12.119+06	cali_01JVAQN0KEJ3DX6AZ5YM3KT1RD
calitxl_01JV6SEXXM8NY789S3SEDCC2EC	Bangladesh	txr_01JNX8H0S9X07PTNVN7PBW3NXB		0	system	\N	2025-05-14 12:59:38.036+06	2025-05-14 13:04:45.748+06	2025-05-14 13:04:45.747+06	cali_01JV6SEXS3RBF816Y1R0JEAW09
calitxl_01JV6SRDHY2A4AVB5KM0ZBZ2X3	Bangladesh	txr_01JNX8H0S9X07PTNVN7PBW3NXB		0	system	\N	2025-05-14 13:04:48.959+06	2025-05-14 13:04:48.959+06	\N	cali_01JV6SEXS3RBF816Y1R0JEAW09
calitxl_01JV6SRADMYXJC8QYEAP69RFR8	Bangladesh	txr_01JNX8H0S9X07PTNVN7PBW3NXB		0	system	\N	2025-05-14 13:04:45.748+06	2025-05-14 13:04:48.959+06	2025-05-14 13:04:48.958+06	cali_01JV6SEXS3RBF816Y1R0JEAW09
calitxl_01JVB15060TK1H143R1F7DKR4D	Bangladesh	txr_01JNX8H0S9X07PTNVN7PBW3NXB		0	system	\N	2025-05-16 04:30:59.009+06	2025-05-16 04:31:16.331+06	2025-05-16 04:31:16.33+06	cali_01JVB14ZYVW1FN27130H76Q8D5
calitxl_01JV85BG4HEM000C65WJJRM1CK	Bangladesh	txr_01JNX8H0S9X07PTNVN7PBW3NXB		0	system	\N	2025-05-15 01:46:42.962+06	2025-05-15 01:46:59.625+06	2025-05-15 01:46:59.624+06	cali_01JV85BFW8RBS8EY7RHM3778MQ
calitxl_01JV85C2ZPXBSMPPXQCZAN8P72	Bangladesh	txr_01JNX8H0S9X07PTNVN7PBW3NXB		0	system	\N	2025-05-15 01:47:02.263+06	2025-05-15 01:47:02.263+06	\N	cali_01JV85BFW8RBS8EY7RHM3778MQ
calitxl_01JV85C0D9BCB5448FZ7B4V2TY	Bangladesh	txr_01JNX8H0S9X07PTNVN7PBW3NXB		0	system	\N	2025-05-15 01:46:59.625+06	2025-05-15 01:47:02.263+06	2025-05-15 01:47:02.262+06	cali_01JV85BFW8RBS8EY7RHM3778MQ
calitxl_01JVB15K6TYV7RVA7DB0CW6ZZC	Bangladesh	txr_01JNX8H0S9X07PTNVN7PBW3NXB		0	system	\N	2025-05-16 04:31:18.491+06	2025-05-16 04:31:18.491+06	\N	cali_01JVB14ZYVW1FN27130H76Q8D5
calitxl_01JV85FE7M0HYD7RV0TKZK4WZ3	Bangladesh	txr_01JNX8H0S9X07PTNVN7PBW3NXB		0	system	\N	2025-05-15 01:48:52.084+06	2025-05-15 01:49:08.346+06	2025-05-15 01:49:08.345+06	cali_01JV85FDRABCPHQ75MCQCG6AE4
calitxl_01JV85G0YF9PYRJS40MDYPZA2D	Bangladesh	txr_01JNX8H0S9X07PTNVN7PBW3NXB		0	system	\N	2025-05-15 01:49:11.247+06	2025-05-15 01:49:11.247+06	\N	cali_01JV85FDRABCPHQ75MCQCG6AE4
calitxl_01JV85FY3T2GSEWV1T6WGTTD13	Bangladesh	txr_01JNX8H0S9X07PTNVN7PBW3NXB		0	system	\N	2025-05-15 01:49:08.346+06	2025-05-15 01:49:11.247+06	2025-05-15 01:49:11.246+06	cali_01JV85FDRABCPHQ75MCQCG6AE4
calitxl_01JVAG2FQ25MD240J4N02J5078	Bangladesh	txr_01JNX8H0S9X07PTNVN7PBW3NXB		0	system	\N	2025-05-15 23:32:30.818+06	2025-05-15 23:32:33.987+06	2025-05-15 23:32:33.985+06	cali_01JVAG2FF657G9FR9Z5QJM6J5X
calitxl_01JVAG2JT28WWSEBK962ZTEHJK	Bangladesh	txr_01JNX8H0S9X07PTNVN7PBW3NXB		0	system	\N	2025-05-15 23:32:33.988+06	2025-05-15 23:32:52.208+06	2025-05-15 23:32:52.206+06	cali_01JVAG2FF657G9FR9Z5QJM6J5X
calitxl_01JVAG2JT3J1Q711VJMYDYSBFZ	Bangladesh	txr_01JNX8H0S9X07PTNVN7PBW3NXB		0	system	\N	2025-05-15 23:32:33.988+06	2025-05-15 23:32:52.208+06	2025-05-15 23:32:52.206+06	cali_01JVAG2JJR4MK5D9R3XQB8VBNC
calitxl_01JVAG38150462XRRF63EMVFGN	Bangladesh	txr_01JNX8H0S9X07PTNVN7PBW3NXB		0	system	\N	2025-05-15 23:32:55.718+06	2025-05-15 23:32:55.718+06	\N	cali_01JVAG2FF657G9FR9Z5QJM6J5X
calitxl_01JVAG3815ZJZTTB3SFAVZPY83	Bangladesh	txr_01JNX8H0S9X07PTNVN7PBW3NXB		0	system	\N	2025-05-15 23:32:55.718+06	2025-05-15 23:32:55.718+06	\N	cali_01JVAG2JJR4MK5D9R3XQB8VBNC
calitxl_01JVAG34KE48255AVSK8RYGYC1	Bangladesh	txr_01JNX8H0S9X07PTNVN7PBW3NXB		0	system	\N	2025-05-15 23:32:52.208+06	2025-05-15 23:32:55.718+06	2025-05-15 23:32:55.717+06	cali_01JVAG2FF657G9FR9Z5QJM6J5X
calitxl_01JVAG34KFMCT4DZP6G8YV3NPZ	Bangladesh	txr_01JNX8H0S9X07PTNVN7PBW3NXB		0	system	\N	2025-05-15 23:32:52.208+06	2025-05-15 23:32:55.718+06	2025-05-15 23:32:55.717+06	cali_01JVAG2JJR4MK5D9R3XQB8VBNC
calitxl_01JVAH376VS5V4DA5AKKRMHQDV	Bangladesh	txr_01JNX8H0S9X07PTNVN7PBW3NXB		0	system	\N	2025-05-15 23:50:23.452+06	2025-05-15 23:50:30.859+06	2025-05-15 23:50:30.857+06	cali_01JVAH36Z5E2CD0J4MV4YN0QZT
calitxl_01JVAH3HFRX3DP7DJSBJTRMY9X	Bangladesh	txr_01JNX8H0S9X07PTNVN7PBW3NXB		0	system	\N	2025-05-15 23:50:33.977+06	2025-05-15 23:50:33.977+06	\N	cali_01JVAH36Z5E2CD0J4MV4YN0QZT
calitxl_01JVAH3EEAPMGA7Y403NZ44ZBH	Bangladesh	txr_01JNX8H0S9X07PTNVN7PBW3NXB		0	system	\N	2025-05-15 23:50:30.859+06	2025-05-15 23:50:33.977+06	2025-05-15 23:50:33.976+06	cali_01JVAH36Z5E2CD0J4MV4YN0QZT
calitxl_01JVAKP172PH0J6JVP1M6D5RTP	Bangladesh	txr_01JNX8H0S9X07PTNVN7PBW3NXB		0	system	\N	2025-05-16 00:35:37.059+06	2025-05-16 00:35:56.637+06	2025-05-16 00:35:56.636+06	cali_01JVAKP106Y0SJE7BXP8B84Q7M
calitxl_01JVAKPPSCFY8DXFHP0P4KFFQY	Bangladesh	txr_01JNX8H0S9X07PTNVN7PBW3NXB		0	system	\N	2025-05-16 00:35:59.149+06	2025-05-16 00:35:59.149+06	\N	cali_01JVAKP106Y0SJE7BXP8B84Q7M
calitxl_01JVAKPMAXDX41J4H7QTM31X12	Bangladesh	txr_01JNX8H0S9X07PTNVN7PBW3NXB		0	system	\N	2025-05-16 00:35:56.637+06	2025-05-16 00:35:59.149+06	2025-05-16 00:35:59.148+06	cali_01JVAKP106Y0SJE7BXP8B84Q7M
calitxl_01JVANNERGEMD16S9G00Z4B7C6	Bangladesh	txr_01JNX8H0S9X07PTNVN7PBW3NXB		0	system	\N	2025-05-16 01:10:15.313+06	2025-05-16 01:10:39.547+06	2025-05-16 01:10:39.545+06	cali_01JVANNEGZF6C3PJGQ6JS8GBYP
calitxl_01JVANP9954GJ67TH9DG00Z1B5	Bangladesh	txr_01JNX8H0S9X07PTNVN7PBW3NXB		0	system	\N	2025-05-16 01:10:42.469+06	2025-05-16 01:10:42.469+06	\N	cali_01JVANNEGZF6C3PJGQ6JS8GBYP
calitxl_01JVANP6DTA73YSB9TRJDFTNFH	Bangladesh	txr_01JNX8H0S9X07PTNVN7PBW3NXB		0	system	\N	2025-05-16 01:10:39.547+06	2025-05-16 01:10:42.469+06	2025-05-16 01:10:42.468+06	cali_01JVANNEGZF6C3PJGQ6JS8GBYP
calitxl_01JVB15H3BRENEFJ5NDE7PW9Y8	Bangladesh	txr_01JNX8H0S9X07PTNVN7PBW3NXB		0	system	\N	2025-05-16 04:31:16.332+06	2025-05-16 04:31:18.491+06	2025-05-16 04:31:18.49+06	cali_01JVB14ZYVW1FN27130H76Q8D5
calitxl_01JVC7XXMFTTB1YVPMVW6JVQV8	Bangladesh	txr_01JNX8H0S9X07PTNVN7PBW3NXB		0	system	\N	2025-05-16 15:48:41.488+06	2025-05-16 15:48:59.874+06	2025-05-16 15:48:59.873+06	cali_01JVC7XX0V27QM1971NMK0FY07
calitxl_01JVC7YJM63QHJEA6CEPPVKMF1	Bangladesh	txr_01JNX8H0S9X07PTNVN7PBW3NXB		0	system	\N	2025-05-16 15:49:02.983+06	2025-05-16 15:49:02.983+06	\N	cali_01JVC7XX0V27QM1971NMK0FY07
calitxl_01JVC7YFK1SV3X9VHY4YSV1D45	Bangladesh	txr_01JNX8H0S9X07PTNVN7PBW3NXB		0	system	\N	2025-05-16 15:48:59.874+06	2025-05-16 15:49:02.983+06	2025-05-16 15:49:02.982+06	cali_01JVC7XX0V27QM1971NMK0FY07
calitxl_01JVD3QV2XK2CHGRTGVCBSZYA4	Bangladesh	txr_01JNX8H0S9X07PTNVN7PBW3NXB		0	system	\N	2025-05-16 23:54:42.398+06	2025-05-17 00:18:18.373+06	2025-05-17 00:18:18.361+06	cali_01JVD3QTQ4ECVXDCK3XE8TFCP3
calitxl_01JVCK9566H5DGMF29K9KDRPA1	Bangladesh	txr_01JNX8H0S9X07PTNVN7PBW3NXB		0	system	\N	2025-05-16 19:07:04.007+06	2025-05-17 00:18:21.115+06	2025-05-17 00:18:21.103+06	cali_01JVCK94XG88KYADWC6PJA9WNZ
calitxl_01JVD5320PQBBBQWBDADBQCKA4	Bangladesh	txr_01JNX8H0S9X07PTNVN7PBW3NXB		0	system	\N	2025-05-17 00:18:18.518+06	2025-05-17 00:18:21.115+06	2025-05-17 00:18:21.103+06	cali_01JVCK94XG88KYADWC6PJA9WNZ
calitxl_01JVD3QV2XSBR50D42XF29V57V	Bangladesh	txr_01JNX8H0S9X07PTNVN7PBW3NXB		0	system	\N	2025-05-16 23:54:42.398+06	2025-05-17 00:18:21.115+06	2025-05-17 00:18:21.103+06	cali_01JVCK94XG88KYADWC6PJA9WNZ
calitxl_01JVSVEYS5T8WXWCCMGN8H77CZ	Bangladesh	txr_01JNX8H0S9X07PTNVN7PBW3NXB		0	system	\N	2025-05-21 22:40:10.278+06	2025-05-21 22:40:23.982+06	2025-05-21 22:40:23.981+06	cali_01JVSVEYHMESPCXJ7T33WZG0AX
calitxl_01JVSVFC5E0HHE8P0CQS85ARF6	Bangladesh	txr_01JNX8H0S9X07PTNVN7PBW3NXB		0	system	\N	2025-05-21 22:40:23.982+06	2025-05-21 22:40:26.037+06	2025-05-21 22:40:26.036+06	cali_01JVSVEYHMESPCXJ7T33WZG0AX
calitxl_01JVSVG3QABCVCJK5NNN986V1A	Bangladesh	txr_01JNX8H0S9X07PTNVN7PBW3NXB		0	system	\N	2025-05-21 22:40:48.106+06	2025-05-21 22:40:48.106+06	\N	cali_01JVSVEYHMESPCXJ7T33WZG0AX
calitxl_01JVSVFE5MXDGJW6NZWS0T0RRH	Bangladesh	txr_01JNX8H0S9X07PTNVN7PBW3NXB		0	system	\N	2025-05-21 22:40:26.037+06	2025-05-21 22:40:48.106+06	2025-05-21 22:40:48.106+06	cali_01JVSVEYHMESPCXJ7T33WZG0AX
calitxl_01JWPAMNXQZ07SFGDW1KP4A18V	Bangladesh	txr_01JNX8H0S9X07PTNVN7PBW3NXB		0	system	\N	2025-06-02 00:04:10.552+06	2025-06-02 00:04:20.158+06	2025-06-02 00:04:20.157+06	cali_01JWPAMNMJ8MBT6RH3S0BJ4X0Q
calitxl_01JWPAMZ9X32HHTDYZWJB8959T	Bangladesh	txr_01JNX8H0S9X07PTNVN7PBW3NXB		0	system	\N	2025-06-02 00:04:20.158+06	2025-06-02 00:04:37.536+06	2025-06-02 00:04:37.536+06	cali_01JWPAMNMJ8MBT6RH3S0BJ4X0Q
calitxl_01JWPANJAD31KE9PEKETR7GSVF	Bangladesh	txr_01JNX8H0S9X07PTNVN7PBW3NXB		0	system	\N	2025-06-02 00:04:39.63+06	2025-06-02 00:04:39.63+06	\N	cali_01JWPAMNMJ8MBT6RH3S0BJ4X0Q
calitxl_01JWPANG90BQGDAA6PSANVSQ7E	Bangladesh	txr_01JNX8H0S9X07PTNVN7PBW3NXB		0	system	\N	2025-06-02 00:04:37.536+06	2025-06-02 00:04:39.63+06	2025-06-02 00:04:39.629+06	cali_01JWPAMNMJ8MBT6RH3S0BJ4X0Q
calitxl_01JWPBF1CA4YSS91JEBC8RK5AM	Bangladesh	txr_01JNX8H0S9X07PTNVN7PBW3NXB		0	system	\N	2025-06-02 00:18:34.251+06	2025-06-02 00:18:42.641+06	2025-06-02 00:18:42.64+06	cali_01JWPBF1855THH7V0NMH7GT7K8
calitxl_01JWPBFBBAFD33EH3R9GGYWE9E	Bangladesh	txr_01JNX8H0S9X07PTNVN7PBW3NXB		0	system	\N	2025-06-02 00:18:44.458+06	2025-06-02 00:18:44.458+06	\N	cali_01JWPBF1855THH7V0NMH7GT7K8
calitxl_01JWPBF9JHEGZHB61RD0RTHQX9	Bangladesh	txr_01JNX8H0S9X07PTNVN7PBW3NXB		0	system	\N	2025-06-02 00:18:42.641+06	2025-06-02 00:18:44.458+06	2025-06-02 00:18:44.458+06	cali_01JWPBF1855THH7V0NMH7GT7K8
calitxl_01JWR1FTBKERMBGCED4THCWA69	Bangladesh	txr_01JNX8H0S9X07PTNVN7PBW3NXB		0	system	\N	2025-06-02 16:02:42.931+06	2025-06-02 16:02:45.011+06	2025-06-02 16:02:45.01+06	cali_01JWR1FT54QGQEMAHYCC3JXWJR
calitxl_01JWR1FWCKKMZ8SAAAB9DHCWVJ	Bangladesh	txr_01JNX8H0S9X07PTNVN7PBW3NXB		0	system	\N	2025-06-02 16:02:45.011+06	2025-06-02 16:02:47.279+06	2025-06-02 16:02:47.278+06	cali_01JWR1FT54QGQEMAHYCC3JXWJR
calitxl_01JWR1FYKFA97AJQ4A2T0X4ZAP	Bangladesh	txr_01JNX8H0S9X07PTNVN7PBW3NXB		0	system	\N	2025-06-02 16:02:47.279+06	2025-06-02 16:02:48.916+06	2025-06-02 16:02:48.915+06	cali_01JWR1FT54QGQEMAHYCC3JXWJR
calitxl_01JWR1G06KF8NPHA8GDAR944BN	Bangladesh	txr_01JNX8H0S9X07PTNVN7PBW3NXB		0	system	\N	2025-06-02 16:02:48.916+06	2025-06-02 16:03:01.577+06	2025-06-02 16:03:01.577+06	cali_01JWR1FT54QGQEMAHYCC3JXWJR
calitxl_01JWR1G06K18PJN8H1SF8T5VZN	Bangladesh	txr_01JNX8H0S9X07PTNVN7PBW3NXB		0	system	\N	2025-06-02 16:02:48.916+06	2025-06-02 16:03:01.577+06	2025-06-02 16:03:01.577+06	cali_01JWR1G02FT3PC4GXQYXWAYXYN
calitxl_01JWR1GEE9SJ60D3NKN5R6630W	Bangladesh	txr_01JNX8H0S9X07PTNVN7PBW3NXB		0	system	\N	2025-06-02 16:03:03.498+06	2025-06-02 16:03:03.498+06	\N	cali_01JWR1FT54QGQEMAHYCC3JXWJR
calitxl_01JWR1GEE9AE3M5M55711J572F	Bangladesh	txr_01JNX8H0S9X07PTNVN7PBW3NXB		0	system	\N	2025-06-02 16:03:03.498+06	2025-06-02 16:03:03.498+06	\N	cali_01JWR1G02FT3PC4GXQYXWAYXYN
calitxl_01JWR1GCJ9BKK6KEA9SFXJ10P4	Bangladesh	txr_01JNX8H0S9X07PTNVN7PBW3NXB		0	system	\N	2025-06-02 16:03:01.577+06	2025-06-02 16:03:03.498+06	2025-06-02 16:03:03.497+06	cali_01JWR1FT54QGQEMAHYCC3JXWJR
calitxl_01JWR1GCJ9B6236B5J74WBJFQA	Bangladesh	txr_01JNX8H0S9X07PTNVN7PBW3NXB		0	system	\N	2025-06-02 16:03:01.577+06	2025-06-02 16:03:03.498+06	2025-06-02 16:03:03.497+06	cali_01JWR1G02FT3PC4GXQYXWAYXYN
calitxl_01JWR1GZMVGA90BFCDD0069P5M	Bangladesh	txr_01JNX8H0S9X07PTNVN7PBW3NXB		0	system	\N	2025-06-02 16:03:21.115+06	2025-06-02 16:03:35.535+06	2025-06-02 16:03:35.535+06	cali_01JWR1GZHAA3BFA03Q953D7XEK
calitxl_01JWR1HFWBASE203P18M8SYAB4	Bangladesh	txr_01JNX8H0S9X07PTNVN7PBW3NXB		0	system	\N	2025-06-02 16:03:37.739+06	2025-06-02 16:03:37.739+06	\N	cali_01JWR1GZHAA3BFA03Q953D7XEK
calitxl_01JWR1HDQF2DFJ0DG8A47NQD1B	Bangladesh	txr_01JNX8H0S9X07PTNVN7PBW3NXB		0	system	\N	2025-06-02 16:03:35.535+06	2025-06-02 16:03:37.739+06	2025-06-02 16:03:37.739+06	cali_01JWR1GZHAA3BFA03Q953D7XEK
calitxl_01JWR426VMCNPSPJMXY557V7P2	Bangladesh	txr_01JNX8H0S9X07PTNVN7PBW3NXB		0	system	\N	2025-06-02 16:47:42.708+06	2025-06-02 16:47:50.9+06	2025-06-02 16:47:50.899+06	cali_01JWR426QKVMTYXKJ4DP7WXYKD
calitxl_01JWR42GYTATP6HQW6MV2KS5A5	Bangladesh	txr_01JNX8H0S9X07PTNVN7PBW3NXB		0	system	\N	2025-06-02 16:47:53.05+06	2025-06-02 16:47:53.05+06	\N	cali_01JWR426QKVMTYXKJ4DP7WXYKD
calitxl_01JWR42EVMD90BA5R7DGYKRVZ8	Bangladesh	txr_01JNX8H0S9X07PTNVN7PBW3NXB		0	system	\N	2025-06-02 16:47:50.9+06	2025-06-02 16:47:53.05+06	2025-06-02 16:47:53.049+06	cali_01JWR426QKVMTYXKJ4DP7WXYKD
calitxl_01JWR47ZANYXC8HJVX62C3GPSG	Bangladesh	txr_01JNX8H0S9X07PTNVN7PBW3NXB		0	system	\N	2025-06-02 16:50:51.605+06	2025-06-02 16:50:59.376+06	2025-06-02 16:50:59.375+06	cali_01JWR47Z608C0C1KDSHD2WGW8F
calitxl_01JWR488KWZ5G7PMZR2M9TJE22	Bangladesh	txr_01JNX8H0S9X07PTNVN7PBW3NXB		0	system	\N	2025-06-02 16:51:01.116+06	2025-06-02 16:51:01.116+06	\N	cali_01JWR47Z608C0C1KDSHD2WGW8F
calitxl_01JWR486XFWS62Y0XPX9T6XEM3	Bangladesh	txr_01JNX8H0S9X07PTNVN7PBW3NXB		0	system	\N	2025-06-02 16:50:59.376+06	2025-06-02 16:51:01.116+06	2025-06-02 16:51:01.116+06	cali_01JWR47Z608C0C1KDSHD2WGW8F
calitxl_01JWR5087GEQJAGBS6XC2J1Y2Q	Bangladesh	txr_01JNX8H0S9X07PTNVN7PBW3NXB		0	system	\N	2025-06-02 17:04:07.153+06	2025-06-02 17:04:17.147+06	2025-06-02 17:04:17.146+06	cali_01JWR5083YR7RKT7WRMM1060XX
calitxl_01JWR50KMJVSC8RCR90NPPEN89	Bangladesh	txr_01JNX8H0S9X07PTNVN7PBW3NXB		0	system	\N	2025-06-02 17:04:18.835+06	2025-06-02 17:04:18.835+06	\N	cali_01JWR5083YR7RKT7WRMM1060XX
calitxl_01JWR50HZV28SPEK5J6VPGME5S	Bangladesh	txr_01JNX8H0S9X07PTNVN7PBW3NXB		0	system	\N	2025-06-02 17:04:17.147+06	2025-06-02 17:04:18.834+06	2025-06-02 17:04:18.834+06	cali_01JWR5083YR7RKT7WRMM1060XX
calitxl_01JWR56D9PRJ0F5DH2WGQKKBX1	Bangladesh	txr_01JNX8H0S9X07PTNVN7PBW3NXB		0	system	\N	2025-06-02 17:07:28.95+06	2025-06-02 17:07:40.76+06	2025-06-02 17:07:40.759+06	cali_01JWR56D44G669ADFM5MHJRGBZ
calitxl_01JWR56TAP4CP0NX3WV9B0JWWC	Bangladesh	txr_01JNX8H0S9X07PTNVN7PBW3NXB		0	system	\N	2025-06-02 17:07:42.294+06	2025-06-02 17:07:42.294+06	\N	cali_01JWR56D44G669ADFM5MHJRGBZ
calitxl_01JWR56RTR6S4X998TVXBJDN42	Bangladesh	txr_01JNX8H0S9X07PTNVN7PBW3NXB		0	system	\N	2025-06-02 17:07:40.76+06	2025-06-02 17:07:42.294+06	2025-06-02 17:07:42.294+06	cali_01JWR56D44G669ADFM5MHJRGBZ
calitxl_01JWR6G14JF12XWN4VXYSHB628	Bangladesh	txr_01JNX8H0S9X07PTNVN7PBW3NXB		0	system	\N	2025-06-02 17:30:12.755+06	2025-06-02 17:30:23.084+06	2025-06-02 17:30:23.083+06	cali_01JWR6G107ZHBHYHH8XQ4DJ8NJ
calitxl_01JWR6GD403P2N6ADQXZ9NKTD9	Bangladesh	txr_01JNX8H0S9X07PTNVN7PBW3NXB		0	system	\N	2025-06-02 17:30:25.024+06	2025-06-02 17:30:25.024+06	\N	cali_01JWR6G107ZHBHYHH8XQ4DJ8NJ
calitxl_01JWR6GB7CBPQJ6B4J7J3PT830	Bangladesh	txr_01JNX8H0S9X07PTNVN7PBW3NXB		0	system	\N	2025-06-02 17:30:23.084+06	2025-06-02 17:30:25.024+06	2025-06-02 17:30:25.024+06	cali_01JWR6G107ZHBHYHH8XQ4DJ8NJ
calitxl_01JWR6RBPT24WYEYDQA1R17GTJ	Bangladesh	txr_01JNX8H0S9X07PTNVN7PBW3NXB		0	system	\N	2025-06-02 17:34:45.722+06	2025-06-02 17:34:53.925+06	2025-06-02 17:34:53.924+06	cali_01JWR6RBJMAZ88SKPRQYKRXAZQ
calitxl_01JWR6RNS8515MG78GFM1VPY6G	Bangladesh	txr_01JNX8H0S9X07PTNVN7PBW3NXB		0	system	\N	2025-06-02 17:34:56.04+06	2025-06-02 17:34:56.04+06	\N	cali_01JWR6RBJMAZ88SKPRQYKRXAZQ
calitxl_01JWR6RKQ5G8XZ2X0D1FDNV25Z	Bangladesh	txr_01JNX8H0S9X07PTNVN7PBW3NXB		0	system	\N	2025-06-02 17:34:53.925+06	2025-06-02 17:34:56.04+06	2025-06-02 17:34:56.04+06	cali_01JWR6RBJMAZ88SKPRQYKRXAZQ
calitxl_01JWR7JXBMAGGH23N4H54TRNZR	Bangladesh	txr_01JNX8H0S9X07PTNVN7PBW3NXB		0	system	\N	2025-06-02 17:49:15.764+06	2025-06-02 17:49:22.849+06	2025-06-02 17:49:22.847+06	cali_01JWR7JX7HYMZ9E39THYW13V1E
calitxl_01JWR7K692Q7BZX4G6CWB99Y5T	Bangladesh	txr_01JNX8H0S9X07PTNVN7PBW3NXB		0	system	\N	2025-06-02 17:49:24.898+06	2025-06-02 17:49:24.898+06	\N	cali_01JWR7JX7HYMZ9E39THYW13V1E
calitxl_01JWR7K4905KQB73QJ2NA9ZJBQ	Bangladesh	txr_01JNX8H0S9X07PTNVN7PBW3NXB		0	system	\N	2025-06-02 17:49:22.849+06	2025-06-02 17:49:24.898+06	2025-06-02 17:49:24.897+06	cali_01JWR7JX7HYMZ9E39THYW13V1E
calitxl_01JWR8RCAC0QW83DPWXE71AXT2	Bangladesh	txr_01JNX8H0S9X07PTNVN7PBW3NXB		0	system	\N	2025-06-02 18:09:43.5+06	2025-06-02 18:09:52.662+06	2025-06-02 18:09:52.661+06	cali_01JWR8RC64A997NB4877E8QKFM
calitxl_01JWR8RPXPZ9QFR2X846YPB1JP	Bangladesh	txr_01JNX8H0S9X07PTNVN7PBW3NXB		0	system	\N	2025-06-02 18:09:54.358+06	2025-06-02 18:09:54.358+06	\N	cali_01JWR8RC64A997NB4877E8QKFM
calitxl_01JWR8RN8NVC3VV2RCHDNTK9J1	Bangladesh	txr_01JNX8H0S9X07PTNVN7PBW3NXB		0	system	\N	2025-06-02 18:09:52.662+06	2025-06-02 18:09:54.358+06	2025-06-02 18:09:54.358+06	cali_01JWR8RC64A997NB4877E8QKFM
calitxl_01JY1QMK6SPYZ1GT9MSB8FTCY9	Bangladesh	txr_01JNX8H0S9X07PTNVN7PBW3NXB		0	system	\N	2025-06-18 20:38:39.833+06	2025-06-18 20:38:49.086+06	2025-06-18 20:38:49.085+06	cali_01JY1QMJZTMM7FG32ZQKR5EXG0
calitxl_01JY1QMXXGM8DKQ1JZE0JBGF36	Bangladesh	txr_01JNX8H0S9X07PTNVN7PBW3NXB		0	system	\N	2025-06-18 20:38:50.8+06	2025-06-18 20:38:50.8+06	\N	cali_01JY1QMJZTMM7FG32ZQKR5EXG0
calitxl_01JY1QMW7YQTQSDY6RA50X8Z0N	Bangladesh	txr_01JNX8H0S9X07PTNVN7PBW3NXB		0	system	\N	2025-06-18 20:38:49.086+06	2025-06-18 20:38:50.8+06	2025-06-18 20:38:50.8+06	cali_01JY1QMJZTMM7FG32ZQKR5EXG0
\.


--
-- Data for Name: cart_payment_collection; Type: TABLE DATA; Schema: public; Owner: -
--

COPY public.cart_payment_collection (cart_id, payment_collection_id, id, created_at, updated_at, deleted_at) FROM stdin;
cart_01JMCNHB2MXRNRTH2TZXXDZ0P8	pay_col_01JMCNJ77GNVMZNR7XEK2ZZRS8	capaycol_01JMCNJ7976BJAQHJCWRPRH21C	2025-02-18 19:57:05.447155+06	2025-02-18 19:57:05.447155+06	\N
cart_01JMPQADQXQXNA4JPFAEGRAQZJ	pay_col_01JMPQB8VPXC2NB3TJQQNVRC45	capaycol_01JMPQB8W763VJKEJWPVVGPEYH	2025-02-22 17:40:39.175397+06	2025-02-22 17:40:39.175397+06	\N
cart_01JMZ3E7YAWPZXX3N9B8JEQ273	pay_col_01JMZ3F2XQDT5TQG68SJ5JRCCM	capaycol_01JMZ3F2YEKPK0ARKJK2QBVYX8	2025-02-25 23:46:22.538296+06	2025-02-25 23:46:22.538296+06	\N
cart_01JNX5SP8FETBXGZWJSQYK43VM	pay_col_01JNX5W6G2ZEX257BWCNW0JZGS	capaycol_01JNX5W6K3TEVFAF2WC5PT9G1V	2025-03-09 16:05:42.371482+06	2025-03-09 16:05:42.371482+06	\N
cart_01JNX6D1TF2HJBXV3ZMA953ZSM	pay_col_01JNX6DQNH4E83DRDBC2CPM3WG	capaycol_01JNX6DQP5GFK69ZG8MD1YNQPT	2025-03-09 16:15:16.933514+06	2025-03-09 16:15:16.933514+06	\N
cart_01JQ6K0JKS8F9ST33R4M6Y9BPV	pay_col_01JQ78WEWQSD46C318JNDWYTTM	capaycol_01JQ78WEXQ0TMYTNTBXP4N6HFZ	2025-03-26 00:26:22.775472+06	2025-03-26 00:26:22.775472+06	\N
cart_01JQE4201QB3K4P8VY120ZFME8	pay_col_01JQE42VJ3RY3STBVBYMZQN2PS	capaycol_01JQE42VJTHEC1TG8WYP1N78XR	2025-03-28 16:17:10.489233+06	2025-03-28 16:17:10.489233+06	\N
cart_01JQMS9VM8V8GJE880PC3TF7MS	pay_col_01JQS32GJDZQWZ9DAQAZE80EQF	capaycol_01JQS32GM7MVXFXS69H0BXAG2J	2025-04-01 22:31:09.446144+06	2025-04-01 22:31:09.446144+06	\N
cart_01JTYC2888BPXYRKER48X900Q1	pay_col_01JTYC3PDRMZ33DMXVMM4AGR8D	capaycol_01JTYC3PEF7R1BS795HNT1GK0G	2025-05-11 06:32:22.991383+06	2025-05-11 06:32:22.991383+06	\N
cart_01JTZ2F3HP5KTMDMHT4XPFTY50	pay_col_01JTZ2FYNC064Q5MMTH984QMH4	capaycol_01JTZ2FYP6CEN8CCH4F4VKPF2M	2025-05-11 13:03:33.317922+06	2025-05-11 13:03:33.317922+06	\N
cart_01JV2HXX494ACJZTTKBAWDFXRK	pay_col_01JV2HYQSAVQNA2FSRTTJZWK3N	capaycol_01JV2HYQT1E2FMS02XTZNCHVBJ	2025-05-12 21:31:29.727645+06	2025-05-12 21:31:29.727645+06	\N
cart_01JV6RMH7K93G4S469S971ABMX	pay_col_01JV6SRFZG1FBWVEECPB2BSQC4	capaycol_01JV6SRFZX272ZDF2HXCD5SADA	2025-05-14 13:04:51.452971+06	2025-05-14 13:04:51.452971+06	\N
cart_01JV85BF9HNTSEQAW6DAPJGVND	pay_col_01JV85C50PNPC51HAXYHSK6Z8E	capaycol_01JV85C51DVWRWEC90RPQFGTMC	2025-05-15 01:47:04.365617+06	2025-05-15 01:47:04.365617+06	\N
cart_01JV85FDE5MDQ90SMGTS6HV56X	pay_col_01JV85G2R89GSTYD2EBK0VQ8HN	capaycol_01JV85G2SF3QDPE3GQ2MDQDDKS	2025-05-15 01:49:13.135436+06	2025-05-15 01:49:13.135436+06	\N
cart_01JVAG2F2Y358KXXC3HYDMWDZT	pay_col_01JVAG3AT8G4D5GCEMTXJ2TYFK	capaycol_01JVAG3ATWNYAK6T599CNSKDRS	2025-05-15 23:32:58.587219+06	2025-05-15 23:32:58.587219+06	\N
cart_01JVAH36HCDHZSR0X8J9MMRTCK	pay_col_01JVAH3KZ2D0M5W21HCYS1Y56X	capaycol_01JVAH3KZWETHB4YQ59QYHWN0N	2025-05-15 23:50:36.539638+06	2025-05-15 23:50:36.539638+06	\N
cart_01JVAKP0P054QZVGTQR69C6ZHJ	pay_col_01JVAKPS2N9J3XJ7FGGPXY31CW	capaycol_01JVAKPS3BC1WE2PVA8ZZ3RCPN	2025-05-16 00:36:01.5149+06	2025-05-16 00:36:01.5149+06	\N
cart_01JVANNE4Z9EBBQJPY9AQRRFQE	pay_col_01JVANPBMHB7JCKYN6H339WYXH	capaycol_01JVANPBN6B3QMTQ8WVYGYQN6J	2025-05-16 01:10:44.901572+06	2025-05-16 01:10:44.901572+06	\N
cart_01JVAQEHBCM4WDZAJ4Q52SX6WH	pay_col_01JVAQF1Y61S6YYYEYMWQ2133V	capaycol_01JVAQF1ZCK94RMEH5YFD9VXMF	2025-05-16 01:41:42.76371+06	2025-05-16 01:41:42.76371+06	\N
cart_01JVAQN03582XWY3R2E633K0X1	pay_col_01JVAQNGCH13SQ26Z5QWYNMAPP	capaycol_01JVAQNGDF7ZQ9ZYK6V2KGWWXA	2025-05-16 01:45:14.158384+06	2025-05-16 01:45:14.158384+06	\N
cart_01JVB14Z4JZKXTTNA1880P95RG	pay_col_01JVB15P5RQ324EJAJFRQVGNK1	capaycol_01JVB15P6ABS7FK5HYGGRW7BCF	2025-05-16 04:31:21.546072+06	2025-05-16 04:31:21.546072+06	\N
cart_01JVC7XVCYW9PJBVXHJJXCRJK1	pay_col_01JVC7YMSVXX0PZDCGGW1TN8P6	capaycol_01JVC7YMVA8PPGPGBNAY58WBGV	2025-05-16 15:49:05.257675+06	2025-05-16 15:49:05.257675+06	\N
cart_01JVSVEXRDJKXK4M59ESAWKXW5	pay_col_01JVSVFK4ACA54MN99BQ7XZ5DN	capaycol_01JVSVFK53JD1C3PS7J7Q85MN4	2025-05-21 22:40:31.138858+06	2025-05-21 22:40:31.138858+06	\N
cart_01JWPAMMTGP0RM9ARYXVQRYPYJ	pay_col_01JWPANMDRS2YC792DZEK442K5	capaycol_01JWPANMFAK7KMZVG8D82HB8E5	2025-06-02 00:04:41.83433+06	2025-06-02 00:04:41.83433+06	\N
cart_01JWPBF11N2XJ6JZBNTSN7YZ9X	pay_col_01JWPBFDA6T5JPYWF1CSDKSRHD	capaycol_01JWPBFDAVVAZCMXG20W2RR1E3	2025-06-02 00:18:46.490564+06	2025-06-02 00:18:46.490564+06	\N
cart_01JWR1FS8MSXY3FKNS2AEZBEEH	pay_col_01JWR1GGTZ7R46HHPGK20XN2TD	capaycol_01JWR1GGZVAVCMAWGPKZ2X5QQF	2025-06-02 16:03:06.107071+06	2025-06-02 16:03:06.107071+06	\N
cart_01JWR1GZBEN1WSN7MTZZPM4WH3	pay_col_01JWR1HJ0RXFZ51G2QB42MSWA1	capaycol_01JWR1HJ15377Y5N5PP11F4MME	2025-06-02 16:03:39.941734+06	2025-06-02 16:03:39.941734+06	\N
cart_01JWR426HS9JN0JQS45EG9PC36	pay_col_01JWR42K06QEHYJ5QFTEPEM5A8	capaycol_01JWR42K151E8DRB6X2H0XKZPG	2025-06-02 16:47:55.172684+06	2025-06-02 16:47:55.172684+06	\N
cart_01JWR47YXCY625FRCPFEH8PCYG	pay_col_01JWR48AEYK316F79TE922JVXZ	capaycol_01JWR48AFJKWPWW2Y0XF6415J2	2025-06-02 16:51:03.025982+06	2025-06-02 16:51:03.025982+06	\N
cart_01JWR507Y9YF0TG1NKAGH0TSY2	pay_col_01JWR50NQ7B4MK96BSJWWWK0WV	capaycol_01JWR50NQVAHADB5B2983PGY0C	2025-06-02 17:04:20.986857+06	2025-06-02 17:04:20.986857+06	\N
cart_01JWR56CY3Q9APB5FR1ZSP78XM	pay_col_01JWR56W71EXQPQ7KKTZY9YJPA	capaycol_01JWR56W7FFVZ205RWKZEPC2QF	2025-06-02 17:07:44.239192+06	2025-06-02 17:07:44.239192+06	\N
cart_01JWR6G0TJP9BQWW31YSZBGVDS	pay_col_01JWR6GENFE95YF5GMFQQ2YRJ6	capaycol_01JWR6GEP13CFY3VJWYP0WXYMA	2025-06-02 17:30:26.624757+06	2025-06-02 17:30:26.624757+06	\N
cart_01JWR6RBCES1ZF71Y40BRBJDH2	pay_col_01JWR6RQKFTFJ4F2X94QWTK7MS	capaycol_01JWR6RQM55KZ2R5RATFK09RKF	2025-06-02 17:34:57.924925+06	2025-06-02 17:34:57.924925+06	\N
cart_01JWR7JX18CHDF87S6Z50465FZ	pay_col_01JWR7K85GX932XP3FJ9T98GDY	capaycol_01JWR7K861KPBJJ8GYZ3EYV29Q	2025-06-02 17:49:26.848498+06	2025-06-02 17:49:26.848498+06	\N
cart_01JWR8RC04N9SEHBN76XRJT82Y	pay_col_01JWR8RRRMJ0X8R07BRXQFSTRT	capaycol_01JWR8RRS8G7PVY2EBS5PHPPW3	2025-06-02 18:09:56.264068+06	2025-06-02 18:09:56.264068+06	\N
cart_01JY1QMJCF760VDM2VZNXKAXKP	pay_col_01JY1QN2YEZJH4H03HP64Q0PZ0	capaycol_01JY1QN2ZRFS9S5G5JPP5EX8Q9	2025-06-18 20:38:55.992009+06	2025-06-18 20:38:55.992009+06	\N
\.


--
-- Data for Name: cart_promotion; Type: TABLE DATA; Schema: public; Owner: -
--

COPY public.cart_promotion (cart_id, promotion_id, id, created_at, updated_at, deleted_at) FROM stdin;
\.


--
-- Data for Name: cart_shipping_method; Type: TABLE DATA; Schema: public; Owner: -
--

COPY public.cart_shipping_method (id, cart_id, name, description, amount, raw_amount, is_tax_inclusive, shipping_option_id, data, metadata, created_at, updated_at, deleted_at) FROM stdin;
casm_01JMCNJ2X6WW887HZ9RZNS718F	cart_01JMCNHB2MXRNRTH2TZXXDZ0P8	Standard Shipping	\N	10	{"value": "10", "precision": 20}	f	so_01JM74X7KQ05QC6WQDY4HJPP0R	{}	\N	2025-02-18 19:57:00.967+06	2025-02-18 19:57:00.967+06	\N
casm_01JMPQBT2YHRVMDDCCMMJC58PV	cart_01JMPQADQXQXNA4JPFAEGRAQZJ	Express Shipping	\N	10	{"value": "10", "precision": 20}	f	so_01JM74X7KR41WX44NS4Y6ARM7J	{}	\N	2025-02-22 17:40:56.798+06	2025-02-22 17:40:56.798+06	\N
casm_01JMPQB3CWVHPY2B70HZC3VAE8	cart_01JMPQADQXQXNA4JPFAEGRAQZJ	Standard Shipping	\N	10	{"value": "10", "precision": 20}	f	so_01JM74X7KQ05QC6WQDY4HJPP0R	{}	\N	2025-02-22 17:40:33.565+06	2025-02-22 17:40:56.803+06	2025-02-22 17:40:56.803+06
casm_01JMZ3F014JZG4KCQMBQNNXVMM	cart_01JMZ3E7YAWPZXX3N9B8JEQ273	Standard Shipping	\N	10	{"value": "10", "precision": 20}	f	so_01JM74X7KQ05QC6WQDY4HJPP0R	{}	\N	2025-02-25 23:46:19.561+06	2025-02-25 23:46:19.561+06	\N
casm_01JNX5ZG95J3S46R8JKJGJX9K8	cart_01JNX5SP8FETBXGZWJSQYK43VM	Express Shipping	\N	10	{"value": "10", "precision": 20}	f	so_01JM74X7KR41WX44NS4Y6ARM7J	{}	\N	2025-03-09 16:07:30.598+06	2025-03-09 16:07:30.598+06	\N
casm_01JNX5W32VXE5WGMS1P75C4E9J	cart_01JNX5SP8FETBXGZWJSQYK43VM	Standard Shipping	\N	10	{"value": "10", "precision": 20}	f	so_01JM74X7KQ05QC6WQDY4HJPP0R	{}	\N	2025-03-09 16:05:38.779+06	2025-03-09 16:07:30.604+06	2025-03-09 16:07:30.604+06
casm_01JNX6DH65AMX5SW2DNHBTRRCX	cart_01JNX6D1TF2HJBXV3ZMA953ZSM	Express Shipping	\N	10	{"value": "10", "precision": 20}	f	so_01JM74X7KR41WX44NS4Y6ARM7J	{}	\N	2025-03-09 16:15:10.277+06	2025-03-09 16:15:10.277+06	\N
casm_01JQ78W6F7VAQMM4CD9HW9P29W	cart_01JQ6K0JKS8F9ST33R4M6Y9BPV	Deffault	\N	100	{"value": "100", "precision": 20}	f	so_01JQ78NHXRGT4Y0G3P1NBCPK48	{}	\N	2025-03-26 00:26:14.119+06	2025-03-26 00:26:14.119+06	\N
casm_01JQE42RR5XMN3J3AZQKVDVP6T	cart_01JQE4201QB3K4P8VY120ZFME8	Deffault	\N	100	{"value": "100", "precision": 20}	f	so_01JQ78NHXRGT4Y0G3P1NBCPK48	{}	\N	2025-03-28 16:17:07.59+06	2025-03-28 16:17:07.59+06	\N
casm_01JQS324E8NZERVNZ2WPZH7HAC	cart_01JQMS9VM8V8GJE880PC3TF7MS	Deffault	\N	100	{"value": "100", "precision": 20}	f	so_01JQ78NHXRGT4Y0G3P1NBCPK48	{}	\N	2025-04-01 22:30:56.969+06	2025-04-01 22:30:56.969+06	\N
casm_01JTYC3HDGYX85K7GSXPSC8HJ0	cart_01JTYC2888BPXYRKER48X900Q1	Deffault	\N	100	{"value": "100", "precision": 20}	f	so_01JQ78NHXRGT4Y0G3P1NBCPK48	{}	\N	2025-05-11 06:32:17.84+06	2025-05-11 06:32:17.84+06	\N
casm_01JTZ2FM82DZAZ932A9WMPFD05	cart_01JTZ2F3HP5KTMDMHT4XPFTY50	Deffault	\N	100	{"value": "100", "precision": 20}	f	so_01JQ78NHXRGT4Y0G3P1NBCPK48	{}	\N	2025-05-11 13:03:22.626+06	2025-05-11 13:03:22.626+06	\N
casm_01JV2HYFAWB803MM0X983FMN5T	cart_01JV2HXX494ACJZTTKBAWDFXRK	Deffault	\N	100	{"value": "100", "precision": 20}	f	so_01JQ78NHXRGT4Y0G3P1NBCPK48	{}	\N	2025-05-12 21:31:21.054+06	2025-05-12 21:31:21.054+06	\N
casm_01JV6SRD88J2XBJ7XB5XFD9BB5	cart_01JV6RMH7K93G4S469S971ABMX	Deffault	\N	100	{"value": "100", "precision": 20}	f	so_01JQ78NHXRGT4Y0G3P1NBCPK48	{}	\N	2025-05-14 13:04:48.648+06	2025-05-14 13:04:48.648+06	\N
casm_01JV85C2P427DSJN8DQV01BY1F	cart_01JV85BF9HNTSEQAW6DAPJGVND	Deffault	\N	100	{"value": "100", "precision": 20}	f	so_01JQ78NHXRGT4Y0G3P1NBCPK48	{}	\N	2025-05-15 01:47:01.956+06	2025-05-15 01:47:01.956+06	\N
casm_01JV85G0N1YTQXEN6YZ6TE5ZZJ	cart_01JV85FDE5MDQ90SMGTS6HV56X	Deffault	\N	100	{"value": "100", "precision": 20}	f	so_01JQ78NHXRGT4Y0G3P1NBCPK48	{}	\N	2025-05-15 01:49:10.946+06	2025-05-15 01:49:10.946+06	\N
casm_01JVAG37KGC1NEG4Q9Y2D7HKQN	cart_01JVAG2F2Y358KXXC3HYDMWDZT	Deffault	\N	100	{"value": "100", "precision": 20}	f	so_01JQ78NHXRGT4Y0G3P1NBCPK48	{}	\N	2025-05-15 23:32:55.28+06	2025-05-15 23:32:55.28+06	\N
casm_01JVAH3H4T51YP5379V09GYX90	cart_01JVAH36HCDHZSR0X8J9MMRTCK	Deffault	\N	100	{"value": "100", "precision": 20}	f	so_01JQ78NHXRGT4Y0G3P1NBCPK48	{}	\N	2025-05-15 23:50:33.627+06	2025-05-15 23:50:33.627+06	\N
casm_01JVAKPPG5NV8AVWF58YK31QCT	cart_01JVAKP0P054QZVGTQR69C6ZHJ	Deffault	\N	100	{"value": "100", "precision": 20}	f	so_01JQ78NHXRGT4Y0G3P1NBCPK48	{}	\N	2025-05-16 00:35:58.854+06	2025-05-16 00:35:58.854+06	\N
casm_01JVANP8ZPGHDX9P8ND08ZBR1P	cart_01JVANNE4Z9EBBQJPY9AQRRFQE	Deffault	\N	100	{"value": "100", "precision": 20}	f	so_01JQ78NHXRGT4Y0G3P1NBCPK48	{}	\N	2025-05-16 01:10:42.166+06	2025-05-16 01:10:42.166+06	\N
casm_01JVAQEZBTWY8HJ0PQA1PT5MBD	cart_01JVAQEHBCM4WDZAJ4Q52SX6WH	Deffault	\N	100	{"value": "100", "precision": 20}	f	so_01JQ78NHXRGT4Y0G3P1NBCPK48	{}	\N	2025-05-16 01:41:40.091+06	2025-05-16 01:41:40.091+06	\N
casm_01JVAQNE1Z6NW3T8PXM7QMBN3T	cart_01JVAQN03582XWY3R2E633K0X1	Deffault	\N	100	{"value": "100", "precision": 20}	f	so_01JQ78NHXRGT4Y0G3P1NBCPK48	{}	\N	2025-05-16 01:45:11.744+06	2025-05-16 01:45:11.744+06	\N
casm_01JVB15JXYFXCQX0A1BAJ6KC17	cart_01JVB14Z4JZKXTTNA1880P95RG	Deffault	\N	100	{"value": "100", "precision": 20}	f	so_01JQ78NHXRGT4Y0G3P1NBCPK48	{}	\N	2025-05-16 04:31:18.206+06	2025-05-16 04:31:18.206+06	\N
casm_01JVC7YJ9GJRMJC2RY2KCDZ6JP	cart_01JVC7XVCYW9PJBVXHJJXCRJK1	Deffault	\N	100	{"value": "100", "precision": 20}	f	so_01JQ78NHXRGT4Y0G3P1NBCPK48	{}	\N	2025-05-16 15:49:02.64+06	2025-05-16 15:49:02.64+06	\N
casm_01JVSVFDXS87AM6ZV4DKRDZSY0	cart_01JVSVEXRDJKXK4M59ESAWKXW5	Deffault	\N	100	{"value": "100", "precision": 20}	f	so_01JQ78NHXRGT4Y0G3P1NBCPK48	{}	\N	2025-05-21 22:40:25.786+06	2025-05-21 22:40:25.786+06	\N
casm_01JWPANJ4N8YYN38SSP4PX2WJ0	cart_01JWPAMMTGP0RM9ARYXVQRYPYJ	Default	\N	100	{"value": "100", "precision": 20}	f	so_01JQ78NHXRGT4Y0G3P1NBCPK48	{}	\N	2025-06-02 00:04:39.445+06	2025-06-02 00:04:39.445+06	\N
casm_01JWPBFB4FD8H5MHNYQZR56QEA	cart_01JWPBF11N2XJ6JZBNTSN7YZ9X	Default	\N	100	{"value": "100", "precision": 20}	f	so_01JQ78NHXRGT4Y0G3P1NBCPK48	{}	\N	2025-06-02 00:18:44.24+06	2025-06-02 00:18:44.24+06	\N
casm_01JWR1GE83Q9KHFAH1F4K16515	cart_01JWR1FS8MSXY3FKNS2AEZBEEH	Default	\N	100	{"value": "100", "precision": 20}	f	so_01JQ78NHXRGT4Y0G3P1NBCPK48	{}	\N	2025-06-02 16:03:03.299+06	2025-06-02 16:03:03.299+06	\N
casm_01JWR1HFNT5YZ3TRMC49Y5KHP3	cart_01JWR1GZBEN1WSN7MTZZPM4WH3	Default	\N	100	{"value": "100", "precision": 20}	f	so_01JQ78NHXRGT4Y0G3P1NBCPK48	{}	\N	2025-06-02 16:03:37.531+06	2025-06-02 16:03:37.531+06	\N
casm_01JWR42GQQB4FYSF6G91CP2HJF	cart_01JWR426HS9JN0JQS45EG9PC36	Default	\N	100	{"value": "100", "precision": 20}	f	so_01JQ78NHXRGT4Y0G3P1NBCPK48	{}	\N	2025-06-02 16:47:52.824+06	2025-06-02 16:47:52.824+06	\N
casm_01JWR488DP4MEWENZTJPQ94166	cart_01JWR47YXCY625FRCPFEH8PCYG	Default	\N	100	{"value": "100", "precision": 20}	f	so_01JQ78NHXRGT4Y0G3P1NBCPK48	{}	\N	2025-06-02 16:51:00.918+06	2025-06-02 16:51:00.918+06	\N
casm_01JWR50KECFYEK0GY66Y5RJ1KQ	cart_01JWR507Y9YF0TG1NKAGH0TSY2	Default	\N	100	{"value": "100", "precision": 20}	f	so_01JQ78NHXRGT4Y0G3P1NBCPK48	{}	\N	2025-06-02 17:04:18.636+06	2025-06-02 17:04:18.636+06	\N
casm_01JWR56T4NVVS7ED1PSZ6HQ1MD	cart_01JWR56CY3Q9APB5FR1ZSP78XM	Default	\N	100	{"value": "100", "precision": 20}	f	so_01JQ78NHXRGT4Y0G3P1NBCPK48	{}	\N	2025-06-02 17:07:42.102+06	2025-06-02 17:07:42.102+06	\N
casm_01JWR6GCW7SNF4B6NCYZT0KVBB	cart_01JWR6G0TJP9BQWW31YSZBGVDS	Default	\N	100	{"value": "100", "precision": 20}	f	so_01JQ78NHXRGT4Y0G3P1NBCPK48	{}	\N	2025-06-02 17:30:24.775+06	2025-06-02 17:30:24.775+06	\N
casm_01JWR6RNJQ34EB7H9YCY095WQ1	cart_01JWR6RBCES1ZF71Y40BRBJDH2	Default	\N	100	{"value": "100", "precision": 20}	f	so_01JQ78NHXRGT4Y0G3P1NBCPK48	{}	\N	2025-06-02 17:34:55.831+06	2025-06-02 17:34:55.831+06	\N
casm_01JWR7K624WNJ1RTHZ0ZTG3R7V	cart_01JWR7JX18CHDF87S6Z50465FZ	Default	\N	100	{"value": "100", "precision": 20}	f	so_01JQ78NHXRGT4Y0G3P1NBCPK48	{}	\N	2025-06-02 17:49:24.676+06	2025-06-02 17:49:24.676+06	\N
casm_01JWR8RPQ7JD0N3NQCW548QPRD	cart_01JWR8RC04N9SEHBN76XRJT82Y	Default	\N	100	{"value": "100", "precision": 20}	f	so_01JQ78NHXRGT4Y0G3P1NBCPK48	{}	\N	2025-06-02 18:09:54.151+06	2025-06-02 18:09:54.151+06	\N
casm_01JY1QMXN7DDH8JWW4ENJAB5PQ	cart_01JY1QMJCF760VDM2VZNXKAXKP	Default	\N	100	{"value": "100", "precision": 20}	f	so_01JQ78NHXRGT4Y0G3P1NBCPK48	{}	\N	2025-06-18 20:38:50.536+06	2025-06-18 20:38:50.536+06	\N
\.


--
-- Data for Name: cart_shipping_method_adjustment; Type: TABLE DATA; Schema: public; Owner: -
--

COPY public.cart_shipping_method_adjustment (id, description, promotion_id, code, amount, raw_amount, provider_id, metadata, created_at, updated_at, deleted_at, shipping_method_id) FROM stdin;
\.


--
-- Data for Name: cart_shipping_method_tax_line; Type: TABLE DATA; Schema: public; Owner: -
--

COPY public.cart_shipping_method_tax_line (id, description, tax_rate_id, code, rate, provider_id, metadata, created_at, updated_at, deleted_at, shipping_method_id) FROM stdin;
casmtxl_01JQ78W6S9FJRFRZK75Y6EPNQP	Bangladesh	txr_01JNX8H0S9X07PTNVN7PBW3NXB		0	system	\N	2025-03-26 00:26:14.442+06	2025-03-26 00:26:14.442+06	\N	casm_01JQ78W6F7VAQMM4CD9HW9P29W
casmtxl_01JQE42S0DXR5J1Q5SW1X1C6TH	Bangladesh	txr_01JNX8H0S9X07PTNVN7PBW3NXB		0	system	\N	2025-03-28 16:17:07.853+06	2025-03-28 16:17:15.99+06	2025-03-28 16:17:15.99+06	casm_01JQE42RR5XMN3J3AZQKVDVP6T
casmtxl_01JQE430YP2GNS08HN5TC07CAJ	Bangladesh	txr_01JNX8H0S9X07PTNVN7PBW3NXB		0	system	\N	2025-03-28 16:17:15.99+06	2025-03-28 16:27:26.212+06	2025-03-28 16:27:26.212+06	casm_01JQE42RR5XMN3J3AZQKVDVP6T
casmtxl_01JQE4NMW41YPNHRG9W71TEFNJ	Bangladesh	txr_01JNX8H0S9X07PTNVN7PBW3NXB		0	system	\N	2025-03-28 16:27:26.212+06	2025-03-29 21:12:43.925+06	2025-03-29 21:12:43.924+06	casm_01JQE42RR5XMN3J3AZQKVDVP6T
casmtxl_01JQH7CXEJ6QEQB7Q7855P8EE2	Bangladesh	txr_01JNX8H0S9X07PTNVN7PBW3NXB		0	system	\N	2025-03-29 21:12:49.106+06	2025-03-29 21:12:49.106+06	\N	casm_01JQE42RR5XMN3J3AZQKVDVP6T
casmtxl_01JQH7CRCNHTJ52TF9ERDPKMCH	Bangladesh	txr_01JNX8H0S9X07PTNVN7PBW3NXB		0	system	\N	2025-03-29 21:12:43.926+06	2025-03-29 21:12:49.106+06	2025-03-29 21:12:49.105+06	casm_01JQE42RR5XMN3J3AZQKVDVP6T
casmtxl_01JQS3254QV4R1A33BGB2M8E3R	Bangladesh	txr_01JNX8H0S9X07PTNVN7PBW3NXB		0	system	\N	2025-04-01 22:30:57.689+06	2025-04-01 22:30:57.689+06	\N	casm_01JQS324E8NZERVNZ2WPZH7HAC
casmtxl_01JTYC3HNRQ5H091MDC3J6W7BY	Bangladesh	txr_01JNX8H0S9X07PTNVN7PBW3NXB		0	system	\N	2025-05-11 06:32:18.105+06	2025-05-11 06:32:18.105+06	\N	casm_01JTYC3HDGYX85K7GSXPSC8HJ0
casmtxl_01JTZ2FMGVWNCXK4100HK6G549	Bangladesh	txr_01JNX8H0S9X07PTNVN7PBW3NXB		0	system	\N	2025-05-11 13:03:22.908+06	2025-05-11 13:03:22.908+06	\N	casm_01JTZ2FM82DZAZ932A9WMPFD05
casmtxl_01JV2HYGRKZMH7T2GRETECPJ68	Bangladesh	txr_01JNX8H0S9X07PTNVN7PBW3NXB		0	system	\N	2025-05-12 21:31:22.517+06	2025-05-12 21:31:22.517+06	\N	casm_01JV2HYFAWB803MM0X983FMN5T
casmtxl_01JV6SRDJEBXAASBC9FK3T8PFV	Bangladesh	txr_01JNX8H0S9X07PTNVN7PBW3NXB		0	system	\N	2025-05-14 13:04:48.974+06	2025-05-14 13:04:48.974+06	\N	casm_01JV6SRD88J2XBJ7XB5XFD9BB5
casmtxl_01JV85C30654S1ZNYXD5GWTF60	Bangladesh	txr_01JNX8H0S9X07PTNVN7PBW3NXB		0	system	\N	2025-05-15 01:47:02.278+06	2025-05-15 01:47:02.278+06	\N	casm_01JV85C2P427DSJN8DQV01BY1F
casmtxl_01JV85G0Z20292Q638NJMJ66NX	Bangladesh	txr_01JNX8H0S9X07PTNVN7PBW3NXB		0	system	\N	2025-05-15 01:49:11.267+06	2025-05-15 01:49:11.267+06	\N	casm_01JV85G0N1YTQXEN6YZ6TE5ZZJ
casmtxl_01JVAG382W07VDFFF29A0J5T84	Bangladesh	txr_01JNX8H0S9X07PTNVN7PBW3NXB		0	system	\N	2025-05-15 23:32:55.772+06	2025-05-15 23:32:55.772+06	\N	casm_01JVAG37KGC1NEG4Q9Y2D7HKQN
casmtxl_01JVAH3HKSRGFHBXN7MA07MPF0	Bangladesh	txr_01JNX8H0S9X07PTNVN7PBW3NXB		0	system	\N	2025-05-15 23:50:34.106+06	2025-05-15 23:50:34.106+06	\N	casm_01JVAH3H4T51YP5379V09GYX90
casmtxl_01JVAKPPSTT32TFVK72FGYMWGY	Bangladesh	txr_01JNX8H0S9X07PTNVN7PBW3NXB		0	system	\N	2025-05-16 00:35:59.163+06	2025-05-16 00:35:59.163+06	\N	casm_01JVAKPPG5NV8AVWF58YK31QCT
casmtxl_01JVANP99TAHQ6XSAEQEGFWEYK	Bangladesh	txr_01JNX8H0S9X07PTNVN7PBW3NXB		0	system	\N	2025-05-16 01:10:42.491+06	2025-05-16 01:10:42.491+06	\N	casm_01JVANP8ZPGHDX9P8ND08ZBR1P
casmtxl_01JVAQEZNJKQGDMPB7BEZBEQVR	Bangladesh	txr_01JNX8H0S9X07PTNVN7PBW3NXB		0	system	\N	2025-05-16 01:41:40.403+06	2025-05-16 01:41:40.403+06	\N	casm_01JVAQEZBTWY8HJ0PQA1PT5MBD
casmtxl_01JVAQNEEK5AWY5JN95R9Y4Z0J	Bangladesh	txr_01JNX8H0S9X07PTNVN7PBW3NXB		0	system	\N	2025-05-16 01:45:12.148+06	2025-05-16 01:45:12.148+06	\N	casm_01JVAQNE1Z6NW3T8PXM7QMBN3T
casmtxl_01JVB15K858RJQFBKJSKTF4CJG	Bangladesh	txr_01JNX8H0S9X07PTNVN7PBW3NXB		0	system	\N	2025-05-16 04:31:18.534+06	2025-05-16 04:31:18.534+06	\N	casm_01JVB15JXYFXCQX0A1BAJ6KC17
casmtxl_01JVC7YJNVXSABZCP5QP2AXBH7	Bangladesh	txr_01JNX8H0S9X07PTNVN7PBW3NXB		0	system	\N	2025-05-16 15:49:03.035+06	2025-05-16 15:49:03.035+06	\N	casm_01JVC7YJ9GJRMJC2RY2KCDZ6JP
casmtxl_01JVSVG3QWWV7CQ0AJV8EQXH3M	Bangladesh	txr_01JNX8H0S9X07PTNVN7PBW3NXB		0	system	\N	2025-05-21 22:40:48.125+06	2025-05-21 22:40:48.125+06	\N	casm_01JVSVFDXS87AM6ZV4DKRDZSY0
casmtxl_01JVSVFE6F2GNYGMGXWHS731ZN	Bangladesh	txr_01JNX8H0S9X07PTNVN7PBW3NXB		0	system	\N	2025-05-21 22:40:26.063+06	2025-05-21 22:40:48.125+06	2025-05-21 22:40:48.124+06	casm_01JVSVFDXS87AM6ZV4DKRDZSY0
casmtxl_01JWPANJAXG50P52BPM20DMQFG	Bangladesh	txr_01JNX8H0S9X07PTNVN7PBW3NXB		0	system	\N	2025-06-02 00:04:39.646+06	2025-06-02 00:04:39.646+06	\N	casm_01JWPANJ4N8YYN38SSP4PX2WJ0
casmtxl_01JWPBFBD3JQKWACRHX8B4ZG0N	Bangladesh	txr_01JNX8H0S9X07PTNVN7PBW3NXB		0	system	\N	2025-06-02 00:18:44.516+06	2025-06-02 00:18:44.516+06	\N	casm_01JWPBFB4FD8H5MHNYQZR56QEA
casmtxl_01JWR1GEEPVBDZS10MZQ30DMQK	Bangladesh	txr_01JNX8H0S9X07PTNVN7PBW3NXB		0	system	\N	2025-06-02 16:03:03.511+06	2025-06-02 16:03:03.511+06	\N	casm_01JWR1GE83Q9KHFAH1F4K16515
casmtxl_01JWR1HFXNV4ACR0PD4S0ZZZH4	Bangladesh	txr_01JNX8H0S9X07PTNVN7PBW3NXB		0	system	\N	2025-06-02 16:03:37.782+06	2025-06-02 16:03:37.782+06	\N	casm_01JWR1HFNT5YZ3TRMC49Y5KHP3
casmtxl_01JWR42GZMCFT8H8TY8YF7EN03	Bangladesh	txr_01JNX8H0S9X07PTNVN7PBW3NXB		0	system	\N	2025-06-02 16:47:53.077+06	2025-06-02 16:47:53.077+06	\N	casm_01JWR42GQQB4FYSF6G91CP2HJF
casmtxl_01JWR488MXHDP5VR88XQ8Y601N	Bangladesh	txr_01JNX8H0S9X07PTNVN7PBW3NXB		0	system	\N	2025-06-02 16:51:01.149+06	2025-06-02 16:51:01.149+06	\N	casm_01JWR488DP4MEWENZTJPQ94166
casmtxl_01JWR50KNTEDSDAXF46HPXWPFV	Bangladesh	txr_01JNX8H0S9X07PTNVN7PBW3NXB		0	system	\N	2025-06-02 17:04:18.874+06	2025-06-02 17:04:18.874+06	\N	casm_01JWR50KECFYEK0GY66Y5RJ1KQ
casmtxl_01JWR56TCF8GFV0CC6TYCNYNB3	Bangladesh	txr_01JNX8H0S9X07PTNVN7PBW3NXB		0	system	\N	2025-06-02 17:07:42.351+06	2025-06-02 17:07:42.351+06	\N	casm_01JWR56T4NVVS7ED1PSZ6HQ1MD
casmtxl_01JWR6GD4NQHQMB8E5P7X3EPKP	Bangladesh	txr_01JNX8H0S9X07PTNVN7PBW3NXB		0	system	\N	2025-06-02 17:30:25.045+06	2025-06-02 17:30:25.045+06	\N	casm_01JWR6GCW7SNF4B6NCYZT0KVBB
casmtxl_01JWR6RNT63E8H36N7D2VWM9F4	Bangladesh	txr_01JNX8H0S9X07PTNVN7PBW3NXB		0	system	\N	2025-06-02 17:34:56.07+06	2025-06-02 17:34:56.07+06	\N	casm_01JWR6RNJQ34EB7H9YCY095WQ1
casmtxl_01JWR7K69QEDFKVMP6JVEDA2DS	Bangladesh	txr_01JNX8H0S9X07PTNVN7PBW3NXB		0	system	\N	2025-06-02 17:49:24.919+06	2025-06-02 17:49:24.919+06	\N	casm_01JWR7K624WNJ1RTHZ0ZTG3R7V
casmtxl_01JWR8RPYY4ADY37H8T0E35Q91	Bangladesh	txr_01JNX8H0S9X07PTNVN7PBW3NXB		0	system	\N	2025-06-02 18:09:54.398+06	2025-06-02 18:09:54.398+06	\N	casm_01JWR8RPQ7JD0N3NQCW548QPRD
casmtxl_01JY1QMXY620DPBEVNT957E2JA	Bangladesh	txr_01JNX8H0S9X07PTNVN7PBW3NXB		0	system	\N	2025-06-18 20:38:50.822+06	2025-06-18 20:38:50.822+06	\N	casm_01JY1QMXN7DDH8JWW4ENJAB5PQ
\.


--
-- Data for Name: currency; Type: TABLE DATA; Schema: public; Owner: -
--

COPY public.currency (code, symbol, symbol_native, decimal_digits, rounding, raw_rounding, name, created_at, updated_at, deleted_at) FROM stdin;
usd	$	$	2	0	{"value": "0", "precision": 20}	US Dollar	2025-02-16 16:29:36.761+06	2025-02-16 16:29:36.761+06	\N
cad	CA$	$	2	0	{"value": "0", "precision": 20}	Canadian Dollar	2025-02-16 16:29:36.762+06	2025-02-16 16:29:36.762+06	\N
eur			2	0	{"value": "0", "precision": 20}	Euro	2025-02-16 16:29:36.762+06	2025-02-16 16:29:36.762+06	\N
aed	AED	..	2	0	{"value": "0", "precision": 20}	United Arab Emirates Dirham	2025-02-16 16:29:36.762+06	2025-02-16 16:29:36.762+06	\N
afn	Af		0	0	{"value": "0", "precision": 20}	Afghan Afghani	2025-02-16 16:29:36.762+06	2025-02-16 16:29:36.762+06	\N
all	ALL	Lek	0	0	{"value": "0", "precision": 20}	Albanian Lek	2025-02-16 16:29:36.762+06	2025-02-16 16:29:36.762+06	\N
amd	AMD	.	0	0	{"value": "0", "precision": 20}	Armenian Dram	2025-02-16 16:29:36.762+06	2025-02-16 16:29:36.762+06	\N
ars	AR$	$	2	0	{"value": "0", "precision": 20}	Argentine Peso	2025-02-16 16:29:36.762+06	2025-02-16 16:29:36.762+06	\N
aud	AU$	$	2	0	{"value": "0", "precision": 20}	Australian Dollar	2025-02-16 16:29:36.762+06	2025-02-16 16:29:36.762+06	\N
azn	man.	.	2	0	{"value": "0", "precision": 20}	Azerbaijani Manat	2025-02-16 16:29:36.762+06	2025-02-16 16:29:36.762+06	\N
bam	KM	KM	2	0	{"value": "0", "precision": 20}	Bosnia-Herzegovina Convertible Mark	2025-02-16 16:29:36.762+06	2025-02-16 16:29:36.762+06	\N
bdt	Tk		2	0	{"value": "0", "precision": 20}	Bangladeshi Taka	2025-02-16 16:29:36.762+06	2025-02-16 16:29:36.762+06	\N
bgn	BGN	.	2	0	{"value": "0", "precision": 20}	Bulgarian Lev	2025-02-16 16:29:36.762+06	2025-02-16 16:29:36.762+06	\N
bhd	BD	..	3	0	{"value": "0", "precision": 20}	Bahraini Dinar	2025-02-16 16:29:36.762+06	2025-02-16 16:29:36.762+06	\N
bif	FBu	FBu	0	0	{"value": "0", "precision": 20}	Burundian Franc	2025-02-16 16:29:36.762+06	2025-02-16 16:29:36.762+06	\N
bnd	BN$	$	2	0	{"value": "0", "precision": 20}	Brunei Dollar	2025-02-16 16:29:36.762+06	2025-02-16 16:29:36.762+06	\N
bob	Bs	Bs	2	0	{"value": "0", "precision": 20}	Bolivian Boliviano	2025-02-16 16:29:36.762+06	2025-02-16 16:29:36.762+06	\N
brl	R$	R$	2	0	{"value": "0", "precision": 20}	Brazilian Real	2025-02-16 16:29:36.762+06	2025-02-16 16:29:36.762+06	\N
bwp	BWP	P	2	0	{"value": "0", "precision": 20}	Botswanan Pula	2025-02-16 16:29:36.762+06	2025-02-16 16:29:36.762+06	\N
byn	Br	.	2	0	{"value": "0", "precision": 20}	Belarusian Ruble	2025-02-16 16:29:36.762+06	2025-02-16 16:29:36.762+06	\N
bzd	BZ$	$	2	0	{"value": "0", "precision": 20}	Belize Dollar	2025-02-16 16:29:36.762+06	2025-02-16 16:29:36.762+06	\N
cdf	CDF	FrCD	2	0	{"value": "0", "precision": 20}	Congolese Franc	2025-02-16 16:29:36.762+06	2025-02-16 16:29:36.762+06	\N
chf	CHF	CHF	2	0.05	{"value": "0.05", "precision": 20}	Swiss Franc	2025-02-16 16:29:36.762+06	2025-02-16 16:29:36.762+06	\N
clp	CL$	$	0	0	{"value": "0", "precision": 20}	Chilean Peso	2025-02-16 16:29:36.762+06	2025-02-16 16:29:36.762+06	\N
cny	CN	CN	2	0	{"value": "0", "precision": 20}	Chinese Yuan	2025-02-16 16:29:36.762+06	2025-02-16 16:29:36.762+06	\N
cop	CO$	$	0	0	{"value": "0", "precision": 20}	Colombian Peso	2025-02-16 16:29:36.762+06	2025-02-16 16:29:36.762+06	\N
crc			0	0	{"value": "0", "precision": 20}	Costa Rican Coln	2025-02-16 16:29:36.762+06	2025-02-16 16:29:36.762+06	\N
cve	CV$	CV$	2	0	{"value": "0", "precision": 20}	Cape Verdean Escudo	2025-02-16 16:29:36.762+06	2025-02-16 16:29:36.762+06	\N
czk	K	K	2	0	{"value": "0", "precision": 20}	Czech Republic Koruna	2025-02-16 16:29:36.762+06	2025-02-16 16:29:36.762+06	\N
djf	Fdj	Fdj	0	0	{"value": "0", "precision": 20}	Djiboutian Franc	2025-02-16 16:29:36.762+06	2025-02-16 16:29:36.762+06	\N
dkk	Dkr	kr	2	0	{"value": "0", "precision": 20}	Danish Krone	2025-02-16 16:29:36.762+06	2025-02-16 16:29:36.762+06	\N
dop	RD$	RD$	2	0	{"value": "0", "precision": 20}	Dominican Peso	2025-02-16 16:29:36.762+06	2025-02-16 16:29:36.762+06	\N
dzd	DA	..	2	0	{"value": "0", "precision": 20}	Algerian Dinar	2025-02-16 16:29:36.762+06	2025-02-16 16:29:36.762+06	\N
eek	Ekr	kr	2	0	{"value": "0", "precision": 20}	Estonian Kroon	2025-02-16 16:29:36.762+06	2025-02-16 16:29:36.762+06	\N
egp	EGP	..	2	0	{"value": "0", "precision": 20}	Egyptian Pound	2025-02-16 16:29:36.762+06	2025-02-16 16:29:36.762+06	\N
ern	Nfk	Nfk	2	0	{"value": "0", "precision": 20}	Eritrean Nakfa	2025-02-16 16:29:36.762+06	2025-02-16 16:29:36.762+06	\N
etb	Br	Br	2	0	{"value": "0", "precision": 20}	Ethiopian Birr	2025-02-16 16:29:36.762+06	2025-02-16 16:29:36.762+06	\N
gbp			2	0	{"value": "0", "precision": 20}	British Pound Sterling	2025-02-16 16:29:36.762+06	2025-02-16 16:29:36.762+06	\N
gel	GEL	GEL	2	0	{"value": "0", "precision": 20}	Georgian Lari	2025-02-16 16:29:36.762+06	2025-02-16 16:29:36.762+06	\N
ghs	GH	GH	2	0	{"value": "0", "precision": 20}	Ghanaian Cedi	2025-02-16 16:29:36.762+06	2025-02-16 16:29:36.762+06	\N
gnf	FG	FG	0	0	{"value": "0", "precision": 20}	Guinean Franc	2025-02-16 16:29:36.762+06	2025-02-16 16:29:36.762+06	\N
gtq	GTQ	Q	2	0	{"value": "0", "precision": 20}	Guatemalan Quetzal	2025-02-16 16:29:36.762+06	2025-02-16 16:29:36.762+06	\N
hkd	HK$	$	2	0	{"value": "0", "precision": 20}	Hong Kong Dollar	2025-02-16 16:29:36.763+06	2025-02-16 16:29:36.763+06	\N
hnl	HNL	L	2	0	{"value": "0", "precision": 20}	Honduran Lempira	2025-02-16 16:29:36.763+06	2025-02-16 16:29:36.763+06	\N
hrk	kn	kn	2	0	{"value": "0", "precision": 20}	Croatian Kuna	2025-02-16 16:29:36.763+06	2025-02-16 16:29:36.763+06	\N
huf	Ft	Ft	0	0	{"value": "0", "precision": 20}	Hungarian Forint	2025-02-16 16:29:36.763+06	2025-02-16 16:29:36.763+06	\N
idr	Rp	Rp	0	0	{"value": "0", "precision": 20}	Indonesian Rupiah	2025-02-16 16:29:36.763+06	2025-02-16 16:29:36.763+06	\N
ils			2	0	{"value": "0", "precision": 20}	Israeli New Sheqel	2025-02-16 16:29:36.763+06	2025-02-16 16:29:36.763+06	\N
inr	Rs		2	0	{"value": "0", "precision": 20}	Indian Rupee	2025-02-16 16:29:36.763+06	2025-02-16 16:29:36.763+06	\N
iqd	IQD	..	0	0	{"value": "0", "precision": 20}	Iraqi Dinar	2025-02-16 16:29:36.763+06	2025-02-16 16:29:36.763+06	\N
irr	IRR		0	0	{"value": "0", "precision": 20}	Iranian Rial	2025-02-16 16:29:36.763+06	2025-02-16 16:29:36.763+06	\N
isk	Ikr	kr	0	0	{"value": "0", "precision": 20}	Icelandic Krna	2025-02-16 16:29:36.763+06	2025-02-16 16:29:36.763+06	\N
jmd	J$	$	2	0	{"value": "0", "precision": 20}	Jamaican Dollar	2025-02-16 16:29:36.763+06	2025-02-16 16:29:36.763+06	\N
jod	JD	..	3	0	{"value": "0", "precision": 20}	Jordanian Dinar	2025-02-16 16:29:36.763+06	2025-02-16 16:29:36.763+06	\N
jpy			0	0	{"value": "0", "precision": 20}	Japanese Yen	2025-02-16 16:29:36.763+06	2025-02-16 16:29:36.763+06	\N
kes	Ksh	Ksh	2	0	{"value": "0", "precision": 20}	Kenyan Shilling	2025-02-16 16:29:36.763+06	2025-02-16 16:29:36.763+06	\N
khr	KHR		2	0	{"value": "0", "precision": 20}	Cambodian Riel	2025-02-16 16:29:36.763+06	2025-02-16 16:29:36.763+06	\N
kmf	CF	FC	0	0	{"value": "0", "precision": 20}	Comorian Franc	2025-02-16 16:29:36.763+06	2025-02-16 16:29:36.763+06	\N
krw			0	0	{"value": "0", "precision": 20}	South Korean Won	2025-02-16 16:29:36.763+06	2025-02-16 16:29:36.763+06	\N
kwd	KD	..	3	0	{"value": "0", "precision": 20}	Kuwaiti Dinar	2025-02-16 16:29:36.763+06	2025-02-16 16:29:36.763+06	\N
kzt	KZT	.	2	0	{"value": "0", "precision": 20}	Kazakhstani Tenge	2025-02-16 16:29:36.763+06	2025-02-16 16:29:36.763+06	\N
lbp	LB	..	0	0	{"value": "0", "precision": 20}	Lebanese Pound	2025-02-16 16:29:36.763+06	2025-02-16 16:29:36.763+06	\N
lkr	SLRs	SL Re	2	0	{"value": "0", "precision": 20}	Sri Lankan Rupee	2025-02-16 16:29:36.763+06	2025-02-16 16:29:36.763+06	\N
ltl	Lt	Lt	2	0	{"value": "0", "precision": 20}	Lithuanian Litas	2025-02-16 16:29:36.763+06	2025-02-16 16:29:36.763+06	\N
lvl	Ls	Ls	2	0	{"value": "0", "precision": 20}	Latvian Lats	2025-02-16 16:29:36.763+06	2025-02-16 16:29:36.763+06	\N
lyd	LD	..	3	0	{"value": "0", "precision": 20}	Libyan Dinar	2025-02-16 16:29:36.763+06	2025-02-16 16:29:36.763+06	\N
mad	MAD	..	2	0	{"value": "0", "precision": 20}	Moroccan Dirham	2025-02-16 16:29:36.763+06	2025-02-16 16:29:36.763+06	\N
mdl	MDL	MDL	2	0	{"value": "0", "precision": 20}	Moldovan Leu	2025-02-16 16:29:36.763+06	2025-02-16 16:29:36.763+06	\N
mga	MGA	MGA	0	0	{"value": "0", "precision": 20}	Malagasy Ariary	2025-02-16 16:29:36.763+06	2025-02-16 16:29:36.763+06	\N
mkd	MKD	MKD	2	0	{"value": "0", "precision": 20}	Macedonian Denar	2025-02-16 16:29:36.763+06	2025-02-16 16:29:36.763+06	\N
mmk	MMK	K	0	0	{"value": "0", "precision": 20}	Myanma Kyat	2025-02-16 16:29:36.763+06	2025-02-16 16:29:36.763+06	\N
mnt	MNT		0	0	{"value": "0", "precision": 20}	Mongolian Tugrig	2025-02-16 16:29:36.763+06	2025-02-16 16:29:36.763+06	\N
mop	MOP$	MOP$	2	0	{"value": "0", "precision": 20}	Macanese Pataca	2025-02-16 16:29:36.763+06	2025-02-16 16:29:36.763+06	\N
mur	MURs	MURs	0	0	{"value": "0", "precision": 20}	Mauritian Rupee	2025-02-16 16:29:36.763+06	2025-02-16 16:29:36.763+06	\N
mxn	MX$	$	2	0	{"value": "0", "precision": 20}	Mexican Peso	2025-02-16 16:29:36.763+06	2025-02-16 16:29:36.763+06	\N
myr	RM	RM	2	0	{"value": "0", "precision": 20}	Malaysian Ringgit	2025-02-16 16:29:36.763+06	2025-02-16 16:29:36.763+06	\N
mzn	MTn	MTn	2	0	{"value": "0", "precision": 20}	Mozambican Metical	2025-02-16 16:29:36.763+06	2025-02-16 16:29:36.763+06	\N
nad	N$	N$	2	0	{"value": "0", "precision": 20}	Namibian Dollar	2025-02-16 16:29:36.763+06	2025-02-16 16:29:36.763+06	\N
ngn			2	0	{"value": "0", "precision": 20}	Nigerian Naira	2025-02-16 16:29:36.763+06	2025-02-16 16:29:36.763+06	\N
nio	C$	C$	2	0	{"value": "0", "precision": 20}	Nicaraguan Crdoba	2025-02-16 16:29:36.763+06	2025-02-16 16:29:36.763+06	\N
nok	Nkr	kr	2	0	{"value": "0", "precision": 20}	Norwegian Krone	2025-02-16 16:29:36.763+06	2025-02-16 16:29:36.763+06	\N
npr	NPRs		2	0	{"value": "0", "precision": 20}	Nepalese Rupee	2025-02-16 16:29:36.763+06	2025-02-16 16:29:36.763+06	\N
nzd	NZ$	$	2	0	{"value": "0", "precision": 20}	New Zealand Dollar	2025-02-16 16:29:36.763+06	2025-02-16 16:29:36.763+06	\N
omr	OMR	..	3	0	{"value": "0", "precision": 20}	Omani Rial	2025-02-16 16:29:36.763+06	2025-02-16 16:29:36.763+06	\N
pab	B/.	B/.	2	0	{"value": "0", "precision": 20}	Panamanian Balboa	2025-02-16 16:29:36.763+06	2025-02-16 16:29:36.763+06	\N
pen	S/.	S/.	2	0	{"value": "0", "precision": 20}	Peruvian Nuevo Sol	2025-02-16 16:29:36.763+06	2025-02-16 16:29:36.763+06	\N
php			2	0	{"value": "0", "precision": 20}	Philippine Peso	2025-02-16 16:29:36.763+06	2025-02-16 16:29:36.763+06	\N
pkr	PKRs		0	0	{"value": "0", "precision": 20}	Pakistani Rupee	2025-02-16 16:29:36.763+06	2025-02-16 16:29:36.763+06	\N
pln	z	z	2	0	{"value": "0", "precision": 20}	Polish Zloty	2025-02-16 16:29:36.763+06	2025-02-16 16:29:36.763+06	\N
pyg			0	0	{"value": "0", "precision": 20}	Paraguayan Guarani	2025-02-16 16:29:36.763+06	2025-02-16 16:29:36.763+06	\N
qar	QR	..	2	0	{"value": "0", "precision": 20}	Qatari Rial	2025-02-16 16:29:36.763+06	2025-02-16 16:29:36.763+06	\N
ron	RON	RON	2	0	{"value": "0", "precision": 20}	Romanian Leu	2025-02-16 16:29:36.763+06	2025-02-16 16:29:36.763+06	\N
rsd	din.	.	0	0	{"value": "0", "precision": 20}	Serbian Dinar	2025-02-16 16:29:36.764+06	2025-02-16 16:29:36.764+06	\N
rub	RUB	.	2	0	{"value": "0", "precision": 20}	Russian Ruble	2025-02-16 16:29:36.764+06	2025-02-16 16:29:36.764+06	\N
rwf	RWF	FR	0	0	{"value": "0", "precision": 20}	Rwandan Franc	2025-02-16 16:29:36.764+06	2025-02-16 16:29:36.764+06	\N
sar	SR	..	2	0	{"value": "0", "precision": 20}	Saudi Riyal	2025-02-16 16:29:36.764+06	2025-02-16 16:29:36.764+06	\N
sdg	SDG	SDG	2	0	{"value": "0", "precision": 20}	Sudanese Pound	2025-02-16 16:29:36.764+06	2025-02-16 16:29:36.764+06	\N
sek	Skr	kr	2	0	{"value": "0", "precision": 20}	Swedish Krona	2025-02-16 16:29:36.764+06	2025-02-16 16:29:36.764+06	\N
sgd	S$	$	2	0	{"value": "0", "precision": 20}	Singapore Dollar	2025-02-16 16:29:36.764+06	2025-02-16 16:29:36.764+06	\N
sos	Ssh	Ssh	0	0	{"value": "0", "precision": 20}	Somali Shilling	2025-02-16 16:29:36.764+06	2025-02-16 16:29:36.764+06	\N
syp	SY	..	0	0	{"value": "0", "precision": 20}	Syrian Pound	2025-02-16 16:29:36.764+06	2025-02-16 16:29:36.764+06	\N
thb			2	0	{"value": "0", "precision": 20}	Thai Baht	2025-02-16 16:29:36.764+06	2025-02-16 16:29:36.764+06	\N
tnd	DT	..	3	0	{"value": "0", "precision": 20}	Tunisian Dinar	2025-02-16 16:29:36.764+06	2025-02-16 16:29:36.764+06	\N
top	T$	T$	2	0	{"value": "0", "precision": 20}	Tongan Paanga	2025-02-16 16:29:36.764+06	2025-02-16 16:29:36.764+06	\N
try			2	0	{"value": "0", "precision": 20}	Turkish Lira	2025-02-16 16:29:36.764+06	2025-02-16 16:29:36.764+06	\N
ttd	TT$	$	2	0	{"value": "0", "precision": 20}	Trinidad and Tobago Dollar	2025-02-16 16:29:36.764+06	2025-02-16 16:29:36.764+06	\N
twd	NT$	NT$	2	0	{"value": "0", "precision": 20}	New Taiwan Dollar	2025-02-16 16:29:36.764+06	2025-02-16 16:29:36.764+06	\N
tzs	TSh	TSh	0	0	{"value": "0", "precision": 20}	Tanzanian Shilling	2025-02-16 16:29:36.764+06	2025-02-16 16:29:36.764+06	\N
uah			2	0	{"value": "0", "precision": 20}	Ukrainian Hryvnia	2025-02-16 16:29:36.764+06	2025-02-16 16:29:36.764+06	\N
ugx	USh	USh	0	0	{"value": "0", "precision": 20}	Ugandan Shilling	2025-02-16 16:29:36.764+06	2025-02-16 16:29:36.764+06	\N
uyu	$U	$	2	0	{"value": "0", "precision": 20}	Uruguayan Peso	2025-02-16 16:29:36.764+06	2025-02-16 16:29:36.764+06	\N
uzs	UZS	UZS	0	0	{"value": "0", "precision": 20}	Uzbekistan Som	2025-02-16 16:29:36.764+06	2025-02-16 16:29:36.764+06	\N
vef	Bs.F.	Bs.F.	2	0	{"value": "0", "precision": 20}	Venezuelan Bolvar	2025-02-16 16:29:36.764+06	2025-02-16 16:29:36.764+06	\N
vnd			0	0	{"value": "0", "precision": 20}	Vietnamese Dong	2025-02-16 16:29:36.764+06	2025-02-16 16:29:36.764+06	\N
xaf	FCFA	FCFA	0	0	{"value": "0", "precision": 20}	CFA Franc BEAC	2025-02-16 16:29:36.764+06	2025-02-16 16:29:36.764+06	\N
xof	CFA	CFA	0	0	{"value": "0", "precision": 20}	CFA Franc BCEAO	2025-02-16 16:29:36.764+06	2025-02-16 16:29:36.764+06	\N
yer	YR	..	0	0	{"value": "0", "precision": 20}	Yemeni Rial	2025-02-16 16:29:36.764+06	2025-02-16 16:29:36.764+06	\N
zar	R	R	2	0	{"value": "0", "precision": 20}	South African Rand	2025-02-16 16:29:36.764+06	2025-02-16 16:29:36.764+06	\N
zmk	ZK	ZK	0	0	{"value": "0", "precision": 20}	Zambian Kwacha	2025-02-16 16:29:36.764+06	2025-02-16 16:29:36.764+06	\N
zwl	ZWL$	ZWL$	0	0	{"value": "0", "precision": 20}	Zimbabwean Dollar	2025-02-16 16:29:36.764+06	2025-02-16 16:29:36.764+06	\N
\.


--
-- Data for Name: customer; Type: TABLE DATA; Schema: public; Owner: -
--

COPY public.customer (id, company_name, first_name, last_name, email, phone, has_account, metadata, created_at, updated_at, deleted_at, created_by) FROM stdin;
cus_01JWPANFK9ZG6B4PJ4GMTHN7G9	\N	\N	\N	kmosabbir@gmail.com	\N	f	\N	2025-06-02 00:04:36.842+06	2025-06-02 00:04:36.842+06	\N	\N
cus_01JWBW38ZSRJMBDTA8VKVZSE3A	\N	Mosabbir	Khan	mosabbir.fwd@gmail.com	01829463584	t	\N	2025-05-28 22:37:35.865+06	2025-06-18 20:38:14.859+06	\N	\N
\.


--
-- Data for Name: customer_account_holder; Type: TABLE DATA; Schema: public; Owner: -
--

COPY public.customer_account_holder (customer_id, account_holder_id, id, created_at, updated_at, deleted_at) FROM stdin;
\.


--
-- Data for Name: customer_address; Type: TABLE DATA; Schema: public; Owner: -
--

COPY public.customer_address (id, customer_id, address_name, is_default_shipping, is_default_billing, company, first_name, last_name, address_1, address_2, city, country_code, province, postal_code, phone, metadata, created_at, updated_at, deleted_at) FROM stdin;
\.


--
-- Data for Name: customer_group; Type: TABLE DATA; Schema: public; Owner: -
--

COPY public.customer_group (id, name, metadata, created_by, created_at, updated_at, deleted_at) FROM stdin;
\.


--
-- Data for Name: customer_group_customer; Type: TABLE DATA; Schema: public; Owner: -
--

COPY public.customer_group_customer (id, customer_id, customer_group_id, metadata, created_at, updated_at, created_by, deleted_at) FROM stdin;
\.


--
-- Data for Name: fulfillment; Type: TABLE DATA; Schema: public; Owner: -
--

COPY public.fulfillment (id, location_id, packed_at, shipped_at, delivered_at, canceled_at, data, provider_id, shipping_option_id, metadata, delivery_address_id, created_at, updated_at, deleted_at, marked_shipped_by, created_by, requires_shipping) FROM stdin;
ful_01JMCNPFK0DX8GB1RKEP82VAAM	sloc_01JM74X773WP7Y9X83MJMV6732	2025-02-18 19:59:25.015+06	\N	2025-02-18 19:59:40.48+06	\N	{}	manual_manual	so_01JM74X7KQ05QC6WQDY4HJPP0R	\N	fuladdr_01JMCNPFK0EQNMK6AYAV06BFX3	2025-02-18 19:59:25.024+06	2025-02-18 19:59:40.493+06	\N	\N	\N	t
ful_01JVAN56VFBGVWEKWB5FKQJFBC	sloc_01JNX89NQNMRYE33K478MMW5MX	2025-05-16 01:01:22.917+06	2025-05-16 01:02:00.225+06	2025-05-16 01:02:03.486+06	\N	{}	manual_manual	so_01JQ78NHXRGT4Y0G3P1NBCPK48	\N	fuladdr_01JVAN56VEZ5R8R8PCVGW1SRJB	2025-05-16 01:01:22.927+06	2025-05-16 01:02:03.51+06	\N	\N	\N	t
ful_01JMPQFFENZ4MAHTTY796EWBCT	sloc_01JM74X773WP7Y9X83MJMV6732	2025-02-22 17:42:56.973+06	2025-02-22 17:43:07.196+06	2025-02-22 17:43:27.914+06	\N	{}	manual_manual	so_01JM74X7KR41WX44NS4Y6ARM7J	\N	fuladdr_01JMPQFFEN16G63A0YNRTX1JZB	2025-02-22 17:42:56.982+06	2025-02-22 17:43:27.926+06	\N	\N	\N	t
ful_01JMZ3G1AW3STVE1M1YW8YX2V9	sloc_01JM74X773WP7Y9X83MJMV6732	2025-02-25 23:46:53.651+06	2025-02-25 23:47:04.013+06	2025-02-25 23:47:06.798+06	\N	{}	manual_manual	so_01JM74X7KQ05QC6WQDY4HJPP0R	\N	fuladdr_01JMZ3G1AW9TA1PMF661A13ZHH	2025-02-25 23:46:53.661+06	2025-02-25 23:47:06.816+06	\N	\N	\N	t
ful_01JNX67ZEBR2C58E1E2Y30SA3Q	sloc_01JM74X773WP7Y9X83MJMV6732	2025-03-09 16:12:08.255+06	\N	\N	\N	{}	manual_manual	so_01JM74X7KR41WX44NS4Y6ARM7J	\N	fuladdr_01JNX67ZEBNSV6S9Z7YAB1C7XQ	2025-03-09 16:12:08.267+06	2025-03-09 16:12:08.267+06	\N	\N	\N	t
ful_01JQH7J1XM5ZVTRSNCBX954J1T	sloc_01JNX89NQNMRYE33K478MMW5MX	2025-03-29 21:15:37.518+06	\N	\N	2025-03-29 21:15:37.716+06	{}	manual_manual	so_01JQ78NHXRGT4Y0G3P1NBCPK48	\N	fuladdr_01JQH7J1XMTN9E98BZAZKRGYK4	2025-03-29 21:15:37.525+06	2025-03-29 21:15:37.725+06	\N	\N	\N	t
ful_01JVANQ4Q6DBDRZJ6B5DH5RTQX	sloc_01JNX89NQNMRYE33K478MMW5MX	2025-05-16 01:11:10.553+06	\N	2025-05-16 01:34:22.044+06	\N	{}	manual_manual	so_01JQ78NHXRGT4Y0G3P1NBCPK48	\N	fuladdr_01JVANQ4Q54DQ32YTPMK75KZ6F	2025-05-16 01:11:10.567+06	2025-05-16 01:34:22.079+06	\N	\N	\N	t
ful_01JQH7JEENYHVGF6WGJ7GHXPNK	sloc_01JNX89NQNMRYE33K478MMW5MX	2025-03-29 21:15:50.349+06	2025-03-29 21:16:04.065+06	2025-03-29 21:16:14.208+06	\N	{}	manual_manual	so_01JQ78NHXRGT4Y0G3P1NBCPK48	\N	fuladdr_01JQH7JEEN6SKMY0N9BGDH9CX8	2025-03-29 21:15:50.357+06	2025-03-29 21:16:14.22+06	\N	\N	\N	t
ful_01JQS39G62JP43BGZ84G9S4CVQ	sloc_01JNX89NQNMRYE33K478MMW5MX	2025-04-01 22:34:58.33+06	\N	2025-04-01 22:35:05.423+06	\N	{}	manual_manual	so_01JQ78NHXRGT4Y0G3P1NBCPK48	\N	fuladdr_01JQS39G61Y5T0EQASBE9VGXH6	2025-04-01 22:34:58.374+06	2025-04-01 22:35:05.452+06	\N	\N	\N	t
ful_01JVAG6R450QN1YNZ4GRWKEEAQ	sloc_01JNX89NQNMRYE33K478MMW5MX	2025-05-15 23:34:50.487+06	\N	2025-05-15 23:35:44.158+06	\N	{}	manual_manual	so_01JQ78NHXRGT4Y0G3P1NBCPK48	\N	fuladdr_01JVAG6R44D8PV2P40PYJQHD9J	2025-05-15 23:34:50.502+06	2025-05-15 23:35:44.182+06	\N	\N	\N	t
ful_01JVAH76N2SMPG5BD4MHPH8XMN	sloc_01JNX89NQNMRYE33K478MMW5MX	2025-05-15 23:52:33.939+06	2025-05-15 23:52:49.885+06	2025-05-15 23:53:11.718+06	\N	{}	manual_manual	so_01JQ78NHXRGT4Y0G3P1NBCPK48	\N	fuladdr_01JVAH76N2SSZ9N9TZ83VR274E	2025-05-15 23:52:33.956+06	2025-05-15 23:53:11.746+06	\N	\N	\N	t
ful_01JVAKS7FHT30KMG15ER96VHQJ	sloc_01JNX89NQNMRYE33K478MMW5MX	2025-05-16 00:37:21.766+06	\N	\N	\N	{}	manual_manual	so_01JQ78NHXRGT4Y0G3P1NBCPK48	\N	fuladdr_01JVAKS7FHC0Q759TXJK2F9KEZ	2025-05-16 00:37:21.779+06	2025-05-16 00:37:21.779+06	\N	\N	\N	t
ful_01JVAM7TBDZJWX5PBTZYMBZ8MW	sloc_01JNX89NQNMRYE33K478MMW5MX	2025-05-16 00:45:19.841+06	2025-05-16 00:45:32.062+06	2025-05-16 00:48:01.959+06	\N	{}	manual_manual	so_01JQ78NHXRGT4Y0G3P1NBCPK48	\N	fuladdr_01JVAM7TBDAYJXA8H7FJZ8FMRT	2025-05-16 00:45:19.856+06	2025-05-16 00:48:01.997+06	\N	\N	\N	t
ful_01JVAMD93AB2RP25XCEYWC2TFQ	sloc_01JNX89NQNMRYE33K478MMW5MX	2025-05-16 00:48:18.778+06	\N	\N	\N	{}	manual_manual	so_01JQ78NHXRGT4Y0G3P1NBCPK48	\N	fuladdr_01JVAMD93AVP3GT4K4CXH7NA0R	2025-05-16 00:48:18.798+06	2025-05-16 00:48:18.798+06	\N	\N	\N	t
ful_01JVAQ48V7W79YEWRPCP3MHN7S	sloc_01JNX89NQNMRYE33K478MMW5MX	2025-05-16 01:35:49.338+06	\N	2025-05-16 01:40:46.471+06	\N	{}	manual_manual	so_01JQ78NHXRGT4Y0G3P1NBCPK48	\N	fuladdr_01JVAQ48V7E5ZM0A54BHTEFX8D	2025-05-16 01:35:49.352+06	2025-05-16 01:40:46.491+06	\N	\N	\N	t
ful_01JVAMK7T2Y1KKDP52KV8568Y7	sloc_01JNX89NQNMRYE33K478MMW5MX	2025-05-16 00:51:34.069+06	2025-05-16 00:52:06.692+06	2025-05-16 00:52:11.333+06	\N	{}	manual_manual	so_01JQ78NHXRGT4Y0G3P1NBCPK48	\N	fuladdr_01JVAMK7T1F0NTE2QW3CRP72CS	2025-05-16 00:51:34.083+06	2025-05-16 00:52:11.353+06	\N	\N	\N	t
ful_01JVAN452PFP3849WNYS84ZSP7	sloc_01JNX89NQNMRYE33K478MMW5MX	2025-05-16 01:00:48.323+06	\N	2025-05-16 01:01:37.502+06	\N	{}	manual_manual	so_01JQ78NHXRGT4Y0G3P1NBCPK48	\N	fuladdr_01JVAN452P59Y10PB3A0M9PW9R	2025-05-16 01:00:48.344+06	2025-05-16 01:01:37.523+06	\N	\N	\N	t
ful_01JVAQD4MC8M58MCHJZYJYEMF8	sloc_01JNX89NQNMRYE33K478MMW5MX	2025-05-16 01:40:39.938+06	\N	2025-05-16 01:40:48.363+06	\N	{}	manual_manual	so_01JQ78NHXRGT4Y0G3P1NBCPK48	\N	fuladdr_01JVAQD4MCCNFWW1R2QZ351GFX	2025-05-16 01:40:39.949+06	2025-05-16 01:40:48.379+06	\N	\N	\N	t
ful_01JWR1J9B7ZD6MNH6NXSC6HQ2W	sloc_01JNX89NQNMRYE33K478MMW5MX	2025-06-02 16:04:03.806+06	\N	2025-06-02 16:04:17.001+06	\N	{}	manual_manual	so_01JQ78NHXRGT4Y0G3P1NBCPK48	\N	fuladdr_01JWR1J9B76PTV0GNPYECNZXX4	2025-06-02 16:04:03.815+06	2025-06-02 16:04:17.012+06	\N	\N	\N	t
ful_01JVAQFSVD33PSCSZ6B1PTQFBC	sloc_01JNX89NQNMRYE33K478MMW5MX	2025-05-16 01:42:07.201+06	2025-05-16 01:42:15.733+06	2025-05-16 01:42:18.349+06	\N	{}	manual_manual	so_01JQ78NHXRGT4Y0G3P1NBCPK48	\N	fuladdr_01JVAQFSVDH2XM99TW51R22GWW	2025-05-16 01:42:07.214+06	2025-05-16 01:42:18.366+06	\N	\N	\N	t
ful_01JVAQQNA30VWB83NX023FT8D2	sloc_01JNX89NQNMRYE33K478MMW5MX	2025-05-16 01:46:24.696+06	2025-05-16 01:46:58.689+06	2025-05-16 01:47:06.697+06	\N	{}	manual_manual	so_01JQ78NHXRGT4Y0G3P1NBCPK48	\N	fuladdr_01JVAQQNA3ZK73DJWPYC3SE5W2	2025-05-16 01:46:24.709+06	2025-05-16 01:47:06.714+06	\N	\N	\N	t
ful_01JWR3WCF8S2GDAJ7J8VAX6WPA	sloc_01JNX89NQNMRYE33K478MMW5MX	2025-06-02 16:44:31.839+06	\N	2025-06-02 16:44:35.329+06	\N	{}	manual_manual	so_01JQ78NHXRGT4Y0G3P1NBCPK48	\N	fuladdr_01JWR3WCF8KYG8RNN8WC0DYKDD	2025-06-02 16:44:31.849+06	2025-06-02 16:44:35.341+06	\N	\N	\N	t
ful_01JWPATD1WF8J3WVZ7BW772P15	sloc_01JNX89NQNMRYE33K478MMW5MX	2025-06-02 00:07:18.066+06	2025-06-02 00:07:27.081+06	2025-06-02 00:07:30.067+06	\N	{}	manual_manual	so_01JQ78NHXRGT4Y0G3P1NBCPK48	\N	fuladdr_01JWPATD1VTN6V8T3FECA2Q01V	2025-06-02 00:07:18.076+06	2025-06-02 00:07:30.078+06	\N	\N	\N	t
ful_01JWPBG3P9277JDFJ1DWXG7YCN	sloc_01JNX89NQNMRYE33K478MMW5MX	2025-06-02 00:19:09.377+06	2025-06-02 00:19:13.655+06	\N	\N	{}	manual_manual	so_01JQ78NHXRGT4Y0G3P1NBCPK48	\N	fuladdr_01JWPBG3P9DW4XRN2B7684HSSG	2025-06-02 00:19:09.385+06	2025-06-02 00:19:13.67+06	\N	\N	\N	t
ful_01JWR43AXB7KVT0EWSVWHYYE19	sloc_01JNX89NQNMRYE33K478MMW5MX	2025-06-02 16:48:19.618+06	\N	2025-06-02 16:48:22.599+06	\N	{}	manual_manual	so_01JQ78NHXRGT4Y0G3P1NBCPK48	\N	fuladdr_01JWR43AXBAC8SXPH004BPRAQE	2025-06-02 16:48:19.628+06	2025-06-02 16:48:22.61+06	\N	\N	\N	t
ful_01JWR4CC8GDZ6A72NQTTJKV0MF	sloc_01JNX89NQNMRYE33K478MMW5MX	2025-06-02 16:53:15.911+06	\N	2025-06-02 16:53:29.496+06	\N	{}	manual_manual	so_01JQ78NHXRGT4Y0G3P1NBCPK48	\N	fuladdr_01JWR4CC8GS11PTY1VFJT5J0J5	2025-06-02 16:53:15.921+06	2025-06-02 16:53:29.51+06	\N	\N	\N	t
ful_01JWR51BAAZ4W29EGCFEGP6KGR	sloc_01JNX89NQNMRYE33K478MMW5MX	2025-06-02 17:04:43.074+06	\N	2025-06-02 17:04:45.879+06	\N	{}	manual_manual	so_01JQ78NHXRGT4Y0G3P1NBCPK48	\N	fuladdr_01JWR51BAA2K8ANGTPVC3Q1804	2025-06-02 17:04:43.083+06	2025-06-02 17:04:45.89+06	\N	\N	\N	t
ful_01JWR580M0XF5R829J5QJWRS1N	sloc_01JNX89NQNMRYE33K478MMW5MX	2025-06-02 17:08:21.495+06	\N	2025-06-02 17:08:24.735+06	\N	{}	manual_manual	so_01JQ78NHXRGT4Y0G3P1NBCPK48	\N	fuladdr_01JWR580M0FZ6X0YNV7K68EQBY	2025-06-02 17:08:21.505+06	2025-06-02 17:08:24.745+06	\N	\N	\N	t
ful_01JWR6H53QSQSA65T8BEEMJN2J	sloc_01JNX89NQNMRYE33K478MMW5MX	2025-06-02 17:30:49.584+06	\N	2025-06-02 17:30:56.871+06	\N	{}	manual_manual	so_01JQ78NHXRGT4Y0G3P1NBCPK48	\N	fuladdr_01JWR6H53Q54826XHX4PPN94DG	2025-06-02 17:30:49.592+06	2025-06-02 17:30:56.883+06	\N	\N	\N	t
ful_01JWR6SANPFWKPZ30JA12FT9SK	sloc_01JNX89NQNMRYE33K478MMW5MX	2025-06-02 17:35:17.424+06	\N	2025-06-02 17:35:21.607+06	\N	{}	manual_manual	so_01JQ78NHXRGT4Y0G3P1NBCPK48	\N	fuladdr_01JWR6SANP1SVGCVJEPSETHQB3	2025-06-02 17:35:17.431+06	2025-06-02 17:35:21.618+06	\N	\N	\N	t
ful_01JWR7KXGPDCQ7RJ8581CFP54N	sloc_01JNX89NQNMRYE33K478MMW5MX	2025-06-02 17:49:48.689+06	\N	2025-06-02 17:50:03.499+06	\N	{}	manual_manual	so_01JQ78NHXRGT4Y0G3P1NBCPK48	\N	fuladdr_01JWR7KXGPM9988Q7AN9C19DG3	2025-06-02 17:49:48.695+06	2025-06-02 17:50:03.511+06	\N	\N	\N	t
ful_01JWR8SEX7K1PPZZYFYH2P1RV9	sloc_01JNX89NQNMRYE33K478MMW5MX	2025-06-02 18:10:18.914+06	\N	2025-06-02 18:10:29.146+06	\N	{}	manual_manual	so_01JQ78NHXRGT4Y0G3P1NBCPK48	\N	fuladdr_01JWR8SEX79HKZYE43XP9MWPDG	2025-06-02 18:10:18.92+06	2025-06-02 18:10:29.157+06	\N	\N	\N	t
\.


--
-- Data for Name: fulfillment_address; Type: TABLE DATA; Schema: public; Owner: -
--

COPY public.fulfillment_address (id, company, first_name, last_name, address_1, address_2, city, country_code, province, postal_code, phone, metadata, created_at, updated_at, deleted_at) FROM stdin;
fuladdr_01JMCNPFK0EQNMK6AYAV06BFX3		Md Mosabbir Hossain	Khan	314/A Ulon,  Rampura		Dhaka	fr		1319	01829463584	\N	2025-02-18 19:56:57.44+06	2025-02-18 19:56:57.44+06	\N
fuladdr_01JMPQFFEN16G63A0YNRTX1JZB		Md Mosabbir Hossain	Khan	314/A Ulon,  Rampura		Dhaka	es		1319	01829463584	\N	2025-02-22 17:40:31.15+06	2025-02-22 17:40:31.15+06	\N
fuladdr_01JMZ3G1AW9TA1PMF661A13ZHH		Md Mosabbir Hossain	Khan	314/A Ulon,  Rampura		Dhaka	de		1319	01829463584	\N	2025-02-25 23:46:16.99+06	2025-02-25 23:46:16.99+06	\N
fuladdr_01JNX67ZEBNSV6S9Z7YAB1C7XQ		Md Mosabbir Hossain	Khan	314/A Ulon,  Rampura		Dhaka	de		1319	01829463584	\N	2025-03-09 16:05:35.912+06	2025-03-09 16:05:35.912+06	\N
fuladdr_01JQH7J1XMTN9E98BZAZKRGYK4		Md Mosabbir	Khan	300/R Banasree		Dhaka	bd		1212	018454545454	\N	2025-03-28 16:17:05.242+06	2025-03-28 16:17:05.242+06	\N
fuladdr_01JQH7JEEN6SKMY0N9BGDH9CX8		Md Mosabbir	Khan	300/R Banasree		Dhaka	bd		1212	018454545454	\N	2025-03-28 16:17:05.242+06	2025-03-28 16:17:05.242+06	\N
fuladdr_01JQS39G61Y5T0EQASBE9VGXH6		Md Mosabbir	Khan	300/R Banasree		Dhaka	bd		1212	018454545454	\N	2025-04-01 22:30:53.021+06	2025-04-01 22:30:53.021+06	\N
fuladdr_01JVAG6R44D8PV2P40PYJQHD9J		Md Mosabbir Hossain	Khan	314/A Ulon,  Rampura		Dhaka	bd		1319	01829463584	\N	2025-05-15 23:32:51.948+06	2025-05-15 23:32:51.948+06	\N
fuladdr_01JVAH76N2SSZ9N9TZ83VR274E		Md Mosabbir Hossain	Khan	314/A Ulon,  Rampura		Dhaka	bd		1319	01829463584	\N	2025-05-15 23:50:30.633+06	2025-05-15 23:50:30.633+06	\N
fuladdr_01JVAKS7FHC0Q759TXJK2F9KEZ		Md Mosabbir Hossain	Khan	314/A Ulon,  Rampura		Dhaka	bd		1319	01829463584	\N	2025-05-16 00:35:56.401+06	2025-05-16 00:35:56.401+06	\N
fuladdr_01JVAM7TBDAYJXA8H7FJZ8FMRT		Md Mosabbir	Khan	300/R Banasree		Dhaka	bd		1212	018454545454	\N	2025-05-14 13:04:45.568+06	2025-05-14 13:04:45.568+06	\N
fuladdr_01JVAMD93AVP3GT4K4CXH7NA0R		Md Mosabbir	Khan	300/R Banasree		Dhaka	bd		1212	018454545454	\N	2025-05-14 13:04:45.568+06	2025-05-14 13:04:45.568+06	\N
fuladdr_01JVAMK7T1F0NTE2QW3CRP72CS		Md Mosabbir	Khan	300/R Banasree		Dhaka	bd		1212	018454545454	\N	2025-05-12 21:31:15.472+06	2025-05-12 21:31:15.472+06	\N
fuladdr_01JVAN452P59Y10PB3A0M9PW9R		Md Mosabbir	Khan	300/R Banasree		Dhaka	bd		1212	018454545454	\N	2025-05-11 13:03:19.707+06	2025-05-11 13:03:19.707+06	\N
fuladdr_01JVAN56VEZ5R8R8PCVGW1SRJB		Md Mosabbir	Khan	300/R Banasree		Dhaka	bd		1212	018454545454	\N	2025-05-11 13:03:19.707+06	2025-05-11 13:03:19.707+06	\N
fuladdr_01JVANQ4Q54DQ32YTPMK75KZ6F		Md Mosabbir Hossain	Khan	314/A Ulon,  Rampura		Dhaka	bd		1319	01829463584	\N	2025-05-16 01:10:39.312+06	2025-05-16 01:10:39.312+06	\N
fuladdr_01JVAQ48V7E5ZM0A54BHTEFX8D		Md Mosabbir	Khan	300/R Banasree		Dhaka	bd		1212	018454545454	\N	2025-05-11 06:32:14.585+06	2025-05-11 06:32:14.585+06	\N
fuladdr_01JVAQD4MCCNFWW1R2QZ351GFX		Md Mosabbir	Khan	300/R Banasree		Dhaka	bd		1212	018454545454	\N	2025-05-11 06:32:14.585+06	2025-05-11 06:32:14.585+06	\N
fuladdr_01JVAQFSVDH2XM99TW51R22GWW		Md Mosabbir Hossain	Khan	314/A Ulon,  Rampura		Dhaka	bd		1319	01829463584	\N	2025-05-16 01:41:36.97+06	2025-05-16 01:41:36.97+06	\N
fuladdr_01JVAQQNA3ZK73DJWPYC3SE5W2		Md Mosabbir Hossain	Khan	314/A Ulon,  Rampura		Dhaka	bd		1319	01829463584	\N	2025-05-16 01:45:09.094+06	2025-05-16 01:45:09.094+06	\N
fuladdr_01JWPATD1VTN6V8T3FECA2Q01V		Md Mosabbir Hossain	Khan	314/A Ulon,  Rampura		Dhaka	bd		1319	01829463584	\N	2025-06-02 00:04:37.183+06	2025-06-02 00:04:37.183+06	\N
fuladdr_01JWPBG3P9DW4XRN2B7684HSSG		Md Mosabbir Hossain	Khan	314/A Ulon,  Rampura		Dhaka	bd		1319	01829463584	\N	2025-06-02 00:18:42.508+06	2025-06-02 00:18:42.508+06	\N
fuladdr_01JWR1J9B76PTV0GNPYECNZXX4		Md Mosabbir Hossain	Khan	314/A Ulon,  Rampura		Dhaka	bd		1319	01829463584	\N	2025-06-02 16:03:35.364+06	2025-06-02 16:03:35.364+06	\N
fuladdr_01JWR3WCF8KYG8RNN8WC0DYKDD		Md Mosabbir Hossain	Khan	314/A Ulon,  Rampura		Dhaka	bd		1319	01829463584	\N	2025-06-02 16:03:01.392+06	2025-06-02 16:03:01.392+06	\N
fuladdr_01JWR43AXBAC8SXPH004BPRAQE		Md Mosabbir Hossain	Khan	314/A Ulon,  Rampura		Dhaka	bd		1319	01829463584	\N	2025-06-02 16:47:50.709+06	2025-06-02 16:47:50.709+06	\N
fuladdr_01JWR4CC8GS11PTY1VFJT5J0J5		Md Mosabbir Hossain	Khan	314/A Ulon,  Rampura		Dhaka	bd		1319	01829463584	\N	2025-06-02 16:50:59.159+06	2025-06-02 16:50:59.159+06	\N
fuladdr_01JWR51BAA2K8ANGTPVC3Q1804		Md Mosabbir Hossain	Khan	314/A Ulon,  Rampura		Dhaka	bd		1319	01829463584	\N	2025-06-02 17:04:17.005+06	2025-06-02 17:04:17.005+06	\N
fuladdr_01JWR580M0FZ6X0YNV7K68EQBY		Md Mosabbir Hossain	Khan	314/A Ulon,  Rampura		Dhaka	bd		1319	01829463584	\N	2025-06-02 17:07:40.616+06	2025-06-02 17:07:40.616+06	\N
fuladdr_01JWR6H53Q54826XHX4PPN94DG		Md Mosabbir Hossain	Khan	314/A Ulon,  Rampura		Dhaka	bd		1319	01829463584	\N	2025-06-02 17:30:22.91+06	2025-06-02 17:30:22.91+06	\N
fuladdr_01JWR6SANP1SVGCVJEPSETHQB3		Md Mosabbir Hossain	Khan	314/A Ulon,  Rampura		Dhaka	bd		1319	01829463584	\N	2025-06-02 17:34:53.793+06	2025-06-02 17:34:53.793+06	\N
fuladdr_01JWR7KXGPM9988Q7AN9C19DG3		Md Mosabbir Hossain	Khan	314/A Ulon,  Rampura		Dhaka	bd		1319	01829463584	\N	2025-06-02 17:49:22.705+06	2025-06-02 17:49:22.705+06	\N
fuladdr_01JWR8SEX79HKZYE43XP9MWPDG		Md Mosabbir Hossain	Khan	314/A Ulon,  Rampura		Dhaka	bd		1319	01829463584	\N	2025-06-02 18:09:52.517+06	2025-06-02 18:09:52.517+06	\N
\.


--
-- Data for Name: fulfillment_item; Type: TABLE DATA; Schema: public; Owner: -
--

COPY public.fulfillment_item (id, title, sku, barcode, quantity, raw_quantity, line_item_id, inventory_item_id, fulfillment_id, created_at, updated_at, deleted_at) FROM stdin;
fulit_01JMCNPFJZ44SJPXSBH8CRQK6E	XL	SWEATSHIRT-XL		1	{"value": "1", "precision": 20}	ordli_01JMCNJAF65E4C4SB1F1YMECS1	iitem_01JM74X8VWCQ66F4FX4FY44ER5	ful_01JMCNPFK0DX8GB1RKEP82VAAM	2025-02-18 19:59:25.025+06	2025-02-18 19:59:25.025+06	\N
fulit_01JMPQFFEM7QGM5BB8439A0MVE	M / Black	SHIRT-M-BLACK		1	{"value": "1", "precision": 20}	ordli_01JMPQDX28GDVCZQSQA6G45V52	iitem_01JM74X8VW5GFVTG8R2CWHX263	ful_01JMPQFFENZ4MAHTTY796EWBCT	2025-02-22 17:42:56.982+06	2025-02-22 17:42:56.982+06	\N
fulit_01JMZ3G1AWS3BRXJK65QG24QFJ	XL / Black	SHIRT-XL-BLACK		2	{"value": "2", "precision": 20}	ordli_01JMZ3F51GA7FF9A6BV5D0G5T6	iitem_01JM74X8VWD8DR0Q58N2X4F7MY	ful_01JMZ3G1AW3STVE1M1YW8YX2V9	2025-02-25 23:46:53.661+06	2025-02-25 23:46:53.661+06	\N
fulit_01JNX67ZEA157XVE8BB8R8464S	No			1	{"value": "1", "precision": 20}	ordli_01JNX61R3ZZEMPF1M29CEJ6ZKF	\N	ful_01JNX67ZEBR2C58E1E2Y30SA3Q	2025-03-09 16:12:08.267+06	2025-03-09 16:12:08.267+06	\N
fulit_01JQH7J1XMDWKG7HZ89YVQV0TD	Include Almonds / Include Honey			5	{"value": "5", "precision": 20}	ordli_01JQH7D5P3CQPSF5RX231EQMHG	\N	ful_01JQH7J1XM5ZVTRSNCBX954J1T	2025-03-29 21:15:37.525+06	2025-03-29 21:15:37.525+06	\N
fulit_01JQH7JEEMCE7ZMG1Z3SHX2NET	Include Almonds / Include Honey			2	{"value": "2", "precision": 20}	ordli_01JQH7D5P3CQPSF5RX231EQMHG	\N	ful_01JQH7JEENYHVGF6WGJ7GHXPNK	2025-03-29 21:15:50.357+06	2025-03-29 21:15:50.357+06	\N
fulit_01JQS39G5XQC8TE5GE8ZHR17G9	Omit Almonds / Include Honey			5	{"value": "5", "precision": 20}	ordli_01JQS32NN9V5MZD5M87P3PMG33	\N	ful_01JQS39G62JP43BGZ84G9S4CVQ	2025-04-01 22:34:58.376+06	2025-04-01 22:34:58.376+06	\N
fulit_01JVAG6R43TMMZBH44NVF1RYDE	Default variant			1	{"value": "1", "precision": 20}	ordli_01JVAG3CT4XG4N73R5VG6R7PR8	\N	ful_01JVAG6R450QN1YNZ4GRWKEEAQ	2025-05-15 23:34:50.503+06	2025-05-15 23:34:50.503+06	\N
fulit_01JVAG6R430WH9PN1XSA40DFJF	Default variant			1	{"value": "1", "precision": 20}	ordli_01JVAG3CT54FYVZYK9JM2TGRM1	\N	ful_01JVAG6R450QN1YNZ4GRWKEEAQ	2025-05-15 23:34:50.503+06	2025-05-15 23:34:50.503+06	\N
fulit_01JVAH76N198RG6JJRXWFBDR2F	Default variant			1	{"value": "1", "precision": 20}	ordli_01JVAH3NBYHEXT291KFYK2TWT8	\N	ful_01JVAH76N2SMPG5BD4MHPH8XMN	2025-05-15 23:52:33.956+06	2025-05-15 23:52:33.956+06	\N
fulit_01JVAKS7FGFSV5SFG201BG1Q7P	Default variant			1	{"value": "1", "precision": 20}	ordli_01JVAKPTPAM6H9A5C9413PMFPF	\N	ful_01JVAKS7FHT30KMG15ER96VHQJ	2025-05-16 00:37:21.779+06	2025-05-16 00:37:21.779+06	\N
fulit_01JVANQ4Q4TYJ7A228SVE8KH78	Default variant			1	{"value": "1", "precision": 20}	ordli_01JVANPD34XTZSNPR8W2SDETJ5	\N	ful_01JVANQ4Q6DBDRZJ6B5DH5RTQX	2025-05-16 01:11:10.567+06	2025-05-16 01:11:10.567+06	\N
fulit_01JVAQFSVCVDQ7DXFZXE2HHR67	Default variant			1	{"value": "1", "precision": 20}	ordli_01JVAQF3C6NM006WESZRJ2XE05	\N	ful_01JVAQFSVD33PSCSZ6B1PTQFBC	2025-05-16 01:42:07.214+06	2025-05-16 01:42:07.214+06	\N
fulit_01JVAQQNA2PR6C2A19WS8KY8PP	Default variant			1	{"value": "1", "precision": 20}	ordli_01JVAQNHXHZZ1XSPH7KT8C19F9	\N	ful_01JVAQQNA30VWB83NX023FT8D2	2025-05-16 01:46:24.71+06	2025-05-16 01:46:24.71+06	\N
fulit_01JWPATD1V22GTBGMQ057CHTBT	Default variant			10	{"value": "10", "precision": 20}	ordli_01JWPASAM7B9ZWB0R2F0ERMY7P	\N	ful_01JWPATD1WF8J3WVZ7BW772P15	2025-06-02 00:07:18.076+06	2025-06-02 00:07:18.076+06	\N
fulit_01JWPBG3P89MQPJEN7GMM6BWR3	Default variant			1	{"value": "1", "precision": 20}	ordli_01JWPBFFD1JS5VPEB3D2XS91XX	\N	ful_01JWPBG3P9277JDFJ1DWXG7YCN	2025-06-02 00:19:09.386+06	2025-06-02 00:19:09.386+06	\N
fulit_01JWR1J9B63AFTJY25TFETPG5K	Default variant			1	{"value": "1", "precision": 20}	ordli_01JWR1HKJ6BQ3M4VR581Q5PY42	\N	ful_01JWR1J9B7ZD6MNH6NXSC6HQ2W	2025-06-02 16:04:03.816+06	2025-06-02 16:04:03.816+06	\N
fulit_01JWR3WCF7PP20V2ZJBAR4AHGA	Default variant			1	{"value": "1", "precision": 20}	ordli_01JWR1GJR31TJC37CP90YR8QXP	\N	ful_01JWR3WCF8S2GDAJ7J8VAX6WPA	2025-06-02 16:44:31.849+06	2025-06-02 16:44:31.849+06	\N
fulit_01JWR3WCF7HH31H0HGA02ZE6QM	Default variant			3	{"value": "3", "precision": 20}	ordli_01JWR1GJR3N5ZKA49EMFVD49AS	\N	ful_01JWR3WCF8S2GDAJ7J8VAX6WPA	2025-06-02 16:44:31.849+06	2025-06-02 16:44:31.849+06	\N
fulit_01JWR43AXBK52J9DZYYPHZRE6Z	Default variant			1	{"value": "1", "precision": 20}	ordli_01JWR42N970NN0780JJKKAGK1H	\N	ful_01JWR43AXB7KVT0EWSVWHYYE19	2025-06-02 16:48:19.628+06	2025-06-02 16:48:19.628+06	\N
fulit_01JWR4CC8FH5YPANMPBMRSB4JQ	Default variant			1	{"value": "1", "precision": 20}	ordli_01JWR48BMMJ5VCZGYT9FF55Q2R	\N	ful_01JWR4CC8GDZ6A72NQTTJKV0MF	2025-06-02 16:53:15.921+06	2025-06-02 16:53:15.921+06	\N
fulit_01JWR51BAAR8X8YV5NTVR1106M	Default variant			1	{"value": "1", "precision": 20}	ordli_01JWR50PZP2MASGZJ28TN0KP89	\N	ful_01JWR51BAAZ4W29EGCFEGP6KGR	2025-06-02 17:04:43.083+06	2025-06-02 17:04:43.083+06	\N
fulit_01JWR580KZ36GP54KTCVJQ02XP	Default variant			1	{"value": "1", "precision": 20}	ordli_01JWR56X8C0DF7PQVZ8MXD4C1F	\N	ful_01JWR580M0XF5R829J5QJWRS1N	2025-06-02 17:08:21.505+06	2025-06-02 17:08:21.505+06	\N
fulit_01JWR6H53PP83WRQAH5MX88YCG	Default variant			1	{"value": "1", "precision": 20}	ordli_01JWR6GFQZ9NWW57RGKH612GDY	\N	ful_01JWR6H53QSQSA65T8BEEMJN2J	2025-06-02 17:30:49.592+06	2025-06-02 17:30:49.592+06	\N
fulit_01JWR6SANNWJ9KKPHXZ26RXHRR	Default variant			1	{"value": "1", "precision": 20}	ordli_01JWR6RRW3PG8571K782V5CF8N	\N	ful_01JWR6SANPFWKPZ30JA12FT9SK	2025-06-02 17:35:17.431+06	2025-06-02 17:35:17.431+06	\N
fulit_01JWR7KXGPZ9B0X3NNMGVH99PJ	Default variant			1	{"value": "1", "precision": 20}	ordli_01JWR7K96DKQR3JBA8YCK82M6E	\N	ful_01JWR7KXGPDCQ7RJ8581CFP54N	2025-06-02 17:49:48.695+06	2025-06-02 17:49:48.695+06	\N
fulit_01JWR8SEX7TQF8NGF7T5GA615Z	Default variant			1	{"value": "1", "precision": 20}	ordli_01JWR8RSXHQC17NFHZ5EERV6HB	\N	ful_01JWR8SEX7K1PPZZYFYH2P1RV9	2025-06-02 18:10:18.92+06	2025-06-02 18:10:18.92+06	\N
\.


--
-- Data for Name: fulfillment_label; Type: TABLE DATA; Schema: public; Owner: -
--

COPY public.fulfillment_label (id, tracking_number, tracking_url, label_url, fulfillment_id, created_at, updated_at, deleted_at) FROM stdin;
fulla_01JVAMM7P1WNGK5ZCH5Y5EHC94	12234324	#	#	ful_01JVAMK7T2Y1KKDP52KV8568Y7	2025-05-16 00:52:06.722+06	2025-05-16 00:52:06.722+06	\N
fulla_01JVAQG26AA5QY0HD938EC5TQ0	1233	#	#	ful_01JVAQFSVD33PSCSZ6B1PTQFBC	2025-05-16 01:42:15.755+06	2025-05-16 01:42:15.755+06	\N
fulla_01JWPATNVSR01XTHEBA8N4RTWP	1234456	#	#	ful_01JWPATD1WF8J3WVZ7BW772P15	2025-06-02 00:07:27.098+06	2025-06-02 00:07:27.098+06	\N
fulla_01JWPATNVSJ9VNX39D1JMVN21K	2142423432	#	#	ful_01JWPATD1WF8J3WVZ7BW772P15	2025-06-02 00:07:27.098+06	2025-06-02 00:07:27.098+06	\N
\.


--
-- Data for Name: fulfillment_provider; Type: TABLE DATA; Schema: public; Owner: -
--

COPY public.fulfillment_provider (id, is_enabled, created_at, updated_at, deleted_at) FROM stdin;
manual_manual	t	2025-02-16 16:29:37.286+06	2025-02-16 16:29:37.286+06	\N
\.


--
-- Data for Name: fulfillment_set; Type: TABLE DATA; Schema: public; Owner: -
--

COPY public.fulfillment_set (id, name, type, metadata, created_at, updated_at, deleted_at) FROM stdin;
fuset_01JM74X7JC4FAYR8WZVYCSYG0C	European Warehouse delivery	shipping	\N	2025-02-16 16:29:48.237+06	2025-03-09 16:47:43.294+06	2025-03-09 16:47:43.294+06
fuset_01JNX89S3AHNDXYYGGWGF20T4E	Local pick up	pickup	\N	2025-03-09 16:48:04.459+06	2025-03-09 16:48:10.225+06	2025-03-09 16:48:10.224+06
fuset_01JNX8A0XB5VMBC18J2ZCQXVRH	Local shipping	shipping	\N	2025-03-09 16:48:12.459+06	2025-03-09 16:48:12.459+06	\N
\.


--
-- Data for Name: geo_zone; Type: TABLE DATA; Schema: public; Owner: -
--

COPY public.geo_zone (id, type, country_code, province_code, city, service_zone_id, postal_expression, metadata, created_at, updated_at, deleted_at) FROM stdin;
fgz_01JM74X7JB31N7KFPMTAWH6QQ6	country	gb	\N	\N	serzo_01JM74X7JCW0ZYQHNZTDQR1N3N	\N	\N	2025-02-16 16:29:48.237+06	2025-03-09 16:47:43.309+06	2025-03-09 16:47:43.294+06
fgz_01JM74X7JBWTW41HS1BDSYGJ87	country	de	\N	\N	serzo_01JM74X7JCW0ZYQHNZTDQR1N3N	\N	\N	2025-02-16 16:29:48.238+06	2025-03-09 16:47:43.309+06	2025-03-09 16:47:43.294+06
fgz_01JM74X7JBQ5SBV01SHJ9E7HH8	country	dk	\N	\N	serzo_01JM74X7JCW0ZYQHNZTDQR1N3N	\N	\N	2025-02-16 16:29:48.238+06	2025-03-09 16:47:43.309+06	2025-03-09 16:47:43.294+06
fgz_01JM74X7JBBSN4JYYEPJM33E12	country	se	\N	\N	serzo_01JM74X7JCW0ZYQHNZTDQR1N3N	\N	\N	2025-02-16 16:29:48.238+06	2025-03-09 16:47:43.309+06	2025-03-09 16:47:43.294+06
fgz_01JM74X7JBSAMDYEB7D09VFJT9	country	fr	\N	\N	serzo_01JM74X7JCW0ZYQHNZTDQR1N3N	\N	\N	2025-02-16 16:29:48.238+06	2025-03-09 16:47:43.31+06	2025-03-09 16:47:43.294+06
fgz_01JM74X7JBTPAFQ4TT1CDE06KN	country	es	\N	\N	serzo_01JM74X7JCW0ZYQHNZTDQR1N3N	\N	\N	2025-02-16 16:29:48.238+06	2025-03-09 16:47:43.31+06	2025-03-09 16:47:43.294+06
fgz_01JM74X7JCKV4QNPS10RHFCX3P	country	it	\N	\N	serzo_01JM74X7JCW0ZYQHNZTDQR1N3N	\N	\N	2025-02-16 16:29:48.238+06	2025-03-09 16:47:43.31+06	2025-03-09 16:47:43.294+06
fgz_01JNX8ANMNQP84Q4PRZJ48PHX4	country	bd	\N	\N	serzo_01JNX8ANMN0CKFYA38DGYD07KK	\N	\N	2025-03-09 16:48:33.686+06	2025-03-09 16:48:33.686+06	\N
\.


--
-- Data for Name: image; Type: TABLE DATA; Schema: public; Owner: -
--

COPY public.image (id, url, metadata, created_at, updated_at, deleted_at, rank, product_id) FROM stdin;
img_01JVSVCX025MM8VCQ8VWDERS5H	https://vmalvylbpzudqhkvpcqj.supabase.co/storage/v1/object/public/nufatahs//1-01JVSVCSPN2QQ2WX5XA8JSRBYF.png	\N	2025-05-21 22:39:02.645194+06	2025-05-21 22:39:02.645194+06	\N	0	prod_01JVSVCWS8G20WMS32E5SJ9Q1R
img_01JVSVCX03DVMM9W4BQV72XFGP	https://vmalvylbpzudqhkvpcqj.supabase.co/storage/v1/object/public/nufatahs//4-01JVSVCSPSQQCVXSB1TZ3387G3.png	\N	2025-05-21 22:39:02.645194+06	2025-05-21 22:39:02.645194+06	\N	1	prod_01JVSVCWS8G20WMS32E5SJ9Q1R
\.


--
-- Data for Name: ingredient; Type: TABLE DATA; Schema: public; Owner: -
--

COPY public.ingredient (id, name, grams, removable, product_id, created_at, updated_at, deleted_at) FROM stdin;
558c6103-8402-49ba-8395-f88c6e595a1e	Honey	200	t	prod_01JNY5E2ZBH7WKY4FT94Z7DYG4	2025-05-14 08:30:09.05753+06	2025-05-14 09:44:19.440265+06	\N
fea2774c-5d54-49c2-91b2-c948ee15d367	Sugar	10	t	prod_01JNY5E2ZBH7WKY4FT94Z7DYG4	2025-05-14 08:27:11.156287+06	2025-05-14 12:01:44.10379+06	\N
4281005e-20f4-4a8c-822e-19b4f46e65c1	Nuts	120	t	prod_01JNY5E2ZBH7WKY4FT94Z7DYG4	2025-05-14 08:56:26.277723+06	2025-05-14 12:01:48.870978+06	2025-05-14 12:01:48.870978+06
482846de-6ace-48d2-aef8-f55d42324d8f	Mosabbir	12	f	prod_01JNY5E2ZBH7WKY4FT94Z7DYG4	2025-05-14 12:05:35.585053+06	2025-05-14 12:05:35.585053+06	\N
d3de53c4-2ba5-4068-85ef-0959080b97a5	123	34	t	prod_01JV858ZAE63830RPWDNTVEYEJ	2025-05-15 01:45:32.465997+06	2025-05-15 01:45:32.465997+06	\N
752decf4-943c-4160-ab7c-5c77a8875761	Nuts	100	t	prod_01JVSVCWS8G20WMS32E5SJ9Q1R	2025-05-21 22:39:20.987489+06	2025-05-21 22:39:20.987489+06	\N
9616de63-ea77-43a5-9c41-c1c263a650a7	Cheese	20	f	prod_01JVSVCWS8G20WMS32E5SJ9Q1R	2025-05-21 22:39:28.192931+06	2025-05-21 22:39:28.192931+06	\N
\.


--
-- Data for Name: inventory_item; Type: TABLE DATA; Schema: public; Owner: -
--

COPY public.inventory_item (id, created_at, updated_at, deleted_at, sku, origin_country, hs_code, mid_code, material, weight, length, height, width, requires_shipping, description, title, thumbnail, metadata) FROM stdin;
iitem_01JM74X8VV1G5BP580PWS06ZHH	2025-02-16 16:29:49.566+06	2025-03-09 16:28:24.339+06	2025-03-09 16:28:24.339+06	SHIRT-S-WHITE	\N	\N	\N	\N	\N	\N	\N	\N	t	S / White	S / White	\N	\N
iitem_01JMPRHZ7XNJTC71Y7THF2TPXJ	2025-02-22 18:01:47.261+06	2025-03-09 16:28:35.623+06	2025-03-09 16:28:35.623+06	\N	\N	\N	\N	\N	\N	\N	\N	\N	t	Yes / Yes	Yes / Yes	\N	\N
iitem_01JMPRHZ7XXJ74NCMTX1AYJHYN	2025-02-22 18:01:47.262+06	2025-03-09 16:28:38.722+06	2025-03-09 16:28:38.722+06	\N	\N	\N	\N	\N	\N	\N	\N	\N	t	Yes / No	Yes / No	\N	\N
iitem_01JMPRHZ7XYBAHAQH4ZGMEBGYY	2025-02-22 18:01:47.262+06	2025-03-09 16:28:42.199+06	2025-03-09 16:28:42.198+06	\N	\N	\N	\N	\N	\N	\N	\N	\N	t	No / Yes	No / Yes	\N	\N
iitem_01JMPRHZ7XZTWTZRJKS0R76QDY	2025-02-22 18:01:47.262+06	2025-03-09 16:28:45.27+06	2025-03-09 16:28:45.27+06	\N	\N	\N	\N	\N	\N	\N	\N	\N	t	No / No	No / No	\N	\N
iitem_01JM74X8VWCFGMHA7X875FYT41	2025-02-16 16:29:49.566+06	2025-03-10 01:13:28.172+06	2025-03-10 01:13:28.172+06	SHIRT-XL-WHITE	\N	\N	\N	\N	\N	\N	\N	\N	t	XL / White	XL / White	\N	\N
iitem_01JM74X8VWY79WNCEVB7EZZHB1	2025-02-16 16:29:49.566+06	2025-03-25 17:40:01.279+06	2025-03-25 17:40:01.264+06	SWEATSHIRT-L	\N	\N	\N	\N	\N	\N	\N	\N	t	L	L	\N	\N
iitem_01JM74X8VWKXG28AZWD3BX43V8	2025-02-16 16:29:49.566+06	2025-03-25 17:40:01.484+06	2025-03-25 17:40:01.264+06	SWEATSHIRT-M	\N	\N	\N	\N	\N	\N	\N	\N	t	M	M	\N	\N
iitem_01JM74X8VWV03FJVDVVF0T5400	2025-02-16 16:29:49.566+06	2025-03-25 17:40:01.69+06	2025-03-25 17:40:01.264+06	SWEATSHIRT-S	\N	\N	\N	\N	\N	\N	\N	\N	t	S	S	\N	\N
iitem_01JM74X8VWCQ66F4FX4FY44ER5	2025-02-16 16:29:49.566+06	2025-03-25 17:40:01.711+06	2025-03-25 17:40:01.264+06	SWEATSHIRT-XL	\N	\N	\N	\N	\N	\N	\N	\N	t	XL	XL	\N	\N
iitem_01JM74X8VXWB2KAJGSVWNPQAZ9	2025-02-16 16:29:49.566+06	2025-03-25 17:40:06.434+06	2025-03-25 17:40:06.434+06	SWEATPANTS-L	\N	\N	\N	\N	\N	\N	\N	\N	t	L	L	\N	\N
iitem_01JM74X8VXVCAK9KJ9H2PY6CFR	2025-02-16 16:29:49.566+06	2025-03-25 17:40:06.443+06	2025-03-25 17:40:06.434+06	SWEATPANTS-M	\N	\N	\N	\N	\N	\N	\N	\N	t	M	M	\N	\N
iitem_01JM74X8VX5RFJZ03V5Z78NAAX	2025-02-16 16:29:49.566+06	2025-03-25 17:40:06.451+06	2025-03-25 17:40:06.434+06	SWEATPANTS-S	\N	\N	\N	\N	\N	\N	\N	\N	t	S	S	\N	\N
iitem_01JM74X8VXSXDS6MVXDGWE1CE3	2025-02-16 16:29:49.566+06	2025-03-25 17:40:06.461+06	2025-03-25 17:40:06.434+06	SWEATPANTS-XL	\N	\N	\N	\N	\N	\N	\N	\N	t	XL	XL	\N	\N
iitem_01JM74X8VXB95W3KHSQ3V2F84K	2025-02-16 16:29:49.566+06	2025-05-14 20:47:44.502+06	2025-05-14 20:47:44.5+06	SHORTS-L	\N	\N	\N	\N	\N	\N	\N	\N	t	L	L	\N	\N
iitem_01JM74X8VXV37E67X2804V715Q	2025-02-16 16:29:49.566+06	2025-05-14 20:47:44.527+06	2025-05-14 20:47:44.5+06	SHORTS-M	\N	\N	\N	\N	\N	\N	\N	\N	t	M	M	\N	\N
iitem_01JM74X8VXT4A27J7AQ9TDZBYH	2025-02-16 16:29:49.566+06	2025-05-14 20:47:44.535+06	2025-05-14 20:47:44.5+06	SHORTS-S	\N	\N	\N	\N	\N	\N	\N	\N	t	S	S	\N	\N
iitem_01JM74X8VXPE9KGSHAHV2PGRG9	2025-02-16 16:29:49.566+06	2025-05-14 20:47:44.543+06	2025-05-14 20:47:44.5+06	SHORTS-XL	\N	\N	\N	\N	\N	\N	\N	\N	t	XL	XL	\N	\N
iitem_01JM74X8VWFMD6WPSNRKBHYB73	2025-02-16 16:29:49.566+06	2025-05-19 20:30:22.268+06	2025-05-19 20:30:22.266+06	SHIRT-M-WHITE	\N	\N	\N	\N	\N	\N	\N	\N	t	M / White	M / White	\N	\N
iitem_01JM74X8VVJV1QJZBKKWYG4FXX	2025-02-16 16:29:49.565+06	2025-05-19 20:30:24.794+06	2025-05-19 20:30:24.794+06	SHIRT-S-BLACK	\N	\N	\N	\N	\N	\N	\N	\N	t	S / Black	S / Black	\N	\N
iitem_01JM74X8VW5GFVTG8R2CWHX263	2025-02-16 16:29:49.566+06	2025-05-19 20:30:27.105+06	2025-05-19 20:30:27.105+06	SHIRT-M-BLACK	\N	\N	\N	\N	\N	\N	\N	\N	t	M / Black	M / Black	\N	\N
iitem_01JM74X8VWD8DR0Q58N2X4F7MY	2025-02-16 16:29:49.566+06	2025-05-19 20:30:31.179+06	2025-05-19 20:30:31.178+06	SHIRT-XL-BLACK	\N	\N	\N	\N	\N	\N	\N	\N	t	XL / Black	XL / Black	\N	\N
iitem_01JM74X8VWHSZVKZF1XK4KN1AC	2025-02-16 16:29:49.566+06	2025-05-19 20:30:45.585+06	2025-05-19 20:30:45.585+06	SHIRT-L-BLACK	\N	\N	\N	\N	\N	\N	\N	\N	t	L / Black	L / Black	\N	\N
iitem_01JM74X8VWT8FTAFHQMA32T754	2025-02-16 16:29:49.566+06	2025-05-19 20:30:51.787+06	2025-05-19 20:30:51.787+06	SHIRT-L-WHITE	\N	\N	\N	\N	\N	\N	\N	\N	t	L / White	L / White	\N	\N
iitem_01JQ6JBGJ4JX50BY6ZNAV9X9H9	2025-03-25 17:52:38.725+06	2025-05-19 20:30:55.107+06	2025-05-19 20:30:55.107+06	sku-b-1	\N	\N	\N	\N	\N	\N	\N	\N	t	\N	Bhapa Pitha	\N	\N
\.


--
-- Data for Name: inventory_level; Type: TABLE DATA; Schema: public; Owner: -
--

COPY public.inventory_level (id, created_at, updated_at, deleted_at, inventory_item_id, location_id, stocked_quantity, reserved_quantity, incoming_quantity, metadata, raw_stocked_quantity, raw_reserved_quantity, raw_incoming_quantity) FROM stdin;
ilev_01JQ6JBGPMWDN1PA2KXRWJS0TY	2025-03-25 17:52:38.869+06	2025-05-19 20:30:55.116+06	2025-05-19 20:30:55.107+06	iitem_01JQ6JBGJ4JX50BY6ZNAV9X9H9	sloc_01JNX89NQNMRYE33K478MMW5MX	10	0	0	\N	{"value": "10", "precision": 20}	{"value": "0", "precision": 20}	{"value": "0", "precision": 20}
ilev_01JM74X92MPEYHVAPR2DWA5BS2	2025-02-16 16:29:49.782+06	2025-05-19 20:30:31.189+06	2025-05-19 20:30:31.178+06	iitem_01JM74X8VWD8DR0Q58N2X4F7MY	sloc_01JM74X773WP7Y9X83MJMV6732	999998	0	0	\N	{"value": "999998", "precision": 20}	{"value": "0", "precision": 20}	{"value": "0", "precision": 20}
ilev_01JM74X92NCAWJZMNDWHHMTYW2	2025-02-16 16:29:49.782+06	2025-03-25 17:40:06.443+06	2025-03-25 17:40:06.434+06	iitem_01JM74X8VXWB2KAJGSVWNPQAZ9	sloc_01JM74X773WP7Y9X83MJMV6732	1000000	0	0	\N	{"value": "1000000", "precision": 20}	{"value": "0", "precision": 20}	{"value": "0", "precision": 20}
ilev_01JM74X92MT111C283DMH0ZFN8	2025-02-16 16:29:49.782+06	2025-03-10 01:13:28.192+06	2025-03-10 01:13:28.172+06	iitem_01JM74X8VWCFGMHA7X875FYT41	sloc_01JM74X773WP7Y9X83MJMV6732	1000000	0	0	\N	{"value": "1000000", "precision": 20}	{"value": "0", "precision": 20}	{"value": "0", "precision": 20}
ilev_01JM74X92KW9CB9YKG9PXYP1AN	2025-02-16 16:29:49.782+06	2025-03-09 16:28:24.348+06	2025-03-09 16:28:24.339+06	iitem_01JM74X8VV1G5BP580PWS06ZHH	sloc_01JM74X773WP7Y9X83MJMV6732	1000000	0	0	\N	{"value": "1000000", "precision": 20}	{"value": "0", "precision": 20}	{"value": "0", "precision": 20}
ilev_01JM74X92NFPC02NC8QG32T403	2025-02-16 16:29:49.782+06	2025-03-25 17:40:01.483+06	2025-03-25 17:40:01.264+06	iitem_01JM74X8VWY79WNCEVB7EZZHB1	sloc_01JM74X773WP7Y9X83MJMV6732	1000000	0	0	\N	{"value": "1000000", "precision": 20}	{"value": "0", "precision": 20}	{"value": "0", "precision": 20}
ilev_01JM74X92N3Q9HYV83PGXXBR0N	2025-02-16 16:29:49.782+06	2025-03-25 17:40:06.451+06	2025-03-25 17:40:06.434+06	iitem_01JM74X8VXVCAK9KJ9H2PY6CFR	sloc_01JM74X773WP7Y9X83MJMV6732	1000000	0	0	\N	{"value": "1000000", "precision": 20}	{"value": "0", "precision": 20}	{"value": "0", "precision": 20}
ilev_01JM74X92M0V5B6D924N4PHJ49	2025-02-16 16:29:49.782+06	2025-03-25 17:40:01.688+06	2025-03-25 17:40:01.264+06	iitem_01JM74X8VWKXG28AZWD3BX43V8	sloc_01JM74X773WP7Y9X83MJMV6732	1000000	0	0	\N	{"value": "1000000", "precision": 20}	{"value": "0", "precision": 20}	{"value": "0", "precision": 20}
ilev_01JM74X92MVHZX1VVZHGZ798FP	2025-02-16 16:29:49.782+06	2025-03-25 17:40:01.711+06	2025-03-25 17:40:01.264+06	iitem_01JM74X8VWV03FJVDVVF0T5400	sloc_01JM74X773WP7Y9X83MJMV6732	1000000	0	0	\N	{"value": "1000000", "precision": 20}	{"value": "0", "precision": 20}	{"value": "0", "precision": 20}
ilev_01JM74X92MFVTV24HKWYSWEHCG	2025-02-16 16:29:49.782+06	2025-03-25 17:40:01.729+06	2025-03-25 17:40:01.264+06	iitem_01JM74X8VWCQ66F4FX4FY44ER5	sloc_01JM74X773WP7Y9X83MJMV6732	999999	0	0	\N	{"value": "999999", "precision": 20}	{"value": "0", "precision": 20}	{"value": "0", "precision": 20}
ilev_01JM74X92NFJ1KBF42G6D4TKZQ	2025-02-16 16:29:49.782+06	2025-03-25 17:40:06.46+06	2025-03-25 17:40:06.434+06	iitem_01JM74X8VX5RFJZ03V5Z78NAAX	sloc_01JM74X773WP7Y9X83MJMV6732	1000000	0	0	\N	{"value": "1000000", "precision": 20}	{"value": "0", "precision": 20}	{"value": "0", "precision": 20}
ilev_01JM74X92N0KPKKRYEY91DQ0KH	2025-02-16 16:29:49.782+06	2025-03-25 17:40:06.467+06	2025-03-25 17:40:06.434+06	iitem_01JM74X8VXSXDS6MVXDGWE1CE3	sloc_01JM74X773WP7Y9X83MJMV6732	1000000	0	0	\N	{"value": "1000000", "precision": 20}	{"value": "0", "precision": 20}	{"value": "0", "precision": 20}
ilev_01JM74X92NQJMFN0TSPYYZ1BNP	2025-02-16 16:29:49.782+06	2025-05-14 20:47:44.527+06	2025-05-14 20:47:44.5+06	iitem_01JM74X8VXB95W3KHSQ3V2F84K	sloc_01JM74X773WP7Y9X83MJMV6732	1000000	0	0	\N	{"value": "1000000", "precision": 20}	{"value": "0", "precision": 20}	{"value": "0", "precision": 20}
ilev_01JM74X92N6W0HVRXT658T6AXA	2025-02-16 16:29:49.782+06	2025-05-14 20:47:44.535+06	2025-05-14 20:47:44.5+06	iitem_01JM74X8VXV37E67X2804V715Q	sloc_01JM74X773WP7Y9X83MJMV6732	1000000	0	0	\N	{"value": "1000000", "precision": 20}	{"value": "0", "precision": 20}	{"value": "0", "precision": 20}
ilev_01JM74X92N64SX3B6QRSKHMWY8	2025-02-16 16:29:49.782+06	2025-05-14 20:47:44.543+06	2025-05-14 20:47:44.5+06	iitem_01JM74X8VXT4A27J7AQ9TDZBYH	sloc_01JM74X773WP7Y9X83MJMV6732	1000000	0	0	\N	{"value": "1000000", "precision": 20}	{"value": "0", "precision": 20}	{"value": "0", "precision": 20}
ilev_01JM74X92NJZQ3MEY03VM3SHTY	2025-02-16 16:29:49.782+06	2025-05-14 20:47:44.55+06	2025-05-14 20:47:44.5+06	iitem_01JM74X8VXPE9KGSHAHV2PGRG9	sloc_01JM74X773WP7Y9X83MJMV6732	1000000	0	0	\N	{"value": "1000000", "precision": 20}	{"value": "0", "precision": 20}	{"value": "0", "precision": 20}
ilev_01JM74X92M0ATN52HM879EX26Z	2025-02-16 16:29:49.782+06	2025-05-19 20:30:22.391+06	2025-05-19 20:30:22.266+06	iitem_01JM74X8VWFMD6WPSNRKBHYB73	sloc_01JM74X773WP7Y9X83MJMV6732	1000000	0	0	\N	{"value": "1000000", "precision": 20}	{"value": "0", "precision": 20}	{"value": "0", "precision": 20}
ilev_01JM74X92K3D78N1REF86CASBX	2025-02-16 16:29:49.782+06	2025-05-19 20:30:24.804+06	2025-05-19 20:30:24.794+06	iitem_01JM74X8VVJV1QJZBKKWYG4FXX	sloc_01JM74X773WP7Y9X83MJMV6732	1000000	0	0	\N	{"value": "1000000", "precision": 20}	{"value": "0", "precision": 20}	{"value": "0", "precision": 20}
ilev_01JM74X92KW0VAPW7AP7505NXB	2025-02-16 16:29:49.782+06	2025-05-19 20:30:27.117+06	2025-05-19 20:30:27.105+06	iitem_01JM74X8VW5GFVTG8R2CWHX263	sloc_01JM74X773WP7Y9X83MJMV6732	999999	0	0	\N	{"value": "999999", "precision": 20}	{"value": "0", "precision": 20}	{"value": "0", "precision": 20}
ilev_01JM74X92M8Z04JR4K6TMKXW6K	2025-02-16 16:29:49.782+06	2025-05-19 20:30:45.594+06	2025-05-19 20:30:45.585+06	iitem_01JM74X8VWHSZVKZF1XK4KN1AC	sloc_01JM74X773WP7Y9X83MJMV6732	1000000	0	0	\N	{"value": "1000000", "precision": 20}	{"value": "0", "precision": 20}	{"value": "0", "precision": 20}
ilev_01JM74X92M3D7DA7ZV27B6R9S8	2025-02-16 16:29:49.782+06	2025-05-19 20:30:51.795+06	2025-05-19 20:30:51.787+06	iitem_01JM74X8VWT8FTAFHQMA32T754	sloc_01JM74X773WP7Y9X83MJMV6732	1000000	0	0	\N	{"value": "1000000", "precision": 20}	{"value": "0", "precision": 20}	{"value": "0", "precision": 20}
\.


--
-- Data for Name: invite; Type: TABLE DATA; Schema: public; Owner: -
--

COPY public.invite (id, email, accepted, token, expires_at, metadata, created_at, updated_at, deleted_at) FROM stdin;
invite_01JM74X2G484MMMX43EVEQZCDE	admin@medusa-test.com	f	eyJhbGciOiJIUzI1NiIsInR5cCI6IkpXVCJ9.eyJpZCI6Imludml0ZV8wMUpNNzRYMkc0ODRNTU1YNDNFVkVRWkNERSIsImVtYWlsIjoiYWRtaW5AbWVkdXNhLXRlc3QuY29tIiwiaWF0IjoxNzM5NzAxNzgzLCJleHAiOjE3Mzk3ODgxODMsImp0aSI6IjM4ODQzMDI2LWQyZjUtNGQyZi04OWVkLTczNjU4ZDM0MjJjNCJ9.Ff6lQ9-k4UWB0QxNez0d4Qebfzk2a3ia7VVvtaNTHfk	2025-02-17 16:29:43.044+06	\N	2025-02-16 16:29:43.047+06	2025-02-16 16:30:39.661+06	2025-02-16 16:30:39.658+06
\.


--
-- Data for Name: link_module_migrations; Type: TABLE DATA; Schema: public; Owner: -
--

COPY public.link_module_migrations (id, table_name, link_descriptor, created_at) FROM stdin;
1	cart_payment_collection	{"toModel": "payment_collection", "toModule": "payment", "fromModel": "cart", "fromModule": "cart"}	2025-02-16 16:29:31.043776
2	cart_promotion	{"toModel": "promotions", "toModule": "promotion", "fromModel": "cart", "fromModule": "cart"}	2025-02-16 16:29:31.05644
3	location_fulfillment_set	{"toModel": "fulfillment_set", "toModule": "fulfillment", "fromModel": "location", "fromModule": "stock_location"}	2025-02-16 16:29:31.056799
4	location_fulfillment_provider	{"toModel": "fulfillment_provider", "toModule": "fulfillment", "fromModel": "location", "fromModule": "stock_location"}	2025-02-16 16:29:31.056903
5	order_cart	{"toModel": "cart", "toModule": "cart", "fromModel": "order", "fromModule": "order"}	2025-02-16 16:29:31.058836
6	order_promotion	{"toModel": "promotion", "toModule": "promotion", "fromModel": "order", "fromModule": "order"}	2025-02-16 16:29:31.060168
7	order_payment_collection	{"toModel": "payment_collection", "toModule": "payment", "fromModel": "order", "fromModule": "order"}	2025-02-16 16:29:31.060815
8	order_fulfillment	{"toModel": "fulfillments", "toModule": "fulfillment", "fromModel": "order", "fromModule": "order"}	2025-02-16 16:29:31.061698
9	product_sales_channel	{"toModel": "sales_channel", "toModule": "sales_channel", "fromModel": "product", "fromModule": "product"}	2025-02-16 16:29:31.062823
10	return_fulfillment	{"toModel": "fulfillments", "toModule": "fulfillment", "fromModel": "return", "fromModule": "order"}	2025-02-16 16:29:31.062624
11	product_variant_inventory_item	{"toModel": "inventory", "toModule": "inventory", "fromModel": "variant", "fromModule": "product"}	2025-02-16 16:29:32.174633
12	product_variant_price_set	{"toModel": "price_set", "toModule": "pricing", "fromModel": "variant", "fromModule": "product"}	2025-02-16 16:29:32.18983
13	publishable_api_key_sales_channel	{"toModel": "sales_channel", "toModule": "sales_channel", "fromModel": "api_key", "fromModule": "api_key"}	2025-02-16 16:29:32.19
14	region_payment_provider	{"toModel": "payment_provider", "toModule": "payment", "fromModel": "region", "fromModule": "region"}	2025-02-16 16:29:32.190171
15	sales_channel_stock_location	{"toModel": "location", "toModule": "stock_location", "fromModel": "sales_channel", "fromModule": "sales_channel"}	2025-02-16 16:29:32.190316
16	shipping_option_price_set	{"toModel": "price_set", "toModule": "pricing", "fromModel": "shipping_option", "fromModule": "fulfillment"}	2025-02-16 16:29:32.214955
17	customer_account_holder	{"toModel": "account_holder", "toModule": "payment", "fromModel": "customer", "fromModule": "customer"}	2025-02-16 16:29:32.215295
18	product_shipping_profile	{"toModel": "shipping_profile", "toModule": "fulfillment", "fromModel": "product", "fromModule": "product"}	2025-02-16 16:29:32.215505
\.


--
-- Data for Name: location_fulfillment_provider; Type: TABLE DATA; Schema: public; Owner: -
--

COPY public.location_fulfillment_provider (stock_location_id, fulfillment_provider_id, id, created_at, updated_at, deleted_at) FROM stdin;
sloc_01JM74X773WP7Y9X83MJMV6732	manual_manual	locfp_01JM74X7DSC3G6PS9HPKZ7H65Q	2025-02-16 16:29:48.088686+06	2025-03-09 16:47:43.271+06	2025-03-09 16:47:43.27+06
sloc_01JNX89NQNMRYE33K478MMW5MX	manual_manual	locfp_01JNX8BEY35DR61JK8MFMSGX47	2025-03-09 16:48:59.586559+06	2025-03-09 16:48:59.586559+06	\N
\.


--
-- Data for Name: location_fulfillment_set; Type: TABLE DATA; Schema: public; Owner: -
--

COPY public.location_fulfillment_set (stock_location_id, fulfillment_set_id, id, created_at, updated_at, deleted_at) FROM stdin;
sloc_01JM74X773WP7Y9X83MJMV6732	fuset_01JM74X7JC4FAYR8WZVYCSYG0C	locfs_01JM74X7JVFQJ5MYBWF061C96S	2025-02-16 16:29:48.250045+06	2025-03-09 16:47:43.272+06	2025-03-09 16:47:43.272+06
sloc_01JNX89NQNMRYE33K478MMW5MX	fuset_01JNX89S3AHNDXYYGGWGF20T4E	locfs_01JNX89S46WQTYWEJCEKXQ4B6V	2025-03-09 16:48:04.485457+06	2025-03-09 16:48:10.243+06	2025-03-09 16:48:10.242+06
sloc_01JNX89NQNMRYE33K478MMW5MX	fuset_01JNX8A0XB5VMBC18J2ZCQXVRH	locfs_01JNX8A0XT7V3BXEQTT42YC44J	2025-03-09 16:48:12.473857+06	2025-03-09 16:48:12.473857+06	\N
\.


--
-- Data for Name: mikro_orm_migrations; Type: TABLE DATA; Schema: public; Owner: -
--

COPY public.mikro_orm_migrations (id, name, executed_at) FROM stdin;
1	Migration20231228143900	2025-02-16 16:28:24.040414+06
2	Migration20241206101446	2025-02-16 16:28:24.040414+06
3	Migration20250128174331	2025-02-16 16:28:24.040414+06
4	Migration20240307161216	2025-02-16 16:28:24.708233+06
5	Migration20241210073813	2025-02-16 16:28:24.708233+06
6	Migration20250106142624	2025-02-16 16:28:24.708233+06
7	Migration20250120110820	2025-02-16 16:28:24.708233+06
8	Migration20240307132720	2025-02-16 16:28:25.164926+06
9	Migration20240719123015	2025-02-16 16:28:25.164926+06
10	Migration20241213063611	2025-02-16 16:28:25.164926+06
11	InitialSetup20240401153642	2025-02-16 16:28:29.440812+06
12	Migration20240601111544	2025-02-16 16:28:29.440812+06
13	Migration202408271511	2025-02-16 16:28:29.440812+06
14	Migration20241122120331	2025-02-16 16:28:29.440812+06
15	Migration20241125090957	2025-02-16 16:28:29.440812+06
16	Migration20230929122253	2025-02-16 16:28:37.202226+06
17	Migration20240322094407	2025-02-16 16:28:37.202226+06
18	Migration20240322113359	2025-02-16 16:28:37.202226+06
19	Migration20240322120125	2025-02-16 16:28:37.202226+06
20	Migration20240626133555	2025-02-16 16:28:37.202226+06
21	Migration20240704094505	2025-02-16 16:28:37.202226+06
22	Migration20241127114534	2025-02-16 16:28:37.202226+06
23	Migration20241127223829	2025-02-16 16:28:37.202226+06
24	Migration20241128055359	2025-02-16 16:28:37.202226+06
25	Migration20241212190401	2025-02-16 16:28:37.202226+06
26	Migration20240227120221	2025-02-16 16:28:41.737666+06
27	Migration20240617102917	2025-02-16 16:28:41.737666+06
28	Migration20240624153824	2025-02-16 16:28:41.737666+06
29	Migration20241211061114	2025-02-16 16:28:41.737666+06
30	Migration20250113094144	2025-02-16 16:28:41.737666+06
31	Migration20250120110700	2025-02-16 16:28:41.737666+06
32	Migration20240124154000	2025-02-16 16:28:49.140535+06
33	Migration20240524123112	2025-02-16 16:28:49.140535+06
34	Migration20240602110946	2025-02-16 16:28:49.140535+06
35	Migration20241211074630	2025-02-16 16:28:49.140535+06
36	Migration20240115152146	2025-02-16 16:28:51.735706+06
37	Migration20240222170223	2025-02-16 16:28:52.177754+06
38	Migration20240831125857	2025-02-16 16:28:52.177754+06
39	Migration20241106085918	2025-02-16 16:28:52.177754+06
40	Migration20241205095237	2025-02-16 16:28:52.177754+06
41	Migration20241216183049	2025-02-16 16:28:52.177754+06
42	Migration20241218091938	2025-02-16 16:28:52.177754+06
43	Migration20250120115059	2025-02-16 16:28:52.177754+06
44	Migration20240205173216	2025-02-16 16:28:57.869597+06
45	Migration20240624200006	2025-02-16 16:28:57.869597+06
46	Migration20250120110744	2025-02-16 16:28:57.869597+06
47	InitialSetup20240221144943	2025-02-16 16:28:58.94638+06
48	Migration20240604080145	2025-02-16 16:28:58.94638+06
49	Migration20241205122700	2025-02-16 16:28:58.94638+06
50	InitialSetup20240227075933	2025-02-16 16:28:59.382208+06
51	Migration20240621145944	2025-02-16 16:28:59.382208+06
52	Migration20241206083313	2025-02-16 16:28:59.382208+06
53	Migration20240227090331	2025-02-16 16:29:00.531266+06
54	Migration20240710135844	2025-02-16 16:29:00.531266+06
55	Migration20240924114005	2025-02-16 16:29:00.531266+06
56	Migration20241212052837	2025-02-16 16:29:00.531266+06
57	InitialSetup20240228133303	2025-02-16 16:29:02.611279+06
58	Migration20240624082354	2025-02-16 16:29:02.611279+06
59	Migration20240225134525	2025-02-16 16:29:02.768318+06
60	Migration20240806072619	2025-02-16 16:29:02.768318+06
61	Migration20241211151053	2025-02-16 16:29:02.768318+06
62	Migration20250115160517	2025-02-16 16:29:02.768318+06
63	Migration20250120110552	2025-02-16 16:29:02.768318+06
64	Migration20250123122334	2025-02-16 16:29:02.768318+06
65	Migration20250206105639	2025-02-16 16:29:02.768318+06
66	Migration20250207132723	2025-02-16 16:29:02.768318+06
67	Migration20240219102530	2025-02-16 16:29:06.495389+06
68	Migration20240604100512	2025-02-16 16:29:06.495389+06
69	Migration20240715102100	2025-02-16 16:29:06.495389+06
70	Migration20240715174100	2025-02-16 16:29:06.495389+06
71	Migration20240716081800	2025-02-16 16:29:06.495389+06
72	Migration20240801085921	2025-02-16 16:29:06.495389+06
73	Migration20240821164505	2025-02-16 16:29:06.495389+06
74	Migration20240821170920	2025-02-16 16:29:06.495389+06
75	Migration20240827133639	2025-02-16 16:29:06.495389+06
76	Migration20240902195921	2025-02-16 16:29:06.495389+06
77	Migration20240913092514	2025-02-16 16:29:06.495389+06
78	Migration20240930122627	2025-02-16 16:29:06.495389+06
79	Migration20241014142943	2025-02-16 16:29:06.495389+06
80	Migration20241106085223	2025-02-16 16:29:06.495389+06
81	Migration20241129124827	2025-02-16 16:29:06.495389+06
82	Migration20241217162224	2025-02-16 16:29:06.495389+06
83	Migration20240205025928	2025-02-16 16:29:18.011729+06
84	Migration20240529080336	2025-02-16 16:29:18.011729+06
85	Migration20241202100304	2025-02-16 16:29:18.011729+06
86	Migration20240214033943	2025-02-16 16:29:19.221778+06
87	Migration20240703095850	2025-02-16 16:29:19.221778+06
88	Migration20241202103352	2025-02-16 16:29:19.221778+06
89	Migration20240311145700_InitialSetupMigration	2025-02-16 16:29:21.067146+06
90	Migration20240821170957	2025-02-16 16:29:21.067146+06
91	Migration20240917161003	2025-02-16 16:29:21.067146+06
92	Migration20241217110416	2025-02-16 16:29:21.067146+06
93	Migration20250113122235	2025-02-16 16:29:21.067146+06
94	Migration20250120115002	2025-02-16 16:29:21.067146+06
95	Migration20240509083918_InitialSetupMigration	2025-02-16 16:29:28.648897+06
96	Migration20240628075401	2025-02-16 16:29:28.648897+06
97	Migration20240830094712	2025-02-16 16:29:28.648897+06
98	Migration20250120110514	2025-02-16 16:29:28.648897+06
99	Migration20250216103541	2025-02-16 16:35:45.361954+06
100	Migration20250330174213	2025-05-02 16:54:53.916224+06
101	Migration20250430150428	2025-05-02 16:54:54.443645+06
102	Migration20250502105443	2025-05-02 16:54:54.443645+06
103	Migration20250503090226	2025-05-03 15:02:42.365922+06
104	Migration20250514022038	2025-05-14 08:26:21.117593+06
\.


--
-- Data for Name: notification; Type: TABLE DATA; Schema: public; Owner: -
--

COPY public.notification (id, "to", channel, template, data, trigger_type, resource_id, resource_type, receiver_id, original_notification_id, idempotency_key, external_id, provider_id, created_at, updated_at, deleted_at, status) FROM stdin;
noti_01JV85E2MQ6MCPDNX6VP66S50S	mosabbir.fwd@gmail.com	email	order-placed	{"order": {"id": "order_01JV85E244W709HK2DCVRVKW4H", "email": "mosabbir.fwd@gmail.com", "items": [{"id": "ordli_01JV85E2453ZH8JJ3DQN0ANH99", "title": "Default variant", "total": 100, "detail": {"id": "orditem_01JV85E2455DHN69QBHSY9MR9T", "item_id": "ordli_01JV85E2453ZH8JJ3DQN0ANH99", "version": 1, "metadata": null, "order_id": "order_01JV85E244W709HK2DCVRVKW4H", "quantity": 1, "created_at": "2025-05-14T19:48:06.919Z", "deleted_at": null, "unit_price": null, "updated_at": "2025-05-14T19:48:06.919Z", "raw_quantity": {"value": "1", "precision": 20}, "raw_unit_price": null, "shipped_quantity": 0, "delivered_quantity": 0, "fulfilled_quantity": 0, "raw_shipped_quantity": {"value": "0", "precision": 20}, "written_off_quantity": 0, "compare_at_unit_price": null, "raw_delivered_quantity": {"value": "0", "precision": 20}, "raw_fulfilled_quantity": {"value": "0", "precision": 20}, "raw_written_off_quantity": {"value": "0", "precision": 20}, "return_received_quantity": 0, "raw_compare_at_unit_price": null, "return_dismissed_quantity": 0, "return_requested_quantity": 0, "raw_return_received_quantity": {"value": "0", "precision": 20}, "raw_return_dismissed_quantity": {"value": "0", "precision": 20}, "raw_return_requested_quantity": {"value": "0", "precision": 20}}, "metadata": {"ingredients": [{"id": "d3de53c4-2ba5-4068-85ef-0959080b97a5", "name": "123"}]}, "quantity": 1, "subtitle": "Pokmeon", "subtotal": 100, "raw_total": {"value": "100", "precision": 20}, "tax_lines": [{"id": "ordlitxl_01JV85E2451Z12WM0FVA8TA9EJ", "code": "", "rate": 0, "total": 0, "item_id": "ordli_01JV85E2453ZH8JJ3DQN0ANH99", "raw_rate": {"value": "0", "precision": 20}, "subtotal": 0, "raw_total": {"value": "0", "precision": 20}, "created_at": "2025-05-14T19:48:06.921Z", "deleted_at": null, "updated_at": "2025-05-14T19:48:06.921Z", "description": "Bangladesh", "provider_id": "system", "tax_rate_id": "txr_01JNX8H0S9X07PTNVN7PBW3NXB", "raw_subtotal": {"value": "0", "precision": 20}}], "tax_total": 0, "thumbnail": "http://localhost:9000/static/1747251920117-Screenshot%20from%202025-01-07%2009-10-30.png", "created_at": "2025-05-14T19:48:06.919Z", "deleted_at": null, "product_id": "prod_01JV858ZAE63830RPWDNTVEYEJ", "unit_price": 100, "updated_at": "2025-05-14T19:48:06.919Z", "variant_id": "variant_01JV858ZVBMGKNNRBHCM8YYVX7", "adjustments": [], "variant_sku": null, "product_type": "Pitha", "raw_quantity": {"value": "1", "precision": 20}, "raw_subtotal": {"value": "100", "precision": 20}, "product_title": "Pokmeon", "raw_tax_total": {"value": "0", "precision": 20}, "shipped_total": 0, "variant_title": "Default variant", "discount_total": 0, "original_total": 100, "product_handle": "pihta", "raw_unit_price": {"value": "100", "precision": 20}, "fulfilled_total": 0, "is_custom_price": false, "is_discountable": true, "product_type_id": "ptyp_01JNX87TA227NBFF63VMQE8GNR", "variant_barcode": null, "write_off_total": 0, "is_tax_inclusive": false, "product_subtitle": "A steamed rice cake filled with jaggery (gur) and coconut.", "refundable_total": 100, "discount_subtotal": 0, "raw_shipped_total": {"value": "0", "precision": 20}, "requires_shipping": true, "discount_tax_total": 0, "original_tax_total": 0, "product_collection": "Food", "raw_discount_total": {"value": "0", "precision": 20}, "raw_original_total": {"value": "100", "precision": 20}, "product_description": "sdfsdfs", "raw_fulfilled_total": {"value": "0", "precision": 20}, "raw_write_off_total": {"value": "0", "precision": 20}, "raw_refundable_total": {"value": "100", "precision": 20}, "compare_at_unit_price": null, "raw_discount_subtotal": {"value": "0", "precision": 20}, "return_received_total": 0, "variant_option_values": null, "raw_discount_tax_total": {"value": "0", "precision": 20}, "raw_original_tax_total": {"value": "0", "precision": 20}, "return_dismissed_total": 0, "return_requested_total": 0, "raw_compare_at_unit_price": null, "raw_return_received_total": {"value": "0", "precision": 20}, "refundable_total_per_unit": 100, "raw_return_dismissed_total": {"value": "0", "precision": 20}, "raw_return_requested_total": {"value": "0", "precision": 20}, "raw_refundable_total_per_unit": {"value": "100", "precision": 20}}], "total": 200, "customer": {"id": "cus_01JMPQ9K7R3BKEMBVG59BHS2MY", "email": "mosabbir.fwd@gmail.com", "phone": "01829463584", "metadata": null, "last_name": "Khan", "created_at": "2025-02-22T11:39:44.248Z", "created_by": null, "deleted_at": null, "first_name": "Md Mosabbir Hossain", "updated_at": "2025-02-22T11:39:44.248Z", "has_account": true, "company_name": null}, "subtotal": 200, "tax_total": 0, "display_id": 13, "item_total": 100, "customer_id": "cus_01JMPQ9K7R3BKEMBVG59BHS2MY", "currency_code": "bdt", "item_subtotal": 100, "discount_total": 0, "item_tax_total": 0, "shipping_total": 100, "billing_address": {"id": "caaddr_01JV85C079MAN1FH8PB2FPQ6A3", "city": "Dhaka", "phone": "018454545454", "company": "", "metadata": null, "province": "", "address_1": "300/R Banasree", "address_2": "", "last_name": "Khan", "created_at": "2025-05-14T19:46:59.434Z", "deleted_at": null, "first_name": "Md Mosabbir", "updated_at": "2025-05-14T19:46:59.434Z", "customer_id": null, "postal_code": "1212", "country_code": "bd"}, "shipping_address": {"id": "caaddr_01JV85C07957HA2FKZ0SPZ5XNW", "city": "Dhaka", "phone": "018454545454", "company": "", "metadata": null, "province": "", "address_1": "300/R Banasree", "address_2": "", "last_name": "Khan", "created_at": "2025-05-14T19:46:59.434Z", "deleted_at": null, "first_name": "Md Mosabbir", "updated_at": "2025-05-14T19:46:59.434Z", "customer_id": null, "postal_code": "1212", "country_code": "bd"}, "shipping_methods": [{"id": "ordsm_01JV85E2438YYGWMGRHJJ8Z2MS", "data": {}, "name": "Deffault", "total": 100, "amount": 100, "detail": {"id": "ordspmv_01JV85E244ERPTZER38BJN239H", "version": 1, "claim_id": null, "order_id": "order_01JV85E244W709HK2DCVRVKW4H", "return_id": null, "created_at": "2025-05-14T19:48:06.920Z", "deleted_at": null, "updated_at": "2025-05-14T19:48:06.920Z", "exchange_id": null, "shipping_method_id": "ordsm_01JV85E2438YYGWMGRHJJ8Z2MS"}, "metadata": null, "order_id": "order_01JV85E244W709HK2DCVRVKW4H", "subtotal": 100, "raw_total": {"value": "100", "precision": 20}, "tax_lines": [{"id": "ordsmtxl_01JV85E243YBFRJBC4270HD12V", "code": "", "rate": 0, "total": 0, "raw_rate": {"value": "0", "precision": 20}, "subtotal": 0, "raw_total": {"value": "0", "precision": 20}, "created_at": "2025-05-14T19:48:06.921Z", "deleted_at": null, "updated_at": "2025-05-14T19:48:06.921Z", "description": "Bangladesh", "provider_id": "system", "tax_rate_id": "txr_01JNX8H0S9X07PTNVN7PBW3NXB", "raw_subtotal": {"value": "0", "precision": 20}, "shipping_method_id": "ordsm_01JV85E2438YYGWMGRHJJ8Z2MS"}], "tax_total": 0, "created_at": "2025-05-14T19:48:06.920Z", "deleted_at": null, "raw_amount": {"value": "100", "precision": 20}, "updated_at": "2025-05-14T19:48:06.920Z", "adjustments": [], "description": null, "raw_subtotal": {"value": "100", "precision": 20}, "raw_tax_total": {"value": "0", "precision": 20}, "discount_total": 0, "original_total": 100, "is_custom_amount": false, "is_tax_inclusive": false, "discount_subtotal": 0, "discount_tax_total": 0, "original_tax_total": 0, "raw_discount_total": {"value": "0", "precision": 20}, "raw_original_total": {"value": "100", "precision": 20}, "shipping_option_id": "so_01JQ78NHXRGT4Y0G3P1NBCPK48", "raw_discount_subtotal": {"value": "0", "precision": 20}, "raw_discount_tax_total": {"value": "0", "precision": 20}, "raw_original_tax_total": {"value": "0", "precision": 20}}]}}	\N	\N	\N	\N	\N	\N	\N	resend	2025-05-15 01:48:07.448+06	2025-05-15 01:48:09.59+06	\N	success
noti_01JV85G4GAJ8C7DHHHFSQY9E0E	kmosabbir@gmail.com	email	order-placed	{"order": {"id": "order_01JV85G46PC72YT56WCSYV08TF", "email": "kmosabbir@gmail.com", "items": [{"id": "ordli_01JV85G46REN6AA0S0VYNQHK3F", "title": "Default variant", "total": 100, "detail": {"id": "orditem_01JV85G46SGS9T8Z6CDAG3BVQH", "item_id": "ordli_01JV85G46REN6AA0S0VYNQHK3F", "version": 1, "metadata": null, "order_id": "order_01JV85G46PC72YT56WCSYV08TF", "quantity": 1, "created_at": "2025-05-14T19:49:14.587Z", "deleted_at": null, "unit_price": null, "updated_at": "2025-05-14T19:49:14.587Z", "raw_quantity": {"value": "1", "precision": 20}, "raw_unit_price": null, "shipped_quantity": 0, "delivered_quantity": 0, "fulfilled_quantity": 0, "raw_shipped_quantity": {"value": "0", "precision": 20}, "written_off_quantity": 0, "compare_at_unit_price": null, "raw_delivered_quantity": {"value": "0", "precision": 20}, "raw_fulfilled_quantity": {"value": "0", "precision": 20}, "raw_written_off_quantity": {"value": "0", "precision": 20}, "return_received_quantity": 0, "raw_compare_at_unit_price": null, "return_dismissed_quantity": 0, "return_requested_quantity": 0, "raw_return_received_quantity": {"value": "0", "precision": 20}, "raw_return_dismissed_quantity": {"value": "0", "precision": 20}, "raw_return_requested_quantity": {"value": "0", "precision": 20}}, "metadata": {"ingredients": []}, "quantity": 1, "subtitle": "Pokmeon", "subtotal": 100, "raw_total": {"value": "100", "precision": 20}, "tax_lines": [{"id": "ordlitxl_01JV85G46RJD5GQKAN4C7W121F", "code": "", "rate": 0, "total": 0, "item_id": "ordli_01JV85G46REN6AA0S0VYNQHK3F", "raw_rate": {"value": "0", "precision": 20}, "subtotal": 0, "raw_total": {"value": "0", "precision": 20}, "created_at": "2025-05-14T19:49:14.588Z", "deleted_at": null, "updated_at": "2025-05-14T19:49:14.588Z", "description": "Bangladesh", "provider_id": "system", "tax_rate_id": "txr_01JNX8H0S9X07PTNVN7PBW3NXB", "raw_subtotal": {"value": "0", "precision": 20}}], "tax_total": 0, "thumbnail": "http://localhost:9000/static/1747251920117-Screenshot%20from%202025-01-07%2009-10-30.png", "created_at": "2025-05-14T19:49:14.587Z", "deleted_at": null, "product_id": "prod_01JV858ZAE63830RPWDNTVEYEJ", "unit_price": 100, "updated_at": "2025-05-14T19:49:14.587Z", "variant_id": "variant_01JV858ZVBMGKNNRBHCM8YYVX7", "adjustments": [], "variant_sku": null, "product_type": "Pitha", "raw_quantity": {"value": "1", "precision": 20}, "raw_subtotal": {"value": "100", "precision": 20}, "product_title": "Pokmeon", "raw_tax_total": {"value": "0", "precision": 20}, "shipped_total": 0, "variant_title": "Default variant", "discount_total": 0, "original_total": 100, "product_handle": "pihta", "raw_unit_price": {"value": "100", "precision": 20}, "fulfilled_total": 0, "is_custom_price": false, "is_discountable": true, "product_type_id": "ptyp_01JNX87TA227NBFF63VMQE8GNR", "variant_barcode": null, "write_off_total": 0, "is_tax_inclusive": false, "product_subtitle": "A steamed rice cake filled with jaggery (gur) and coconut.", "refundable_total": 100, "discount_subtotal": 0, "raw_shipped_total": {"value": "0", "precision": 20}, "requires_shipping": true, "discount_tax_total": 0, "original_tax_total": 0, "product_collection": "Food", "raw_discount_total": {"value": "0", "precision": 20}, "raw_original_total": {"value": "100", "precision": 20}, "product_description": "sdfsdfs", "raw_fulfilled_total": {"value": "0", "precision": 20}, "raw_write_off_total": {"value": "0", "precision": 20}, "raw_refundable_total": {"value": "100", "precision": 20}, "compare_at_unit_price": null, "raw_discount_subtotal": {"value": "0", "precision": 20}, "return_received_total": 0, "variant_option_values": null, "raw_discount_tax_total": {"value": "0", "precision": 20}, "raw_original_tax_total": {"value": "0", "precision": 20}, "return_dismissed_total": 0, "return_requested_total": 0, "raw_compare_at_unit_price": null, "raw_return_received_total": {"value": "0", "precision": 20}, "refundable_total_per_unit": 100, "raw_return_dismissed_total": {"value": "0", "precision": 20}, "raw_return_requested_total": {"value": "0", "precision": 20}, "raw_refundable_total_per_unit": {"value": "100", "precision": 20}}], "total": 200, "customer": {"id": "cus_01JMPQ9K7R3BKEMBVG59BHS2MY", "email": "mosabbir.fwd@gmail.com", "phone": "01829463584", "metadata": null, "last_name": "Khan", "created_at": "2025-02-22T11:39:44.248Z", "created_by": null, "deleted_at": null, "first_name": "Md Mosabbir Hossain", "updated_at": "2025-02-22T11:39:44.248Z", "has_account": true, "company_name": null}, "subtotal": 200, "tax_total": 0, "display_id": 14, "item_total": 100, "customer_id": "cus_01JMPQ9K7R3BKEMBVG59BHS2MY", "currency_code": "bdt", "item_subtotal": 100, "discount_total": 0, "item_tax_total": 0, "shipping_total": 100, "billing_address": {"id": "caaddr_01JV85FXY6VFTXJRCKRCSYHTB5", "city": "Dhaka", "phone": "018454545454", "company": "", "metadata": null, "province": "", "address_1": "300/R Banasree", "address_2": "", "last_name": "Khan", "created_at": "2025-05-14T19:49:08.166Z", "deleted_at": null, "first_name": "Md Mosabbir", "updated_at": "2025-05-14T19:49:08.167Z", "customer_id": null, "postal_code": "1212", "country_code": "bd"}, "shipping_address": {"id": "caaddr_01JV85FXY6ASHS41QDNNJ4MA7Q", "city": "Dhaka", "phone": "018454545454", "company": "", "metadata": null, "province": "", "address_1": "300/R Banasree", "address_2": "", "last_name": "Khan", "created_at": "2025-05-14T19:49:08.167Z", "deleted_at": null, "first_name": "Md Mosabbir", "updated_at": "2025-05-14T19:49:08.167Z", "customer_id": null, "postal_code": "1212", "country_code": "bd"}, "shipping_methods": [{"id": "ordsm_01JV85G46NC6P2N1886A6KE707", "data": {}, "name": "Deffault", "total": 100, "amount": 100, "detail": {"id": "ordspmv_01JV85G46PR9MVFM8WS4N978RR", "version": 1, "claim_id": null, "order_id": "order_01JV85G46PC72YT56WCSYV08TF", "return_id": null, "created_at": "2025-05-14T19:49:14.587Z", "deleted_at": null, "updated_at": "2025-05-14T19:49:14.587Z", "exchange_id": null, "shipping_method_id": "ordsm_01JV85G46NC6P2N1886A6KE707"}, "metadata": null, "order_id": "order_01JV85G46PC72YT56WCSYV08TF", "subtotal": 100, "raw_total": {"value": "100", "precision": 20}, "tax_lines": [{"id": "ordsmtxl_01JV85G46N277D2EMWDYJH0QHV", "code": "", "rate": 0, "total": 0, "raw_rate": {"value": "0", "precision": 20}, "subtotal": 0, "raw_total": {"value": "0", "precision": 20}, "created_at": "2025-05-14T19:49:14.587Z", "deleted_at": null, "updated_at": "2025-05-14T19:49:14.587Z", "description": "Bangladesh", "provider_id": "system", "tax_rate_id": "txr_01JNX8H0S9X07PTNVN7PBW3NXB", "raw_subtotal": {"value": "0", "precision": 20}, "shipping_method_id": "ordsm_01JV85G46NC6P2N1886A6KE707"}], "tax_total": 0, "created_at": "2025-05-14T19:49:14.587Z", "deleted_at": null, "raw_amount": {"value": "100", "precision": 20}, "updated_at": "2025-05-14T19:49:14.587Z", "adjustments": [], "description": null, "raw_subtotal": {"value": "100", "precision": 20}, "raw_tax_total": {"value": "0", "precision": 20}, "discount_total": 0, "original_total": 100, "is_custom_amount": false, "is_tax_inclusive": false, "discount_subtotal": 0, "discount_tax_total": 0, "original_tax_total": 0, "raw_discount_total": {"value": "0", "precision": 20}, "raw_original_total": {"value": "100", "precision": 20}, "shipping_option_id": "so_01JQ78NHXRGT4Y0G3P1NBCPK48", "raw_discount_subtotal": {"value": "0", "precision": 20}, "raw_discount_tax_total": {"value": "0", "precision": 20}, "raw_original_tax_total": {"value": "0", "precision": 20}}]}}	\N	\N	\N	\N	\N	\N	ea11e6d8-6a79-4c81-af9f-c6c1c0658ed2	resend	2025-05-15 01:49:14.891+06	2025-05-15 01:49:18.206+06	\N	success
noti_01JVAG3D96BE1HT65YCJC9B651	kmosabbir@gmail.com	email	order-placed	{"order": {"id": "order_01JVAG3CT1EDCTN2FVTR1EWW9P", "email": "kmosabbir@gmail.com", "items": [{"id": "ordli_01JVAG3CT4XG4N73R5VG6R7PR8", "title": "Default variant", "total": 100, "detail": {"id": "orditem_01JVAG3CT7RE7FK4SF31RT2AN4", "item_id": "ordli_01JVAG3CT4XG4N73R5VG6R7PR8", "version": 1, "metadata": null, "order_id": "order_01JVAG3CT1EDCTN2FVTR1EWW9P", "quantity": 1, "created_at": "2025-05-15T17:33:00.618Z", "deleted_at": null, "unit_price": null, "updated_at": "2025-05-15T17:33:00.618Z", "raw_quantity": {"value": "1", "precision": 20}, "raw_unit_price": null, "shipped_quantity": 0, "delivered_quantity": 0, "fulfilled_quantity": 0, "raw_shipped_quantity": {"value": "0", "precision": 20}, "written_off_quantity": 0, "compare_at_unit_price": null, "raw_delivered_quantity": {"value": "0", "precision": 20}, "raw_fulfilled_quantity": {"value": "0", "precision": 20}, "raw_written_off_quantity": {"value": "0", "precision": 20}, "return_received_quantity": 0, "raw_compare_at_unit_price": null, "return_dismissed_quantity": 0, "return_requested_quantity": 0, "raw_return_received_quantity": {"value": "0", "precision": 20}, "raw_return_dismissed_quantity": {"value": "0", "precision": 20}, "raw_return_requested_quantity": {"value": "0", "precision": 20}}, "metadata": {"ingredients": [{"id": "d3de53c4-2ba5-4068-85ef-0959080b97a5", "name": "123"}]}, "quantity": 1, "subtitle": "Pokmeon", "subtotal": 100, "raw_total": {"value": "100", "precision": 20}, "tax_lines": [{"id": "ordlitxl_01JVAG3CT348Y4VZ05A29XYNA7", "code": "", "rate": 0, "total": 0, "item_id": "ordli_01JVAG3CT4XG4N73R5VG6R7PR8", "raw_rate": {"value": "0", "precision": 20}, "subtotal": 0, "raw_total": {"value": "0", "precision": 20}, "created_at": "2025-05-15T17:33:00.621Z", "deleted_at": null, "updated_at": "2025-05-15T17:33:00.621Z", "description": "Bangladesh", "provider_id": "system", "tax_rate_id": "txr_01JNX8H0S9X07PTNVN7PBW3NXB", "raw_subtotal": {"value": "0", "precision": 20}}], "tax_total": 0, "thumbnail": "http://localhost:9000/static/1747251920117-Screenshot%20from%202025-01-07%2009-10-30.png", "created_at": "2025-05-15T17:33:00.618Z", "deleted_at": null, "product_id": "prod_01JV858ZAE63830RPWDNTVEYEJ", "unit_price": 100, "updated_at": "2025-05-15T17:33:00.618Z", "variant_id": "variant_01JV858ZVBMGKNNRBHCM8YYVX7", "adjustments": [], "variant_sku": null, "product_type": "Pitha", "raw_quantity": {"value": "1", "precision": 20}, "raw_subtotal": {"value": "100", "precision": 20}, "product_title": "Pokmeon", "raw_tax_total": {"value": "0", "precision": 20}, "shipped_total": 0, "variant_title": "Default variant", "discount_total": 0, "original_total": 100, "product_handle": "pihta", "raw_unit_price": {"value": "100", "precision": 20}, "fulfilled_total": 0, "is_custom_price": false, "is_discountable": true, "product_type_id": "ptyp_01JNX87TA227NBFF63VMQE8GNR", "variant_barcode": null, "write_off_total": 0, "is_tax_inclusive": false, "product_subtitle": "A steamed rice cake filled with jaggery (gur) and coconut.", "refundable_total": 100, "discount_subtotal": 0, "raw_shipped_total": {"value": "0", "precision": 20}, "requires_shipping": true, "discount_tax_total": 0, "original_tax_total": 0, "product_collection": "Food", "raw_discount_total": {"value": "0", "precision": 20}, "raw_original_total": {"value": "100", "precision": 20}, "product_description": "sdfsdfs", "raw_fulfilled_total": {"value": "0", "precision": 20}, "raw_write_off_total": {"value": "0", "precision": 20}, "raw_refundable_total": {"value": "100", "precision": 20}, "compare_at_unit_price": null, "raw_discount_subtotal": {"value": "0", "precision": 20}, "return_received_total": 0, "variant_option_values": null, "raw_discount_tax_total": {"value": "0", "precision": 20}, "raw_original_tax_total": {"value": "0", "precision": 20}, "return_dismissed_total": 0, "return_requested_total": 0, "raw_compare_at_unit_price": null, "raw_return_received_total": {"value": "0", "precision": 20}, "refundable_total_per_unit": 100, "raw_return_dismissed_total": {"value": "0", "precision": 20}, "raw_return_requested_total": {"value": "0", "precision": 20}, "raw_refundable_total_per_unit": {"value": "100", "precision": 20}}, {"id": "ordli_01JVAG3CT54FYVZYK9JM2TGRM1", "title": "Default variant", "total": 100, "detail": {"id": "orditem_01JVAG3CT81W32JRKXRTXHAM4P", "item_id": "ordli_01JVAG3CT54FYVZYK9JM2TGRM1", "version": 1, "metadata": null, "order_id": "order_01JVAG3CT1EDCTN2FVTR1EWW9P", "quantity": 1, "created_at": "2025-05-15T17:33:00.619Z", "deleted_at": null, "unit_price": null, "updated_at": "2025-05-15T17:33:00.619Z", "raw_quantity": {"value": "1", "precision": 20}, "raw_unit_price": null, "shipped_quantity": 0, "delivered_quantity": 0, "fulfilled_quantity": 0, "raw_shipped_quantity": {"value": "0", "precision": 20}, "written_off_quantity": 0, "compare_at_unit_price": null, "raw_delivered_quantity": {"value": "0", "precision": 20}, "raw_fulfilled_quantity": {"value": "0", "precision": 20}, "raw_written_off_quantity": {"value": "0", "precision": 20}, "return_received_quantity": 0, "raw_compare_at_unit_price": null, "return_dismissed_quantity": 0, "return_requested_quantity": 0, "raw_return_received_quantity": {"value": "0", "precision": 20}, "raw_return_dismissed_quantity": {"value": "0", "precision": 20}, "raw_return_requested_quantity": {"value": "0", "precision": 20}}, "metadata": {"ingredients": []}, "quantity": 1, "subtitle": "Pokmeon", "subtotal": 100, "raw_total": {"value": "100", "precision": 20}, "tax_lines": [{"id": "ordlitxl_01JVAG3CT4AGEZ7SBRG1RYAM40", "code": "", "rate": 0, "total": 0, "item_id": "ordli_01JVAG3CT54FYVZYK9JM2TGRM1", "raw_rate": {"value": "0", "precision": 20}, "subtotal": 0, "raw_total": {"value": "0", "precision": 20}, "created_at": "2025-05-15T17:33:00.621Z", "deleted_at": null, "updated_at": "2025-05-15T17:33:00.621Z", "description": "Bangladesh", "provider_id": "system", "tax_rate_id": "txr_01JNX8H0S9X07PTNVN7PBW3NXB", "raw_subtotal": {"value": "0", "precision": 20}}], "tax_total": 0, "thumbnail": "http://localhost:9000/static/1747251920117-Screenshot%20from%202025-01-07%2009-10-30.png", "created_at": "2025-05-15T17:33:00.618Z", "deleted_at": null, "product_id": "prod_01JV858ZAE63830RPWDNTVEYEJ", "unit_price": 100, "updated_at": "2025-05-15T17:33:00.618Z", "variant_id": "variant_01JV858ZVBMGKNNRBHCM8YYVX7", "adjustments": [], "variant_sku": null, "product_type": "Pitha", "raw_quantity": {"value": "1", "precision": 20}, "raw_subtotal": {"value": "100", "precision": 20}, "product_title": "Pokmeon", "raw_tax_total": {"value": "0", "precision": 20}, "shipped_total": 0, "variant_title": "Default variant", "discount_total": 0, "original_total": 100, "product_handle": "pihta", "raw_unit_price": {"value": "100", "precision": 20}, "fulfilled_total": 0, "is_custom_price": false, "is_discountable": true, "product_type_id": "ptyp_01JNX87TA227NBFF63VMQE8GNR", "variant_barcode": null, "write_off_total": 0, "is_tax_inclusive": false, "product_subtitle": "A steamed rice cake filled with jaggery (gur) and coconut.", "refundable_total": 100, "discount_subtotal": 0, "raw_shipped_total": {"value": "0", "precision": 20}, "requires_shipping": true, "discount_tax_total": 0, "original_tax_total": 0, "product_collection": "Food", "raw_discount_total": {"value": "0", "precision": 20}, "raw_original_total": {"value": "100", "precision": 20}, "product_description": "sdfsdfs", "raw_fulfilled_total": {"value": "0", "precision": 20}, "raw_write_off_total": {"value": "0", "precision": 20}, "raw_refundable_total": {"value": "100", "precision": 20}, "compare_at_unit_price": null, "raw_discount_subtotal": {"value": "0", "precision": 20}, "return_received_total": 0, "variant_option_values": null, "raw_discount_tax_total": {"value": "0", "precision": 20}, "raw_original_tax_total": {"value": "0", "precision": 20}, "return_dismissed_total": 0, "return_requested_total": 0, "raw_compare_at_unit_price": null, "raw_return_received_total": {"value": "0", "precision": 20}, "refundable_total_per_unit": 100, "raw_return_dismissed_total": {"value": "0", "precision": 20}, "raw_return_requested_total": {"value": "0", "precision": 20}, "raw_refundable_total_per_unit": {"value": "100", "precision": 20}}], "total": 300, "customer": {"id": "cus_01JMPQ9K7R3BKEMBVG59BHS2MY", "email": "mosabbir.fwd@gmail.com", "phone": "01829463584", "metadata": null, "last_name": "Khan", "created_at": "2025-02-22T11:39:44.248Z", "created_by": null, "deleted_at": null, "first_name": "Md Mosabbir Hossain", "updated_at": "2025-02-22T11:39:44.248Z", "has_account": true, "company_name": null}, "subtotal": 300, "tax_total": 0, "display_id": 15, "item_total": 200, "customer_id": "cus_01JMPQ9K7R3BKEMBVG59BHS2MY", "currency_code": "bdt", "item_subtotal": 200, "discount_total": 0, "item_tax_total": 0, "shipping_total": 100, "billing_address": {"id": "caaddr_01JVAG34BB3HCZVH7AKHPY9BJH", "city": "Dhaka", "phone": "01829463584", "company": "", "metadata": null, "province": "", "address_1": "314/A Ulon,  Rampura", "address_2": "", "last_name": "Khan", "created_at": "2025-05-15T17:32:51.948Z", "deleted_at": null, "first_name": "Md Mosabbir Hossain", "updated_at": "2025-05-15T17:32:51.948Z", "customer_id": null, "postal_code": "1319", "country_code": "bd"}, "shipping_address": {"id": "caaddr_01JVAG34BCXH5390B4DAQGY7A0", "city": "Dhaka", "phone": "01829463584", "company": "", "metadata": null, "province": "", "address_1": "314/A Ulon,  Rampura", "address_2": "", "last_name": "Khan", "created_at": "2025-05-15T17:32:51.948Z", "deleted_at": null, "first_name": "Md Mosabbir Hossain", "updated_at": "2025-05-15T17:32:51.948Z", "customer_id": null, "postal_code": "1319", "country_code": "bd"}, "shipping_methods": [{"id": "ordsm_01JVAG3CT0Q8S3NN7RANV1JTNH", "data": {}, "name": "Deffault", "total": 100, "amount": 100, "detail": {"id": "ordspmv_01JVAG3CT05ZP08MPJNJS04VDC", "version": 1, "claim_id": null, "order_id": "order_01JVAG3CT1EDCTN2FVTR1EWW9P", "return_id": null, "created_at": "2025-05-15T17:33:00.620Z", "deleted_at": null, "updated_at": "2025-05-15T17:33:00.620Z", "exchange_id": null, "shipping_method_id": "ordsm_01JVAG3CT0Q8S3NN7RANV1JTNH"}, "metadata": null, "order_id": "order_01JVAG3CT1EDCTN2FVTR1EWW9P", "subtotal": 100, "raw_total": {"value": "100", "precision": 20}, "tax_lines": [{"id": "ordsmtxl_01JVAG3CSZJV3MR7627XBGFFPJ", "code": "", "rate": 0, "total": 0, "raw_rate": {"value": "0", "precision": 20}, "subtotal": 0, "raw_total": {"value": "0", "precision": 20}, "created_at": "2025-05-15T17:33:00.620Z", "deleted_at": null, "updated_at": "2025-05-15T17:33:00.620Z", "description": "Bangladesh", "provider_id": "system", "tax_rate_id": "txr_01JNX8H0S9X07PTNVN7PBW3NXB", "raw_subtotal": {"value": "0", "precision": 20}, "shipping_method_id": "ordsm_01JVAG3CT0Q8S3NN7RANV1JTNH"}], "tax_total": 0, "created_at": "2025-05-15T17:33:00.620Z", "deleted_at": null, "raw_amount": {"value": "100", "precision": 20}, "updated_at": "2025-05-15T17:33:00.620Z", "adjustments": [], "description": null, "raw_subtotal": {"value": "100", "precision": 20}, "raw_tax_total": {"value": "0", "precision": 20}, "discount_total": 0, "original_total": 100, "is_custom_amount": false, "is_tax_inclusive": false, "discount_subtotal": 0, "discount_tax_total": 0, "original_tax_total": 0, "raw_discount_total": {"value": "0", "precision": 20}, "raw_original_total": {"value": "100", "precision": 20}, "shipping_option_id": "so_01JQ78NHXRGT4Y0G3P1NBCPK48", "raw_discount_subtotal": {"value": "0", "precision": 20}, "raw_discount_tax_total": {"value": "0", "precision": 20}, "raw_original_tax_total": {"value": "0", "precision": 20}}]}}	\N	\N	\N	\N	\N	\N	c38edaba-5a51-4a29-b98f-6494d5e6ce1e	resend	2025-05-15 23:33:01.095+06	2025-05-15 23:33:04.685+06	\N	success
noti_01JVAG3D960P5NSECR0DENGNM9	kmosabbir@gmail.com	email	order-placed	{"order": {"id": "order_01JVAG3CT1EDCTN2FVTR1EWW9P", "email": "kmosabbir@gmail.com", "items": [{"id": "ordli_01JVAG3CT4XG4N73R5VG6R7PR8", "title": "Default variant", "total": 100, "detail": {"id": "orditem_01JVAG3CT7RE7FK4SF31RT2AN4", "item_id": "ordli_01JVAG3CT4XG4N73R5VG6R7PR8", "version": 1, "metadata": null, "order_id": "order_01JVAG3CT1EDCTN2FVTR1EWW9P", "quantity": 1, "created_at": "2025-05-15T17:33:00.618Z", "deleted_at": null, "unit_price": null, "updated_at": "2025-05-15T17:33:00.618Z", "raw_quantity": {"value": "1", "precision": 20}, "raw_unit_price": null, "shipped_quantity": 0, "delivered_quantity": 0, "fulfilled_quantity": 0, "raw_shipped_quantity": {"value": "0", "precision": 20}, "written_off_quantity": 0, "compare_at_unit_price": null, "raw_delivered_quantity": {"value": "0", "precision": 20}, "raw_fulfilled_quantity": {"value": "0", "precision": 20}, "raw_written_off_quantity": {"value": "0", "precision": 20}, "return_received_quantity": 0, "raw_compare_at_unit_price": null, "return_dismissed_quantity": 0, "return_requested_quantity": 0, "raw_return_received_quantity": {"value": "0", "precision": 20}, "raw_return_dismissed_quantity": {"value": "0", "precision": 20}, "raw_return_requested_quantity": {"value": "0", "precision": 20}}, "metadata": {"ingredients": [{"id": "d3de53c4-2ba5-4068-85ef-0959080b97a5", "name": "123"}]}, "quantity": 1, "subtitle": "Pokmeon", "subtotal": 100, "raw_total": {"value": "100", "precision": 20}, "tax_lines": [{"id": "ordlitxl_01JVAG3CT348Y4VZ05A29XYNA7", "code": "", "rate": 0, "total": 0, "item_id": "ordli_01JVAG3CT4XG4N73R5VG6R7PR8", "raw_rate": {"value": "0", "precision": 20}, "subtotal": 0, "raw_total": {"value": "0", "precision": 20}, "created_at": "2025-05-15T17:33:00.621Z", "deleted_at": null, "updated_at": "2025-05-15T17:33:00.621Z", "description": "Bangladesh", "provider_id": "system", "tax_rate_id": "txr_01JNX8H0S9X07PTNVN7PBW3NXB", "raw_subtotal": {"value": "0", "precision": 20}}], "tax_total": 0, "thumbnail": "http://localhost:9000/static/1747251920117-Screenshot%20from%202025-01-07%2009-10-30.png", "created_at": "2025-05-15T17:33:00.618Z", "deleted_at": null, "product_id": "prod_01JV858ZAE63830RPWDNTVEYEJ", "unit_price": 100, "updated_at": "2025-05-15T17:33:00.618Z", "variant_id": "variant_01JV858ZVBMGKNNRBHCM8YYVX7", "adjustments": [], "variant_sku": null, "product_type": "Pitha", "raw_quantity": {"value": "1", "precision": 20}, "raw_subtotal": {"value": "100", "precision": 20}, "product_title": "Pokmeon", "raw_tax_total": {"value": "0", "precision": 20}, "shipped_total": 0, "variant_title": "Default variant", "discount_total": 0, "original_total": 100, "product_handle": "pihta", "raw_unit_price": {"value": "100", "precision": 20}, "fulfilled_total": 0, "is_custom_price": false, "is_discountable": true, "product_type_id": "ptyp_01JNX87TA227NBFF63VMQE8GNR", "variant_barcode": null, "write_off_total": 0, "is_tax_inclusive": false, "product_subtitle": "A steamed rice cake filled with jaggery (gur) and coconut.", "refundable_total": 100, "discount_subtotal": 0, "raw_shipped_total": {"value": "0", "precision": 20}, "requires_shipping": true, "discount_tax_total": 0, "original_tax_total": 0, "product_collection": "Food", "raw_discount_total": {"value": "0", "precision": 20}, "raw_original_total": {"value": "100", "precision": 20}, "product_description": "sdfsdfs", "raw_fulfilled_total": {"value": "0", "precision": 20}, "raw_write_off_total": {"value": "0", "precision": 20}, "raw_refundable_total": {"value": "100", "precision": 20}, "compare_at_unit_price": null, "raw_discount_subtotal": {"value": "0", "precision": 20}, "return_received_total": 0, "variant_option_values": null, "raw_discount_tax_total": {"value": "0", "precision": 20}, "raw_original_tax_total": {"value": "0", "precision": 20}, "return_dismissed_total": 0, "return_requested_total": 0, "raw_compare_at_unit_price": null, "raw_return_received_total": {"value": "0", "precision": 20}, "refundable_total_per_unit": 100, "raw_return_dismissed_total": {"value": "0", "precision": 20}, "raw_return_requested_total": {"value": "0", "precision": 20}, "raw_refundable_total_per_unit": {"value": "100", "precision": 20}}, {"id": "ordli_01JVAG3CT54FYVZYK9JM2TGRM1", "title": "Default variant", "total": 100, "detail": {"id": "orditem_01JVAG3CT81W32JRKXRTXHAM4P", "item_id": "ordli_01JVAG3CT54FYVZYK9JM2TGRM1", "version": 1, "metadata": null, "order_id": "order_01JVAG3CT1EDCTN2FVTR1EWW9P", "quantity": 1, "created_at": "2025-05-15T17:33:00.619Z", "deleted_at": null, "unit_price": null, "updated_at": "2025-05-15T17:33:00.619Z", "raw_quantity": {"value": "1", "precision": 20}, "raw_unit_price": null, "shipped_quantity": 0, "delivered_quantity": 0, "fulfilled_quantity": 0, "raw_shipped_quantity": {"value": "0", "precision": 20}, "written_off_quantity": 0, "compare_at_unit_price": null, "raw_delivered_quantity": {"value": "0", "precision": 20}, "raw_fulfilled_quantity": {"value": "0", "precision": 20}, "raw_written_off_quantity": {"value": "0", "precision": 20}, "return_received_quantity": 0, "raw_compare_at_unit_price": null, "return_dismissed_quantity": 0, "return_requested_quantity": 0, "raw_return_received_quantity": {"value": "0", "precision": 20}, "raw_return_dismissed_quantity": {"value": "0", "precision": 20}, "raw_return_requested_quantity": {"value": "0", "precision": 20}}, "metadata": {"ingredients": []}, "quantity": 1, "subtitle": "Pokmeon", "subtotal": 100, "raw_total": {"value": "100", "precision": 20}, "tax_lines": [{"id": "ordlitxl_01JVAG3CT4AGEZ7SBRG1RYAM40", "code": "", "rate": 0, "total": 0, "item_id": "ordli_01JVAG3CT54FYVZYK9JM2TGRM1", "raw_rate": {"value": "0", "precision": 20}, "subtotal": 0, "raw_total": {"value": "0", "precision": 20}, "created_at": "2025-05-15T17:33:00.621Z", "deleted_at": null, "updated_at": "2025-05-15T17:33:00.621Z", "description": "Bangladesh", "provider_id": "system", "tax_rate_id": "txr_01JNX8H0S9X07PTNVN7PBW3NXB", "raw_subtotal": {"value": "0", "precision": 20}}], "tax_total": 0, "thumbnail": "http://localhost:9000/static/1747251920117-Screenshot%20from%202025-01-07%2009-10-30.png", "created_at": "2025-05-15T17:33:00.618Z", "deleted_at": null, "product_id": "prod_01JV858ZAE63830RPWDNTVEYEJ", "unit_price": 100, "updated_at": "2025-05-15T17:33:00.618Z", "variant_id": "variant_01JV858ZVBMGKNNRBHCM8YYVX7", "adjustments": [], "variant_sku": null, "product_type": "Pitha", "raw_quantity": {"value": "1", "precision": 20}, "raw_subtotal": {"value": "100", "precision": 20}, "product_title": "Pokmeon", "raw_tax_total": {"value": "0", "precision": 20}, "shipped_total": 0, "variant_title": "Default variant", "discount_total": 0, "original_total": 100, "product_handle": "pihta", "raw_unit_price": {"value": "100", "precision": 20}, "fulfilled_total": 0, "is_custom_price": false, "is_discountable": true, "product_type_id": "ptyp_01JNX87TA227NBFF63VMQE8GNR", "variant_barcode": null, "write_off_total": 0, "is_tax_inclusive": false, "product_subtitle": "A steamed rice cake filled with jaggery (gur) and coconut.", "refundable_total": 100, "discount_subtotal": 0, "raw_shipped_total": {"value": "0", "precision": 20}, "requires_shipping": true, "discount_tax_total": 0, "original_tax_total": 0, "product_collection": "Food", "raw_discount_total": {"value": "0", "precision": 20}, "raw_original_total": {"value": "100", "precision": 20}, "product_description": "sdfsdfs", "raw_fulfilled_total": {"value": "0", "precision": 20}, "raw_write_off_total": {"value": "0", "precision": 20}, "raw_refundable_total": {"value": "100", "precision": 20}, "compare_at_unit_price": null, "raw_discount_subtotal": {"value": "0", "precision": 20}, "return_received_total": 0, "variant_option_values": null, "raw_discount_tax_total": {"value": "0", "precision": 20}, "raw_original_tax_total": {"value": "0", "precision": 20}, "return_dismissed_total": 0, "return_requested_total": 0, "raw_compare_at_unit_price": null, "raw_return_received_total": {"value": "0", "precision": 20}, "refundable_total_per_unit": 100, "raw_return_dismissed_total": {"value": "0", "precision": 20}, "raw_return_requested_total": {"value": "0", "precision": 20}, "raw_refundable_total_per_unit": {"value": "100", "precision": 20}}], "total": 300, "customer": {"id": "cus_01JMPQ9K7R3BKEMBVG59BHS2MY", "email": "mosabbir.fwd@gmail.com", "phone": "01829463584", "metadata": null, "last_name": "Khan", "created_at": "2025-02-22T11:39:44.248Z", "created_by": null, "deleted_at": null, "first_name": "Md Mosabbir Hossain", "updated_at": "2025-02-22T11:39:44.248Z", "has_account": true, "company_name": null}, "subtotal": 300, "tax_total": 0, "display_id": 15, "item_total": 200, "customer_id": "cus_01JMPQ9K7R3BKEMBVG59BHS2MY", "currency_code": "bdt", "item_subtotal": 200, "discount_total": 0, "item_tax_total": 0, "shipping_total": 100, "billing_address": {"id": "caaddr_01JVAG34BB3HCZVH7AKHPY9BJH", "city": "Dhaka", "phone": "01829463584", "company": "", "metadata": null, "province": "", "address_1": "314/A Ulon,  Rampura", "address_2": "", "last_name": "Khan", "created_at": "2025-05-15T17:32:51.948Z", "deleted_at": null, "first_name": "Md Mosabbir Hossain", "updated_at": "2025-05-15T17:32:51.948Z", "customer_id": null, "postal_code": "1319", "country_code": "bd"}, "shipping_address": {"id": "caaddr_01JVAG34BCXH5390B4DAQGY7A0", "city": "Dhaka", "phone": "01829463584", "company": "", "metadata": null, "province": "", "address_1": "314/A Ulon,  Rampura", "address_2": "", "last_name": "Khan", "created_at": "2025-05-15T17:32:51.948Z", "deleted_at": null, "first_name": "Md Mosabbir Hossain", "updated_at": "2025-05-15T17:32:51.948Z", "customer_id": null, "postal_code": "1319", "country_code": "bd"}, "shipping_methods": [{"id": "ordsm_01JVAG3CT0Q8S3NN7RANV1JTNH", "data": {}, "name": "Deffault", "total": 100, "amount": 100, "detail": {"id": "ordspmv_01JVAG3CT05ZP08MPJNJS04VDC", "version": 1, "claim_id": null, "order_id": "order_01JVAG3CT1EDCTN2FVTR1EWW9P", "return_id": null, "created_at": "2025-05-15T17:33:00.620Z", "deleted_at": null, "updated_at": "2025-05-15T17:33:00.620Z", "exchange_id": null, "shipping_method_id": "ordsm_01JVAG3CT0Q8S3NN7RANV1JTNH"}, "metadata": null, "order_id": "order_01JVAG3CT1EDCTN2FVTR1EWW9P", "subtotal": 100, "raw_total": {"value": "100", "precision": 20}, "tax_lines": [{"id": "ordsmtxl_01JVAG3CSZJV3MR7627XBGFFPJ", "code": "", "rate": 0, "total": 0, "raw_rate": {"value": "0", "precision": 20}, "subtotal": 0, "raw_total": {"value": "0", "precision": 20}, "created_at": "2025-05-15T17:33:00.620Z", "deleted_at": null, "updated_at": "2025-05-15T17:33:00.620Z", "description": "Bangladesh", "provider_id": "system", "tax_rate_id": "txr_01JNX8H0S9X07PTNVN7PBW3NXB", "raw_subtotal": {"value": "0", "precision": 20}, "shipping_method_id": "ordsm_01JVAG3CT0Q8S3NN7RANV1JTNH"}], "tax_total": 0, "created_at": "2025-05-15T17:33:00.620Z", "deleted_at": null, "raw_amount": {"value": "100", "precision": 20}, "updated_at": "2025-05-15T17:33:00.620Z", "adjustments": [], "description": null, "raw_subtotal": {"value": "100", "precision": 20}, "raw_tax_total": {"value": "0", "precision": 20}, "discount_total": 0, "original_total": 100, "is_custom_amount": false, "is_tax_inclusive": false, "discount_subtotal": 0, "discount_tax_total": 0, "original_tax_total": 0, "raw_discount_total": {"value": "0", "precision": 20}, "raw_original_total": {"value": "100", "precision": 20}, "shipping_option_id": "so_01JQ78NHXRGT4Y0G3P1NBCPK48", "raw_discount_subtotal": {"value": "0", "precision": 20}, "raw_discount_tax_total": {"value": "0", "precision": 20}, "raw_original_tax_total": {"value": "0", "precision": 20}}]}, "isAdmin": true}	\N	\N	\N	\N	\N	\N	68fcdac0-0818-4a18-9d5a-75c0f06feba0	resend	2025-05-15 23:33:01.096+06	2025-05-15 23:33:04.684+06	\N	success
noti_01JVAH3NW8A1NXQ4WTE6JB3MQ0	kmosabbir@gmail.com	email	order-placed	{"order": {"id": "order_01JVAH3NBW3R5W8TS70XPF2XD1", "email": "kmosabbir@gmail.com", "items": [{"id": "ordli_01JVAH3NBYHEXT291KFYK2TWT8", "title": "Default variant", "total": 100, "detail": {"id": "orditem_01JVAH3NBY8E3NKBRX7K8PQ84H", "item_id": "ordli_01JVAH3NBYHEXT291KFYK2TWT8", "version": 1, "metadata": null, "order_id": "order_01JVAH3NBW3R5W8TS70XPF2XD1", "quantity": 1, "created_at": "2025-05-15T17:50:37.953Z", "deleted_at": null, "unit_price": null, "updated_at": "2025-05-15T17:50:37.953Z", "raw_quantity": {"value": "1", "precision": 20}, "raw_unit_price": null, "shipped_quantity": 0, "delivered_quantity": 0, "fulfilled_quantity": 0, "raw_shipped_quantity": {"value": "0", "precision": 20}, "written_off_quantity": 0, "compare_at_unit_price": null, "raw_delivered_quantity": {"value": "0", "precision": 20}, "raw_fulfilled_quantity": {"value": "0", "precision": 20}, "raw_written_off_quantity": {"value": "0", "precision": 20}, "return_received_quantity": 0, "raw_compare_at_unit_price": null, "return_dismissed_quantity": 0, "return_requested_quantity": 0, "raw_return_received_quantity": {"value": "0", "precision": 20}, "raw_return_dismissed_quantity": {"value": "0", "precision": 20}, "raw_return_requested_quantity": {"value": "0", "precision": 20}}, "metadata": {"ingredients": [{"id": "d3de53c4-2ba5-4068-85ef-0959080b97a5", "name": "123"}]}, "quantity": 1, "subtitle": "Pokmeon", "subtotal": 100, "raw_total": {"value": "100", "precision": 20}, "tax_lines": [{"id": "ordlitxl_01JVAH3NBY8C3VAEA3MN78XWSY", "code": "", "rate": 0, "total": 0, "item_id": "ordli_01JVAH3NBYHEXT291KFYK2TWT8", "raw_rate": {"value": "0", "precision": 20}, "subtotal": 0, "raw_total": {"value": "0", "precision": 20}, "created_at": "2025-05-15T17:50:37.955Z", "deleted_at": null, "updated_at": "2025-05-15T17:50:37.955Z", "description": "Bangladesh", "provider_id": "system", "tax_rate_id": "txr_01JNX8H0S9X07PTNVN7PBW3NXB", "raw_subtotal": {"value": "0", "precision": 20}}], "tax_total": 0, "thumbnail": "http://localhost:9000/static/1747251920117-Screenshot%20from%202025-01-07%2009-10-30.png", "created_at": "2025-05-15T17:50:37.953Z", "deleted_at": null, "product_id": "prod_01JV858ZAE63830RPWDNTVEYEJ", "unit_price": 100, "updated_at": "2025-05-15T17:50:37.953Z", "variant_id": "variant_01JV858ZVBMGKNNRBHCM8YYVX7", "adjustments": [], "variant_sku": null, "product_type": "Pitha", "raw_quantity": {"value": "1", "precision": 20}, "raw_subtotal": {"value": "100", "precision": 20}, "product_title": "Pokmeon", "raw_tax_total": {"value": "0", "precision": 20}, "shipped_total": 0, "variant_title": "Default variant", "discount_total": 0, "original_total": 100, "product_handle": "pihta", "raw_unit_price": {"value": "100", "precision": 20}, "fulfilled_total": 0, "is_custom_price": false, "is_discountable": true, "product_type_id": "ptyp_01JNX87TA227NBFF63VMQE8GNR", "variant_barcode": null, "write_off_total": 0, "is_tax_inclusive": false, "product_subtitle": "A steamed rice cake filled with jaggery (gur) and coconut.", "refundable_total": 100, "discount_subtotal": 0, "raw_shipped_total": {"value": "0", "precision": 20}, "requires_shipping": true, "discount_tax_total": 0, "original_tax_total": 0, "product_collection": "Food", "raw_discount_total": {"value": "0", "precision": 20}, "raw_original_total": {"value": "100", "precision": 20}, "product_description": "sdfsdfs", "raw_fulfilled_total": {"value": "0", "precision": 20}, "raw_write_off_total": {"value": "0", "precision": 20}, "raw_refundable_total": {"value": "100", "precision": 20}, "compare_at_unit_price": null, "raw_discount_subtotal": {"value": "0", "precision": 20}, "return_received_total": 0, "variant_option_values": null, "raw_discount_tax_total": {"value": "0", "precision": 20}, "raw_original_tax_total": {"value": "0", "precision": 20}, "return_dismissed_total": 0, "return_requested_total": 0, "raw_compare_at_unit_price": null, "raw_return_received_total": {"value": "0", "precision": 20}, "refundable_total_per_unit": 100, "raw_return_dismissed_total": {"value": "0", "precision": 20}, "raw_return_requested_total": {"value": "0", "precision": 20}, "raw_refundable_total_per_unit": {"value": "100", "precision": 20}}], "total": 200, "customer": {"id": "cus_01JMPQ9K7R3BKEMBVG59BHS2MY", "email": "mosabbir.fwd@gmail.com", "phone": "01829463584", "metadata": null, "last_name": "Khan", "created_at": "2025-02-22T11:39:44.248Z", "created_by": null, "deleted_at": null, "first_name": "Md Mosabbir Hossain", "updated_at": "2025-02-22T11:39:44.248Z", "has_account": true, "company_name": null}, "subtotal": 200, "tax_total": 0, "display_id": 16, "item_total": 100, "customer_id": "cus_01JMPQ9K7R3BKEMBVG59BHS2MY", "currency_code": "bdt", "item_subtotal": 100, "discount_total": 0, "item_tax_total": 0, "shipping_total": 100, "billing_address": {"id": "caaddr_01JVAH3E78KSEEJPJGSG2HVW18", "city": "Dhaka", "phone": "01829463584", "company": "", "metadata": null, "province": "", "address_1": "314/A Ulon,  Rampura", "address_2": "", "last_name": "Khan", "created_at": "2025-05-15T17:50:30.633Z", "deleted_at": null, "first_name": "Md Mosabbir Hossain", "updated_at": "2025-05-15T17:50:30.633Z", "customer_id": null, "postal_code": "1319", "country_code": "bd"}, "shipping_address": {"id": "caaddr_01JVAH3E78BR74RBW93RSZXCF0", "city": "Dhaka", "phone": "01829463584", "company": "", "metadata": null, "province": "", "address_1": "314/A Ulon,  Rampura", "address_2": "", "last_name": "Khan", "created_at": "2025-05-15T17:50:30.633Z", "deleted_at": null, "first_name": "Md Mosabbir Hossain", "updated_at": "2025-05-15T17:50:30.633Z", "customer_id": null, "postal_code": "1319", "country_code": "bd"}, "shipping_methods": [{"id": "ordsm_01JVAH3NBVGK0Z2GSMA8Q175WQ", "data": {}, "name": "Deffault", "total": 100, "amount": 100, "detail": {"id": "ordspmv_01JVAH3NBWSYQBCYGDVH041CSB", "version": 1, "claim_id": null, "order_id": "order_01JVAH3NBW3R5W8TS70XPF2XD1", "return_id": null, "created_at": "2025-05-15T17:50:37.954Z", "deleted_at": null, "updated_at": "2025-05-15T17:50:37.954Z", "exchange_id": null, "shipping_method_id": "ordsm_01JVAH3NBVGK0Z2GSMA8Q175WQ"}, "metadata": null, "order_id": "order_01JVAH3NBW3R5W8TS70XPF2XD1", "subtotal": 100, "raw_total": {"value": "100", "precision": 20}, "tax_lines": [{"id": "ordsmtxl_01JVAH3NBV0Z25N8J1BMSK54P4", "code": "", "rate": 0, "total": 0, "raw_rate": {"value": "0", "precision": 20}, "subtotal": 0, "raw_total": {"value": "0", "precision": 20}, "created_at": "2025-05-15T17:50:37.955Z", "deleted_at": null, "updated_at": "2025-05-15T17:50:37.955Z", "description": "Bangladesh", "provider_id": "system", "tax_rate_id": "txr_01JNX8H0S9X07PTNVN7PBW3NXB", "raw_subtotal": {"value": "0", "precision": 20}, "shipping_method_id": "ordsm_01JVAH3NBVGK0Z2GSMA8Q175WQ"}], "tax_total": 0, "created_at": "2025-05-15T17:50:37.954Z", "deleted_at": null, "raw_amount": {"value": "100", "precision": 20}, "updated_at": "2025-05-15T17:50:37.954Z", "adjustments": [], "description": null, "raw_subtotal": {"value": "100", "precision": 20}, "raw_tax_total": {"value": "0", "precision": 20}, "discount_total": 0, "original_total": 100, "is_custom_amount": false, "is_tax_inclusive": false, "discount_subtotal": 0, "discount_tax_total": 0, "original_tax_total": 0, "raw_discount_total": {"value": "0", "precision": 20}, "raw_original_total": {"value": "100", "precision": 20}, "shipping_option_id": "so_01JQ78NHXRGT4Y0G3P1NBCPK48", "raw_discount_subtotal": {"value": "0", "precision": 20}, "raw_discount_tax_total": {"value": "0", "precision": 20}, "raw_original_tax_total": {"value": "0", "precision": 20}}]}}	\N	\N	\N	\N	\N	\N	35db5ccf-c0e0-4410-ab78-fad343a1260c	resend	2025-05-15 23:50:38.473+06	2025-05-15 23:50:41.922+06	\N	success
noti_01JVAH3NW8000VACDBQ4A8Q7CY	kmosabbir@gmail.com	email	order-placed	{"order": {"id": "order_01JVAH3NBW3R5W8TS70XPF2XD1", "email": "kmosabbir@gmail.com", "items": [{"id": "ordli_01JVAH3NBYHEXT291KFYK2TWT8", "title": "Default variant", "total": 100, "detail": {"id": "orditem_01JVAH3NBY8E3NKBRX7K8PQ84H", "item_id": "ordli_01JVAH3NBYHEXT291KFYK2TWT8", "version": 1, "metadata": null, "order_id": "order_01JVAH3NBW3R5W8TS70XPF2XD1", "quantity": 1, "created_at": "2025-05-15T17:50:37.953Z", "deleted_at": null, "unit_price": null, "updated_at": "2025-05-15T17:50:37.953Z", "raw_quantity": {"value": "1", "precision": 20}, "raw_unit_price": null, "shipped_quantity": 0, "delivered_quantity": 0, "fulfilled_quantity": 0, "raw_shipped_quantity": {"value": "0", "precision": 20}, "written_off_quantity": 0, "compare_at_unit_price": null, "raw_delivered_quantity": {"value": "0", "precision": 20}, "raw_fulfilled_quantity": {"value": "0", "precision": 20}, "raw_written_off_quantity": {"value": "0", "precision": 20}, "return_received_quantity": 0, "raw_compare_at_unit_price": null, "return_dismissed_quantity": 0, "return_requested_quantity": 0, "raw_return_received_quantity": {"value": "0", "precision": 20}, "raw_return_dismissed_quantity": {"value": "0", "precision": 20}, "raw_return_requested_quantity": {"value": "0", "precision": 20}}, "metadata": {"ingredients": [{"id": "d3de53c4-2ba5-4068-85ef-0959080b97a5", "name": "123"}]}, "quantity": 1, "subtitle": "Pokmeon", "subtotal": 100, "raw_total": {"value": "100", "precision": 20}, "tax_lines": [{"id": "ordlitxl_01JVAH3NBY8C3VAEA3MN78XWSY", "code": "", "rate": 0, "total": 0, "item_id": "ordli_01JVAH3NBYHEXT291KFYK2TWT8", "raw_rate": {"value": "0", "precision": 20}, "subtotal": 0, "raw_total": {"value": "0", "precision": 20}, "created_at": "2025-05-15T17:50:37.955Z", "deleted_at": null, "updated_at": "2025-05-15T17:50:37.955Z", "description": "Bangladesh", "provider_id": "system", "tax_rate_id": "txr_01JNX8H0S9X07PTNVN7PBW3NXB", "raw_subtotal": {"value": "0", "precision": 20}}], "tax_total": 0, "thumbnail": "http://localhost:9000/static/1747251920117-Screenshot%20from%202025-01-07%2009-10-30.png", "created_at": "2025-05-15T17:50:37.953Z", "deleted_at": null, "product_id": "prod_01JV858ZAE63830RPWDNTVEYEJ", "unit_price": 100, "updated_at": "2025-05-15T17:50:37.953Z", "variant_id": "variant_01JV858ZVBMGKNNRBHCM8YYVX7", "adjustments": [], "variant_sku": null, "product_type": "Pitha", "raw_quantity": {"value": "1", "precision": 20}, "raw_subtotal": {"value": "100", "precision": 20}, "product_title": "Pokmeon", "raw_tax_total": {"value": "0", "precision": 20}, "shipped_total": 0, "variant_title": "Default variant", "discount_total": 0, "original_total": 100, "product_handle": "pihta", "raw_unit_price": {"value": "100", "precision": 20}, "fulfilled_total": 0, "is_custom_price": false, "is_discountable": true, "product_type_id": "ptyp_01JNX87TA227NBFF63VMQE8GNR", "variant_barcode": null, "write_off_total": 0, "is_tax_inclusive": false, "product_subtitle": "A steamed rice cake filled with jaggery (gur) and coconut.", "refundable_total": 100, "discount_subtotal": 0, "raw_shipped_total": {"value": "0", "precision": 20}, "requires_shipping": true, "discount_tax_total": 0, "original_tax_total": 0, "product_collection": "Food", "raw_discount_total": {"value": "0", "precision": 20}, "raw_original_total": {"value": "100", "precision": 20}, "product_description": "sdfsdfs", "raw_fulfilled_total": {"value": "0", "precision": 20}, "raw_write_off_total": {"value": "0", "precision": 20}, "raw_refundable_total": {"value": "100", "precision": 20}, "compare_at_unit_price": null, "raw_discount_subtotal": {"value": "0", "precision": 20}, "return_received_total": 0, "variant_option_values": null, "raw_discount_tax_total": {"value": "0", "precision": 20}, "raw_original_tax_total": {"value": "0", "precision": 20}, "return_dismissed_total": 0, "return_requested_total": 0, "raw_compare_at_unit_price": null, "raw_return_received_total": {"value": "0", "precision": 20}, "refundable_total_per_unit": 100, "raw_return_dismissed_total": {"value": "0", "precision": 20}, "raw_return_requested_total": {"value": "0", "precision": 20}, "raw_refundable_total_per_unit": {"value": "100", "precision": 20}}], "total": 200, "customer": {"id": "cus_01JMPQ9K7R3BKEMBVG59BHS2MY", "email": "mosabbir.fwd@gmail.com", "phone": "01829463584", "metadata": null, "last_name": "Khan", "created_at": "2025-02-22T11:39:44.248Z", "created_by": null, "deleted_at": null, "first_name": "Md Mosabbir Hossain", "updated_at": "2025-02-22T11:39:44.248Z", "has_account": true, "company_name": null}, "subtotal": 200, "tax_total": 0, "display_id": 16, "item_total": 100, "customer_id": "cus_01JMPQ9K7R3BKEMBVG59BHS2MY", "currency_code": "bdt", "item_subtotal": 100, "discount_total": 0, "item_tax_total": 0, "shipping_total": 100, "billing_address": {"id": "caaddr_01JVAH3E78KSEEJPJGSG2HVW18", "city": "Dhaka", "phone": "01829463584", "company": "", "metadata": null, "province": "", "address_1": "314/A Ulon,  Rampura", "address_2": "", "last_name": "Khan", "created_at": "2025-05-15T17:50:30.633Z", "deleted_at": null, "first_name": "Md Mosabbir Hossain", "updated_at": "2025-05-15T17:50:30.633Z", "customer_id": null, "postal_code": "1319", "country_code": "bd"}, "shipping_address": {"id": "caaddr_01JVAH3E78BR74RBW93RSZXCF0", "city": "Dhaka", "phone": "01829463584", "company": "", "metadata": null, "province": "", "address_1": "314/A Ulon,  Rampura", "address_2": "", "last_name": "Khan", "created_at": "2025-05-15T17:50:30.633Z", "deleted_at": null, "first_name": "Md Mosabbir Hossain", "updated_at": "2025-05-15T17:50:30.633Z", "customer_id": null, "postal_code": "1319", "country_code": "bd"}, "shipping_methods": [{"id": "ordsm_01JVAH3NBVGK0Z2GSMA8Q175WQ", "data": {}, "name": "Deffault", "total": 100, "amount": 100, "detail": {"id": "ordspmv_01JVAH3NBWSYQBCYGDVH041CSB", "version": 1, "claim_id": null, "order_id": "order_01JVAH3NBW3R5W8TS70XPF2XD1", "return_id": null, "created_at": "2025-05-15T17:50:37.954Z", "deleted_at": null, "updated_at": "2025-05-15T17:50:37.954Z", "exchange_id": null, "shipping_method_id": "ordsm_01JVAH3NBVGK0Z2GSMA8Q175WQ"}, "metadata": null, "order_id": "order_01JVAH3NBW3R5W8TS70XPF2XD1", "subtotal": 100, "raw_total": {"value": "100", "precision": 20}, "tax_lines": [{"id": "ordsmtxl_01JVAH3NBV0Z25N8J1BMSK54P4", "code": "", "rate": 0, "total": 0, "raw_rate": {"value": "0", "precision": 20}, "subtotal": 0, "raw_total": {"value": "0", "precision": 20}, "created_at": "2025-05-15T17:50:37.955Z", "deleted_at": null, "updated_at": "2025-05-15T17:50:37.955Z", "description": "Bangladesh", "provider_id": "system", "tax_rate_id": "txr_01JNX8H0S9X07PTNVN7PBW3NXB", "raw_subtotal": {"value": "0", "precision": 20}, "shipping_method_id": "ordsm_01JVAH3NBVGK0Z2GSMA8Q175WQ"}], "tax_total": 0, "created_at": "2025-05-15T17:50:37.954Z", "deleted_at": null, "raw_amount": {"value": "100", "precision": 20}, "updated_at": "2025-05-15T17:50:37.954Z", "adjustments": [], "description": null, "raw_subtotal": {"value": "100", "precision": 20}, "raw_tax_total": {"value": "0", "precision": 20}, "discount_total": 0, "original_total": 100, "is_custom_amount": false, "is_tax_inclusive": false, "discount_subtotal": 0, "discount_tax_total": 0, "original_tax_total": 0, "raw_discount_total": {"value": "0", "precision": 20}, "raw_original_total": {"value": "100", "precision": 20}, "shipping_option_id": "so_01JQ78NHXRGT4Y0G3P1NBCPK48", "raw_discount_subtotal": {"value": "0", "precision": 20}, "raw_discount_tax_total": {"value": "0", "precision": 20}, "raw_original_tax_total": {"value": "0", "precision": 20}}]}, "isAdmin": true}	\N	\N	\N	\N	\N	\N	cc21e8bb-2376-452d-837f-0091a7db554f	resend	2025-05-15 23:50:38.473+06	2025-05-15 23:50:41.922+06	\N	success
noti_01JVAKN53S82GZFW3SDFWTJSJW	mosabbir.fwd@gmail.com	email	order-status-update	{"order": {"id": "order_01JV85E244W709HK2DCVRVKW4H", "email": "mosabbir.fwd@gmail.com", "total": 200, "customer": {"id": "cus_01JMPQ9K7R3BKEMBVG59BHS2MY", "email": "mosabbir.fwd@gmail.com", "phone": "01829463584", "metadata": null, "last_name": "Khan", "created_at": "2025-02-22T11:39:44.248Z", "created_by": null, "deleted_at": null, "first_name": "Md Mosabbir Hossain", "updated_at": "2025-02-22T11:39:44.248Z", "has_account": true, "company_name": null}, "display_id": 13, "customer_id": "cus_01JMPQ9K7R3BKEMBVG59BHS2MY", "currency_code": "bdt", "shipping_address": {"id": "caaddr_01JV85C07957HA2FKZ0SPZ5XNW", "city": "Dhaka", "phone": "018454545454", "company": "", "metadata": null, "province": "", "address_1": "300/R Banasree", "address_2": "", "last_name": "Khan", "created_at": "2025-05-14T19:46:59.434Z", "deleted_at": null, "first_name": "Md Mosabbir", "updated_at": "2025-05-14T19:46:59.434Z", "customer_id": null, "postal_code": "1212", "country_code": "bd"}}, "status": "updated"}	\N	\N	\N	\N	\N	\N	\N	resend	2025-05-16 00:35:08.281+06	2025-05-16 00:35:11.53+06	\N	success
noti_01JVAKN53SNRX0N0NJ8MJ9FQCS	kmosabbir@gmail.com	email	order-status-update	{"order": {"id": "order_01JV85E244W709HK2DCVRVKW4H", "email": "mosabbir.fwd@gmail.com", "total": 200, "customer": {"id": "cus_01JMPQ9K7R3BKEMBVG59BHS2MY", "email": "mosabbir.fwd@gmail.com", "phone": "01829463584", "metadata": null, "last_name": "Khan", "created_at": "2025-02-22T11:39:44.248Z", "created_by": null, "deleted_at": null, "first_name": "Md Mosabbir Hossain", "updated_at": "2025-02-22T11:39:44.248Z", "has_account": true, "company_name": null}, "display_id": 13, "customer_id": "cus_01JMPQ9K7R3BKEMBVG59BHS2MY", "currency_code": "bdt", "shipping_address": {"id": "caaddr_01JV85C07957HA2FKZ0SPZ5XNW", "city": "Dhaka", "phone": "018454545454", "company": "", "metadata": null, "province": "", "address_1": "300/R Banasree", "address_2": "", "last_name": "Khan", "created_at": "2025-05-14T19:46:59.434Z", "deleted_at": null, "first_name": "Md Mosabbir", "updated_at": "2025-05-14T19:46:59.434Z", "customer_id": null, "postal_code": "1212", "country_code": "bd"}}, "status": "updated", "isAdmin": true}	\N	\N	\N	\N	\N	\N	1d426fd6-a9c5-479b-bc36-08485b103b0d	resend	2025-05-16 00:35:08.282+06	2025-05-16 00:35:11.53+06	\N	success
noti_01JVAKPV70Z3VGX9JP8YJ67NFS	kmosabbir@gmail.com	email	order-placed	{"order": {"id": "order_01JVAKPTP9ZN9BVPZHCV3PZYNV", "email": "kmosabbir@gmail.com", "items": [{"id": "ordli_01JVAKPTPAM6H9A5C9413PMFPF", "title": "Default variant", "total": 100, "detail": {"id": "orditem_01JVAKPTPBGPFXQZD6GR6R2CWS", "item_id": "ordli_01JVAKPTPAM6H9A5C9413PMFPF", "version": 1, "metadata": null, "order_id": "order_01JVAKPTP9ZN9BVPZHCV3PZYNV", "quantity": 1, "created_at": "2025-05-15T18:36:03.149Z", "deleted_at": null, "unit_price": null, "updated_at": "2025-05-15T18:36:03.149Z", "raw_quantity": {"value": "1", "precision": 20}, "raw_unit_price": null, "shipped_quantity": 0, "delivered_quantity": 0, "fulfilled_quantity": 0, "raw_shipped_quantity": {"value": "0", "precision": 20}, "written_off_quantity": 0, "compare_at_unit_price": null, "raw_delivered_quantity": {"value": "0", "precision": 20}, "raw_fulfilled_quantity": {"value": "0", "precision": 20}, "raw_written_off_quantity": {"value": "0", "precision": 20}, "return_received_quantity": 0, "raw_compare_at_unit_price": null, "return_dismissed_quantity": 0, "return_requested_quantity": 0, "raw_return_received_quantity": {"value": "0", "precision": 20}, "raw_return_dismissed_quantity": {"value": "0", "precision": 20}, "raw_return_requested_quantity": {"value": "0", "precision": 20}}, "metadata": {"ingredients": [{"id": "d3de53c4-2ba5-4068-85ef-0959080b97a5", "name": "123"}]}, "quantity": 1, "subtitle": "Pokmeon", "subtotal": 100, "raw_total": {"value": "100", "precision": 20}, "tax_lines": [{"id": "ordlitxl_01JVAKPTPATV73S53QCCAAJSNM", "code": "", "rate": 0, "total": 0, "item_id": "ordli_01JVAKPTPAM6H9A5C9413PMFPF", "raw_rate": {"value": "0", "precision": 20}, "subtotal": 0, "raw_total": {"value": "0", "precision": 20}, "created_at": "2025-05-15T18:36:03.150Z", "deleted_at": null, "updated_at": "2025-05-15T18:36:03.150Z", "description": "Bangladesh", "provider_id": "system", "tax_rate_id": "txr_01JNX8H0S9X07PTNVN7PBW3NXB", "raw_subtotal": {"value": "0", "precision": 20}}], "tax_total": 0, "thumbnail": "http://localhost:9000/static/1747251920117-Screenshot%20from%202025-01-07%2009-10-30.png", "created_at": "2025-05-15T18:36:03.149Z", "deleted_at": null, "product_id": "prod_01JV858ZAE63830RPWDNTVEYEJ", "unit_price": 100, "updated_at": "2025-05-15T18:36:03.149Z", "variant_id": "variant_01JV858ZVBMGKNNRBHCM8YYVX7", "adjustments": [], "variant_sku": null, "product_type": "Pitha", "raw_quantity": {"value": "1", "precision": 20}, "raw_subtotal": {"value": "100", "precision": 20}, "product_title": "Pokmeon", "raw_tax_total": {"value": "0", "precision": 20}, "shipped_total": 0, "variant_title": "Default variant", "discount_total": 0, "original_total": 100, "product_handle": "pihta", "raw_unit_price": {"value": "100", "precision": 20}, "fulfilled_total": 0, "is_custom_price": false, "is_discountable": true, "product_type_id": "ptyp_01JNX87TA227NBFF63VMQE8GNR", "variant_barcode": null, "write_off_total": 0, "is_tax_inclusive": false, "product_subtitle": "A steamed rice cake filled with jaggery (gur) and coconut.", "refundable_total": 100, "discount_subtotal": 0, "raw_shipped_total": {"value": "0", "precision": 20}, "requires_shipping": true, "discount_tax_total": 0, "original_tax_total": 0, "product_collection": "Food", "raw_discount_total": {"value": "0", "precision": 20}, "raw_original_total": {"value": "100", "precision": 20}, "product_description": "sdfsdfs", "raw_fulfilled_total": {"value": "0", "precision": 20}, "raw_write_off_total": {"value": "0", "precision": 20}, "raw_refundable_total": {"value": "100", "precision": 20}, "compare_at_unit_price": null, "raw_discount_subtotal": {"value": "0", "precision": 20}, "return_received_total": 0, "variant_option_values": null, "raw_discount_tax_total": {"value": "0", "precision": 20}, "raw_original_tax_total": {"value": "0", "precision": 20}, "return_dismissed_total": 0, "return_requested_total": 0, "raw_compare_at_unit_price": null, "raw_return_received_total": {"value": "0", "precision": 20}, "refundable_total_per_unit": 100, "raw_return_dismissed_total": {"value": "0", "precision": 20}, "raw_return_requested_total": {"value": "0", "precision": 20}, "raw_refundable_total_per_unit": {"value": "100", "precision": 20}}], "total": 200, "customer": {"id": "cus_01JMPQ9K7R3BKEMBVG59BHS2MY", "email": "mosabbir.fwd@gmail.com", "phone": "01829463584", "metadata": null, "last_name": "Khan", "created_at": "2025-02-22T11:39:44.248Z", "created_by": null, "deleted_at": null, "first_name": "Md Mosabbir Hossain", "updated_at": "2025-02-22T11:39:44.248Z", "has_account": true, "company_name": null}, "subtotal": 200, "tax_total": 0, "display_id": 17, "item_total": 100, "customer_id": "cus_01JMPQ9K7R3BKEMBVG59BHS2MY", "currency_code": "bdt", "item_subtotal": 100, "discount_total": 0, "item_tax_total": 0, "shipping_total": 100, "billing_address": {"id": "caaddr_01JVAKPM3GXVJB1CBD2EZ37RJ5", "city": "Dhaka", "phone": "01829463584", "company": "", "metadata": null, "province": "", "address_1": "314/A Ulon,  Rampura", "address_2": "", "last_name": "Khan", "created_at": "2025-05-15T18:35:56.401Z", "deleted_at": null, "first_name": "Md Mosabbir Hossain", "updated_at": "2025-05-15T18:35:56.401Z", "customer_id": null, "postal_code": "1319", "country_code": "bd"}, "shipping_address": {"id": "caaddr_01JVAKPM3HNR83G2XNG9M2XW68", "city": "Dhaka", "phone": "01829463584", "company": "", "metadata": null, "province": "", "address_1": "314/A Ulon,  Rampura", "address_2": "", "last_name": "Khan", "created_at": "2025-05-15T18:35:56.401Z", "deleted_at": null, "first_name": "Md Mosabbir Hossain", "updated_at": "2025-05-15T18:35:56.401Z", "customer_id": null, "postal_code": "1319", "country_code": "bd"}, "shipping_methods": [{"id": "ordsm_01JVAKPTP9TZ77K93VHY3H23GH", "data": {}, "name": "Deffault", "total": 100, "amount": 100, "detail": {"id": "ordspmv_01JVAKPTP9RGXPRQ7XDRBWSB07", "version": 1, "claim_id": null, "order_id": "order_01JVAKPTP9ZN9BVPZHCV3PZYNV", "return_id": null, "created_at": "2025-05-15T18:36:03.150Z", "deleted_at": null, "updated_at": "2025-05-15T18:36:03.150Z", "exchange_id": null, "shipping_method_id": "ordsm_01JVAKPTP9TZ77K93VHY3H23GH"}, "metadata": null, "order_id": "order_01JVAKPTP9ZN9BVPZHCV3PZYNV", "subtotal": 100, "raw_total": {"value": "100", "precision": 20}, "tax_lines": [{"id": "ordsmtxl_01JVAKPTP84RHJMGSEZ4EJ4XAV", "code": "", "rate": 0, "total": 0, "raw_rate": {"value": "0", "precision": 20}, "subtotal": 0, "raw_total": {"value": "0", "precision": 20}, "created_at": "2025-05-15T18:36:03.150Z", "deleted_at": null, "updated_at": "2025-05-15T18:36:03.150Z", "description": "Bangladesh", "provider_id": "system", "tax_rate_id": "txr_01JNX8H0S9X07PTNVN7PBW3NXB", "raw_subtotal": {"value": "0", "precision": 20}, "shipping_method_id": "ordsm_01JVAKPTP9TZ77K93VHY3H23GH"}], "tax_total": 0, "created_at": "2025-05-15T18:36:03.150Z", "deleted_at": null, "raw_amount": {"value": "100", "precision": 20}, "updated_at": "2025-05-15T18:36:03.150Z", "adjustments": [], "description": null, "raw_subtotal": {"value": "100", "precision": 20}, "raw_tax_total": {"value": "0", "precision": 20}, "discount_total": 0, "original_total": 100, "is_custom_amount": false, "is_tax_inclusive": false, "discount_subtotal": 0, "discount_tax_total": 0, "original_tax_total": 0, "raw_discount_total": {"value": "0", "precision": 20}, "raw_original_total": {"value": "100", "precision": 20}, "shipping_option_id": "so_01JQ78NHXRGT4Y0G3P1NBCPK48", "raw_discount_subtotal": {"value": "0", "precision": 20}, "raw_discount_tax_total": {"value": "0", "precision": 20}, "raw_original_tax_total": {"value": "0", "precision": 20}}]}}	\N	\N	\N	\N	\N	\N	d482a6d0-b665-4f29-8517-8ca32aec5f37	resend	2025-05-16 00:36:03.681+06	2025-05-16 00:36:06.592+06	\N	success
noti_01JVAKPV70499P0JG28K0GYCV2	kmosabbir@gmail.com	email	order-placed	{"order": {"id": "order_01JVAKPTP9ZN9BVPZHCV3PZYNV", "email": "kmosabbir@gmail.com", "items": [{"id": "ordli_01JVAKPTPAM6H9A5C9413PMFPF", "title": "Default variant", "total": 100, "detail": {"id": "orditem_01JVAKPTPBGPFXQZD6GR6R2CWS", "item_id": "ordli_01JVAKPTPAM6H9A5C9413PMFPF", "version": 1, "metadata": null, "order_id": "order_01JVAKPTP9ZN9BVPZHCV3PZYNV", "quantity": 1, "created_at": "2025-05-15T18:36:03.149Z", "deleted_at": null, "unit_price": null, "updated_at": "2025-05-15T18:36:03.149Z", "raw_quantity": {"value": "1", "precision": 20}, "raw_unit_price": null, "shipped_quantity": 0, "delivered_quantity": 0, "fulfilled_quantity": 0, "raw_shipped_quantity": {"value": "0", "precision": 20}, "written_off_quantity": 0, "compare_at_unit_price": null, "raw_delivered_quantity": {"value": "0", "precision": 20}, "raw_fulfilled_quantity": {"value": "0", "precision": 20}, "raw_written_off_quantity": {"value": "0", "precision": 20}, "return_received_quantity": 0, "raw_compare_at_unit_price": null, "return_dismissed_quantity": 0, "return_requested_quantity": 0, "raw_return_received_quantity": {"value": "0", "precision": 20}, "raw_return_dismissed_quantity": {"value": "0", "precision": 20}, "raw_return_requested_quantity": {"value": "0", "precision": 20}}, "metadata": {"ingredients": [{"id": "d3de53c4-2ba5-4068-85ef-0959080b97a5", "name": "123"}]}, "quantity": 1, "subtitle": "Pokmeon", "subtotal": 100, "raw_total": {"value": "100", "precision": 20}, "tax_lines": [{"id": "ordlitxl_01JVAKPTPATV73S53QCCAAJSNM", "code": "", "rate": 0, "total": 0, "item_id": "ordli_01JVAKPTPAM6H9A5C9413PMFPF", "raw_rate": {"value": "0", "precision": 20}, "subtotal": 0, "raw_total": {"value": "0", "precision": 20}, "created_at": "2025-05-15T18:36:03.150Z", "deleted_at": null, "updated_at": "2025-05-15T18:36:03.150Z", "description": "Bangladesh", "provider_id": "system", "tax_rate_id": "txr_01JNX8H0S9X07PTNVN7PBW3NXB", "raw_subtotal": {"value": "0", "precision": 20}}], "tax_total": 0, "thumbnail": "http://localhost:9000/static/1747251920117-Screenshot%20from%202025-01-07%2009-10-30.png", "created_at": "2025-05-15T18:36:03.149Z", "deleted_at": null, "product_id": "prod_01JV858ZAE63830RPWDNTVEYEJ", "unit_price": 100, "updated_at": "2025-05-15T18:36:03.149Z", "variant_id": "variant_01JV858ZVBMGKNNRBHCM8YYVX7", "adjustments": [], "variant_sku": null, "product_type": "Pitha", "raw_quantity": {"value": "1", "precision": 20}, "raw_subtotal": {"value": "100", "precision": 20}, "product_title": "Pokmeon", "raw_tax_total": {"value": "0", "precision": 20}, "shipped_total": 0, "variant_title": "Default variant", "discount_total": 0, "original_total": 100, "product_handle": "pihta", "raw_unit_price": {"value": "100", "precision": 20}, "fulfilled_total": 0, "is_custom_price": false, "is_discountable": true, "product_type_id": "ptyp_01JNX87TA227NBFF63VMQE8GNR", "variant_barcode": null, "write_off_total": 0, "is_tax_inclusive": false, "product_subtitle": "A steamed rice cake filled with jaggery (gur) and coconut.", "refundable_total": 100, "discount_subtotal": 0, "raw_shipped_total": {"value": "0", "precision": 20}, "requires_shipping": true, "discount_tax_total": 0, "original_tax_total": 0, "product_collection": "Food", "raw_discount_total": {"value": "0", "precision": 20}, "raw_original_total": {"value": "100", "precision": 20}, "product_description": "sdfsdfs", "raw_fulfilled_total": {"value": "0", "precision": 20}, "raw_write_off_total": {"value": "0", "precision": 20}, "raw_refundable_total": {"value": "100", "precision": 20}, "compare_at_unit_price": null, "raw_discount_subtotal": {"value": "0", "precision": 20}, "return_received_total": 0, "variant_option_values": null, "raw_discount_tax_total": {"value": "0", "precision": 20}, "raw_original_tax_total": {"value": "0", "precision": 20}, "return_dismissed_total": 0, "return_requested_total": 0, "raw_compare_at_unit_price": null, "raw_return_received_total": {"value": "0", "precision": 20}, "refundable_total_per_unit": 100, "raw_return_dismissed_total": {"value": "0", "precision": 20}, "raw_return_requested_total": {"value": "0", "precision": 20}, "raw_refundable_total_per_unit": {"value": "100", "precision": 20}}], "total": 200, "customer": {"id": "cus_01JMPQ9K7R3BKEMBVG59BHS2MY", "email": "mosabbir.fwd@gmail.com", "phone": "01829463584", "metadata": null, "last_name": "Khan", "created_at": "2025-02-22T11:39:44.248Z", "created_by": null, "deleted_at": null, "first_name": "Md Mosabbir Hossain", "updated_at": "2025-02-22T11:39:44.248Z", "has_account": true, "company_name": null}, "subtotal": 200, "tax_total": 0, "display_id": 17, "item_total": 100, "customer_id": "cus_01JMPQ9K7R3BKEMBVG59BHS2MY", "currency_code": "bdt", "item_subtotal": 100, "discount_total": 0, "item_tax_total": 0, "shipping_total": 100, "billing_address": {"id": "caaddr_01JVAKPM3GXVJB1CBD2EZ37RJ5", "city": "Dhaka", "phone": "01829463584", "company": "", "metadata": null, "province": "", "address_1": "314/A Ulon,  Rampura", "address_2": "", "last_name": "Khan", "created_at": "2025-05-15T18:35:56.401Z", "deleted_at": null, "first_name": "Md Mosabbir Hossain", "updated_at": "2025-05-15T18:35:56.401Z", "customer_id": null, "postal_code": "1319", "country_code": "bd"}, "shipping_address": {"id": "caaddr_01JVAKPM3HNR83G2XNG9M2XW68", "city": "Dhaka", "phone": "01829463584", "company": "", "metadata": null, "province": "", "address_1": "314/A Ulon,  Rampura", "address_2": "", "last_name": "Khan", "created_at": "2025-05-15T18:35:56.401Z", "deleted_at": null, "first_name": "Md Mosabbir Hossain", "updated_at": "2025-05-15T18:35:56.401Z", "customer_id": null, "postal_code": "1319", "country_code": "bd"}, "shipping_methods": [{"id": "ordsm_01JVAKPTP9TZ77K93VHY3H23GH", "data": {}, "name": "Deffault", "total": 100, "amount": 100, "detail": {"id": "ordspmv_01JVAKPTP9RGXPRQ7XDRBWSB07", "version": 1, "claim_id": null, "order_id": "order_01JVAKPTP9ZN9BVPZHCV3PZYNV", "return_id": null, "created_at": "2025-05-15T18:36:03.150Z", "deleted_at": null, "updated_at": "2025-05-15T18:36:03.150Z", "exchange_id": null, "shipping_method_id": "ordsm_01JVAKPTP9TZ77K93VHY3H23GH"}, "metadata": null, "order_id": "order_01JVAKPTP9ZN9BVPZHCV3PZYNV", "subtotal": 100, "raw_total": {"value": "100", "precision": 20}, "tax_lines": [{"id": "ordsmtxl_01JVAKPTP84RHJMGSEZ4EJ4XAV", "code": "", "rate": 0, "total": 0, "raw_rate": {"value": "0", "precision": 20}, "subtotal": 0, "raw_total": {"value": "0", "precision": 20}, "created_at": "2025-05-15T18:36:03.150Z", "deleted_at": null, "updated_at": "2025-05-15T18:36:03.150Z", "description": "Bangladesh", "provider_id": "system", "tax_rate_id": "txr_01JNX8H0S9X07PTNVN7PBW3NXB", "raw_subtotal": {"value": "0", "precision": 20}, "shipping_method_id": "ordsm_01JVAKPTP9TZ77K93VHY3H23GH"}], "tax_total": 0, "created_at": "2025-05-15T18:36:03.150Z", "deleted_at": null, "raw_amount": {"value": "100", "precision": 20}, "updated_at": "2025-05-15T18:36:03.150Z", "adjustments": [], "description": null, "raw_subtotal": {"value": "100", "precision": 20}, "raw_tax_total": {"value": "0", "precision": 20}, "discount_total": 0, "original_total": 100, "is_custom_amount": false, "is_tax_inclusive": false, "discount_subtotal": 0, "discount_tax_total": 0, "original_tax_total": 0, "raw_discount_total": {"value": "0", "precision": 20}, "raw_original_total": {"value": "100", "precision": 20}, "shipping_option_id": "so_01JQ78NHXRGT4Y0G3P1NBCPK48", "raw_discount_subtotal": {"value": "0", "precision": 20}, "raw_discount_tax_total": {"value": "0", "precision": 20}, "raw_original_tax_total": {"value": "0", "precision": 20}}]}, "isAdmin": true}	\N	\N	\N	\N	\N	\N	2c88ac5f-6c43-49cb-9029-c25322d14641	resend	2025-05-16 00:36:03.682+06	2025-05-16 00:36:06.591+06	\N	success
noti_01JVAMD9EG9WM4310SQVT7TSSC	kmosabbir@gmail.com	email	order-status-update	{"order": {"id": "order_01JMCNJAF43DY64PYCHRR9C2M6", "email": "kmosabbir@gmail.com", "total": 20, "customer": {"id": "cus_01JMCNHZCXE6YRZ1EJE6TVC3J4", "email": "kmosabbir@gmail.com", "phone": null, "metadata": null, "last_name": null, "created_at": "2025-02-18T13:56:57.374Z", "created_by": null, "deleted_at": null, "first_name": null, "updated_at": "2025-02-18T13:56:57.374Z", "has_account": false, "company_name": null}, "display_id": 1, "customer_id": "cus_01JMCNHZCXE6YRZ1EJE6TVC3J4", "currency_code": "eur", "shipping_address": {"id": "caaddr_01JMCNHZF0KCC7NZ9G8VQ37J68", "city": "Dhaka", "phone": "01829463584", "company": "", "metadata": null, "province": "", "address_1": "314/A Ulon,  Rampura", "address_2": "", "last_name": "Khan", "created_at": "2025-02-18T13:56:57.440Z", "deleted_at": null, "first_name": "Md Mosabbir Hossain", "updated_at": "2025-02-18T13:56:57.440Z", "customer_id": null, "postal_code": "1319", "country_code": "fr"}}, "status": "fulfilled"}	\N	\N	\N	\N	\N	\N	778e47e3-1322-436c-92d5-110fe4fa7e70	resend	2025-05-16 00:48:19.153+06	2025-05-16 00:48:22.541+06	\N	success
noti_01JVC7YQN1DGFKZ5AJVP3HY1NJ	kmosabbir@gmail.com	email	order-status-update	{"order": {"id": "order_01JVC7YPNK7PDQAB205SW239Q4", "email": "kmosabbir@gmail.com", "total": 200, "customer": {"id": "cus_01JMPQ9K7R3BKEMBVG59BHS2MY", "email": "mosabbir.fwd@gmail.com", "phone": "01829463584", "metadata": null, "last_name": "Khan", "created_at": "2025-02-22T11:39:44.248Z", "created_by": null, "deleted_at": null, "first_name": "Md Mosabbir Hossain", "updated_at": "2025-02-22T11:39:44.248Z", "has_account": true, "company_name": null}, "display_id": 22, "customer_id": "cus_01JMPQ9K7R3BKEMBVG59BHS2MY", "currency_code": "bdt", "shipping_address": {"id": "caaddr_01JVC7YFAFKY7TYMKQ3AX3R5NZ", "city": "Dhaka", "phone": "01829463584", "company": "", "metadata": null, "province": "", "address_1": "314/A Ulon,  Rampura", "address_2": "", "last_name": "Khan", "created_at": "2025-05-16T09:48:59.599Z", "deleted_at": null, "first_name": "Md Mosabbir Hossain", "updated_at": "2025-05-16T09:48:59.599Z", "customer_id": null, "postal_code": "1319", "country_code": "bd"}}, "status": "placed"}	\N	\N	\N	\N	\N	\N	e4c1f50d-55f9-47d3-bb1b-c5e679143070	resend	2025-05-16 15:49:08.13+06	2025-05-16 15:49:12.635+06	\N	success
noti_01JVC7YQN16B9C9N21DCG9GP7H	kmosabbir@gmail.com	email	order-status-update	{"order": {"id": "order_01JVC7YPNK7PDQAB205SW239Q4", "email": "kmosabbir@gmail.com", "total": 200, "customer": {"id": "cus_01JMPQ9K7R3BKEMBVG59BHS2MY", "email": "mosabbir.fwd@gmail.com", "phone": "01829463584", "metadata": null, "last_name": "Khan", "created_at": "2025-02-22T11:39:44.248Z", "created_by": null, "deleted_at": null, "first_name": "Md Mosabbir Hossain", "updated_at": "2025-02-22T11:39:44.248Z", "has_account": true, "company_name": null}, "display_id": 22, "customer_id": "cus_01JMPQ9K7R3BKEMBVG59BHS2MY", "currency_code": "bdt", "shipping_address": {"id": "caaddr_01JVC7YFAFKY7TYMKQ3AX3R5NZ", "city": "Dhaka", "phone": "01829463584", "company": "", "metadata": null, "province": "", "address_1": "314/A Ulon,  Rampura", "address_2": "", "last_name": "Khan", "created_at": "2025-05-16T09:48:59.599Z", "deleted_at": null, "first_name": "Md Mosabbir Hossain", "updated_at": "2025-05-16T09:48:59.599Z", "customer_id": null, "postal_code": "1319", "country_code": "bd"}}, "status": "placed", "isAdmin": true}	\N	\N	\N	\N	\N	\N	4794eaac-e7a3-47be-b1b0-9cfa8f417d90	resend	2025-05-16 15:49:08.13+06	2025-05-16 15:49:12.634+06	\N	success
noti_01JVC7YQN4E30151YATPF9NXVV	kmosabbir@gmail.com	email	order-placed	{"order": {"id": "order_01JVC7YPNK7PDQAB205SW239Q4", "email": "kmosabbir@gmail.com", "items": [{"id": "ordli_01JVC7YPNRSKGKPDYXYMR32X7E", "title": "Default variant", "total": 100, "detail": {"id": "orditem_01JVC7YPNT0JS9S6RFWJ0QWPS6", "item_id": "ordli_01JVC7YPNRSKGKPDYXYMR32X7E", "version": 1, "metadata": null, "order_id": "order_01JVC7YPNK7PDQAB205SW239Q4", "quantity": 1, "created_at": "2025-05-16T09:49:07.132Z", "deleted_at": null, "unit_price": null, "updated_at": "2025-05-16T09:49:07.132Z", "raw_quantity": {"value": "1", "precision": 20}, "raw_unit_price": null, "shipped_quantity": 0, "delivered_quantity": 0, "fulfilled_quantity": 0, "raw_shipped_quantity": {"value": "0", "precision": 20}, "written_off_quantity": 0, "compare_at_unit_price": null, "raw_delivered_quantity": {"value": "0", "precision": 20}, "raw_fulfilled_quantity": {"value": "0", "precision": 20}, "raw_written_off_quantity": {"value": "0", "precision": 20}, "return_received_quantity": 0, "raw_compare_at_unit_price": null, "return_dismissed_quantity": 0, "return_requested_quantity": 0, "raw_return_received_quantity": {"value": "0", "precision": 20}, "raw_return_dismissed_quantity": {"value": "0", "precision": 20}, "raw_return_requested_quantity": {"value": "0", "precision": 20}}, "metadata": {"ingredients": [{"id": "d3de53c4-2ba5-4068-85ef-0959080b97a5", "name": "123"}]}, "quantity": 1, "subtitle": "Pokmeon", "subtotal": 100, "raw_total": {"value": "100", "precision": 20}, "tax_lines": [{"id": "ordlitxl_01JVC7YPNQTTS9NFKCK6HHMJB2", "code": "", "rate": 0, "total": 0, "item_id": "ordli_01JVC7YPNRSKGKPDYXYMR32X7E", "raw_rate": {"value": "0", "precision": 20}, "subtotal": 0, "raw_total": {"value": "0", "precision": 20}, "created_at": "2025-05-16T09:49:07.134Z", "deleted_at": null, "updated_at": "2025-05-16T09:49:07.134Z", "description": "Bangladesh", "provider_id": "system", "tax_rate_id": "txr_01JNX8H0S9X07PTNVN7PBW3NXB", "raw_subtotal": {"value": "0", "precision": 20}}], "tax_total": 0, "thumbnail": "http://localhost:9000/static/1747251920117-Screenshot%20from%202025-01-07%2009-10-30.png", "created_at": "2025-05-16T09:49:07.132Z", "deleted_at": null, "product_id": "prod_01JV858ZAE63830RPWDNTVEYEJ", "unit_price": 100, "updated_at": "2025-05-16T09:49:07.132Z", "variant_id": "variant_01JV858ZVBMGKNNRBHCM8YYVX7", "adjustments": [], "variant_sku": null, "product_type": "Pitha", "raw_quantity": {"value": "1", "precision": 20}, "raw_subtotal": {"value": "100", "precision": 20}, "product_title": "Pokmeon", "raw_tax_total": {"value": "0", "precision": 20}, "shipped_total": 0, "variant_title": "Default variant", "discount_total": 0, "original_total": 100, "product_handle": "pihta", "raw_unit_price": {"value": "100", "precision": 20}, "fulfilled_total": 0, "is_custom_price": false, "is_discountable": true, "product_type_id": "ptyp_01JNX87TA227NBFF63VMQE8GNR", "variant_barcode": null, "write_off_total": 0, "is_tax_inclusive": false, "product_subtitle": "A steamed rice cake filled with jaggery (gur) and coconut.", "refundable_total": 100, "discount_subtotal": 0, "raw_shipped_total": {"value": "0", "precision": 20}, "requires_shipping": true, "discount_tax_total": 0, "original_tax_total": 0, "product_collection": "featured", "raw_discount_total": {"value": "0", "precision": 20}, "raw_original_total": {"value": "100", "precision": 20}, "product_description": "sdfsdfs", "raw_fulfilled_total": {"value": "0", "precision": 20}, "raw_write_off_total": {"value": "0", "precision": 20}, "raw_refundable_total": {"value": "100", "precision": 20}, "compare_at_unit_price": null, "raw_discount_subtotal": {"value": "0", "precision": 20}, "return_received_total": 0, "variant_option_values": null, "raw_discount_tax_total": {"value": "0", "precision": 20}, "raw_original_tax_total": {"value": "0", "precision": 20}, "return_dismissed_total": 0, "return_requested_total": 0, "raw_compare_at_unit_price": null, "raw_return_received_total": {"value": "0", "precision": 20}, "refundable_total_per_unit": 100, "raw_return_dismissed_total": {"value": "0", "precision": 20}, "raw_return_requested_total": {"value": "0", "precision": 20}, "raw_refundable_total_per_unit": {"value": "100", "precision": 20}}], "total": 200, "customer": {"id": "cus_01JMPQ9K7R3BKEMBVG59BHS2MY", "email": "mosabbir.fwd@gmail.com", "phone": "01829463584", "metadata": null, "last_name": "Khan", "created_at": "2025-02-22T11:39:44.248Z", "created_by": null, "deleted_at": null, "first_name": "Md Mosabbir Hossain", "updated_at": "2025-02-22T11:39:44.248Z", "has_account": true, "company_name": null}, "subtotal": 200, "tax_total": 0, "display_id": 22, "item_total": 100, "customer_id": "cus_01JMPQ9K7R3BKEMBVG59BHS2MY", "currency_code": "bdt", "item_subtotal": 100, "discount_total": 0, "item_tax_total": 0, "shipping_total": 100, "billing_address": {"id": "caaddr_01JVC7YFAE4WF467BH0W6GKM4Y", "city": "Dhaka", "phone": "01829463584", "company": "", "metadata": null, "province": "", "address_1": "314/A Ulon,  Rampura", "address_2": "", "last_name": "Khan", "created_at": "2025-05-16T09:48:59.599Z", "deleted_at": null, "first_name": "Md Mosabbir Hossain", "updated_at": "2025-05-16T09:48:59.599Z", "customer_id": null, "postal_code": "1319", "country_code": "bd"}, "shipping_address": {"id": "caaddr_01JVC7YFAFKY7TYMKQ3AX3R5NZ", "city": "Dhaka", "phone": "01829463584", "company": "", "metadata": null, "province": "", "address_1": "314/A Ulon,  Rampura", "address_2": "", "last_name": "Khan", "created_at": "2025-05-16T09:48:59.599Z", "deleted_at": null, "first_name": "Md Mosabbir Hossain", "updated_at": "2025-05-16T09:48:59.599Z", "customer_id": null, "postal_code": "1319", "country_code": "bd"}, "shipping_methods": [{"id": "ordsm_01JVC7YPNK7CY798WM0AZPHNHJ", "data": {}, "name": "Deffault", "total": 100, "amount": 100, "detail": {"id": "ordspmv_01JVC7YPNKJTV0HBPDGR7Y5DDM", "version": 1, "claim_id": null, "order_id": "order_01JVC7YPNK7PDQAB205SW239Q4", "return_id": null, "created_at": "2025-05-16T09:49:07.133Z", "deleted_at": null, "updated_at": "2025-05-16T09:49:07.133Z", "exchange_id": null, "shipping_method_id": "ordsm_01JVC7YPNK7CY798WM0AZPHNHJ"}, "metadata": null, "order_id": "order_01JVC7YPNK7PDQAB205SW239Q4", "subtotal": 100, "raw_total": {"value": "100", "precision": 20}, "tax_lines": [{"id": "ordsmtxl_01JVC7YPNJHVZPQYD9PG36P4GM", "code": "", "rate": 0, "total": 0, "raw_rate": {"value": "0", "precision": 20}, "subtotal": 0, "raw_total": {"value": "0", "precision": 20}, "created_at": "2025-05-16T09:49:07.133Z", "deleted_at": null, "updated_at": "2025-05-16T09:49:07.133Z", "description": "Bangladesh", "provider_id": "system", "tax_rate_id": "txr_01JNX8H0S9X07PTNVN7PBW3NXB", "raw_subtotal": {"value": "0", "precision": 20}, "shipping_method_id": "ordsm_01JVC7YPNK7CY798WM0AZPHNHJ"}], "tax_total": 0, "created_at": "2025-05-16T09:49:07.133Z", "deleted_at": null, "raw_amount": {"value": "100", "precision": 20}, "updated_at": "2025-05-16T09:49:07.133Z", "adjustments": [], "description": null, "raw_subtotal": {"value": "100", "precision": 20}, "raw_tax_total": {"value": "0", "precision": 20}, "discount_total": 0, "original_total": 100, "is_custom_amount": false, "is_tax_inclusive": false, "discount_subtotal": 0, "discount_tax_total": 0, "original_tax_total": 0, "raw_discount_total": {"value": "0", "precision": 20}, "raw_original_total": {"value": "100", "precision": 20}, "shipping_option_id": "so_01JQ78NHXRGT4Y0G3P1NBCPK48", "raw_discount_subtotal": {"value": "0", "precision": 20}, "raw_discount_tax_total": {"value": "0", "precision": 20}, "raw_original_tax_total": {"value": "0", "precision": 20}}]}, "isAdmin": true}	\N	\N	\N	\N	\N	\N	412fb008-5099-403e-ae4b-6fd507670940	resend	2025-05-16 15:49:08.132+06	2025-05-16 15:49:12.65+06	\N	success
noti_01JVAMD9EG506RF17J43ZAVHZ3	kmosabbir@gmail.com	email	order-status-update	{"order": {"id": "order_01JMCNJAF43DY64PYCHRR9C2M6", "email": "kmosabbir@gmail.com", "total": 20, "customer": {"id": "cus_01JMCNHZCXE6YRZ1EJE6TVC3J4", "email": "kmosabbir@gmail.com", "phone": null, "metadata": null, "last_name": null, "created_at": "2025-02-18T13:56:57.374Z", "created_by": null, "deleted_at": null, "first_name": null, "updated_at": "2025-02-18T13:56:57.374Z", "has_account": false, "company_name": null}, "display_id": 1, "customer_id": "cus_01JMCNHZCXE6YRZ1EJE6TVC3J4", "currency_code": "eur", "shipping_address": {"id": "caaddr_01JMCNHZF0KCC7NZ9G8VQ37J68", "city": "Dhaka", "phone": "01829463584", "company": "", "metadata": null, "province": "", "address_1": "314/A Ulon,  Rampura", "address_2": "", "last_name": "Khan", "created_at": "2025-02-18T13:56:57.440Z", "deleted_at": null, "first_name": "Md Mosabbir Hossain", "updated_at": "2025-02-18T13:56:57.440Z", "customer_id": null, "postal_code": "1319", "country_code": "fr"}}, "status": "fulfilled", "isAdmin": true}	\N	\N	\N	\N	\N	\N	508e94cf-91d1-4647-a8f7-d6430dde4fa2	resend	2025-05-16 00:48:19.153+06	2025-05-16 00:48:22.541+06	\N	success
noti_01JVAMK84D08YHTNYXM4DJJP4B	kmosabbir@gmail.com	email	order-status-update	{"order": {"id": "order_01JMCNJAF43DY64PYCHRR9C2M6", "email": "kmosabbir@gmail.com", "total": 20, "customer": {"id": "cus_01JMCNHZCXE6YRZ1EJE6TVC3J4", "email": "kmosabbir@gmail.com", "phone": null, "metadata": null, "last_name": null, "created_at": "2025-02-18T13:56:57.374Z", "created_by": null, "deleted_at": null, "first_name": null, "updated_at": "2025-02-18T13:56:57.374Z", "has_account": false, "company_name": null}, "display_id": 1, "customer_id": "cus_01JMCNHZCXE6YRZ1EJE6TVC3J4", "currency_code": "eur", "shipping_address": {"id": "caaddr_01JMCNHZF0KCC7NZ9G8VQ37J68", "city": "Dhaka", "phone": "01829463584", "company": "", "metadata": null, "province": "", "address_1": "314/A Ulon,  Rampura", "address_2": "", "last_name": "Khan", "created_at": "2025-02-18T13:56:57.440Z", "deleted_at": null, "first_name": "Md Mosabbir Hossain", "updated_at": "2025-02-18T13:56:57.440Z", "customer_id": null, "postal_code": "1319", "country_code": "fr"}}, "status": "fulfilled"}	\N	\N	\N	\N	\N	\N	5f1885d7-ded2-41c8-91ba-a24e6254948e	resend	2025-05-16 00:51:34.414+06	2025-05-16 00:51:37.093+06	\N	success
noti_01JVAMK84DP1PP0M9DGZW1YJ4Q	kmosabbir@gmail.com	email	order-status-update	{"order": {"id": "order_01JMCNJAF43DY64PYCHRR9C2M6", "email": "kmosabbir@gmail.com", "total": 20, "customer": {"id": "cus_01JMCNHZCXE6YRZ1EJE6TVC3J4", "email": "kmosabbir@gmail.com", "phone": null, "metadata": null, "last_name": null, "created_at": "2025-02-18T13:56:57.374Z", "created_by": null, "deleted_at": null, "first_name": null, "updated_at": "2025-02-18T13:56:57.374Z", "has_account": false, "company_name": null}, "display_id": 1, "customer_id": "cus_01JMCNHZCXE6YRZ1EJE6TVC3J4", "currency_code": "eur", "shipping_address": {"id": "caaddr_01JMCNHZF0KCC7NZ9G8VQ37J68", "city": "Dhaka", "phone": "01829463584", "company": "", "metadata": null, "province": "", "address_1": "314/A Ulon,  Rampura", "address_2": "", "last_name": "Khan", "created_at": "2025-02-18T13:56:57.440Z", "deleted_at": null, "first_name": "Md Mosabbir Hossain", "updated_at": "2025-02-18T13:56:57.440Z", "customer_id": null, "postal_code": "1319", "country_code": "fr"}}, "status": "fulfilled", "isAdmin": true}	\N	\N	\N	\N	\N	\N	e01f349b-4f0b-4a0c-83c9-f5a9e49f759e	resend	2025-05-16 00:51:34.415+06	2025-05-16 00:51:37.093+06	\N	success
noti_01JWBAP1WT4XAYXAX0Y9XV7AHE	kmosabbir@gmail.com	email	reset-password	{"resetUrl": "http://localhost:9000/app/reset-password?token=eyJhbGciOiJIUzI1NiIsInR5cCI6IkpXVCJ9.eyJlbnRpdHlfaWQiOiJrbW9zYWJiaXJAZ21haWwuY29tIiwicHJvdmlkZXIiOiJlbWFpbHBhc3MiLCJhY3Rvcl90eXBlIjoidXNlciIsImlhdCI6MTc0ODQzMTk5NiwiZXhwIjoxNzQ4NDMyODk2fQ.DkdJmpDWdY_6l8pxlphWhCY16A1sxSRZfuyJqyT3wiw&email=kmosabbir@gmail.com"}	\N	\N	\N	\N	\N	\N	7345ac7e-5712-4ca3-a017-3b0d035abb20	resend	2025-05-28 17:33:16.828+06	2025-05-28 17:33:18.663+06	\N	success
noti_01JVAN45C2M6AXA2G1JP6RG5F6	kmosabbir@gmail.com	email	order-status-update	{"order": {"id": "order_01JMCNJAF43DY64PYCHRR9C2M6", "email": "kmosabbir@gmail.com", "total": 20, "customer": {"id": "cus_01JMCNHZCXE6YRZ1EJE6TVC3J4", "email": "kmosabbir@gmail.com", "phone": null, "metadata": null, "last_name": null, "created_at": "2025-02-18T13:56:57.374Z", "created_by": null, "deleted_at": null, "first_name": null, "updated_at": "2025-02-18T13:56:57.374Z", "has_account": false, "company_name": null}, "display_id": 1, "customer_id": "cus_01JMCNHZCXE6YRZ1EJE6TVC3J4", "currency_code": "eur", "shipping_address": {"id": "caaddr_01JMCNHZF0KCC7NZ9G8VQ37J68", "city": "Dhaka", "phone": "01829463584", "company": "", "metadata": null, "province": "", "address_1": "314/A Ulon,  Rampura", "address_2": "", "last_name": "Khan", "created_at": "2025-02-18T13:56:57.440Z", "deleted_at": null, "first_name": "Md Mosabbir Hossain", "updated_at": "2025-02-18T13:56:57.440Z", "customer_id": null, "postal_code": "1319", "country_code": "fr"}}, "status": "fulfilled"}	\N	\N	\N	\N	\N	\N	a25465ec-9a6d-4541-9c72-3cf31122a141	resend	2025-05-16 01:00:48.644+06	2025-05-16 01:00:52.036+06	\N	success
noti_01JVAN45C2342Y306VB04PTQGG	kmosabbir@gmail.com	email	order-status-update	{"order": {"id": "order_01JMCNJAF43DY64PYCHRR9C2M6", "email": "kmosabbir@gmail.com", "total": 20, "customer": {"id": "cus_01JMCNHZCXE6YRZ1EJE6TVC3J4", "email": "kmosabbir@gmail.com", "phone": null, "metadata": null, "last_name": null, "created_at": "2025-02-18T13:56:57.374Z", "created_by": null, "deleted_at": null, "first_name": null, "updated_at": "2025-02-18T13:56:57.374Z", "has_account": false, "company_name": null}, "display_id": 1, "customer_id": "cus_01JMCNHZCXE6YRZ1EJE6TVC3J4", "currency_code": "eur", "shipping_address": {"id": "caaddr_01JMCNHZF0KCC7NZ9G8VQ37J68", "city": "Dhaka", "phone": "01829463584", "company": "", "metadata": null, "province": "", "address_1": "314/A Ulon,  Rampura", "address_2": "", "last_name": "Khan", "created_at": "2025-02-18T13:56:57.440Z", "deleted_at": null, "first_name": "Md Mosabbir Hossain", "updated_at": "2025-02-18T13:56:57.440Z", "customer_id": null, "postal_code": "1319", "country_code": "fr"}}, "status": "fulfilled", "isAdmin": true}	\N	\N	\N	\N	\N	\N	191bfcee-399f-41e3-9469-20ce97d75bc6	resend	2025-05-16 01:00:48.645+06	2025-05-16 01:00:52.036+06	\N	success
noti_01JVAN57479XP8R4Z6MQERCB9E	kmosabbir@gmail.com	email	order-status-update	{"order": {"id": "order_01JMCNJAF43DY64PYCHRR9C2M6", "email": "kmosabbir@gmail.com", "total": 20, "customer": {"id": "cus_01JMCNHZCXE6YRZ1EJE6TVC3J4", "email": "kmosabbir@gmail.com", "phone": null, "metadata": null, "last_name": null, "created_at": "2025-02-18T13:56:57.374Z", "created_by": null, "deleted_at": null, "first_name": null, "updated_at": "2025-02-18T13:56:57.374Z", "has_account": false, "company_name": null}, "display_id": 1, "customer_id": "cus_01JMCNHZCXE6YRZ1EJE6TVC3J4", "currency_code": "eur", "shipping_address": {"id": "caaddr_01JMCNHZF0KCC7NZ9G8VQ37J68", "city": "Dhaka", "phone": "01829463584", "company": "", "metadata": null, "province": "", "address_1": "314/A Ulon,  Rampura", "address_2": "", "last_name": "Khan", "created_at": "2025-02-18T13:56:57.440Z", "deleted_at": null, "first_name": "Md Mosabbir Hossain", "updated_at": "2025-02-18T13:56:57.440Z", "customer_id": null, "postal_code": "1319", "country_code": "fr"}}, "status": "fulfilled"}	\N	\N	\N	\N	\N	\N	5f0e5446-7828-4b6a-8d75-a99f3c00fce7	resend	2025-05-16 01:01:23.208+06	2025-05-16 01:01:25.931+06	\N	success
noti_01JWBCHMKZXYYK8V4K527SYBRW	kmosabbir@gmail.com	email	reset-password	{"resetUrl": "https://storefront.com/reset-password?token=eyJhbGciOiJIUzI1NiIsInR5cCI6IkpXVCJ9.eyJlbnRpdHlfaWQiOiJrbW9zYWJiaXJAZ21haWwuY29tIiwicHJvdmlkZXIiOiJlbWFpbHBhc3MiLCJhY3Rvcl90eXBlIjoiY3VzdG9tZXIiLCJpYXQiOjE3NDg0MzM5NDksImV4cCI6MTc0ODQzNDg0OX0.v71Lhrglmx3FZPbJ71miaR2zgkCPiPiRLW3kqs_Viyw&email=kmosabbir@gmail.com"}	\N	\N	\N	\N	\N	\N	7ea1d5c3-e0fe-456c-a45c-dad345600653	resend	2025-05-28 18:05:49.312+06	2025-05-28 18:05:51.023+06	\N	success
noti_01JWBCJMQP2W4N8WB4NZK25BBY	mosabbir.fwd@gmail.com	email	reset-password	{"resetUrl": "https://storefront.com/reset-password?token=eyJhbGciOiJIUzI1NiIsInR5cCI6IkpXVCJ9.eyJlbnRpdHlfaWQiOiJtb3NhYmJpci5md2RAZ21haWwuY29tIiwicHJvdmlkZXIiOiJlbWFpbHBhc3MiLCJhY3Rvcl90eXBlIjoiY3VzdG9tZXIiLCJpYXQiOjE3NDg0MzM5ODIsImV4cCI6MTc0ODQzNDg4Mn0.9uSCozTQqzEGDOr_5QHtoMlTb8wpgHZcf-rmDcpZBVg&email=mosabbir.fwd@gmail.com"}	\N	\N	\N	\N	\N	\N	\N	resend	2025-05-28 18:06:22.199+06	2025-05-28 18:06:23.548+06	\N	success
noti_01JWBCMDATRAKK023DC1VXFMDD	mosabbir.fwd@gmail.com	email	reset-password	{"resetUrl": "https://storefront.com/reset-password?token=eyJhbGciOiJIUzI1NiIsInR5cCI6IkpXVCJ9.eyJlbnRpdHlfaWQiOiJtb3NhYmJpci5md2RAZ21haWwuY29tIiwicHJvdmlkZXIiOiJlbWFpbHBhc3MiLCJhY3Rvcl90eXBlIjoiY3VzdG9tZXIiLCJpYXQiOjE3NDg0MzQwNDAsImV4cCI6MTc0ODQzNDk0MH0.oCiyNL3P4HSOKdEwYMd4rcPRuly5Lz82SsbVc9yUub0&email=mosabbir.fwd@gmail.com"}	\N	\N	\N	\N	\N	\N	\N	resend	2025-05-28 18:07:20.154+06	2025-05-28 18:07:21.502+06	\N	success
noti_01JWBCSDFRS8CRH25SC03W62A7	kmosabbir@gmail.com	email	reset-password	{"resetUrl": "https://storefront.com/reset-password?token=eyJhbGciOiJIUzI1NiIsInR5cCI6IkpXVCJ9.eyJlbnRpdHlfaWQiOiJrbW9zYWJiaXJAZ21haWwuY29tIiwicHJvdmlkZXIiOiJlbWFpbHBhc3MiLCJhY3Rvcl90eXBlIjoiY3VzdG9tZXIiLCJpYXQiOjE3NDg0MzQyMDQsImV4cCI6MTc0ODQzNTEwNH0.7zhvOquc_YlvVUfp_Yrmpgj8n40RuMzUggD5qhGhM3c&email=kmosabbir@gmail.com"}	\N	\N	\N	\N	\N	\N	0461cc4b-6117-43e6-9abc-d5002d9d4d7a	resend	2025-05-28 18:10:04.152+06	2025-05-28 18:10:05.683+06	\N	success
noti_01JWPATDD981PBD1QSBERC8E2H	kmosabbir@gmail.com	email	order-status-update	{"order": {"id": "order_01JMCNJAF43DY64PYCHRR9C2M6", "email": "kmosabbir@gmail.com", "total": 20, "display_id": 1, "customer_id": "cus_01JMCNHZCXE6YRZ1EJE6TVC3J4", "currency_code": "eur", "shipping_address": {"id": "caaddr_01JMCNHZF0KCC7NZ9G8VQ37J68", "city": "Dhaka", "phone": "01829463584", "company": "", "metadata": null, "province": "", "address_1": "314/A Ulon,  Rampura", "address_2": "", "last_name": "Khan", "created_at": "2025-02-18T13:56:57.440Z", "deleted_at": null, "first_name": "Md Mosabbir Hossain", "updated_at": "2025-02-18T13:56:57.440Z", "customer_id": null, "postal_code": "1319", "country_code": "fr"}}, "status": "fulfilled", "isAdmin": true}	\N	\N	\N	\N	\N	\N	7896e15c-b334-47c0-91f4-6b7371bb2e76	resend	2025-06-02 00:07:18.442+06	2025-06-02 00:07:20.588+06	\N	success
noti_01JVAN5748127BGVNZJV5D2GGH	kmosabbir@gmail.com	email	order-status-update	{"order": {"id": "order_01JMCNJAF43DY64PYCHRR9C2M6", "email": "kmosabbir@gmail.com", "total": 20, "customer": {"id": "cus_01JMCNHZCXE6YRZ1EJE6TVC3J4", "email": "kmosabbir@gmail.com", "phone": null, "metadata": null, "last_name": null, "created_at": "2025-02-18T13:56:57.374Z", "created_by": null, "deleted_at": null, "first_name": null, "updated_at": "2025-02-18T13:56:57.374Z", "has_account": false, "company_name": null}, "display_id": 1, "customer_id": "cus_01JMCNHZCXE6YRZ1EJE6TVC3J4", "currency_code": "eur", "shipping_address": {"id": "caaddr_01JMCNHZF0KCC7NZ9G8VQ37J68", "city": "Dhaka", "phone": "01829463584", "company": "", "metadata": null, "province": "", "address_1": "314/A Ulon,  Rampura", "address_2": "", "last_name": "Khan", "created_at": "2025-02-18T13:56:57.440Z", "deleted_at": null, "first_name": "Md Mosabbir Hossain", "updated_at": "2025-02-18T13:56:57.440Z", "customer_id": null, "postal_code": "1319", "country_code": "fr"}}, "status": "fulfilled", "isAdmin": true}	\N	\N	\N	\N	\N	\N	b88338d3-03c3-42ca-9717-47367e980b16	resend	2025-05-16 01:01:23.208+06	2025-05-16 01:01:25.931+06	\N	success
noti_01JVANPDEJVKQSTKYDA1ZDZE4S	kmosabbir@gmail.com	email	order-placed	{"order": {"id": "order_01JVANPD30B3X8HRRTD8ZBY410", "email": "kmosabbir@gmail.com", "items": [{"id": "ordli_01JVANPD34XTZSNPR8W2SDETJ5", "title": "Default variant", "total": 100, "detail": {"id": "orditem_01JVANPD36H5Y37CX5HZ5AM12F", "item_id": "ordli_01JVANPD34XTZSNPR8W2SDETJ5", "version": 1, "metadata": null, "order_id": "order_01JVANPD30B3X8HRRTD8ZBY410", "quantity": 1, "created_at": "2025-05-15T19:10:46.377Z", "deleted_at": null, "unit_price": null, "updated_at": "2025-05-15T19:10:46.377Z", "raw_quantity": {"value": "1", "precision": 20}, "raw_unit_price": null, "shipped_quantity": 0, "delivered_quantity": 0, "fulfilled_quantity": 0, "raw_shipped_quantity": {"value": "0", "precision": 20}, "written_off_quantity": 0, "compare_at_unit_price": null, "raw_delivered_quantity": {"value": "0", "precision": 20}, "raw_fulfilled_quantity": {"value": "0", "precision": 20}, "raw_written_off_quantity": {"value": "0", "precision": 20}, "return_received_quantity": 0, "raw_compare_at_unit_price": null, "return_dismissed_quantity": 0, "return_requested_quantity": 0, "raw_return_received_quantity": {"value": "0", "precision": 20}, "raw_return_dismissed_quantity": {"value": "0", "precision": 20}, "raw_return_requested_quantity": {"value": "0", "precision": 20}}, "metadata": {"ingredients": [{"id": "d3de53c4-2ba5-4068-85ef-0959080b97a5", "name": "123"}]}, "quantity": 1, "subtitle": "Pokmeon", "subtotal": 100, "raw_total": {"value": "100", "precision": 20}, "tax_lines": [{"id": "ordlitxl_01JVANPD34JSS4ETMSA4ACXHFQ", "code": "", "rate": 0, "total": 0, "item_id": "ordli_01JVANPD34XTZSNPR8W2SDETJ5", "raw_rate": {"value": "0", "precision": 20}, "subtotal": 0, "raw_total": {"value": "0", "precision": 20}, "created_at": "2025-05-15T19:10:46.379Z", "deleted_at": null, "updated_at": "2025-05-15T19:10:46.379Z", "description": "Bangladesh", "provider_id": "system", "tax_rate_id": "txr_01JNX8H0S9X07PTNVN7PBW3NXB", "raw_subtotal": {"value": "0", "precision": 20}}], "tax_total": 0, "thumbnail": "http://localhost:9000/static/1747251920117-Screenshot%20from%202025-01-07%2009-10-30.png", "created_at": "2025-05-15T19:10:46.377Z", "deleted_at": null, "product_id": "prod_01JV858ZAE63830RPWDNTVEYEJ", "unit_price": 100, "updated_at": "2025-05-15T19:10:46.377Z", "variant_id": "variant_01JV858ZVBMGKNNRBHCM8YYVX7", "adjustments": [], "variant_sku": null, "product_type": "Pitha", "raw_quantity": {"value": "1", "precision": 20}, "raw_subtotal": {"value": "100", "precision": 20}, "product_title": "Pokmeon", "raw_tax_total": {"value": "0", "precision": 20}, "shipped_total": 0, "variant_title": "Default variant", "discount_total": 0, "original_total": 100, "product_handle": "pihta", "raw_unit_price": {"value": "100", "precision": 20}, "fulfilled_total": 0, "is_custom_price": false, "is_discountable": true, "product_type_id": "ptyp_01JNX87TA227NBFF63VMQE8GNR", "variant_barcode": null, "write_off_total": 0, "is_tax_inclusive": false, "product_subtitle": "A steamed rice cake filled with jaggery (gur) and coconut.", "refundable_total": 100, "discount_subtotal": 0, "raw_shipped_total": {"value": "0", "precision": 20}, "requires_shipping": true, "discount_tax_total": 0, "original_tax_total": 0, "product_collection": "Food", "raw_discount_total": {"value": "0", "precision": 20}, "raw_original_total": {"value": "100", "precision": 20}, "product_description": "sdfsdfs", "raw_fulfilled_total": {"value": "0", "precision": 20}, "raw_write_off_total": {"value": "0", "precision": 20}, "raw_refundable_total": {"value": "100", "precision": 20}, "compare_at_unit_price": null, "raw_discount_subtotal": {"value": "0", "precision": 20}, "return_received_total": 0, "variant_option_values": null, "raw_discount_tax_total": {"value": "0", "precision": 20}, "raw_original_tax_total": {"value": "0", "precision": 20}, "return_dismissed_total": 0, "return_requested_total": 0, "raw_compare_at_unit_price": null, "raw_return_received_total": {"value": "0", "precision": 20}, "refundable_total_per_unit": 100, "raw_return_dismissed_total": {"value": "0", "precision": 20}, "raw_return_requested_total": {"value": "0", "precision": 20}, "raw_refundable_total_per_unit": {"value": "100", "precision": 20}}], "total": 200, "customer": {"id": "cus_01JMPQ9K7R3BKEMBVG59BHS2MY", "email": "mosabbir.fwd@gmail.com", "phone": "01829463584", "metadata": null, "last_name": "Khan", "created_at": "2025-02-22T11:39:44.248Z", "created_by": null, "deleted_at": null, "first_name": "Md Mosabbir Hossain", "updated_at": "2025-02-22T11:39:44.248Z", "has_account": true, "company_name": null}, "subtotal": 200, "tax_total": 0, "display_id": 18, "item_total": 100, "customer_id": "cus_01JMPQ9K7R3BKEMBVG59BHS2MY", "currency_code": "bdt", "item_subtotal": 100, "discount_total": 0, "item_tax_total": 0, "shipping_total": 100, "billing_address": {"id": "caaddr_01JVANP66FWSKFZ54W56RXJP7M", "city": "Dhaka", "phone": "01829463584", "company": "", "metadata": null, "province": "", "address_1": "314/A Ulon,  Rampura", "address_2": "", "last_name": "Khan", "created_at": "2025-05-15T19:10:39.312Z", "deleted_at": null, "first_name": "Md Mosabbir Hossain", "updated_at": "2025-05-15T19:10:39.312Z", "customer_id": null, "postal_code": "1319", "country_code": "bd"}, "shipping_address": {"id": "caaddr_01JVANP66FFDYF2M1HSGK85CQZ", "city": "Dhaka", "phone": "01829463584", "company": "", "metadata": null, "province": "", "address_1": "314/A Ulon,  Rampura", "address_2": "", "last_name": "Khan", "created_at": "2025-05-15T19:10:39.312Z", "deleted_at": null, "first_name": "Md Mosabbir Hossain", "updated_at": "2025-05-15T19:10:39.312Z", "customer_id": null, "postal_code": "1319", "country_code": "bd"}, "shipping_methods": [{"id": "ordsm_01JVANPD2ZHYHBM18QFAZNZ1Y8", "data": {}, "name": "Deffault", "total": 100, "amount": 100, "detail": {"id": "ordspmv_01JVANPD2ZHAJX9EPWRXAPA2K8", "version": 1, "claim_id": null, "order_id": "order_01JVANPD30B3X8HRRTD8ZBY410", "return_id": null, "created_at": "2025-05-15T19:10:46.379Z", "deleted_at": null, "updated_at": "2025-05-15T19:10:46.379Z", "exchange_id": null, "shipping_method_id": "ordsm_01JVANPD2ZHYHBM18QFAZNZ1Y8"}, "metadata": null, "order_id": "order_01JVANPD30B3X8HRRTD8ZBY410", "subtotal": 100, "raw_total": {"value": "100", "precision": 20}, "tax_lines": [{"id": "ordsmtxl_01JVANPD2Y9N30G09MB19X52Z9", "code": "", "rate": 0, "total": 0, "raw_rate": {"value": "0", "precision": 20}, "subtotal": 0, "raw_total": {"value": "0", "precision": 20}, "created_at": "2025-05-15T19:10:46.379Z", "deleted_at": null, "updated_at": "2025-05-15T19:10:46.379Z", "description": "Bangladesh", "provider_id": "system", "tax_rate_id": "txr_01JNX8H0S9X07PTNVN7PBW3NXB", "raw_subtotal": {"value": "0", "precision": 20}, "shipping_method_id": "ordsm_01JVANPD2ZHYHBM18QFAZNZ1Y8"}], "tax_total": 0, "created_at": "2025-05-15T19:10:46.378Z", "deleted_at": null, "raw_amount": {"value": "100", "precision": 20}, "updated_at": "2025-05-15T19:10:46.378Z", "adjustments": [], "description": null, "raw_subtotal": {"value": "100", "precision": 20}, "raw_tax_total": {"value": "0", "precision": 20}, "discount_total": 0, "original_total": 100, "is_custom_amount": false, "is_tax_inclusive": false, "discount_subtotal": 0, "discount_tax_total": 0, "original_tax_total": 0, "raw_discount_total": {"value": "0", "precision": 20}, "raw_original_total": {"value": "100", "precision": 20}, "shipping_option_id": "so_01JQ78NHXRGT4Y0G3P1NBCPK48", "raw_discount_subtotal": {"value": "0", "precision": 20}, "raw_discount_tax_total": {"value": "0", "precision": 20}, "raw_original_tax_total": {"value": "0", "precision": 20}}]}}	\N	\N	\N	\N	\N	\N	b703efa0-ed44-48ba-8f7f-34d32f633576	resend	2025-05-16 01:10:46.74+06	2025-05-16 01:10:50.251+06	\N	success
noti_01JVANPDEJACEYAXD3PZ4WZCGY	kmosabbir@gmail.com	email	order-placed	{"order": {"id": "order_01JVANPD30B3X8HRRTD8ZBY410", "email": "kmosabbir@gmail.com", "items": [{"id": "ordli_01JVANPD34XTZSNPR8W2SDETJ5", "title": "Default variant", "total": 100, "detail": {"id": "orditem_01JVANPD36H5Y37CX5HZ5AM12F", "item_id": "ordli_01JVANPD34XTZSNPR8W2SDETJ5", "version": 1, "metadata": null, "order_id": "order_01JVANPD30B3X8HRRTD8ZBY410", "quantity": 1, "created_at": "2025-05-15T19:10:46.377Z", "deleted_at": null, "unit_price": null, "updated_at": "2025-05-15T19:10:46.377Z", "raw_quantity": {"value": "1", "precision": 20}, "raw_unit_price": null, "shipped_quantity": 0, "delivered_quantity": 0, "fulfilled_quantity": 0, "raw_shipped_quantity": {"value": "0", "precision": 20}, "written_off_quantity": 0, "compare_at_unit_price": null, "raw_delivered_quantity": {"value": "0", "precision": 20}, "raw_fulfilled_quantity": {"value": "0", "precision": 20}, "raw_written_off_quantity": {"value": "0", "precision": 20}, "return_received_quantity": 0, "raw_compare_at_unit_price": null, "return_dismissed_quantity": 0, "return_requested_quantity": 0, "raw_return_received_quantity": {"value": "0", "precision": 20}, "raw_return_dismissed_quantity": {"value": "0", "precision": 20}, "raw_return_requested_quantity": {"value": "0", "precision": 20}}, "metadata": {"ingredients": [{"id": "d3de53c4-2ba5-4068-85ef-0959080b97a5", "name": "123"}]}, "quantity": 1, "subtitle": "Pokmeon", "subtotal": 100, "raw_total": {"value": "100", "precision": 20}, "tax_lines": [{"id": "ordlitxl_01JVANPD34JSS4ETMSA4ACXHFQ", "code": "", "rate": 0, "total": 0, "item_id": "ordli_01JVANPD34XTZSNPR8W2SDETJ5", "raw_rate": {"value": "0", "precision": 20}, "subtotal": 0, "raw_total": {"value": "0", "precision": 20}, "created_at": "2025-05-15T19:10:46.379Z", "deleted_at": null, "updated_at": "2025-05-15T19:10:46.379Z", "description": "Bangladesh", "provider_id": "system", "tax_rate_id": "txr_01JNX8H0S9X07PTNVN7PBW3NXB", "raw_subtotal": {"value": "0", "precision": 20}}], "tax_total": 0, "thumbnail": "http://localhost:9000/static/1747251920117-Screenshot%20from%202025-01-07%2009-10-30.png", "created_at": "2025-05-15T19:10:46.377Z", "deleted_at": null, "product_id": "prod_01JV858ZAE63830RPWDNTVEYEJ", "unit_price": 100, "updated_at": "2025-05-15T19:10:46.377Z", "variant_id": "variant_01JV858ZVBMGKNNRBHCM8YYVX7", "adjustments": [], "variant_sku": null, "product_type": "Pitha", "raw_quantity": {"value": "1", "precision": 20}, "raw_subtotal": {"value": "100", "precision": 20}, "product_title": "Pokmeon", "raw_tax_total": {"value": "0", "precision": 20}, "shipped_total": 0, "variant_title": "Default variant", "discount_total": 0, "original_total": 100, "product_handle": "pihta", "raw_unit_price": {"value": "100", "precision": 20}, "fulfilled_total": 0, "is_custom_price": false, "is_discountable": true, "product_type_id": "ptyp_01JNX87TA227NBFF63VMQE8GNR", "variant_barcode": null, "write_off_total": 0, "is_tax_inclusive": false, "product_subtitle": "A steamed rice cake filled with jaggery (gur) and coconut.", "refundable_total": 100, "discount_subtotal": 0, "raw_shipped_total": {"value": "0", "precision": 20}, "requires_shipping": true, "discount_tax_total": 0, "original_tax_total": 0, "product_collection": "Food", "raw_discount_total": {"value": "0", "precision": 20}, "raw_original_total": {"value": "100", "precision": 20}, "product_description": "sdfsdfs", "raw_fulfilled_total": {"value": "0", "precision": 20}, "raw_write_off_total": {"value": "0", "precision": 20}, "raw_refundable_total": {"value": "100", "precision": 20}, "compare_at_unit_price": null, "raw_discount_subtotal": {"value": "0", "precision": 20}, "return_received_total": 0, "variant_option_values": null, "raw_discount_tax_total": {"value": "0", "precision": 20}, "raw_original_tax_total": {"value": "0", "precision": 20}, "return_dismissed_total": 0, "return_requested_total": 0, "raw_compare_at_unit_price": null, "raw_return_received_total": {"value": "0", "precision": 20}, "refundable_total_per_unit": 100, "raw_return_dismissed_total": {"value": "0", "precision": 20}, "raw_return_requested_total": {"value": "0", "precision": 20}, "raw_refundable_total_per_unit": {"value": "100", "precision": 20}}], "total": 200, "customer": {"id": "cus_01JMPQ9K7R3BKEMBVG59BHS2MY", "email": "mosabbir.fwd@gmail.com", "phone": "01829463584", "metadata": null, "last_name": "Khan", "created_at": "2025-02-22T11:39:44.248Z", "created_by": null, "deleted_at": null, "first_name": "Md Mosabbir Hossain", "updated_at": "2025-02-22T11:39:44.248Z", "has_account": true, "company_name": null}, "subtotal": 200, "tax_total": 0, "display_id": 18, "item_total": 100, "customer_id": "cus_01JMPQ9K7R3BKEMBVG59BHS2MY", "currency_code": "bdt", "item_subtotal": 100, "discount_total": 0, "item_tax_total": 0, "shipping_total": 100, "billing_address": {"id": "caaddr_01JVANP66FWSKFZ54W56RXJP7M", "city": "Dhaka", "phone": "01829463584", "company": "", "metadata": null, "province": "", "address_1": "314/A Ulon,  Rampura", "address_2": "", "last_name": "Khan", "created_at": "2025-05-15T19:10:39.312Z", "deleted_at": null, "first_name": "Md Mosabbir Hossain", "updated_at": "2025-05-15T19:10:39.312Z", "customer_id": null, "postal_code": "1319", "country_code": "bd"}, "shipping_address": {"id": "caaddr_01JVANP66FFDYF2M1HSGK85CQZ", "city": "Dhaka", "phone": "01829463584", "company": "", "metadata": null, "province": "", "address_1": "314/A Ulon,  Rampura", "address_2": "", "last_name": "Khan", "created_at": "2025-05-15T19:10:39.312Z", "deleted_at": null, "first_name": "Md Mosabbir Hossain", "updated_at": "2025-05-15T19:10:39.312Z", "customer_id": null, "postal_code": "1319", "country_code": "bd"}, "shipping_methods": [{"id": "ordsm_01JVANPD2ZHYHBM18QFAZNZ1Y8", "data": {}, "name": "Deffault", "total": 100, "amount": 100, "detail": {"id": "ordspmv_01JVANPD2ZHAJX9EPWRXAPA2K8", "version": 1, "claim_id": null, "order_id": "order_01JVANPD30B3X8HRRTD8ZBY410", "return_id": null, "created_at": "2025-05-15T19:10:46.379Z", "deleted_at": null, "updated_at": "2025-05-15T19:10:46.379Z", "exchange_id": null, "shipping_method_id": "ordsm_01JVANPD2ZHYHBM18QFAZNZ1Y8"}, "metadata": null, "order_id": "order_01JVANPD30B3X8HRRTD8ZBY410", "subtotal": 100, "raw_total": {"value": "100", "precision": 20}, "tax_lines": [{"id": "ordsmtxl_01JVANPD2Y9N30G09MB19X52Z9", "code": "", "rate": 0, "total": 0, "raw_rate": {"value": "0", "precision": 20}, "subtotal": 0, "raw_total": {"value": "0", "precision": 20}, "created_at": "2025-05-15T19:10:46.379Z", "deleted_at": null, "updated_at": "2025-05-15T19:10:46.379Z", "description": "Bangladesh", "provider_id": "system", "tax_rate_id": "txr_01JNX8H0S9X07PTNVN7PBW3NXB", "raw_subtotal": {"value": "0", "precision": 20}, "shipping_method_id": "ordsm_01JVANPD2ZHYHBM18QFAZNZ1Y8"}], "tax_total": 0, "created_at": "2025-05-15T19:10:46.378Z", "deleted_at": null, "raw_amount": {"value": "100", "precision": 20}, "updated_at": "2025-05-15T19:10:46.378Z", "adjustments": [], "description": null, "raw_subtotal": {"value": "100", "precision": 20}, "raw_tax_total": {"value": "0", "precision": 20}, "discount_total": 0, "original_total": 100, "is_custom_amount": false, "is_tax_inclusive": false, "discount_subtotal": 0, "discount_tax_total": 0, "original_tax_total": 0, "raw_discount_total": {"value": "0", "precision": 20}, "raw_original_total": {"value": "100", "precision": 20}, "shipping_option_id": "so_01JQ78NHXRGT4Y0G3P1NBCPK48", "raw_discount_subtotal": {"value": "0", "precision": 20}, "raw_discount_tax_total": {"value": "0", "precision": 20}, "raw_original_tax_total": {"value": "0", "precision": 20}}]}, "isAdmin": true}	\N	\N	\N	\N	\N	\N	b0f2dd8c-17a9-458b-b2f3-83b27317c86b	resend	2025-05-16 01:10:46.74+06	2025-05-16 01:10:50.251+06	\N	success
noti_01JVANQ523XE5TXY3A8NFHV4QC	kmosabbir@gmail.com	email	order-status-update	{"order": {"id": "order_01JMCNJAF43DY64PYCHRR9C2M6", "email": "kmosabbir@gmail.com", "total": 20, "customer": {"id": "cus_01JMCNHZCXE6YRZ1EJE6TVC3J4", "email": "kmosabbir@gmail.com", "phone": null, "metadata": null, "last_name": null, "created_at": "2025-02-18T13:56:57.374Z", "created_by": null, "deleted_at": null, "first_name": null, "updated_at": "2025-02-18T13:56:57.374Z", "has_account": false, "company_name": null}, "display_id": 1, "customer_id": "cus_01JMCNHZCXE6YRZ1EJE6TVC3J4", "currency_code": "eur", "shipping_address": {"id": "caaddr_01JMCNHZF0KCC7NZ9G8VQ37J68", "city": "Dhaka", "phone": "01829463584", "company": "", "metadata": null, "province": "", "address_1": "314/A Ulon,  Rampura", "address_2": "", "last_name": "Khan", "created_at": "2025-02-18T13:56:57.440Z", "deleted_at": null, "first_name": "Md Mosabbir Hossain", "updated_at": "2025-02-18T13:56:57.440Z", "customer_id": null, "postal_code": "1319", "country_code": "fr"}}, "status": "fulfilled"}	\N	\N	\N	\N	\N	\N	7e610123-11ab-48d1-b3c6-ad3933b6e485	resend	2025-05-16 01:11:10.916+06	2025-05-16 01:11:13.615+06	\N	success
noti_01JVANQ524NGACYEFYNV859F4H	kmosabbir@gmail.com	email	order-status-update	{"order": {"id": "order_01JMCNJAF43DY64PYCHRR9C2M6", "email": "kmosabbir@gmail.com", "total": 20, "customer": {"id": "cus_01JMCNHZCXE6YRZ1EJE6TVC3J4", "email": "kmosabbir@gmail.com", "phone": null, "metadata": null, "last_name": null, "created_at": "2025-02-18T13:56:57.374Z", "created_by": null, "deleted_at": null, "first_name": null, "updated_at": "2025-02-18T13:56:57.374Z", "has_account": false, "company_name": null}, "display_id": 1, "customer_id": "cus_01JMCNHZCXE6YRZ1EJE6TVC3J4", "currency_code": "eur", "shipping_address": {"id": "caaddr_01JMCNHZF0KCC7NZ9G8VQ37J68", "city": "Dhaka", "phone": "01829463584", "company": "", "metadata": null, "province": "", "address_1": "314/A Ulon,  Rampura", "address_2": "", "last_name": "Khan", "created_at": "2025-02-18T13:56:57.440Z", "deleted_at": null, "first_name": "Md Mosabbir Hossain", "updated_at": "2025-02-18T13:56:57.440Z", "customer_id": null, "postal_code": "1319", "country_code": "fr"}}, "status": "fulfilled", "isAdmin": true}	\N	\N	\N	\N	\N	\N	2a5706e3-36a3-4026-8994-af4e4abb32d8	resend	2025-05-16 01:11:10.916+06	2025-05-16 01:11:13.615+06	\N	success
noti_01JVAQ42KBSMPATWJBG50N7HWB	kmosabbir@gmail.com	email	order-status-update	{"order": {"id": "order_01JTYC3RCZQ9TK5KCGM8ERR5A7", "email": "kmosabbir@gmail.com", "total": 600, "customer": {"id": "cus_01JMPQ9K7R3BKEMBVG59BHS2MY", "email": "mosabbir.fwd@gmail.com", "phone": "01829463584", "metadata": null, "last_name": "Khan", "created_at": "2025-02-22T11:39:44.248Z", "created_by": null, "deleted_at": null, "first_name": "Md Mosabbir Hossain", "updated_at": "2025-02-22T11:39:44.248Z", "has_account": true, "company_name": null}, "display_id": 9, "customer_id": "cus_01JMPQ9K7R3BKEMBVG59BHS2MY", "currency_code": "bdt", "shipping_address": {"id": "caaddr_01JTYC3E7R4Y013GQKWHAD11PQ", "city": "Dhaka", "phone": "018454545454", "company": "", "metadata": null, "province": "", "address_1": "300/R Banasree", "address_2": "", "last_name": "Khan", "created_at": "2025-05-11T00:32:14.585Z", "deleted_at": null, "first_name": "Md Mosabbir", "updated_at": "2025-05-11T00:32:14.585Z", "customer_id": null, "postal_code": "1212", "country_code": "bd"}}, "status": "updated"}	\N	\N	\N	\N	\N	\N	00dac66c-c057-4b7b-b103-cd0fb58832d8	resend	2025-05-16 01:35:42.957+06	2025-05-16 01:35:53.66+06	\N	success
noti_01JVAQ492T1NTRH9XT9R8MGVW7	kmosabbir@gmail.com	email	order-status-update	{"order": {"id": "order_01JMCNJAF43DY64PYCHRR9C2M6", "email": "kmosabbir@gmail.com", "total": 20, "customer": {"id": "cus_01JMCNHZCXE6YRZ1EJE6TVC3J4", "email": "kmosabbir@gmail.com", "phone": null, "metadata": null, "last_name": null, "created_at": "2025-02-18T13:56:57.374Z", "created_by": null, "deleted_at": null, "first_name": null, "updated_at": "2025-02-18T13:56:57.374Z", "has_account": false, "company_name": null}, "display_id": 1, "customer_id": "cus_01JMCNHZCXE6YRZ1EJE6TVC3J4", "currency_code": "eur", "shipping_address": {"id": "caaddr_01JMCNHZF0KCC7NZ9G8VQ37J68", "city": "Dhaka", "phone": "01829463584", "company": "", "metadata": null, "province": "", "address_1": "314/A Ulon,  Rampura", "address_2": "", "last_name": "Khan", "created_at": "2025-02-18T13:56:57.440Z", "deleted_at": null, "first_name": "Md Mosabbir Hossain", "updated_at": "2025-02-18T13:56:57.440Z", "customer_id": null, "postal_code": "1319", "country_code": "fr"}}, "status": "fulfilled"}	\N	\N	\N	\N	\N	\N	28882934-874f-47ec-b2dc-c446a88ff65c	resend	2025-05-16 01:35:49.595+06	2025-05-16 01:35:53.225+06	\N	success
noti_01JVAQ492TW3R7BVQMNTVXXN7E	kmosabbir@gmail.com	email	order-status-update	{"order": {"id": "order_01JMCNJAF43DY64PYCHRR9C2M6", "email": "kmosabbir@gmail.com", "total": 20, "customer": {"id": "cus_01JMCNHZCXE6YRZ1EJE6TVC3J4", "email": "kmosabbir@gmail.com", "phone": null, "metadata": null, "last_name": null, "created_at": "2025-02-18T13:56:57.374Z", "created_by": null, "deleted_at": null, "first_name": null, "updated_at": "2025-02-18T13:56:57.374Z", "has_account": false, "company_name": null}, "display_id": 1, "customer_id": "cus_01JMCNHZCXE6YRZ1EJE6TVC3J4", "currency_code": "eur", "shipping_address": {"id": "caaddr_01JMCNHZF0KCC7NZ9G8VQ37J68", "city": "Dhaka", "phone": "01829463584", "company": "", "metadata": null, "province": "", "address_1": "314/A Ulon,  Rampura", "address_2": "", "last_name": "Khan", "created_at": "2025-02-18T13:56:57.440Z", "deleted_at": null, "first_name": "Md Mosabbir Hossain", "updated_at": "2025-02-18T13:56:57.440Z", "customer_id": null, "postal_code": "1319", "country_code": "fr"}}, "status": "fulfilled", "isAdmin": true}	\N	\N	\N	\N	\N	\N	3ccd9501-b7f3-427b-8222-1cc9c9b43a03	resend	2025-05-16 01:35:49.595+06	2025-05-16 01:35:53.225+06	\N	success
noti_01JVAQ42KC2PCQ2KJZJVQMS78R	kmosabbir@gmail.com	email	order-status-update	{"order": {"id": "order_01JTYC3RCZQ9TK5KCGM8ERR5A7", "email": "kmosabbir@gmail.com", "total": 600, "customer": {"id": "cus_01JMPQ9K7R3BKEMBVG59BHS2MY", "email": "mosabbir.fwd@gmail.com", "phone": "01829463584", "metadata": null, "last_name": "Khan", "created_at": "2025-02-22T11:39:44.248Z", "created_by": null, "deleted_at": null, "first_name": "Md Mosabbir Hossain", "updated_at": "2025-02-22T11:39:44.248Z", "has_account": true, "company_name": null}, "display_id": 9, "customer_id": "cus_01JMPQ9K7R3BKEMBVG59BHS2MY", "currency_code": "bdt", "shipping_address": {"id": "caaddr_01JTYC3E7R4Y013GQKWHAD11PQ", "city": "Dhaka", "phone": "018454545454", "company": "", "metadata": null, "province": "", "address_1": "300/R Banasree", "address_2": "", "last_name": "Khan", "created_at": "2025-05-11T00:32:14.585Z", "deleted_at": null, "first_name": "Md Mosabbir", "updated_at": "2025-05-11T00:32:14.585Z", "customer_id": null, "postal_code": "1212", "country_code": "bd"}}, "status": "updated", "isAdmin": true}	\N	\N	\N	\N	\N	\N	829868bb-c782-4eb2-bee3-654c200440a9	resend	2025-05-16 01:35:42.957+06	2025-05-16 01:35:53.66+06	\N	success
noti_01JWBCX5M47FREX8WN1QH69W03	mosabbir.fwd@gmail.com	email	reset-password	{"resetUrl": "http://localhost:8000/reset-password?token=eyJhbGciOiJIUzI1NiIsInR5cCI6IkpXVCJ9.eyJlbnRpdHlfaWQiOiJtb3NhYmJpci5md2RAZ21haWwuY29tIiwicHJvdmlkZXIiOiJlbWFpbHBhc3MiLCJhY3Rvcl90eXBlIjoiY3VzdG9tZXIiLCJpYXQiOjE3NDg0MzQzMjcsImV4cCI6MTc0ODQzNTIyN30.fFJJHPeSb3nRIWClQ4WX87KME2uJhJpKgDS_U_6xiIU&email=mosabbir.fwd@gmail.com"}	\N	\N	\N	\N	\N	\N	\N	resend	2025-05-28 18:12:07.173+06	2025-05-28 18:12:08.74+06	\N	success
noti_01JWBCXA42P55061DQ0P4WKMZX	kmosabbir@gmail.com	email	reset-password	{"resetUrl": "http://localhost:8000/reset-password?token=eyJhbGciOiJIUzI1NiIsInR5cCI6IkpXVCJ9.eyJlbnRpdHlfaWQiOiJrbW9zYWJiaXJAZ21haWwuY29tIiwicHJvdmlkZXIiOiJlbWFpbHBhc3MiLCJhY3Rvcl90eXBlIjoiY3VzdG9tZXIiLCJpYXQiOjE3NDg0MzQzMzEsImV4cCI6MTc0ODQzNTIzMX0.4WBxKv50dKOLDsgMC4ufVavXmD7EYEIuAzYWVnwvpc4&email=kmosabbir@gmail.com"}	\N	\N	\N	\N	\N	\N	7390f4c1-772b-45fc-b2e8-edea518d47f6	resend	2025-05-28 18:12:11.778+06	2025-05-28 18:12:12.386+06	\N	success
noti_01JWR3WCQ64R72Z5AG95JCMJC5	kmosabbir@gmail.com	email	order-status-update	{"order": {"id": "order_01JMCNJAF43DY64PYCHRR9C2M6", "email": "kmosabbir@gmail.com", "total": 20, "display_id": 1, "customer_id": "cus_01JMCNHZCXE6YRZ1EJE6TVC3J4", "currency_code": "eur", "shipping_address": {"id": "caaddr_01JMCNHZF0KCC7NZ9G8VQ37J68", "city": "Dhaka", "phone": "01829463584", "company": "", "metadata": null, "province": "", "address_1": "314/A Ulon,  Rampura", "address_2": "", "last_name": "Khan", "created_at": "2025-02-18T13:56:57.440Z", "deleted_at": null, "first_name": "Md Mosabbir Hossain", "updated_at": "2025-02-18T13:56:57.440Z", "customer_id": null, "postal_code": "1319", "country_code": "fr"}}, "status": "fulfilled", "isAdmin": true}	\N	\N	\N	\N	\N	\N	cad22fbe-28ed-4d9d-b80d-e0544f3b1552	resend	2025-06-02 16:44:32.102+06	2025-06-02 16:44:34.152+06	\N	success
noti_01JVAQD4TYP46CCXMQKW64TNYN	kmosabbir@gmail.com	email	order-status-update	{"order": {"id": "order_01JMCNJAF43DY64PYCHRR9C2M6", "email": "kmosabbir@gmail.com", "total": 20, "customer": {"id": "cus_01JMCNHZCXE6YRZ1EJE6TVC3J4", "email": "kmosabbir@gmail.com", "phone": null, "metadata": null, "last_name": null, "created_at": "2025-02-18T13:56:57.374Z", "created_by": null, "deleted_at": null, "first_name": null, "updated_at": "2025-02-18T13:56:57.374Z", "has_account": false, "company_name": null}, "display_id": 1, "customer_id": "cus_01JMCNHZCXE6YRZ1EJE6TVC3J4", "currency_code": "eur", "shipping_address": {"id": "caaddr_01JMCNHZF0KCC7NZ9G8VQ37J68", "city": "Dhaka", "phone": "01829463584", "company": "", "metadata": null, "province": "", "address_1": "314/A Ulon,  Rampura", "address_2": "", "last_name": "Khan", "created_at": "2025-02-18T13:56:57.440Z", "deleted_at": null, "first_name": "Md Mosabbir Hossain", "updated_at": "2025-02-18T13:56:57.440Z", "customer_id": null, "postal_code": "1319", "country_code": "fr"}}, "status": "fulfilled"}	\N	\N	\N	\N	\N	\N	cb3c57f3-fcdf-4e12-ad4a-c1ab23a0eb8e	resend	2025-05-16 01:40:40.159+06	2025-05-16 01:40:42.9+06	\N	success
noti_01JVAQD4TYW5SG83FX2W5402P8	kmosabbir@gmail.com	email	order-status-update	{"order": {"id": "order_01JMCNJAF43DY64PYCHRR9C2M6", "email": "kmosabbir@gmail.com", "total": 20, "customer": {"id": "cus_01JMCNHZCXE6YRZ1EJE6TVC3J4", "email": "kmosabbir@gmail.com", "phone": null, "metadata": null, "last_name": null, "created_at": "2025-02-18T13:56:57.374Z", "created_by": null, "deleted_at": null, "first_name": null, "updated_at": "2025-02-18T13:56:57.374Z", "has_account": false, "company_name": null}, "display_id": 1, "customer_id": "cus_01JMCNHZCXE6YRZ1EJE6TVC3J4", "currency_code": "eur", "shipping_address": {"id": "caaddr_01JMCNHZF0KCC7NZ9G8VQ37J68", "city": "Dhaka", "phone": "01829463584", "company": "", "metadata": null, "province": "", "address_1": "314/A Ulon,  Rampura", "address_2": "", "last_name": "Khan", "created_at": "2025-02-18T13:56:57.440Z", "deleted_at": null, "first_name": "Md Mosabbir Hossain", "updated_at": "2025-02-18T13:56:57.440Z", "customer_id": null, "postal_code": "1319", "country_code": "fr"}}, "status": "fulfilled", "isAdmin": true}	\N	\N	\N	\N	\N	\N	d350a565-2a08-4dca-bc9b-c5db147f92cc	resend	2025-05-16 01:40:40.159+06	2025-05-16 01:40:42.9+06	\N	success
noti_01JVAQF3PVT95218VNJ590S4C0	kmosabbir@gmail.com	email	order-status-update	{"order": {"id": "order_01JVAQF3C52QS4VW561RB2E9RW", "email": "kmosabbir@gmail.com", "total": 200, "customer": {"id": "cus_01JMPQ9K7R3BKEMBVG59BHS2MY", "email": "mosabbir.fwd@gmail.com", "phone": "01829463584", "metadata": null, "last_name": "Khan", "created_at": "2025-02-22T11:39:44.248Z", "created_by": null, "deleted_at": null, "first_name": "Md Mosabbir Hossain", "updated_at": "2025-02-22T11:39:44.248Z", "has_account": true, "company_name": null}, "display_id": 19, "customer_id": "cus_01JMPQ9K7R3BKEMBVG59BHS2MY", "currency_code": "bdt", "shipping_address": {"id": "caaddr_01JVAQEWAA5EY928HQJ77XTQM5", "city": "Dhaka", "phone": "01829463584", "company": "", "metadata": null, "province": "", "address_1": "314/A Ulon,  Rampura", "address_2": "", "last_name": "Khan", "created_at": "2025-05-15T19:41:36.970Z", "deleted_at": null, "first_name": "Md Mosabbir Hossain", "updated_at": "2025-05-15T19:41:36.970Z", "customer_id": null, "postal_code": "1319", "country_code": "bd"}}, "status": "placed"}	\N	\N	\N	\N	\N	\N	a8843ebe-ac29-4b71-a30c-40ac86a554fa	resend	2025-05-16 01:41:44.539+06	2025-05-16 01:41:47.952+06	\N	success
noti_01JVAQF3PVGX3VG2CH17725E8J	kmosabbir@gmail.com	email	order-status-update	{"order": {"id": "order_01JVAQF3C52QS4VW561RB2E9RW", "email": "kmosabbir@gmail.com", "total": 200, "customer": {"id": "cus_01JMPQ9K7R3BKEMBVG59BHS2MY", "email": "mosabbir.fwd@gmail.com", "phone": "01829463584", "metadata": null, "last_name": "Khan", "created_at": "2025-02-22T11:39:44.248Z", "created_by": null, "deleted_at": null, "first_name": "Md Mosabbir Hossain", "updated_at": "2025-02-22T11:39:44.248Z", "has_account": true, "company_name": null}, "display_id": 19, "customer_id": "cus_01JMPQ9K7R3BKEMBVG59BHS2MY", "currency_code": "bdt", "shipping_address": {"id": "caaddr_01JVAQEWAA5EY928HQJ77XTQM5", "city": "Dhaka", "phone": "01829463584", "company": "", "metadata": null, "province": "", "address_1": "314/A Ulon,  Rampura", "address_2": "", "last_name": "Khan", "created_at": "2025-05-15T19:41:36.970Z", "deleted_at": null, "first_name": "Md Mosabbir Hossain", "updated_at": "2025-05-15T19:41:36.970Z", "customer_id": null, "postal_code": "1319", "country_code": "bd"}}, "status": "placed", "isAdmin": true}	\N	\N	\N	\N	\N	\N	edff7412-554c-45b6-9fbb-7dcb32c315d9	resend	2025-05-16 01:41:44.539+06	2025-05-16 01:41:47.952+06	\N	success
noti_01JVAQF3Q6XQKGFGPJJQK57EKP	kmosabbir@gmail.com	email	order-placed	{"order": {"id": "order_01JVAQF3C52QS4VW561RB2E9RW", "email": "kmosabbir@gmail.com", "items": [{"id": "ordli_01JVAQF3C6NM006WESZRJ2XE05", "title": "Default variant", "total": 100, "detail": {"id": "orditem_01JVAQF3C6YW9HSM790JV9MPX7", "item_id": "ordli_01JVAQF3C6NM006WESZRJ2XE05", "version": 1, "metadata": null, "order_id": "order_01JVAQF3C52QS4VW561RB2E9RW", "quantity": 1, "created_at": "2025-05-15T19:41:44.200Z", "deleted_at": null, "unit_price": null, "updated_at": "2025-05-15T19:41:44.200Z", "raw_quantity": {"value": "1", "precision": 20}, "raw_unit_price": null, "shipped_quantity": 0, "delivered_quantity": 0, "fulfilled_quantity": 0, "raw_shipped_quantity": {"value": "0", "precision": 20}, "written_off_quantity": 0, "compare_at_unit_price": null, "raw_delivered_quantity": {"value": "0", "precision": 20}, "raw_fulfilled_quantity": {"value": "0", "precision": 20}, "raw_written_off_quantity": {"value": "0", "precision": 20}, "return_received_quantity": 0, "raw_compare_at_unit_price": null, "return_dismissed_quantity": 0, "return_requested_quantity": 0, "raw_return_received_quantity": {"value": "0", "precision": 20}, "raw_return_dismissed_quantity": {"value": "0", "precision": 20}, "raw_return_requested_quantity": {"value": "0", "precision": 20}}, "metadata": {"ingredients": [{"id": "d3de53c4-2ba5-4068-85ef-0959080b97a5", "name": "123"}]}, "quantity": 1, "subtitle": "Pokmeon", "subtotal": 100, "raw_total": {"value": "100", "precision": 20}, "tax_lines": [{"id": "ordlitxl_01JVAQF3C61QB2DSCBEQDDY8DR", "code": "", "rate": 0, "total": 0, "item_id": "ordli_01JVAQF3C6NM006WESZRJ2XE05", "raw_rate": {"value": "0", "precision": 20}, "subtotal": 0, "raw_total": {"value": "0", "precision": 20}, "created_at": "2025-05-15T19:41:44.201Z", "deleted_at": null, "updated_at": "2025-05-15T19:41:44.201Z", "description": "Bangladesh", "provider_id": "system", "tax_rate_id": "txr_01JNX8H0S9X07PTNVN7PBW3NXB", "raw_subtotal": {"value": "0", "precision": 20}}], "tax_total": 0, "thumbnail": "http://localhost:9000/static/1747251920117-Screenshot%20from%202025-01-07%2009-10-30.png", "created_at": "2025-05-15T19:41:44.200Z", "deleted_at": null, "product_id": "prod_01JV858ZAE63830RPWDNTVEYEJ", "unit_price": 100, "updated_at": "2025-05-15T19:41:44.200Z", "variant_id": "variant_01JV858ZVBMGKNNRBHCM8YYVX7", "adjustments": [], "variant_sku": null, "product_type": "Pitha", "raw_quantity": {"value": "1", "precision": 20}, "raw_subtotal": {"value": "100", "precision": 20}, "product_title": "Pokmeon", "raw_tax_total": {"value": "0", "precision": 20}, "shipped_total": 0, "variant_title": "Default variant", "discount_total": 0, "original_total": 100, "product_handle": "pihta", "raw_unit_price": {"value": "100", "precision": 20}, "fulfilled_total": 0, "is_custom_price": false, "is_discountable": true, "product_type_id": "ptyp_01JNX87TA227NBFF63VMQE8GNR", "variant_barcode": null, "write_off_total": 0, "is_tax_inclusive": false, "product_subtitle": "A steamed rice cake filled with jaggery (gur) and coconut.", "refundable_total": 100, "discount_subtotal": 0, "raw_shipped_total": {"value": "0", "precision": 20}, "requires_shipping": true, "discount_tax_total": 0, "original_tax_total": 0, "product_collection": "Food", "raw_discount_total": {"value": "0", "precision": 20}, "raw_original_total": {"value": "100", "precision": 20}, "product_description": "sdfsdfs", "raw_fulfilled_total": {"value": "0", "precision": 20}, "raw_write_off_total": {"value": "0", "precision": 20}, "raw_refundable_total": {"value": "100", "precision": 20}, "compare_at_unit_price": null, "raw_discount_subtotal": {"value": "0", "precision": 20}, "return_received_total": 0, "variant_option_values": null, "raw_discount_tax_total": {"value": "0", "precision": 20}, "raw_original_tax_total": {"value": "0", "precision": 20}, "return_dismissed_total": 0, "return_requested_total": 0, "raw_compare_at_unit_price": null, "raw_return_received_total": {"value": "0", "precision": 20}, "refundable_total_per_unit": 100, "raw_return_dismissed_total": {"value": "0", "precision": 20}, "raw_return_requested_total": {"value": "0", "precision": 20}, "raw_refundable_total_per_unit": {"value": "100", "precision": 20}}], "total": 200, "customer": {"id": "cus_01JMPQ9K7R3BKEMBVG59BHS2MY", "email": "mosabbir.fwd@gmail.com", "phone": "01829463584", "metadata": null, "last_name": "Khan", "created_at": "2025-02-22T11:39:44.248Z", "created_by": null, "deleted_at": null, "first_name": "Md Mosabbir Hossain", "updated_at": "2025-02-22T11:39:44.248Z", "has_account": true, "company_name": null}, "subtotal": 200, "tax_total": 0, "display_id": 19, "item_total": 100, "customer_id": "cus_01JMPQ9K7R3BKEMBVG59BHS2MY", "currency_code": "bdt", "item_subtotal": 100, "discount_total": 0, "item_tax_total": 0, "shipping_total": 100, "billing_address": {"id": "caaddr_01JVAQEWA9KT9CNZ6BDC7CV5AA", "city": "Dhaka", "phone": "01829463584", "company": "", "metadata": null, "province": "", "address_1": "314/A Ulon,  Rampura", "address_2": "", "last_name": "Khan", "created_at": "2025-05-15T19:41:36.970Z", "deleted_at": null, "first_name": "Md Mosabbir Hossain", "updated_at": "2025-05-15T19:41:36.970Z", "customer_id": null, "postal_code": "1319", "country_code": "bd"}, "shipping_address": {"id": "caaddr_01JVAQEWAA5EY928HQJ77XTQM5", "city": "Dhaka", "phone": "01829463584", "company": "", "metadata": null, "province": "", "address_1": "314/A Ulon,  Rampura", "address_2": "", "last_name": "Khan", "created_at": "2025-05-15T19:41:36.970Z", "deleted_at": null, "first_name": "Md Mosabbir Hossain", "updated_at": "2025-05-15T19:41:36.970Z", "customer_id": null, "postal_code": "1319", "country_code": "bd"}, "shipping_methods": [{"id": "ordsm_01JVAQF3C4FXQZY01951FX4KFW", "data": {}, "name": "Deffault", "total": 100, "amount": 100, "detail": {"id": "ordspmv_01JVAQF3C42PX0RW779V5NKZE6", "version": 1, "claim_id": null, "order_id": "order_01JVAQF3C52QS4VW561RB2E9RW", "return_id": null, "created_at": "2025-05-15T19:41:44.201Z", "deleted_at": null, "updated_at": "2025-05-15T19:41:44.201Z", "exchange_id": null, "shipping_method_id": "ordsm_01JVAQF3C4FXQZY01951FX4KFW"}, "metadata": null, "order_id": "order_01JVAQF3C52QS4VW561RB2E9RW", "subtotal": 100, "raw_total": {"value": "100", "precision": 20}, "tax_lines": [{"id": "ordsmtxl_01JVAQF3C43P34B3SM75XWD64E", "code": "", "rate": 0, "total": 0, "raw_rate": {"value": "0", "precision": 20}, "subtotal": 0, "raw_total": {"value": "0", "precision": 20}, "created_at": "2025-05-15T19:41:44.201Z", "deleted_at": null, "updated_at": "2025-05-15T19:41:44.201Z", "description": "Bangladesh", "provider_id": "system", "tax_rate_id": "txr_01JNX8H0S9X07PTNVN7PBW3NXB", "raw_subtotal": {"value": "0", "precision": 20}, "shipping_method_id": "ordsm_01JVAQF3C4FXQZY01951FX4KFW"}], "tax_total": 0, "created_at": "2025-05-15T19:41:44.201Z", "deleted_at": null, "raw_amount": {"value": "100", "precision": 20}, "updated_at": "2025-05-15T19:41:44.201Z", "adjustments": [], "description": null, "raw_subtotal": {"value": "100", "precision": 20}, "raw_tax_total": {"value": "0", "precision": 20}, "discount_total": 0, "original_total": 100, "is_custom_amount": false, "is_tax_inclusive": false, "discount_subtotal": 0, "discount_tax_total": 0, "original_tax_total": 0, "raw_discount_total": {"value": "0", "precision": 20}, "raw_original_total": {"value": "100", "precision": 20}, "shipping_option_id": "so_01JQ78NHXRGT4Y0G3P1NBCPK48", "raw_discount_subtotal": {"value": "0", "precision": 20}, "raw_discount_tax_total": {"value": "0", "precision": 20}, "raw_original_tax_total": {"value": "0", "precision": 20}}]}}	\N	\N	\N	\N	\N	\N	ccfee3ee-6de4-4f77-b0ca-1b29b037cf51	resend	2025-05-16 01:41:44.55+06	2025-05-16 01:41:48.297+06	\N	success
noti_01JVAQF3Q66QP8C14RKWNVXJVZ	kmosabbir@gmail.com	email	order-placed	{"order": {"id": "order_01JVAQF3C52QS4VW561RB2E9RW", "email": "kmosabbir@gmail.com", "items": [{"id": "ordli_01JVAQF3C6NM006WESZRJ2XE05", "title": "Default variant", "total": 100, "detail": {"id": "orditem_01JVAQF3C6YW9HSM790JV9MPX7", "item_id": "ordli_01JVAQF3C6NM006WESZRJ2XE05", "version": 1, "metadata": null, "order_id": "order_01JVAQF3C52QS4VW561RB2E9RW", "quantity": 1, "created_at": "2025-05-15T19:41:44.200Z", "deleted_at": null, "unit_price": null, "updated_at": "2025-05-15T19:41:44.200Z", "raw_quantity": {"value": "1", "precision": 20}, "raw_unit_price": null, "shipped_quantity": 0, "delivered_quantity": 0, "fulfilled_quantity": 0, "raw_shipped_quantity": {"value": "0", "precision": 20}, "written_off_quantity": 0, "compare_at_unit_price": null, "raw_delivered_quantity": {"value": "0", "precision": 20}, "raw_fulfilled_quantity": {"value": "0", "precision": 20}, "raw_written_off_quantity": {"value": "0", "precision": 20}, "return_received_quantity": 0, "raw_compare_at_unit_price": null, "return_dismissed_quantity": 0, "return_requested_quantity": 0, "raw_return_received_quantity": {"value": "0", "precision": 20}, "raw_return_dismissed_quantity": {"value": "0", "precision": 20}, "raw_return_requested_quantity": {"value": "0", "precision": 20}}, "metadata": {"ingredients": [{"id": "d3de53c4-2ba5-4068-85ef-0959080b97a5", "name": "123"}]}, "quantity": 1, "subtitle": "Pokmeon", "subtotal": 100, "raw_total": {"value": "100", "precision": 20}, "tax_lines": [{"id": "ordlitxl_01JVAQF3C61QB2DSCBEQDDY8DR", "code": "", "rate": 0, "total": 0, "item_id": "ordli_01JVAQF3C6NM006WESZRJ2XE05", "raw_rate": {"value": "0", "precision": 20}, "subtotal": 0, "raw_total": {"value": "0", "precision": 20}, "created_at": "2025-05-15T19:41:44.201Z", "deleted_at": null, "updated_at": "2025-05-15T19:41:44.201Z", "description": "Bangladesh", "provider_id": "system", "tax_rate_id": "txr_01JNX8H0S9X07PTNVN7PBW3NXB", "raw_subtotal": {"value": "0", "precision": 20}}], "tax_total": 0, "thumbnail": "http://localhost:9000/static/1747251920117-Screenshot%20from%202025-01-07%2009-10-30.png", "created_at": "2025-05-15T19:41:44.200Z", "deleted_at": null, "product_id": "prod_01JV858ZAE63830RPWDNTVEYEJ", "unit_price": 100, "updated_at": "2025-05-15T19:41:44.200Z", "variant_id": "variant_01JV858ZVBMGKNNRBHCM8YYVX7", "adjustments": [], "variant_sku": null, "product_type": "Pitha", "raw_quantity": {"value": "1", "precision": 20}, "raw_subtotal": {"value": "100", "precision": 20}, "product_title": "Pokmeon", "raw_tax_total": {"value": "0", "precision": 20}, "shipped_total": 0, "variant_title": "Default variant", "discount_total": 0, "original_total": 100, "product_handle": "pihta", "raw_unit_price": {"value": "100", "precision": 20}, "fulfilled_total": 0, "is_custom_price": false, "is_discountable": true, "product_type_id": "ptyp_01JNX87TA227NBFF63VMQE8GNR", "variant_barcode": null, "write_off_total": 0, "is_tax_inclusive": false, "product_subtitle": "A steamed rice cake filled with jaggery (gur) and coconut.", "refundable_total": 100, "discount_subtotal": 0, "raw_shipped_total": {"value": "0", "precision": 20}, "requires_shipping": true, "discount_tax_total": 0, "original_tax_total": 0, "product_collection": "Food", "raw_discount_total": {"value": "0", "precision": 20}, "raw_original_total": {"value": "100", "precision": 20}, "product_description": "sdfsdfs", "raw_fulfilled_total": {"value": "0", "precision": 20}, "raw_write_off_total": {"value": "0", "precision": 20}, "raw_refundable_total": {"value": "100", "precision": 20}, "compare_at_unit_price": null, "raw_discount_subtotal": {"value": "0", "precision": 20}, "return_received_total": 0, "variant_option_values": null, "raw_discount_tax_total": {"value": "0", "precision": 20}, "raw_original_tax_total": {"value": "0", "precision": 20}, "return_dismissed_total": 0, "return_requested_total": 0, "raw_compare_at_unit_price": null, "raw_return_received_total": {"value": "0", "precision": 20}, "refundable_total_per_unit": 100, "raw_return_dismissed_total": {"value": "0", "precision": 20}, "raw_return_requested_total": {"value": "0", "precision": 20}, "raw_refundable_total_per_unit": {"value": "100", "precision": 20}}], "total": 200, "customer": {"id": "cus_01JMPQ9K7R3BKEMBVG59BHS2MY", "email": "mosabbir.fwd@gmail.com", "phone": "01829463584", "metadata": null, "last_name": "Khan", "created_at": "2025-02-22T11:39:44.248Z", "created_by": null, "deleted_at": null, "first_name": "Md Mosabbir Hossain", "updated_at": "2025-02-22T11:39:44.248Z", "has_account": true, "company_name": null}, "subtotal": 200, "tax_total": 0, "display_id": 19, "item_total": 100, "customer_id": "cus_01JMPQ9K7R3BKEMBVG59BHS2MY", "currency_code": "bdt", "item_subtotal": 100, "discount_total": 0, "item_tax_total": 0, "shipping_total": 100, "billing_address": {"id": "caaddr_01JVAQEWA9KT9CNZ6BDC7CV5AA", "city": "Dhaka", "phone": "01829463584", "company": "", "metadata": null, "province": "", "address_1": "314/A Ulon,  Rampura", "address_2": "", "last_name": "Khan", "created_at": "2025-05-15T19:41:36.970Z", "deleted_at": null, "first_name": "Md Mosabbir Hossain", "updated_at": "2025-05-15T19:41:36.970Z", "customer_id": null, "postal_code": "1319", "country_code": "bd"}, "shipping_address": {"id": "caaddr_01JVAQEWAA5EY928HQJ77XTQM5", "city": "Dhaka", "phone": "01829463584", "company": "", "metadata": null, "province": "", "address_1": "314/A Ulon,  Rampura", "address_2": "", "last_name": "Khan", "created_at": "2025-05-15T19:41:36.970Z", "deleted_at": null, "first_name": "Md Mosabbir Hossain", "updated_at": "2025-05-15T19:41:36.970Z", "customer_id": null, "postal_code": "1319", "country_code": "bd"}, "shipping_methods": [{"id": "ordsm_01JVAQF3C4FXQZY01951FX4KFW", "data": {}, "name": "Deffault", "total": 100, "amount": 100, "detail": {"id": "ordspmv_01JVAQF3C42PX0RW779V5NKZE6", "version": 1, "claim_id": null, "order_id": "order_01JVAQF3C52QS4VW561RB2E9RW", "return_id": null, "created_at": "2025-05-15T19:41:44.201Z", "deleted_at": null, "updated_at": "2025-05-15T19:41:44.201Z", "exchange_id": null, "shipping_method_id": "ordsm_01JVAQF3C4FXQZY01951FX4KFW"}, "metadata": null, "order_id": "order_01JVAQF3C52QS4VW561RB2E9RW", "subtotal": 100, "raw_total": {"value": "100", "precision": 20}, "tax_lines": [{"id": "ordsmtxl_01JVAQF3C43P34B3SM75XWD64E", "code": "", "rate": 0, "total": 0, "raw_rate": {"value": "0", "precision": 20}, "subtotal": 0, "raw_total": {"value": "0", "precision": 20}, "created_at": "2025-05-15T19:41:44.201Z", "deleted_at": null, "updated_at": "2025-05-15T19:41:44.201Z", "description": "Bangladesh", "provider_id": "system", "tax_rate_id": "txr_01JNX8H0S9X07PTNVN7PBW3NXB", "raw_subtotal": {"value": "0", "precision": 20}, "shipping_method_id": "ordsm_01JVAQF3C4FXQZY01951FX4KFW"}], "tax_total": 0, "created_at": "2025-05-15T19:41:44.201Z", "deleted_at": null, "raw_amount": {"value": "100", "precision": 20}, "updated_at": "2025-05-15T19:41:44.201Z", "adjustments": [], "description": null, "raw_subtotal": {"value": "100", "precision": 20}, "raw_tax_total": {"value": "0", "precision": 20}, "discount_total": 0, "original_total": 100, "is_custom_amount": false, "is_tax_inclusive": false, "discount_subtotal": 0, "discount_tax_total": 0, "original_tax_total": 0, "raw_discount_total": {"value": "0", "precision": 20}, "raw_original_total": {"value": "100", "precision": 20}, "shipping_option_id": "so_01JQ78NHXRGT4Y0G3P1NBCPK48", "raw_discount_subtotal": {"value": "0", "precision": 20}, "raw_discount_tax_total": {"value": "0", "precision": 20}, "raw_original_tax_total": {"value": "0", "precision": 20}}]}, "isAdmin": true}	\N	\N	\N	\N	\N	\N	6b0a553b-1f6a-4faa-9168-5e0c5d36bfe0	resend	2025-05-16 01:41:44.55+06	2025-05-16 01:41:48.296+06	\N	success
noti_01JWBDAW4BF219BJQ2Z8N7460E	kmosabbir@gmail.com	email	reset-password	{"resetUrl": "http://localhost:8000/reset-password?token=eyJhbGciOiJIUzI1NiIsInR5cCI6IkpXVCJ9.eyJlbnRpdHlfaWQiOiJrbW9zYWJiaXJAZ21haWwuY29tIiwicHJvdmlkZXIiOiJlbWFpbHBhc3MiLCJhY3Rvcl90eXBlIjoiY3VzdG9tZXIiLCJpYXQiOjE3NDg0MzQ3NzYsImV4cCI6MTc0ODQzNTY3Nn0.qDEnRzToL0biOKNrTmzyqtMHuAZyFa9Z0t6PBQHgbWU&email=kmosabbir@gmail.com"}	\N	\N	\N	\N	\N	\N	e95071fb-bb90-44b9-9848-01f6be5c26d8	resend	2025-05-28 18:19:36.204+06	2025-05-28 18:19:37.979+06	\N	success
noti_01JVAQFT545R0C3NYS35HZAJ42	kmosabbir@gmail.com	email	order-status-update	{"order": {"id": "order_01JMCNJAF43DY64PYCHRR9C2M6", "email": "kmosabbir@gmail.com", "total": 20, "customer": {"id": "cus_01JMCNHZCXE6YRZ1EJE6TVC3J4", "email": "kmosabbir@gmail.com", "phone": null, "metadata": null, "last_name": null, "created_at": "2025-02-18T13:56:57.374Z", "created_by": null, "deleted_at": null, "first_name": null, "updated_at": "2025-02-18T13:56:57.374Z", "has_account": false, "company_name": null}, "display_id": 1, "customer_id": "cus_01JMCNHZCXE6YRZ1EJE6TVC3J4", "currency_code": "eur", "shipping_address": {"id": "caaddr_01JMCNHZF0KCC7NZ9G8VQ37J68", "city": "Dhaka", "phone": "01829463584", "company": "", "metadata": null, "province": "", "address_1": "314/A Ulon,  Rampura", "address_2": "", "last_name": "Khan", "created_at": "2025-02-18T13:56:57.440Z", "deleted_at": null, "first_name": "Md Mosabbir Hossain", "updated_at": "2025-02-18T13:56:57.440Z", "customer_id": null, "postal_code": "1319", "country_code": "fr"}}, "status": "fulfilled"}	\N	\N	\N	\N	\N	\N	73054f55-56b4-43c8-a48b-1efa9c60c150	resend	2025-05-16 01:42:07.525+06	2025-05-16 01:42:10.791+06	\N	success
noti_01JVAQFT54C14P55RKVXNE71HA	kmosabbir@gmail.com	email	order-status-update	{"order": {"id": "order_01JMCNJAF43DY64PYCHRR9C2M6", "email": "kmosabbir@gmail.com", "total": 20, "customer": {"id": "cus_01JMCNHZCXE6YRZ1EJE6TVC3J4", "email": "kmosabbir@gmail.com", "phone": null, "metadata": null, "last_name": null, "created_at": "2025-02-18T13:56:57.374Z", "created_by": null, "deleted_at": null, "first_name": null, "updated_at": "2025-02-18T13:56:57.374Z", "has_account": false, "company_name": null}, "display_id": 1, "customer_id": "cus_01JMCNHZCXE6YRZ1EJE6TVC3J4", "currency_code": "eur", "shipping_address": {"id": "caaddr_01JMCNHZF0KCC7NZ9G8VQ37J68", "city": "Dhaka", "phone": "01829463584", "company": "", "metadata": null, "province": "", "address_1": "314/A Ulon,  Rampura", "address_2": "", "last_name": "Khan", "created_at": "2025-02-18T13:56:57.440Z", "deleted_at": null, "first_name": "Md Mosabbir Hossain", "updated_at": "2025-02-18T13:56:57.440Z", "customer_id": null, "postal_code": "1319", "country_code": "fr"}}, "status": "fulfilled", "isAdmin": true}	\N	\N	\N	\N	\N	\N	8146637a-2d8d-4f0a-82e9-1de293b375de	resend	2025-05-16 01:42:07.525+06	2025-05-16 01:42:10.791+06	\N	success
noti_01JVAQNJ9VZF2Z3TKC0WGTFW48	kmosabbir@gmail.com	email	order-status-update	{"order": {"id": "order_01JVAQNHXEZXSWY4JSBH61N891", "email": "kmosabbir@gmail.com", "total": 200, "customer": {"id": "cus_01JMPQ9K7R3BKEMBVG59BHS2MY", "email": "mosabbir.fwd@gmail.com", "phone": "01829463584", "metadata": null, "last_name": "Khan", "created_at": "2025-02-22T11:39:44.248Z", "created_by": null, "deleted_at": null, "first_name": "Md Mosabbir Hossain", "updated_at": "2025-02-22T11:39:44.248Z", "has_account": true, "company_name": null}, "display_id": 20, "customer_id": "cus_01JMPQ9K7R3BKEMBVG59BHS2MY", "currency_code": "bdt", "shipping_address": {"id": "caaddr_01JVAQNBF676DH7PH1KCNKVPKX", "city": "Dhaka", "phone": "01829463584", "company": "", "metadata": null, "province": "", "address_1": "314/A Ulon,  Rampura", "address_2": "", "last_name": "Khan", "created_at": "2025-05-15T19:45:09.094Z", "deleted_at": null, "first_name": "Md Mosabbir Hossain", "updated_at": "2025-05-15T19:45:09.094Z", "customer_id": null, "postal_code": "1319", "country_code": "bd"}}, "status": "placed"}	\N	\N	\N	\N	\N	\N	68c52989-2426-49c4-b76d-5d5d78258470	resend	2025-05-16 01:45:16.093+06	2025-05-16 01:45:19.691+06	\N	success
noti_01JVAQNJ9VN0VQEHBSRGMMTFQY	kmosabbir@gmail.com	email	order-status-update	{"order": {"id": "order_01JVAQNHXEZXSWY4JSBH61N891", "email": "kmosabbir@gmail.com", "total": 200, "customer": {"id": "cus_01JMPQ9K7R3BKEMBVG59BHS2MY", "email": "mosabbir.fwd@gmail.com", "phone": "01829463584", "metadata": null, "last_name": "Khan", "created_at": "2025-02-22T11:39:44.248Z", "created_by": null, "deleted_at": null, "first_name": "Md Mosabbir Hossain", "updated_at": "2025-02-22T11:39:44.248Z", "has_account": true, "company_name": null}, "display_id": 20, "customer_id": "cus_01JMPQ9K7R3BKEMBVG59BHS2MY", "currency_code": "bdt", "shipping_address": {"id": "caaddr_01JVAQNBF676DH7PH1KCNKVPKX", "city": "Dhaka", "phone": "01829463584", "company": "", "metadata": null, "province": "", "address_1": "314/A Ulon,  Rampura", "address_2": "", "last_name": "Khan", "created_at": "2025-05-15T19:45:09.094Z", "deleted_at": null, "first_name": "Md Mosabbir Hossain", "updated_at": "2025-05-15T19:45:09.094Z", "customer_id": null, "postal_code": "1319", "country_code": "bd"}}, "status": "placed", "isAdmin": true}	\N	\N	\N	\N	\N	\N	905b7c17-c953-4465-b742-c0d613530b91	resend	2025-05-16 01:45:16.093+06	2025-05-16 01:45:19.691+06	\N	success
noti_01JVAQNJ9ZWKJCRY5X81F4XS2M	kmosabbir@gmail.com	email	order-placed	{"order": {"id": "order_01JVAQNHXEZXSWY4JSBH61N891", "email": "kmosabbir@gmail.com", "items": [{"id": "ordli_01JVAQNHXHZZ1XSPH7KT8C19F9", "title": "Default variant", "total": 100, "detail": {"id": "orditem_01JVAQNHXKW08Y2FKZKZF17X89", "item_id": "ordli_01JVAQNHXHZZ1XSPH7KT8C19F9", "version": 1, "metadata": null, "order_id": "order_01JVAQNHXEZXSWY4JSBH61N891", "quantity": 1, "created_at": "2025-05-15T19:45:15.702Z", "deleted_at": null, "unit_price": null, "updated_at": "2025-05-15T19:45:15.702Z", "raw_quantity": {"value": "1", "precision": 20}, "raw_unit_price": null, "shipped_quantity": 0, "delivered_quantity": 0, "fulfilled_quantity": 0, "raw_shipped_quantity": {"value": "0", "precision": 20}, "written_off_quantity": 0, "compare_at_unit_price": null, "raw_delivered_quantity": {"value": "0", "precision": 20}, "raw_fulfilled_quantity": {"value": "0", "precision": 20}, "raw_written_off_quantity": {"value": "0", "precision": 20}, "return_received_quantity": 0, "raw_compare_at_unit_price": null, "return_dismissed_quantity": 0, "return_requested_quantity": 0, "raw_return_received_quantity": {"value": "0", "precision": 20}, "raw_return_dismissed_quantity": {"value": "0", "precision": 20}, "raw_return_requested_quantity": {"value": "0", "precision": 20}}, "metadata": {"ingredients": [{"id": "d3de53c4-2ba5-4068-85ef-0959080b97a5", "name": "123"}]}, "quantity": 1, "subtitle": "Pokmeon", "subtotal": 100, "raw_total": {"value": "100", "precision": 20}, "tax_lines": [{"id": "ordlitxl_01JVAQNHXHT9YN24CTYHE6VT62", "code": "", "rate": 0, "total": 0, "item_id": "ordli_01JVAQNHXHZZ1XSPH7KT8C19F9", "raw_rate": {"value": "0", "precision": 20}, "subtotal": 0, "raw_total": {"value": "0", "precision": 20}, "created_at": "2025-05-15T19:45:15.704Z", "deleted_at": null, "updated_at": "2025-05-15T19:45:15.704Z", "description": "Bangladesh", "provider_id": "system", "tax_rate_id": "txr_01JNX8H0S9X07PTNVN7PBW3NXB", "raw_subtotal": {"value": "0", "precision": 20}}], "tax_total": 0, "thumbnail": "http://localhost:9000/static/1747251920117-Screenshot%20from%202025-01-07%2009-10-30.png", "created_at": "2025-05-15T19:45:15.702Z", "deleted_at": null, "product_id": "prod_01JV858ZAE63830RPWDNTVEYEJ", "unit_price": 100, "updated_at": "2025-05-15T19:45:15.702Z", "variant_id": "variant_01JV858ZVBMGKNNRBHCM8YYVX7", "adjustments": [], "variant_sku": null, "product_type": "Pitha", "raw_quantity": {"value": "1", "precision": 20}, "raw_subtotal": {"value": "100", "precision": 20}, "product_title": "Pokmeon", "raw_tax_total": {"value": "0", "precision": 20}, "shipped_total": 0, "variant_title": "Default variant", "discount_total": 0, "original_total": 100, "product_handle": "pihta", "raw_unit_price": {"value": "100", "precision": 20}, "fulfilled_total": 0, "is_custom_price": false, "is_discountable": true, "product_type_id": "ptyp_01JNX87TA227NBFF63VMQE8GNR", "variant_barcode": null, "write_off_total": 0, "is_tax_inclusive": false, "product_subtitle": "A steamed rice cake filled with jaggery (gur) and coconut.", "refundable_total": 100, "discount_subtotal": 0, "raw_shipped_total": {"value": "0", "precision": 20}, "requires_shipping": true, "discount_tax_total": 0, "original_tax_total": 0, "product_collection": "Food", "raw_discount_total": {"value": "0", "precision": 20}, "raw_original_total": {"value": "100", "precision": 20}, "product_description": "sdfsdfs", "raw_fulfilled_total": {"value": "0", "precision": 20}, "raw_write_off_total": {"value": "0", "precision": 20}, "raw_refundable_total": {"value": "100", "precision": 20}, "compare_at_unit_price": null, "raw_discount_subtotal": {"value": "0", "precision": 20}, "return_received_total": 0, "variant_option_values": null, "raw_discount_tax_total": {"value": "0", "precision": 20}, "raw_original_tax_total": {"value": "0", "precision": 20}, "return_dismissed_total": 0, "return_requested_total": 0, "raw_compare_at_unit_price": null, "raw_return_received_total": {"value": "0", "precision": 20}, "refundable_total_per_unit": 100, "raw_return_dismissed_total": {"value": "0", "precision": 20}, "raw_return_requested_total": {"value": "0", "precision": 20}, "raw_refundable_total_per_unit": {"value": "100", "precision": 20}}], "total": 200, "customer": {"id": "cus_01JMPQ9K7R3BKEMBVG59BHS2MY", "email": "mosabbir.fwd@gmail.com", "phone": "01829463584", "metadata": null, "last_name": "Khan", "created_at": "2025-02-22T11:39:44.248Z", "created_by": null, "deleted_at": null, "first_name": "Md Mosabbir Hossain", "updated_at": "2025-02-22T11:39:44.248Z", "has_account": true, "company_name": null}, "subtotal": 200, "tax_total": 0, "display_id": 20, "item_total": 100, "customer_id": "cus_01JMPQ9K7R3BKEMBVG59BHS2MY", "currency_code": "bdt", "item_subtotal": 100, "discount_total": 0, "item_tax_total": 0, "shipping_total": 100, "billing_address": {"id": "caaddr_01JVAQNBF5KVD0BZ7C0RNTCZ0J", "city": "Dhaka", "phone": "01829463584", "company": "", "metadata": null, "province": "", "address_1": "314/A Ulon,  Rampura", "address_2": "", "last_name": "Khan", "created_at": "2025-05-15T19:45:09.094Z", "deleted_at": null, "first_name": "Md Mosabbir Hossain", "updated_at": "2025-05-15T19:45:09.094Z", "customer_id": null, "postal_code": "1319", "country_code": "bd"}, "shipping_address": {"id": "caaddr_01JVAQNBF676DH7PH1KCNKVPKX", "city": "Dhaka", "phone": "01829463584", "company": "", "metadata": null, "province": "", "address_1": "314/A Ulon,  Rampura", "address_2": "", "last_name": "Khan", "created_at": "2025-05-15T19:45:09.094Z", "deleted_at": null, "first_name": "Md Mosabbir Hossain", "updated_at": "2025-05-15T19:45:09.094Z", "customer_id": null, "postal_code": "1319", "country_code": "bd"}, "shipping_methods": [{"id": "ordsm_01JVAQNHXEMATYKF6FHJQMQX9W", "data": {}, "name": "Deffault", "total": 100, "amount": 100, "detail": {"id": "ordspmv_01JVAQNHXED866PWE59ZSC7MTY", "version": 1, "claim_id": null, "order_id": "order_01JVAQNHXEZXSWY4JSBH61N891", "return_id": null, "created_at": "2025-05-15T19:45:15.704Z", "deleted_at": null, "updated_at": "2025-05-15T19:45:15.704Z", "exchange_id": null, "shipping_method_id": "ordsm_01JVAQNHXEMATYKF6FHJQMQX9W"}, "metadata": null, "order_id": "order_01JVAQNHXEZXSWY4JSBH61N891", "subtotal": 100, "raw_total": {"value": "100", "precision": 20}, "tax_lines": [{"id": "ordsmtxl_01JVAQNHXD654TSM4SQX75259X", "code": "", "rate": 0, "total": 0, "raw_rate": {"value": "0", "precision": 20}, "subtotal": 0, "raw_total": {"value": "0", "precision": 20}, "created_at": "2025-05-15T19:45:15.704Z", "deleted_at": null, "updated_at": "2025-05-15T19:45:15.704Z", "description": "Bangladesh", "provider_id": "system", "tax_rate_id": "txr_01JNX8H0S9X07PTNVN7PBW3NXB", "raw_subtotal": {"value": "0", "precision": 20}, "shipping_method_id": "ordsm_01JVAQNHXEMATYKF6FHJQMQX9W"}], "tax_total": 0, "created_at": "2025-05-15T19:45:15.703Z", "deleted_at": null, "raw_amount": {"value": "100", "precision": 20}, "updated_at": "2025-05-15T19:45:15.703Z", "adjustments": [], "description": null, "raw_subtotal": {"value": "100", "precision": 20}, "raw_tax_total": {"value": "0", "precision": 20}, "discount_total": 0, "original_total": 100, "is_custom_amount": false, "is_tax_inclusive": false, "discount_subtotal": 0, "discount_tax_total": 0, "original_tax_total": 0, "raw_discount_total": {"value": "0", "precision": 20}, "raw_original_total": {"value": "100", "precision": 20}, "shipping_option_id": "so_01JQ78NHXRGT4Y0G3P1NBCPK48", "raw_discount_subtotal": {"value": "0", "precision": 20}, "raw_discount_tax_total": {"value": "0", "precision": 20}, "raw_original_tax_total": {"value": "0", "precision": 20}}]}}	\N	\N	\N	\N	\N	\N	f9e6b012-bcf3-4368-9dd0-6232fc87d69f	resend	2025-05-16 01:45:16.095+06	2025-05-16 01:45:19.742+06	\N	success
noti_01JVAQNJ9ZHAQX79Z9FJ6025A8	kmosabbir@gmail.com	email	order-placed	{"order": {"id": "order_01JVAQNHXEZXSWY4JSBH61N891", "email": "kmosabbir@gmail.com", "items": [{"id": "ordli_01JVAQNHXHZZ1XSPH7KT8C19F9", "title": "Default variant", "total": 100, "detail": {"id": "orditem_01JVAQNHXKW08Y2FKZKZF17X89", "item_id": "ordli_01JVAQNHXHZZ1XSPH7KT8C19F9", "version": 1, "metadata": null, "order_id": "order_01JVAQNHXEZXSWY4JSBH61N891", "quantity": 1, "created_at": "2025-05-15T19:45:15.702Z", "deleted_at": null, "unit_price": null, "updated_at": "2025-05-15T19:45:15.702Z", "raw_quantity": {"value": "1", "precision": 20}, "raw_unit_price": null, "shipped_quantity": 0, "delivered_quantity": 0, "fulfilled_quantity": 0, "raw_shipped_quantity": {"value": "0", "precision": 20}, "written_off_quantity": 0, "compare_at_unit_price": null, "raw_delivered_quantity": {"value": "0", "precision": 20}, "raw_fulfilled_quantity": {"value": "0", "precision": 20}, "raw_written_off_quantity": {"value": "0", "precision": 20}, "return_received_quantity": 0, "raw_compare_at_unit_price": null, "return_dismissed_quantity": 0, "return_requested_quantity": 0, "raw_return_received_quantity": {"value": "0", "precision": 20}, "raw_return_dismissed_quantity": {"value": "0", "precision": 20}, "raw_return_requested_quantity": {"value": "0", "precision": 20}}, "metadata": {"ingredients": [{"id": "d3de53c4-2ba5-4068-85ef-0959080b97a5", "name": "123"}]}, "quantity": 1, "subtitle": "Pokmeon", "subtotal": 100, "raw_total": {"value": "100", "precision": 20}, "tax_lines": [{"id": "ordlitxl_01JVAQNHXHT9YN24CTYHE6VT62", "code": "", "rate": 0, "total": 0, "item_id": "ordli_01JVAQNHXHZZ1XSPH7KT8C19F9", "raw_rate": {"value": "0", "precision": 20}, "subtotal": 0, "raw_total": {"value": "0", "precision": 20}, "created_at": "2025-05-15T19:45:15.704Z", "deleted_at": null, "updated_at": "2025-05-15T19:45:15.704Z", "description": "Bangladesh", "provider_id": "system", "tax_rate_id": "txr_01JNX8H0S9X07PTNVN7PBW3NXB", "raw_subtotal": {"value": "0", "precision": 20}}], "tax_total": 0, "thumbnail": "http://localhost:9000/static/1747251920117-Screenshot%20from%202025-01-07%2009-10-30.png", "created_at": "2025-05-15T19:45:15.702Z", "deleted_at": null, "product_id": "prod_01JV858ZAE63830RPWDNTVEYEJ", "unit_price": 100, "updated_at": "2025-05-15T19:45:15.702Z", "variant_id": "variant_01JV858ZVBMGKNNRBHCM8YYVX7", "adjustments": [], "variant_sku": null, "product_type": "Pitha", "raw_quantity": {"value": "1", "precision": 20}, "raw_subtotal": {"value": "100", "precision": 20}, "product_title": "Pokmeon", "raw_tax_total": {"value": "0", "precision": 20}, "shipped_total": 0, "variant_title": "Default variant", "discount_total": 0, "original_total": 100, "product_handle": "pihta", "raw_unit_price": {"value": "100", "precision": 20}, "fulfilled_total": 0, "is_custom_price": false, "is_discountable": true, "product_type_id": "ptyp_01JNX87TA227NBFF63VMQE8GNR", "variant_barcode": null, "write_off_total": 0, "is_tax_inclusive": false, "product_subtitle": "A steamed rice cake filled with jaggery (gur) and coconut.", "refundable_total": 100, "discount_subtotal": 0, "raw_shipped_total": {"value": "0", "precision": 20}, "requires_shipping": true, "discount_tax_total": 0, "original_tax_total": 0, "product_collection": "Food", "raw_discount_total": {"value": "0", "precision": 20}, "raw_original_total": {"value": "100", "precision": 20}, "product_description": "sdfsdfs", "raw_fulfilled_total": {"value": "0", "precision": 20}, "raw_write_off_total": {"value": "0", "precision": 20}, "raw_refundable_total": {"value": "100", "precision": 20}, "compare_at_unit_price": null, "raw_discount_subtotal": {"value": "0", "precision": 20}, "return_received_total": 0, "variant_option_values": null, "raw_discount_tax_total": {"value": "0", "precision": 20}, "raw_original_tax_total": {"value": "0", "precision": 20}, "return_dismissed_total": 0, "return_requested_total": 0, "raw_compare_at_unit_price": null, "raw_return_received_total": {"value": "0", "precision": 20}, "refundable_total_per_unit": 100, "raw_return_dismissed_total": {"value": "0", "precision": 20}, "raw_return_requested_total": {"value": "0", "precision": 20}, "raw_refundable_total_per_unit": {"value": "100", "precision": 20}}], "total": 200, "customer": {"id": "cus_01JMPQ9K7R3BKEMBVG59BHS2MY", "email": "mosabbir.fwd@gmail.com", "phone": "01829463584", "metadata": null, "last_name": "Khan", "created_at": "2025-02-22T11:39:44.248Z", "created_by": null, "deleted_at": null, "first_name": "Md Mosabbir Hossain", "updated_at": "2025-02-22T11:39:44.248Z", "has_account": true, "company_name": null}, "subtotal": 200, "tax_total": 0, "display_id": 20, "item_total": 100, "customer_id": "cus_01JMPQ9K7R3BKEMBVG59BHS2MY", "currency_code": "bdt", "item_subtotal": 100, "discount_total": 0, "item_tax_total": 0, "shipping_total": 100, "billing_address": {"id": "caaddr_01JVAQNBF5KVD0BZ7C0RNTCZ0J", "city": "Dhaka", "phone": "01829463584", "company": "", "metadata": null, "province": "", "address_1": "314/A Ulon,  Rampura", "address_2": "", "last_name": "Khan", "created_at": "2025-05-15T19:45:09.094Z", "deleted_at": null, "first_name": "Md Mosabbir Hossain", "updated_at": "2025-05-15T19:45:09.094Z", "customer_id": null, "postal_code": "1319", "country_code": "bd"}, "shipping_address": {"id": "caaddr_01JVAQNBF676DH7PH1KCNKVPKX", "city": "Dhaka", "phone": "01829463584", "company": "", "metadata": null, "province": "", "address_1": "314/A Ulon,  Rampura", "address_2": "", "last_name": "Khan", "created_at": "2025-05-15T19:45:09.094Z", "deleted_at": null, "first_name": "Md Mosabbir Hossain", "updated_at": "2025-05-15T19:45:09.094Z", "customer_id": null, "postal_code": "1319", "country_code": "bd"}, "shipping_methods": [{"id": "ordsm_01JVAQNHXEMATYKF6FHJQMQX9W", "data": {}, "name": "Deffault", "total": 100, "amount": 100, "detail": {"id": "ordspmv_01JVAQNHXED866PWE59ZSC7MTY", "version": 1, "claim_id": null, "order_id": "order_01JVAQNHXEZXSWY4JSBH61N891", "return_id": null, "created_at": "2025-05-15T19:45:15.704Z", "deleted_at": null, "updated_at": "2025-05-15T19:45:15.704Z", "exchange_id": null, "shipping_method_id": "ordsm_01JVAQNHXEMATYKF6FHJQMQX9W"}, "metadata": null, "order_id": "order_01JVAQNHXEZXSWY4JSBH61N891", "subtotal": 100, "raw_total": {"value": "100", "precision": 20}, "tax_lines": [{"id": "ordsmtxl_01JVAQNHXD654TSM4SQX75259X", "code": "", "rate": 0, "total": 0, "raw_rate": {"value": "0", "precision": 20}, "subtotal": 0, "raw_total": {"value": "0", "precision": 20}, "created_at": "2025-05-15T19:45:15.704Z", "deleted_at": null, "updated_at": "2025-05-15T19:45:15.704Z", "description": "Bangladesh", "provider_id": "system", "tax_rate_id": "txr_01JNX8H0S9X07PTNVN7PBW3NXB", "raw_subtotal": {"value": "0", "precision": 20}, "shipping_method_id": "ordsm_01JVAQNHXEMATYKF6FHJQMQX9W"}], "tax_total": 0, "created_at": "2025-05-15T19:45:15.703Z", "deleted_at": null, "raw_amount": {"value": "100", "precision": 20}, "updated_at": "2025-05-15T19:45:15.703Z", "adjustments": [], "description": null, "raw_subtotal": {"value": "100", "precision": 20}, "raw_tax_total": {"value": "0", "precision": 20}, "discount_total": 0, "original_total": 100, "is_custom_amount": false, "is_tax_inclusive": false, "discount_subtotal": 0, "discount_tax_total": 0, "original_tax_total": 0, "raw_discount_total": {"value": "0", "precision": 20}, "raw_original_total": {"value": "100", "precision": 20}, "shipping_option_id": "so_01JQ78NHXRGT4Y0G3P1NBCPK48", "raw_discount_subtotal": {"value": "0", "precision": 20}, "raw_discount_tax_total": {"value": "0", "precision": 20}, "raw_original_tax_total": {"value": "0", "precision": 20}}]}, "isAdmin": true}	\N	\N	\N	\N	\N	\N	669bc41f-b53a-4a8f-92b7-49b64a64c187	resend	2025-05-16 01:45:16.095+06	2025-05-16 01:45:19.742+06	\N	success
noti_01JWBDZE398DQNJRQQ5F4BEEMP	kmosabbir@gmail.com	email	reset-password	{"resetUrl": "http://localhost:9000/app/reset-password?token=eyJhbGciOiJIUzI1NiIsInR5cCI6IkpXVCJ9.eyJlbnRpdHlfaWQiOiJrbW9zYWJiaXJAZ21haWwuY29tIiwicHJvdmlkZXIiOiJlbWFpbHBhc3MiLCJhY3Rvcl90eXBlIjoidXNlciIsImlhdCI6MTc0ODQzNTQ0OSwiZXhwIjoxNzQ4NDM2MzQ5fQ.1QSMNCI7CyFnbU8f1mgaHIM1BCgJIn5Y5iXWUWj-UNs&email=kmosabbir@gmail.com"}	\N	\N	\N	\N	\N	\N	22142b20-f848-45d7-b49b-b4495685e6ed	resend	2025-05-28 18:30:49.963+06	2025-05-28 18:30:51.747+06	\N	success
noti_01JWBEBF832DAN2BXATFMFM9F9	kmosabbir@gmail.com	email	reset-password	{"resetUrl": "http://localhost:9000/app/reset-password?token=eyJhbGciOiJIUzI1NiIsInR5cCI6IkpXVCJ9.eyJlbnRpdHlfaWQiOiJrbW9zYWJiaXJAZ21haWwuY29tIiwicHJvdmlkZXIiOiJlbWFpbHBhc3MiLCJhY3Rvcl90eXBlIjoidXNlciIsImlhdCI6MTc0ODQzNTg0NCwiZXhwIjoxNzQ4NDM2NzQ0fQ.RZwbjHZ1uHnQ4dsD0xaAvmvyvNIig6XHzyCghXuSv9M&email=kmosabbir@gmail.com"}	\N	\N	\N	\N	\N	\N	fb85939c-0451-4dc4-af29-751e689b2642	resend	2025-05-28 18:37:24.356+06	2025-05-28 18:37:25.191+06	\N	success
noti_01JVAQQNKQNE07FBKNC3C7SBA3	kmosabbir@gmail.com	email	order-status-update	{"order": {"id": "order_01JMCNJAF43DY64PYCHRR9C2M6", "email": "kmosabbir@gmail.com", "total": 20, "customer": {"id": "cus_01JMCNHZCXE6YRZ1EJE6TVC3J4", "email": "kmosabbir@gmail.com", "phone": null, "metadata": null, "last_name": null, "created_at": "2025-02-18T13:56:57.374Z", "created_by": null, "deleted_at": null, "first_name": null, "updated_at": "2025-02-18T13:56:57.374Z", "has_account": false, "company_name": null}, "display_id": 1, "customer_id": "cus_01JMCNHZCXE6YRZ1EJE6TVC3J4", "currency_code": "eur", "shipping_address": {"id": "caaddr_01JMCNHZF0KCC7NZ9G8VQ37J68", "city": "Dhaka", "phone": "01829463584", "company": "", "metadata": null, "province": "", "address_1": "314/A Ulon,  Rampura", "address_2": "", "last_name": "Khan", "created_at": "2025-02-18T13:56:57.440Z", "deleted_at": null, "first_name": "Md Mosabbir Hossain", "updated_at": "2025-02-18T13:56:57.440Z", "customer_id": null, "postal_code": "1319", "country_code": "fr"}}, "status": "fulfilled"}	\N	\N	\N	\N	\N	\N	18f4dd89-377c-4bb3-8451-ecda3f243559	resend	2025-05-16 01:46:25.016+06	2025-05-16 01:46:27.903+06	\N	success
noti_01JVAQQNKQ1WD9DX89A4A684MV	kmosabbir@gmail.com	email	order-status-update	{"order": {"id": "order_01JMCNJAF43DY64PYCHRR9C2M6", "email": "kmosabbir@gmail.com", "total": 20, "customer": {"id": "cus_01JMCNHZCXE6YRZ1EJE6TVC3J4", "email": "kmosabbir@gmail.com", "phone": null, "metadata": null, "last_name": null, "created_at": "2025-02-18T13:56:57.374Z", "created_by": null, "deleted_at": null, "first_name": null, "updated_at": "2025-02-18T13:56:57.374Z", "has_account": false, "company_name": null}, "display_id": 1, "customer_id": "cus_01JMCNHZCXE6YRZ1EJE6TVC3J4", "currency_code": "eur", "shipping_address": {"id": "caaddr_01JMCNHZF0KCC7NZ9G8VQ37J68", "city": "Dhaka", "phone": "01829463584", "company": "", "metadata": null, "province": "", "address_1": "314/A Ulon,  Rampura", "address_2": "", "last_name": "Khan", "created_at": "2025-02-18T13:56:57.440Z", "deleted_at": null, "first_name": "Md Mosabbir Hossain", "updated_at": "2025-02-18T13:56:57.440Z", "customer_id": null, "postal_code": "1319", "country_code": "fr"}}, "status": "fulfilled", "isAdmin": true}	\N	\N	\N	\N	\N	\N	9f5b56dd-a5d3-4c78-9bfc-acb2c10599ce	resend	2025-05-16 01:46:25.016+06	2025-05-16 01:46:27.901+06	\N	success
noti_01JVB15RHVPZAYE8CSPNT6W18Z	kmosabbir@gmail.com	email	order-status-update	{"order": {"id": "order_01JVB15R2Z563128FR18320R0Z", "email": "kmosabbir@gmail.com", "total": 200, "customer": {"id": "cus_01JMPQ9K7R3BKEMBVG59BHS2MY", "email": "mosabbir.fwd@gmail.com", "phone": "01829463584", "metadata": null, "last_name": "Khan", "created_at": "2025-02-22T11:39:44.248Z", "created_by": null, "deleted_at": null, "first_name": "Md Mosabbir Hossain", "updated_at": "2025-02-22T11:39:44.248Z", "has_account": true, "company_name": null}, "display_id": 21, "customer_id": "cus_01JMPQ9K7R3BKEMBVG59BHS2MY", "currency_code": "bdt", "shipping_address": {"id": "caaddr_01JVB15GWNBM953JX34JF7YN3B", "city": "Dhaka", "phone": "01829463584", "company": "", "metadata": null, "province": "", "address_1": "314/A Ulon,  Rampura", "address_2": "", "last_name": "Khan", "created_at": "2025-05-15T22:31:16.118Z", "deleted_at": null, "first_name": "Md Mosabbir Hossain", "updated_at": "2025-05-15T22:31:16.118Z", "customer_id": null, "postal_code": "1319", "country_code": "bd"}}, "status": "placed"}	\N	\N	\N	\N	\N	\N	88730e8a-8f15-44b8-9de5-9bcf29ed81a4	resend	2025-05-16 04:31:23.964+06	2025-05-16 04:31:27.957+06	\N	success
noti_01JVB15RHVMDSR5Y3AF2B4WR5K	kmosabbir@gmail.com	email	order-status-update	{"order": {"id": "order_01JVB15R2Z563128FR18320R0Z", "email": "kmosabbir@gmail.com", "total": 200, "customer": {"id": "cus_01JMPQ9K7R3BKEMBVG59BHS2MY", "email": "mosabbir.fwd@gmail.com", "phone": "01829463584", "metadata": null, "last_name": "Khan", "created_at": "2025-02-22T11:39:44.248Z", "created_by": null, "deleted_at": null, "first_name": "Md Mosabbir Hossain", "updated_at": "2025-02-22T11:39:44.248Z", "has_account": true, "company_name": null}, "display_id": 21, "customer_id": "cus_01JMPQ9K7R3BKEMBVG59BHS2MY", "currency_code": "bdt", "shipping_address": {"id": "caaddr_01JVB15GWNBM953JX34JF7YN3B", "city": "Dhaka", "phone": "01829463584", "company": "", "metadata": null, "province": "", "address_1": "314/A Ulon,  Rampura", "address_2": "", "last_name": "Khan", "created_at": "2025-05-15T22:31:16.118Z", "deleted_at": null, "first_name": "Md Mosabbir Hossain", "updated_at": "2025-05-15T22:31:16.118Z", "customer_id": null, "postal_code": "1319", "country_code": "bd"}}, "status": "placed", "isAdmin": true}	\N	\N	\N	\N	\N	\N	c4333001-33f0-4ba6-84f9-6908b7e1ba9c	resend	2025-05-16 04:31:23.965+06	2025-05-16 04:31:27.957+06	\N	success
noti_01JVB15RHYPBRY4337HEHXED2W	kmosabbir@gmail.com	email	order-placed	{"order": {"id": "order_01JVB15R2Z563128FR18320R0Z", "email": "kmosabbir@gmail.com", "items": [{"id": "ordli_01JVB15R31481WFNDSRFB2PZ7A", "title": "Default variant", "total": 100, "detail": {"id": "orditem_01JVB15R33MZGHKX8S9DBCGHG9", "item_id": "ordli_01JVB15R31481WFNDSRFB2PZ7A", "version": 1, "metadata": null, "order_id": "order_01JVB15R2Z563128FR18320R0Z", "quantity": 1, "created_at": "2025-05-15T22:31:23.493Z", "deleted_at": null, "unit_price": null, "updated_at": "2025-05-15T22:31:23.493Z", "raw_quantity": {"value": "1", "precision": 20}, "raw_unit_price": null, "shipped_quantity": 0, "delivered_quantity": 0, "fulfilled_quantity": 0, "raw_shipped_quantity": {"value": "0", "precision": 20}, "written_off_quantity": 0, "compare_at_unit_price": null, "raw_delivered_quantity": {"value": "0", "precision": 20}, "raw_fulfilled_quantity": {"value": "0", "precision": 20}, "raw_written_off_quantity": {"value": "0", "precision": 20}, "return_received_quantity": 0, "raw_compare_at_unit_price": null, "return_dismissed_quantity": 0, "return_requested_quantity": 0, "raw_return_received_quantity": {"value": "0", "precision": 20}, "raw_return_dismissed_quantity": {"value": "0", "precision": 20}, "raw_return_requested_quantity": {"value": "0", "precision": 20}}, "metadata": {"ingredients": [{"id": "d3de53c4-2ba5-4068-85ef-0959080b97a5", "name": "123"}]}, "quantity": 1, "subtitle": "Pokmeon", "subtotal": 100, "raw_total": {"value": "100", "precision": 20}, "tax_lines": [{"id": "ordlitxl_01JVB15R31NYV204FM5Y7ZE2NQ", "code": "", "rate": 0, "total": 0, "item_id": "ordli_01JVB15R31481WFNDSRFB2PZ7A", "raw_rate": {"value": "0", "precision": 20}, "subtotal": 0, "raw_total": {"value": "0", "precision": 20}, "created_at": "2025-05-15T22:31:23.495Z", "deleted_at": null, "updated_at": "2025-05-15T22:31:23.495Z", "description": "Bangladesh", "provider_id": "system", "tax_rate_id": "txr_01JNX8H0S9X07PTNVN7PBW3NXB", "raw_subtotal": {"value": "0", "precision": 20}}], "tax_total": 0, "thumbnail": "http://localhost:9000/static/1747251920117-Screenshot%20from%202025-01-07%2009-10-30.png", "created_at": "2025-05-15T22:31:23.493Z", "deleted_at": null, "product_id": "prod_01JV858ZAE63830RPWDNTVEYEJ", "unit_price": 100, "updated_at": "2025-05-15T22:31:23.493Z", "variant_id": "variant_01JV858ZVBMGKNNRBHCM8YYVX7", "adjustments": [], "variant_sku": null, "product_type": "Pitha", "raw_quantity": {"value": "1", "precision": 20}, "raw_subtotal": {"value": "100", "precision": 20}, "product_title": "Pokmeon", "raw_tax_total": {"value": "0", "precision": 20}, "shipped_total": 0, "variant_title": "Default variant", "discount_total": 0, "original_total": 100, "product_handle": "pihta", "raw_unit_price": {"value": "100", "precision": 20}, "fulfilled_total": 0, "is_custom_price": false, "is_discountable": true, "product_type_id": "ptyp_01JNX87TA227NBFF63VMQE8GNR", "variant_barcode": null, "write_off_total": 0, "is_tax_inclusive": false, "product_subtitle": "A steamed rice cake filled with jaggery (gur) and coconut.", "refundable_total": 100, "discount_subtotal": 0, "raw_shipped_total": {"value": "0", "precision": 20}, "requires_shipping": true, "discount_tax_total": 0, "original_tax_total": 0, "product_collection": "featured", "raw_discount_total": {"value": "0", "precision": 20}, "raw_original_total": {"value": "100", "precision": 20}, "product_description": "sdfsdfs", "raw_fulfilled_total": {"value": "0", "precision": 20}, "raw_write_off_total": {"value": "0", "precision": 20}, "raw_refundable_total": {"value": "100", "precision": 20}, "compare_at_unit_price": null, "raw_discount_subtotal": {"value": "0", "precision": 20}, "return_received_total": 0, "variant_option_values": null, "raw_discount_tax_total": {"value": "0", "precision": 20}, "raw_original_tax_total": {"value": "0", "precision": 20}, "return_dismissed_total": 0, "return_requested_total": 0, "raw_compare_at_unit_price": null, "raw_return_received_total": {"value": "0", "precision": 20}, "refundable_total_per_unit": 100, "raw_return_dismissed_total": {"value": "0", "precision": 20}, "raw_return_requested_total": {"value": "0", "precision": 20}, "raw_refundable_total_per_unit": {"value": "100", "precision": 20}}], "total": 200, "customer": {"id": "cus_01JMPQ9K7R3BKEMBVG59BHS2MY", "email": "mosabbir.fwd@gmail.com", "phone": "01829463584", "metadata": null, "last_name": "Khan", "created_at": "2025-02-22T11:39:44.248Z", "created_by": null, "deleted_at": null, "first_name": "Md Mosabbir Hossain", "updated_at": "2025-02-22T11:39:44.248Z", "has_account": true, "company_name": null}, "subtotal": 200, "tax_total": 0, "display_id": 21, "item_total": 100, "customer_id": "cus_01JMPQ9K7R3BKEMBVG59BHS2MY", "currency_code": "bdt", "item_subtotal": 100, "discount_total": 0, "item_tax_total": 0, "shipping_total": 100, "billing_address": {"id": "caaddr_01JVB15GWN9JCKZ5APVK8YPRY6", "city": "Dhaka", "phone": "01829463584", "company": "", "metadata": null, "province": "", "address_1": "314/A Ulon,  Rampura", "address_2": "", "last_name": "Khan", "created_at": "2025-05-15T22:31:16.117Z", "deleted_at": null, "first_name": "Md Mosabbir Hossain", "updated_at": "2025-05-15T22:31:16.117Z", "customer_id": null, "postal_code": "1319", "country_code": "bd"}, "shipping_address": {"id": "caaddr_01JVB15GWNBM953JX34JF7YN3B", "city": "Dhaka", "phone": "01829463584", "company": "", "metadata": null, "province": "", "address_1": "314/A Ulon,  Rampura", "address_2": "", "last_name": "Khan", "created_at": "2025-05-15T22:31:16.118Z", "deleted_at": null, "first_name": "Md Mosabbir Hossain", "updated_at": "2025-05-15T22:31:16.118Z", "customer_id": null, "postal_code": "1319", "country_code": "bd"}, "shipping_methods": [{"id": "ordsm_01JVB15R2YJJATP8ATQAPQD8ZS", "data": {}, "name": "Deffault", "total": 100, "amount": 100, "detail": {"id": "ordspmv_01JVB15R2Y66628B5F99DCH968", "version": 1, "claim_id": null, "order_id": "order_01JVB15R2Z563128FR18320R0Z", "return_id": null, "created_at": "2025-05-15T22:31:23.494Z", "deleted_at": null, "updated_at": "2025-05-15T22:31:23.494Z", "exchange_id": null, "shipping_method_id": "ordsm_01JVB15R2YJJATP8ATQAPQD8ZS"}, "metadata": null, "order_id": "order_01JVB15R2Z563128FR18320R0Z", "subtotal": 100, "raw_total": {"value": "100", "precision": 20}, "tax_lines": [{"id": "ordsmtxl_01JVB15R2Y8MNS7THX3KADFP4A", "code": "", "rate": 0, "total": 0, "raw_rate": {"value": "0", "precision": 20}, "subtotal": 0, "raw_total": {"value": "0", "precision": 20}, "created_at": "2025-05-15T22:31:23.494Z", "deleted_at": null, "updated_at": "2025-05-15T22:31:23.494Z", "description": "Bangladesh", "provider_id": "system", "tax_rate_id": "txr_01JNX8H0S9X07PTNVN7PBW3NXB", "raw_subtotal": {"value": "0", "precision": 20}, "shipping_method_id": "ordsm_01JVB15R2YJJATP8ATQAPQD8ZS"}], "tax_total": 0, "created_at": "2025-05-15T22:31:23.494Z", "deleted_at": null, "raw_amount": {"value": "100", "precision": 20}, "updated_at": "2025-05-15T22:31:23.494Z", "adjustments": [], "description": null, "raw_subtotal": {"value": "100", "precision": 20}, "raw_tax_total": {"value": "0", "precision": 20}, "discount_total": 0, "original_total": 100, "is_custom_amount": false, "is_tax_inclusive": false, "discount_subtotal": 0, "discount_tax_total": 0, "original_tax_total": 0, "raw_discount_total": {"value": "0", "precision": 20}, "raw_original_total": {"value": "100", "precision": 20}, "shipping_option_id": "so_01JQ78NHXRGT4Y0G3P1NBCPK48", "raw_discount_subtotal": {"value": "0", "precision": 20}, "raw_discount_tax_total": {"value": "0", "precision": 20}, "raw_original_tax_total": {"value": "0", "precision": 20}}]}}	\N	\N	\N	\N	\N	\N	e77165a2-531e-4305-9446-bf716adfb7ab	resend	2025-05-16 04:31:23.967+06	2025-05-16 04:31:28.018+06	\N	success
noti_01JVB15RHY3N6877246VP8V8FG	kmosabbir@gmail.com	email	order-placed	{"order": {"id": "order_01JVB15R2Z563128FR18320R0Z", "email": "kmosabbir@gmail.com", "items": [{"id": "ordli_01JVB15R31481WFNDSRFB2PZ7A", "title": "Default variant", "total": 100, "detail": {"id": "orditem_01JVB15R33MZGHKX8S9DBCGHG9", "item_id": "ordli_01JVB15R31481WFNDSRFB2PZ7A", "version": 1, "metadata": null, "order_id": "order_01JVB15R2Z563128FR18320R0Z", "quantity": 1, "created_at": "2025-05-15T22:31:23.493Z", "deleted_at": null, "unit_price": null, "updated_at": "2025-05-15T22:31:23.493Z", "raw_quantity": {"value": "1", "precision": 20}, "raw_unit_price": null, "shipped_quantity": 0, "delivered_quantity": 0, "fulfilled_quantity": 0, "raw_shipped_quantity": {"value": "0", "precision": 20}, "written_off_quantity": 0, "compare_at_unit_price": null, "raw_delivered_quantity": {"value": "0", "precision": 20}, "raw_fulfilled_quantity": {"value": "0", "precision": 20}, "raw_written_off_quantity": {"value": "0", "precision": 20}, "return_received_quantity": 0, "raw_compare_at_unit_price": null, "return_dismissed_quantity": 0, "return_requested_quantity": 0, "raw_return_received_quantity": {"value": "0", "precision": 20}, "raw_return_dismissed_quantity": {"value": "0", "precision": 20}, "raw_return_requested_quantity": {"value": "0", "precision": 20}}, "metadata": {"ingredients": [{"id": "d3de53c4-2ba5-4068-85ef-0959080b97a5", "name": "123"}]}, "quantity": 1, "subtitle": "Pokmeon", "subtotal": 100, "raw_total": {"value": "100", "precision": 20}, "tax_lines": [{"id": "ordlitxl_01JVB15R31NYV204FM5Y7ZE2NQ", "code": "", "rate": 0, "total": 0, "item_id": "ordli_01JVB15R31481WFNDSRFB2PZ7A", "raw_rate": {"value": "0", "precision": 20}, "subtotal": 0, "raw_total": {"value": "0", "precision": 20}, "created_at": "2025-05-15T22:31:23.495Z", "deleted_at": null, "updated_at": "2025-05-15T22:31:23.495Z", "description": "Bangladesh", "provider_id": "system", "tax_rate_id": "txr_01JNX8H0S9X07PTNVN7PBW3NXB", "raw_subtotal": {"value": "0", "precision": 20}}], "tax_total": 0, "thumbnail": "http://localhost:9000/static/1747251920117-Screenshot%20from%202025-01-07%2009-10-30.png", "created_at": "2025-05-15T22:31:23.493Z", "deleted_at": null, "product_id": "prod_01JV858ZAE63830RPWDNTVEYEJ", "unit_price": 100, "updated_at": "2025-05-15T22:31:23.493Z", "variant_id": "variant_01JV858ZVBMGKNNRBHCM8YYVX7", "adjustments": [], "variant_sku": null, "product_type": "Pitha", "raw_quantity": {"value": "1", "precision": 20}, "raw_subtotal": {"value": "100", "precision": 20}, "product_title": "Pokmeon", "raw_tax_total": {"value": "0", "precision": 20}, "shipped_total": 0, "variant_title": "Default variant", "discount_total": 0, "original_total": 100, "product_handle": "pihta", "raw_unit_price": {"value": "100", "precision": 20}, "fulfilled_total": 0, "is_custom_price": false, "is_discountable": true, "product_type_id": "ptyp_01JNX87TA227NBFF63VMQE8GNR", "variant_barcode": null, "write_off_total": 0, "is_tax_inclusive": false, "product_subtitle": "A steamed rice cake filled with jaggery (gur) and coconut.", "refundable_total": 100, "discount_subtotal": 0, "raw_shipped_total": {"value": "0", "precision": 20}, "requires_shipping": true, "discount_tax_total": 0, "original_tax_total": 0, "product_collection": "featured", "raw_discount_total": {"value": "0", "precision": 20}, "raw_original_total": {"value": "100", "precision": 20}, "product_description": "sdfsdfs", "raw_fulfilled_total": {"value": "0", "precision": 20}, "raw_write_off_total": {"value": "0", "precision": 20}, "raw_refundable_total": {"value": "100", "precision": 20}, "compare_at_unit_price": null, "raw_discount_subtotal": {"value": "0", "precision": 20}, "return_received_total": 0, "variant_option_values": null, "raw_discount_tax_total": {"value": "0", "precision": 20}, "raw_original_tax_total": {"value": "0", "precision": 20}, "return_dismissed_total": 0, "return_requested_total": 0, "raw_compare_at_unit_price": null, "raw_return_received_total": {"value": "0", "precision": 20}, "refundable_total_per_unit": 100, "raw_return_dismissed_total": {"value": "0", "precision": 20}, "raw_return_requested_total": {"value": "0", "precision": 20}, "raw_refundable_total_per_unit": {"value": "100", "precision": 20}}], "total": 200, "customer": {"id": "cus_01JMPQ9K7R3BKEMBVG59BHS2MY", "email": "mosabbir.fwd@gmail.com", "phone": "01829463584", "metadata": null, "last_name": "Khan", "created_at": "2025-02-22T11:39:44.248Z", "created_by": null, "deleted_at": null, "first_name": "Md Mosabbir Hossain", "updated_at": "2025-02-22T11:39:44.248Z", "has_account": true, "company_name": null}, "subtotal": 200, "tax_total": 0, "display_id": 21, "item_total": 100, "customer_id": "cus_01JMPQ9K7R3BKEMBVG59BHS2MY", "currency_code": "bdt", "item_subtotal": 100, "discount_total": 0, "item_tax_total": 0, "shipping_total": 100, "billing_address": {"id": "caaddr_01JVB15GWN9JCKZ5APVK8YPRY6", "city": "Dhaka", "phone": "01829463584", "company": "", "metadata": null, "province": "", "address_1": "314/A Ulon,  Rampura", "address_2": "", "last_name": "Khan", "created_at": "2025-05-15T22:31:16.117Z", "deleted_at": null, "first_name": "Md Mosabbir Hossain", "updated_at": "2025-05-15T22:31:16.117Z", "customer_id": null, "postal_code": "1319", "country_code": "bd"}, "shipping_address": {"id": "caaddr_01JVB15GWNBM953JX34JF7YN3B", "city": "Dhaka", "phone": "01829463584", "company": "", "metadata": null, "province": "", "address_1": "314/A Ulon,  Rampura", "address_2": "", "last_name": "Khan", "created_at": "2025-05-15T22:31:16.118Z", "deleted_at": null, "first_name": "Md Mosabbir Hossain", "updated_at": "2025-05-15T22:31:16.118Z", "customer_id": null, "postal_code": "1319", "country_code": "bd"}, "shipping_methods": [{"id": "ordsm_01JVB15R2YJJATP8ATQAPQD8ZS", "data": {}, "name": "Deffault", "total": 100, "amount": 100, "detail": {"id": "ordspmv_01JVB15R2Y66628B5F99DCH968", "version": 1, "claim_id": null, "order_id": "order_01JVB15R2Z563128FR18320R0Z", "return_id": null, "created_at": "2025-05-15T22:31:23.494Z", "deleted_at": null, "updated_at": "2025-05-15T22:31:23.494Z", "exchange_id": null, "shipping_method_id": "ordsm_01JVB15R2YJJATP8ATQAPQD8ZS"}, "metadata": null, "order_id": "order_01JVB15R2Z563128FR18320R0Z", "subtotal": 100, "raw_total": {"value": "100", "precision": 20}, "tax_lines": [{"id": "ordsmtxl_01JVB15R2Y8MNS7THX3KADFP4A", "code": "", "rate": 0, "total": 0, "raw_rate": {"value": "0", "precision": 20}, "subtotal": 0, "raw_total": {"value": "0", "precision": 20}, "created_at": "2025-05-15T22:31:23.494Z", "deleted_at": null, "updated_at": "2025-05-15T22:31:23.494Z", "description": "Bangladesh", "provider_id": "system", "tax_rate_id": "txr_01JNX8H0S9X07PTNVN7PBW3NXB", "raw_subtotal": {"value": "0", "precision": 20}, "shipping_method_id": "ordsm_01JVB15R2YJJATP8ATQAPQD8ZS"}], "tax_total": 0, "created_at": "2025-05-15T22:31:23.494Z", "deleted_at": null, "raw_amount": {"value": "100", "precision": 20}, "updated_at": "2025-05-15T22:31:23.494Z", "adjustments": [], "description": null, "raw_subtotal": {"value": "100", "precision": 20}, "raw_tax_total": {"value": "0", "precision": 20}, "discount_total": 0, "original_total": 100, "is_custom_amount": false, "is_tax_inclusive": false, "discount_subtotal": 0, "discount_tax_total": 0, "original_tax_total": 0, "raw_discount_total": {"value": "0", "precision": 20}, "raw_original_total": {"value": "100", "precision": 20}, "shipping_option_id": "so_01JQ78NHXRGT4Y0G3P1NBCPK48", "raw_discount_subtotal": {"value": "0", "precision": 20}, "raw_discount_tax_total": {"value": "0", "precision": 20}, "raw_original_tax_total": {"value": "0", "precision": 20}}]}, "isAdmin": true}	\N	\N	\N	\N	\N	\N	234d645b-d3e4-4e2e-8279-50cab2acdb6e	resend	2025-05-16 04:31:23.967+06	2025-05-16 04:31:28.018+06	\N	success
noti_01JVC7YQN4M571DQ1PJT62VD2Q	kmosabbir@gmail.com	email	order-placed	{"order": {"id": "order_01JVC7YPNK7PDQAB205SW239Q4", "email": "kmosabbir@gmail.com", "items": [{"id": "ordli_01JVC7YPNRSKGKPDYXYMR32X7E", "title": "Default variant", "total": 100, "detail": {"id": "orditem_01JVC7YPNT0JS9S6RFWJ0QWPS6", "item_id": "ordli_01JVC7YPNRSKGKPDYXYMR32X7E", "version": 1, "metadata": null, "order_id": "order_01JVC7YPNK7PDQAB205SW239Q4", "quantity": 1, "created_at": "2025-05-16T09:49:07.132Z", "deleted_at": null, "unit_price": null, "updated_at": "2025-05-16T09:49:07.132Z", "raw_quantity": {"value": "1", "precision": 20}, "raw_unit_price": null, "shipped_quantity": 0, "delivered_quantity": 0, "fulfilled_quantity": 0, "raw_shipped_quantity": {"value": "0", "precision": 20}, "written_off_quantity": 0, "compare_at_unit_price": null, "raw_delivered_quantity": {"value": "0", "precision": 20}, "raw_fulfilled_quantity": {"value": "0", "precision": 20}, "raw_written_off_quantity": {"value": "0", "precision": 20}, "return_received_quantity": 0, "raw_compare_at_unit_price": null, "return_dismissed_quantity": 0, "return_requested_quantity": 0, "raw_return_received_quantity": {"value": "0", "precision": 20}, "raw_return_dismissed_quantity": {"value": "0", "precision": 20}, "raw_return_requested_quantity": {"value": "0", "precision": 20}}, "metadata": {"ingredients": [{"id": "d3de53c4-2ba5-4068-85ef-0959080b97a5", "name": "123"}]}, "quantity": 1, "subtitle": "Pokmeon", "subtotal": 100, "raw_total": {"value": "100", "precision": 20}, "tax_lines": [{"id": "ordlitxl_01JVC7YPNQTTS9NFKCK6HHMJB2", "code": "", "rate": 0, "total": 0, "item_id": "ordli_01JVC7YPNRSKGKPDYXYMR32X7E", "raw_rate": {"value": "0", "precision": 20}, "subtotal": 0, "raw_total": {"value": "0", "precision": 20}, "created_at": "2025-05-16T09:49:07.134Z", "deleted_at": null, "updated_at": "2025-05-16T09:49:07.134Z", "description": "Bangladesh", "provider_id": "system", "tax_rate_id": "txr_01JNX8H0S9X07PTNVN7PBW3NXB", "raw_subtotal": {"value": "0", "precision": 20}}], "tax_total": 0, "thumbnail": "http://localhost:9000/static/1747251920117-Screenshot%20from%202025-01-07%2009-10-30.png", "created_at": "2025-05-16T09:49:07.132Z", "deleted_at": null, "product_id": "prod_01JV858ZAE63830RPWDNTVEYEJ", "unit_price": 100, "updated_at": "2025-05-16T09:49:07.132Z", "variant_id": "variant_01JV858ZVBMGKNNRBHCM8YYVX7", "adjustments": [], "variant_sku": null, "product_type": "Pitha", "raw_quantity": {"value": "1", "precision": 20}, "raw_subtotal": {"value": "100", "precision": 20}, "product_title": "Pokmeon", "raw_tax_total": {"value": "0", "precision": 20}, "shipped_total": 0, "variant_title": "Default variant", "discount_total": 0, "original_total": 100, "product_handle": "pihta", "raw_unit_price": {"value": "100", "precision": 20}, "fulfilled_total": 0, "is_custom_price": false, "is_discountable": true, "product_type_id": "ptyp_01JNX87TA227NBFF63VMQE8GNR", "variant_barcode": null, "write_off_total": 0, "is_tax_inclusive": false, "product_subtitle": "A steamed rice cake filled with jaggery (gur) and coconut.", "refundable_total": 100, "discount_subtotal": 0, "raw_shipped_total": {"value": "0", "precision": 20}, "requires_shipping": true, "discount_tax_total": 0, "original_tax_total": 0, "product_collection": "featured", "raw_discount_total": {"value": "0", "precision": 20}, "raw_original_total": {"value": "100", "precision": 20}, "product_description": "sdfsdfs", "raw_fulfilled_total": {"value": "0", "precision": 20}, "raw_write_off_total": {"value": "0", "precision": 20}, "raw_refundable_total": {"value": "100", "precision": 20}, "compare_at_unit_price": null, "raw_discount_subtotal": {"value": "0", "precision": 20}, "return_received_total": 0, "variant_option_values": null, "raw_discount_tax_total": {"value": "0", "precision": 20}, "raw_original_tax_total": {"value": "0", "precision": 20}, "return_dismissed_total": 0, "return_requested_total": 0, "raw_compare_at_unit_price": null, "raw_return_received_total": {"value": "0", "precision": 20}, "refundable_total_per_unit": 100, "raw_return_dismissed_total": {"value": "0", "precision": 20}, "raw_return_requested_total": {"value": "0", "precision": 20}, "raw_refundable_total_per_unit": {"value": "100", "precision": 20}}], "total": 200, "customer": {"id": "cus_01JMPQ9K7R3BKEMBVG59BHS2MY", "email": "mosabbir.fwd@gmail.com", "phone": "01829463584", "metadata": null, "last_name": "Khan", "created_at": "2025-02-22T11:39:44.248Z", "created_by": null, "deleted_at": null, "first_name": "Md Mosabbir Hossain", "updated_at": "2025-02-22T11:39:44.248Z", "has_account": true, "company_name": null}, "subtotal": 200, "tax_total": 0, "display_id": 22, "item_total": 100, "customer_id": "cus_01JMPQ9K7R3BKEMBVG59BHS2MY", "currency_code": "bdt", "item_subtotal": 100, "discount_total": 0, "item_tax_total": 0, "shipping_total": 100, "billing_address": {"id": "caaddr_01JVC7YFAE4WF467BH0W6GKM4Y", "city": "Dhaka", "phone": "01829463584", "company": "", "metadata": null, "province": "", "address_1": "314/A Ulon,  Rampura", "address_2": "", "last_name": "Khan", "created_at": "2025-05-16T09:48:59.599Z", "deleted_at": null, "first_name": "Md Mosabbir Hossain", "updated_at": "2025-05-16T09:48:59.599Z", "customer_id": null, "postal_code": "1319", "country_code": "bd"}, "shipping_address": {"id": "caaddr_01JVC7YFAFKY7TYMKQ3AX3R5NZ", "city": "Dhaka", "phone": "01829463584", "company": "", "metadata": null, "province": "", "address_1": "314/A Ulon,  Rampura", "address_2": "", "last_name": "Khan", "created_at": "2025-05-16T09:48:59.599Z", "deleted_at": null, "first_name": "Md Mosabbir Hossain", "updated_at": "2025-05-16T09:48:59.599Z", "customer_id": null, "postal_code": "1319", "country_code": "bd"}, "shipping_methods": [{"id": "ordsm_01JVC7YPNK7CY798WM0AZPHNHJ", "data": {}, "name": "Deffault", "total": 100, "amount": 100, "detail": {"id": "ordspmv_01JVC7YPNKJTV0HBPDGR7Y5DDM", "version": 1, "claim_id": null, "order_id": "order_01JVC7YPNK7PDQAB205SW239Q4", "return_id": null, "created_at": "2025-05-16T09:49:07.133Z", "deleted_at": null, "updated_at": "2025-05-16T09:49:07.133Z", "exchange_id": null, "shipping_method_id": "ordsm_01JVC7YPNK7CY798WM0AZPHNHJ"}, "metadata": null, "order_id": "order_01JVC7YPNK7PDQAB205SW239Q4", "subtotal": 100, "raw_total": {"value": "100", "precision": 20}, "tax_lines": [{"id": "ordsmtxl_01JVC7YPNJHVZPQYD9PG36P4GM", "code": "", "rate": 0, "total": 0, "raw_rate": {"value": "0", "precision": 20}, "subtotal": 0, "raw_total": {"value": "0", "precision": 20}, "created_at": "2025-05-16T09:49:07.133Z", "deleted_at": null, "updated_at": "2025-05-16T09:49:07.133Z", "description": "Bangladesh", "provider_id": "system", "tax_rate_id": "txr_01JNX8H0S9X07PTNVN7PBW3NXB", "raw_subtotal": {"value": "0", "precision": 20}, "shipping_method_id": "ordsm_01JVC7YPNK7CY798WM0AZPHNHJ"}], "tax_total": 0, "created_at": "2025-05-16T09:49:07.133Z", "deleted_at": null, "raw_amount": {"value": "100", "precision": 20}, "updated_at": "2025-05-16T09:49:07.133Z", "adjustments": [], "description": null, "raw_subtotal": {"value": "100", "precision": 20}, "raw_tax_total": {"value": "0", "precision": 20}, "discount_total": 0, "original_total": 100, "is_custom_amount": false, "is_tax_inclusive": false, "discount_subtotal": 0, "discount_tax_total": 0, "original_tax_total": 0, "raw_discount_total": {"value": "0", "precision": 20}, "raw_original_total": {"value": "100", "precision": 20}, "shipping_option_id": "so_01JQ78NHXRGT4Y0G3P1NBCPK48", "raw_discount_subtotal": {"value": "0", "precision": 20}, "raw_discount_tax_total": {"value": "0", "precision": 20}, "raw_original_tax_total": {"value": "0", "precision": 20}}]}}	\N	\N	\N	\N	\N	\N	13e496c7-b3c6-4434-ac60-cd1fa0cb0178	resend	2025-05-16 15:49:08.132+06	2025-05-16 15:49:12.65+06	\N	success
noti_01JVCBHQW9RVQC143KQ4A7WW9D	kmosabbir@gmail.com	email	order-status-update	{"order": {"id": "order_01JVC7YPNK7PDQAB205SW239Q4", "email": "kmosabbir@gmail.com", "total": 200, "customer": {"id": "cus_01JMPQ9K7R3BKEMBVG59BHS2MY", "email": "mosabbir.fwd@gmail.com", "phone": "01829463584", "metadata": null, "last_name": "Khan", "created_at": "2025-02-22T11:39:44.248Z", "created_by": null, "deleted_at": null, "first_name": "Md Mosabbir Hossain", "updated_at": "2025-02-22T11:39:44.248Z", "has_account": true, "company_name": null}, "display_id": 22, "customer_id": "cus_01JMPQ9K7R3BKEMBVG59BHS2MY", "currency_code": "bdt", "shipping_address": {"id": "caaddr_01JVC7YFAFKY7TYMKQ3AX3R5NZ", "city": "Dhaka", "phone": "01829463584", "company": "", "metadata": null, "province": "", "address_1": "314/A Ulon,  Rampura", "address_2": "", "last_name": "Khan", "created_at": "2025-05-16T09:48:59.599Z", "deleted_at": null, "first_name": "Md Mosabbir Hossain", "updated_at": "2025-05-16T09:48:59.599Z", "customer_id": null, "postal_code": "1319", "country_code": "bd"}}, "status": "canceled"}	\N	\N	\N	\N	\N	\N	dc3200b7-456a-4557-ac63-b7bc112d5a0d	resend	2025-05-16 16:51:56.683+06	2025-05-16 16:51:59.665+06	\N	success
noti_01JVCBHQW9G6SMMCENAAG02MQ7	kmosabbir@gmail.com	email	order-status-update	{"order": {"id": "order_01JVC7YPNK7PDQAB205SW239Q4", "email": "kmosabbir@gmail.com", "total": 200, "customer": {"id": "cus_01JMPQ9K7R3BKEMBVG59BHS2MY", "email": "mosabbir.fwd@gmail.com", "phone": "01829463584", "metadata": null, "last_name": "Khan", "created_at": "2025-02-22T11:39:44.248Z", "created_by": null, "deleted_at": null, "first_name": "Md Mosabbir Hossain", "updated_at": "2025-02-22T11:39:44.248Z", "has_account": true, "company_name": null}, "display_id": 22, "customer_id": "cus_01JMPQ9K7R3BKEMBVG59BHS2MY", "currency_code": "bdt", "shipping_address": {"id": "caaddr_01JVC7YFAFKY7TYMKQ3AX3R5NZ", "city": "Dhaka", "phone": "01829463584", "company": "", "metadata": null, "province": "", "address_1": "314/A Ulon,  Rampura", "address_2": "", "last_name": "Khan", "created_at": "2025-05-16T09:48:59.599Z", "deleted_at": null, "first_name": "Md Mosabbir Hossain", "updated_at": "2025-05-16T09:48:59.599Z", "customer_id": null, "postal_code": "1319", "country_code": "bd"}}, "status": "canceled", "isAdmin": true}	\N	\N	\N	\N	\N	\N	f33f8f90-b174-440a-ac11-ded0260738e3	resend	2025-05-16 16:51:56.683+06	2025-05-16 16:51:59.665+06	\N	success
noti_01JWR43B54R96CHQTY4Y765EJS	kmosabbir@gmail.com	email	order-status-update	{"order": {"id": "order_01JMCNJAF43DY64PYCHRR9C2M6", "email": "kmosabbir@gmail.com", "total": 20, "display_id": 1, "customer_id": "cus_01JMCNHZCXE6YRZ1EJE6TVC3J4", "currency_code": "eur", "shipping_address": {"id": "caaddr_01JMCNHZF0KCC7NZ9G8VQ37J68", "city": "Dhaka", "phone": "01829463584", "company": "", "metadata": null, "province": "", "address_1": "314/A Ulon,  Rampura", "address_2": "", "last_name": "Khan", "created_at": "2025-02-18T13:56:57.440Z", "deleted_at": null, "first_name": "Md Mosabbir Hossain", "updated_at": "2025-02-18T13:56:57.440Z", "customer_id": null, "postal_code": "1319", "country_code": "fr"}}, "status": "fulfilled", "isAdmin": true}	\N	\N	\N	\N	\N	\N	fe82182e-9a18-496a-a6eb-4f181381f7a3	resend	2025-06-02 16:48:19.876+06	2025-06-02 16:48:21.616+06	\N	success
noti_01JVCBN1ESESM0GDNDK7GM9846	kmosabbir@gmail.com	email	order-status-update	{"order": {"id": "order_01JVB15R2Z563128FR18320R0Z", "email": "kmosabbir@gmail.com", "total": 200, "customer": {"id": "cus_01JMPQ9K7R3BKEMBVG59BHS2MY", "email": "mosabbir.fwd@gmail.com", "phone": "01829463584", "metadata": null, "last_name": "Khan", "created_at": "2025-02-22T11:39:44.248Z", "created_by": null, "deleted_at": null, "first_name": "Md Mosabbir Hossain", "updated_at": "2025-02-22T11:39:44.248Z", "has_account": true, "company_name": null}, "display_id": 21, "customer_id": "cus_01JMPQ9K7R3BKEMBVG59BHS2MY", "currency_code": "bdt", "shipping_address": {"id": "caaddr_01JVB15GWNBM953JX34JF7YN3B", "city": "Dhaka", "phone": "01829463584", "company": "", "metadata": null, "province": "", "address_1": "314/A Ulon,  Rampura", "address_2": "", "last_name": "Khan", "created_at": "2025-05-15T22:31:16.118Z", "deleted_at": null, "first_name": "Md Mosabbir Hossain", "updated_at": "2025-05-15T22:31:16.118Z", "customer_id": null, "postal_code": "1319", "country_code": "bd"}}, "status": "canceled"}	\N	\N	\N	\N	\N	\N	677b9fe4-be6b-48b2-8e5c-ff527de5537c	resend	2025-05-16 16:53:44.793+06	2025-05-16 16:53:47.55+06	\N	success
noti_01JVCBN1ES6QEZ1MZ9R7JK1CV9	kmosabbir@gmail.com	email	order-status-update	{"order": {"id": "order_01JVB15R2Z563128FR18320R0Z", "email": "kmosabbir@gmail.com", "total": 200, "customer": {"id": "cus_01JMPQ9K7R3BKEMBVG59BHS2MY", "email": "mosabbir.fwd@gmail.com", "phone": "01829463584", "metadata": null, "last_name": "Khan", "created_at": "2025-02-22T11:39:44.248Z", "created_by": null, "deleted_at": null, "first_name": "Md Mosabbir Hossain", "updated_at": "2025-02-22T11:39:44.248Z", "has_account": true, "company_name": null}, "display_id": 21, "customer_id": "cus_01JMPQ9K7R3BKEMBVG59BHS2MY", "currency_code": "bdt", "shipping_address": {"id": "caaddr_01JVB15GWNBM953JX34JF7YN3B", "city": "Dhaka", "phone": "01829463584", "company": "", "metadata": null, "province": "", "address_1": "314/A Ulon,  Rampura", "address_2": "", "last_name": "Khan", "created_at": "2025-05-15T22:31:16.118Z", "deleted_at": null, "first_name": "Md Mosabbir Hossain", "updated_at": "2025-05-15T22:31:16.118Z", "customer_id": null, "postal_code": "1319", "country_code": "bd"}}, "status": "canceled", "isAdmin": true}	\N	\N	\N	\N	\N	\N	6d682c03-929b-4ac8-82db-4525a4eb64c0	resend	2025-05-16 16:53:44.793+06	2025-05-16 16:53:47.55+06	\N	success
noti_01JWAW8JGHSYBQW8FZEXCWHJ39	kmosabbir@gmail.com	email	reset-password-template	{"url": "https://admin.com/app/reset-password?token=eyJhbGciOiJIUzI1NiIsInR5cCI6IkpXVCJ9.eyJlbnRpdHlfaWQiOiJrbW9zYWJiaXJAZ21haWwuY29tIiwicHJvdmlkZXIiOiJlbWFpbHBhc3MiLCJhY3Rvcl90eXBlIjoidXNlciIsImlhdCI6MTc0ODQxNjg3NCwiZXhwIjoxNzQ4NDE3Nzc0fQ.WR7vANmks-A0l3Eq5H5tlDBDXptpfHLeRLqhjJIU12Q&email=kmosabbir@gmail.com"}	\N	\N	\N	\N	\N	\N	\N	resend	2025-05-28 13:21:15.03+06	2025-05-28 13:21:15.259+06	\N	success
noti_01JWB8CV7SRV9MYEFTHP077KSS	kmosabbir@gmail.com	email	reset-password	{"resetUrl": "https://admin.com/app/reset-password?token=eyJhbGciOiJIUzI1NiIsInR5cCI6IkpXVCJ9.eyJlbnRpdHlfaWQiOiJrbW9zYWJiaXJAZ21haWwuY29tIiwicHJvdmlkZXIiOiJlbWFpbHBhc3MiLCJhY3Rvcl90eXBlIjoidXNlciIsImlhdCI6MTc0ODQyOTU5NywiZXhwIjoxNzQ4NDMwNDk3fQ.oD1hc1mqD3oPqVw4DpJ6-F3kKtagyQTJSzEeXUzBr2s&email=kmosabbir@gmail.com"}	\N	\N	\N	\N	\N	\N	09cf591f-fa22-439e-a5a5-cdc59521eac9	resend	2025-05-28 16:53:17.95+06	2025-05-28 16:53:19.976+06	\N	success
noti_01JWB8DNC37TJGV1ZJHFQP3HXD	kmosabbir@gmail.com	email	reset-password	{"resetUrl": "https://admin.com/app/reset-password?token=eyJhbGciOiJIUzI1NiIsInR5cCI6IkpXVCJ9.eyJlbnRpdHlfaWQiOiJrbW9zYWJiaXJAZ21haWwuY29tIiwicHJvdmlkZXIiOiJlbWFpbHBhc3MiLCJhY3Rvcl90eXBlIjoidXNlciIsImlhdCI6MTc0ODQyOTYyNCwiZXhwIjoxNzQ4NDMwNTI0fQ.BgfVL2MRqpCGPg06ekNRKsI0Ileiu_7BeEJF4WoJM24&email=kmosabbir@gmail.com"}	\N	\N	\N	\N	\N	\N	2e2d01a9-1371-4ed3-ac84-4592f3bccdae	resend	2025-05-28 16:53:44.708+06	2025-05-28 16:53:46.221+06	\N	success
noti_01JWB8J9RBGYERK606EJ79NW8W	kmosabbir@gmail.com	email	reset-password	{"resetUrl": "https://admin.com/app/reset-password?token=eyJhbGciOiJIUzI1NiIsInR5cCI6IkpXVCJ9.eyJlbnRpdHlfaWQiOiJrbW9zYWJiaXJAZ21haWwuY29tIiwicHJvdmlkZXIiOiJlbWFpbHBhc3MiLCJhY3Rvcl90eXBlIjoidXNlciIsImlhdCI6MTc0ODQyOTc3NiwiZXhwIjoxNzQ4NDMwNjc2fQ.0KWKVxFH3VEdehDQ9BdzEP-DQCmEFYjPq5JlL18-yZI&email=kmosabbir@gmail.com"}	\N	\N	\N	\N	\N	\N	2e447b9f-b732-4719-9944-7b627699589c	resend	2025-05-28 16:56:16.653+06	2025-05-28 16:56:18.352+06	\N	success
noti_01JWB8JCQ5SYM7NXH55JXEYB7A	kmosabbir@gmail.com	email	reset-password	{"resetUrl": "https://admin.com/app/reset-password?token=eyJhbGciOiJIUzI1NiIsInR5cCI6IkpXVCJ9.eyJlbnRpdHlfaWQiOiJrbW9zYWJiaXJAZ21haWwuY29tIiwicHJvdmlkZXIiOiJlbWFpbHBhc3MiLCJhY3Rvcl90eXBlIjoidXNlciIsImlhdCI6MTc0ODQyOTc3OSwiZXhwIjoxNzQ4NDMwNjc5fQ.n2WTNoYJwGzmnWJpQDpQjZACz3uqiAIRlj215x3VTnA&email=kmosabbir@gmail.com"}	\N	\N	\N	\N	\N	\N	d6ce9caf-9e85-4a4f-966e-cea6bd727de9	resend	2025-05-28 16:56:19.686+06	2025-05-28 16:56:20.303+06	\N	success
noti_01JWB8Y7R7VK857CFAZW56ZTCX	kmosabbir@gmail.com	email	reset-password	{"resetUrl": "https://localhost:9000/app/reset-password?token=eyJhbGciOiJIUzI1NiIsInR5cCI6IkpXVCJ9.eyJlbnRpdHlfaWQiOiJrbW9zYWJiaXJAZ21haWwuY29tIiwicHJvdmlkZXIiOiJlbWFpbHBhc3MiLCJhY3Rvcl90eXBlIjoidXNlciIsImlhdCI6MTc0ODQzMDE2NywiZXhwIjoxNzQ4NDMxMDY3fQ.AUjRRmyh1xRnjKpyEWEqbJL5FVJ0vVzPXGasV7dvZ3o&email=kmosabbir@gmail.com"}	\N	\N	\N	\N	\N	\N	4674755a-719e-431d-adef-a4f7ca874a09	resend	2025-05-28 17:02:47.816+06	2025-05-28 17:02:49.657+06	\N	success
noti_01JWB8YQDQ2TPRHEQ5TYFMT4JK	kmosabbir@gmail.com	email	reset-password	{"resetUrl": "https://localhost:9000/app/reset-password?token=eyJhbGciOiJIUzI1NiIsInR5cCI6IkpXVCJ9.eyJlbnRpdHlfaWQiOiJrbW9zYWJiaXJAZ21haWwuY29tIiwicHJvdmlkZXIiOiJlbWFpbHBhc3MiLCJhY3Rvcl90eXBlIjoidXNlciIsImlhdCI6MTc0ODQzMDE4MywiZXhwIjoxNzQ4NDMxMDgzfQ.egyyZzDYXGg04aSNZ_93K2tn5TdAK03HuDKF7JmhoVk&email=kmosabbir@gmail.com"}	\N	\N	\N	\N	\N	\N	27c3bc89-3964-4a11-a4ed-c4c70ae76f68	resend	2025-05-28 17:03:03.865+06	2025-05-28 17:03:05.582+06	\N	success
noti_01JWB9E3NTZ45R8XPRWY0CYDNF	kmosabbir@gmail.com	email	reset-password	{"resetUrl": "http://localhost:9000//reset-password?token=eyJhbGciOiJIUzI1NiIsInR5cCI6IkpXVCJ9.eyJlbnRpdHlfaWQiOiJrbW9zYWJiaXJAZ21haWwuY29tIiwicHJvdmlkZXIiOiJlbWFpbHBhc3MiLCJhY3Rvcl90eXBlIjoidXNlciIsImlhdCI6MTc0ODQzMDY4NywiZXhwIjoxNzQ4NDMxNTg3fQ.yamZcRUt8sK_IINz4SirQymjV8Wj6Sd9X96VrakHpmo&email=kmosabbir@gmail.com"}	\N	\N	\N	\N	\N	\N	58521bf5-d655-4606-af34-49be15af366c	resend	2025-05-28 17:11:27.931+06	2025-05-28 17:11:29.638+06	\N	success
noti_01JWB9FANSM50GWRADM6KPS20P	kmosabbir@gmail.com	email	reset-password	{"resetUrl": "http://localhost:9000/reset-password?token=eyJhbGciOiJIUzI1NiIsInR5cCI6IkpXVCJ9.eyJlbnRpdHlfaWQiOiJrbW9zYWJiaXJAZ21haWwuY29tIiwicHJvdmlkZXIiOiJlbWFpbHBhc3MiLCJhY3Rvcl90eXBlIjoidXNlciIsImlhdCI6MTc0ODQzMDcyNywiZXhwIjoxNzQ4NDMxNjI3fQ.OJbMsCxAWzH3meLIlXmR_224QjnwO6z7q_lb2bFMHbM&email=kmosabbir@gmail.com"}	\N	\N	\N	\N	\N	\N	b21922f9-e120-44dd-bfcf-5f942c7b601d	resend	2025-05-28 17:12:07.866+06	2025-05-28 17:12:09.629+06	\N	success
noti_01JWB9JYETCBTPPG6X0PB9HFH4	kmosabbir@gmail.com	email	reset-password	{"resetUrl": "http://localhost:9000reset-password?token=eyJhbGciOiJIUzI1NiIsInR5cCI6IkpXVCJ9.eyJlbnRpdHlfaWQiOiJrbW9zYWJiaXJAZ21haWwuY29tIiwicHJvdmlkZXIiOiJlbWFpbHBhc3MiLCJhY3Rvcl90eXBlIjoidXNlciIsImlhdCI6MTc0ODQzMDg0NiwiZXhwIjoxNzQ4NDMxNzQ2fQ.OKrLvoJeGGozOIu3jblJR_OZHT23Kx06qXus7Wfp3Ks&email=kmosabbir@gmail.com"}	\N	\N	\N	\N	\N	\N	f3936b3a-30e0-4f3d-9d8f-2cbf606c8dfa	resend	2025-05-28 17:14:06.427+06	2025-05-28 17:14:07.435+06	\N	success
noti_01JWR56XHH0PG0194NX1N89Q3D	kmosabbir@gmail.com	email	order-placed	{"order": {"id": "order_01JWR56X8AP6AP091TMQG56KZJ", "email": "kmosabbir@gmail.com", "items": [{"id": "ordli_01JWR56X8C0DF7PQVZ8MXD4C1F", "title": "Default variant", "total": 100, "detail": {"id": "orditem_01JWR56X8DZ5V26T3EBS125Q9B", "item_id": "ordli_01JWR56X8C0DF7PQVZ8MXD4C1F", "version": 1, "metadata": null, "order_id": "order_01JWR56X8AP6AP091TMQG56KZJ", "quantity": 1, "created_at": "2025-06-02T11:07:45.295Z", "deleted_at": null, "unit_price": null, "updated_at": "2025-06-02T11:07:45.295Z", "raw_quantity": {"value": "1", "precision": 20}, "raw_unit_price": null, "shipped_quantity": 0, "delivered_quantity": 0, "fulfilled_quantity": 0, "raw_shipped_quantity": {"value": "0", "precision": 20}, "written_off_quantity": 0, "compare_at_unit_price": null, "raw_delivered_quantity": {"value": "0", "precision": 20}, "raw_fulfilled_quantity": {"value": "0", "precision": 20}, "raw_written_off_quantity": {"value": "0", "precision": 20}, "return_received_quantity": 0, "raw_compare_at_unit_price": null, "return_dismissed_quantity": 0, "return_requested_quantity": 0, "raw_return_received_quantity": {"value": "0", "precision": 20}, "raw_return_dismissed_quantity": {"value": "0", "precision": 20}, "raw_return_requested_quantity": {"value": "0", "precision": 20}}, "metadata": {"ingredients": [{"id": "752decf4-943c-4160-ab7c-5c77a8875761", "name": "Nuts"}, {"id": "9616de63-ea77-43a5-9c41-c1c263a650a7", "name": "Cheese"}]}, "quantity": 1, "subtitle": "123", "subtotal": 100, "raw_total": {"value": "100", "precision": 20}, "tax_lines": [{"id": "ordlitxl_01JWR56X8C73QW8EG6RP1Y1C8J", "code": "", "rate": 0, "total": 0, "item_id": "ordli_01JWR56X8C0DF7PQVZ8MXD4C1F", "raw_rate": {"value": "0", "precision": 20}, "subtotal": 0, "raw_total": {"value": "0", "precision": 20}, "created_at": "2025-06-02T11:07:45.296Z", "deleted_at": null, "updated_at": "2025-06-02T11:07:45.296Z", "description": "Bangladesh", "provider_id": "system", "tax_rate_id": "txr_01JNX8H0S9X07PTNVN7PBW3NXB", "raw_subtotal": {"value": "0", "precision": 20}}], "tax_total": 0, "thumbnail": "https://vmalvylbpzudqhkvpcqj.supabase.co/storage/v1/object/public/nufatahs//1-01JVSVCSPN2QQ2WX5XA8JSRBYF.png", "created_at": "2025-06-02T11:07:45.295Z", "deleted_at": null, "product_id": "prod_01JVSVCWS8G20WMS32E5SJ9Q1R", "unit_price": 100, "updated_at": "2025-06-02T11:07:45.295Z", "variant_id": "variant_01JVSVCX65K1ZKGAP91W2MYPWK", "adjustments": [], "variant_sku": null, "product_type": "Pitha", "raw_quantity": {"value": "1", "precision": 20}, "raw_subtotal": {"value": "100", "precision": 20}, "product_title": "123", "raw_tax_total": {"value": "0", "precision": 20}, "shipped_total": 0, "variant_title": "Default variant", "discount_total": 0, "original_total": 100, "product_handle": "123", "raw_unit_price": {"value": "100", "precision": 20}, "fulfilled_total": 0, "is_custom_price": false, "is_discountable": true, "product_type_id": "ptyp_01JNX87TA227NBFF63VMQE8GNR", "variant_barcode": null, "write_off_total": 0, "is_tax_inclusive": false, "product_subtitle": null, "refundable_total": 100, "discount_subtotal": 0, "raw_shipped_total": {"value": "0", "precision": 20}, "requires_shipping": true, "discount_tax_total": 0, "original_tax_total": 0, "product_collection": null, "raw_discount_total": {"value": "0", "precision": 20}, "raw_original_total": {"value": "100", "precision": 20}, "product_description": "wsfasdfdsafsadfsa", "raw_fulfilled_total": {"value": "0", "precision": 20}, "raw_write_off_total": {"value": "0", "precision": 20}, "raw_refundable_total": {"value": "100", "precision": 20}, "compare_at_unit_price": null, "raw_discount_subtotal": {"value": "0", "precision": 20}, "return_received_total": 0, "variant_option_values": null, "raw_discount_tax_total": {"value": "0", "precision": 20}, "raw_original_tax_total": {"value": "0", "precision": 20}, "return_dismissed_total": 0, "return_requested_total": 0, "raw_compare_at_unit_price": null, "raw_return_received_total": {"value": "0", "precision": 20}, "refundable_total_per_unit": 100, "raw_return_dismissed_total": {"value": "0", "precision": 20}, "raw_return_requested_total": {"value": "0", "precision": 20}, "raw_refundable_total_per_unit": {"value": "100", "precision": 20}}], "total": 200, "customer": {"id": "cus_01JWPANFK9ZG6B4PJ4GMTHN7G9", "email": "kmosabbir@gmail.com", "phone": null, "metadata": null, "last_name": null, "created_at": "2025-06-01T18:04:36.842Z", "created_by": null, "deleted_at": null, "first_name": null, "updated_at": "2025-06-01T18:04:36.842Z", "has_account": false, "company_name": null}, "subtotal": 200, "tax_total": 0, "display_id": 30, "item_total": 100, "customer_id": "cus_01JWPANFK9ZG6B4PJ4GMTHN7G9", "currency_code": "bdt", "item_subtotal": 100, "discount_total": 0, "item_tax_total": 0, "shipping_total": 100, "billing_address": {"id": "caaddr_01JWR56RP7H3YFTBPVDB9AKXMS", "city": "Dhaka", "phone": "01829463584", "company": "", "metadata": null, "province": "", "address_1": "314/A Ulon,  Rampura", "address_2": "", "last_name": "Khan", "created_at": "2025-06-02T11:07:40.616Z", "deleted_at": null, "first_name": "Md Mosabbir Hossain", "updated_at": "2025-06-02T11:07:40.616Z", "customer_id": null, "postal_code": "1319", "country_code": "bd"}, "shipping_address": {"id": "caaddr_01JWR56RP7VDEHBDATVHZPF0VF", "city": "Dhaka", "phone": "01829463584", "company": "", "metadata": null, "province": "", "address_1": "314/A Ulon,  Rampura", "address_2": "", "last_name": "Khan", "created_at": "2025-06-02T11:07:40.616Z", "deleted_at": null, "first_name": "Md Mosabbir Hossain", "updated_at": "2025-06-02T11:07:40.616Z", "customer_id": null, "postal_code": "1319", "country_code": "bd"}, "shipping_methods": [{"id": "ordsm_01JWR56X8ADW84E91FG6EPMD3M", "data": {}, "name": "Default", "total": 100, "amount": 100, "detail": {"id": "ordspmv_01JWR56X8AVWD9FZ1M0YYEBS0E", "version": 1, "claim_id": null, "order_id": "order_01JWR56X8AP6AP091TMQG56KZJ", "return_id": null, "created_at": "2025-06-02T11:07:45.296Z", "deleted_at": null, "updated_at": "2025-06-02T11:07:45.296Z", "exchange_id": null, "shipping_method_id": "ordsm_01JWR56X8ADW84E91FG6EPMD3M"}, "metadata": null, "order_id": "order_01JWR56X8AP6AP091TMQG56KZJ", "subtotal": 100, "raw_total": {"value": "100", "precision": 20}, "tax_lines": [{"id": "ordsmtxl_01JWR56X8A3248QKRS6S9BXH44", "code": "", "rate": 0, "total": 0, "raw_rate": {"value": "0", "precision": 20}, "subtotal": 0, "raw_total": {"value": "0", "precision": 20}, "created_at": "2025-06-02T11:07:45.296Z", "deleted_at": null, "updated_at": "2025-06-02T11:07:45.296Z", "description": "Bangladesh", "provider_id": "system", "tax_rate_id": "txr_01JNX8H0S9X07PTNVN7PBW3NXB", "raw_subtotal": {"value": "0", "precision": 20}, "shipping_method_id": "ordsm_01JWR56X8ADW84E91FG6EPMD3M"}], "tax_total": 0, "created_at": "2025-06-02T11:07:45.295Z", "deleted_at": null, "raw_amount": {"value": "100", "precision": 20}, "updated_at": "2025-06-02T11:07:45.295Z", "adjustments": [], "description": null, "raw_subtotal": {"value": "100", "precision": 20}, "raw_tax_total": {"value": "0", "precision": 20}, "discount_total": 0, "original_total": 100, "is_custom_amount": false, "is_tax_inclusive": false, "discount_subtotal": 0, "discount_tax_total": 0, "original_tax_total": 0, "raw_discount_total": {"value": "0", "precision": 20}, "raw_original_total": {"value": "100", "precision": 20}, "shipping_option_id": "so_01JQ78NHXRGT4Y0G3P1NBCPK48", "raw_discount_subtotal": {"value": "0", "precision": 20}, "raw_discount_tax_total": {"value": "0", "precision": 20}, "raw_original_tax_total": {"value": "0", "precision": 20}}]}, "isAdmin": true}	\N	\N	\N	\N	\N	\N	346e0535-aea8-4aba-9f91-67412c9cd3ed	resend	2025-06-02 17:07:45.585+06	2025-06-02 17:07:47.86+06	\N	success
noti_01JWPASB6J95AWC98F1S9EG6PH	kmosabbir@gmail.com	email	order-status-update	{"order": {"id": "order_01JWPASAM75KJVXA6B04A4MKBX", "email": "kmosabbir@gmail.com", "total": 1100, "customer": {"id": "cus_01JWPANFK9ZG6B4PJ4GMTHN7G9", "email": "kmosabbir@gmail.com", "phone": null, "metadata": null, "last_name": null, "created_at": "2025-06-01T18:04:36.842Z", "created_by": null, "deleted_at": null, "first_name": null, "updated_at": "2025-06-01T18:04:36.842Z", "has_account": false, "company_name": null}, "display_id": 23, "customer_id": "cus_01JWPANFK9ZG6B4PJ4GMTHN7G9", "currency_code": "bdt", "shipping_address": {"id": "caaddr_01JWPANFXY9BZ7E0TRFZKBV608", "city": "Dhaka", "phone": "01829463584", "company": "", "metadata": null, "province": "", "address_1": "314/A Ulon,  Rampura", "address_2": "", "last_name": "Khan", "created_at": "2025-06-01T18:04:37.183Z", "deleted_at": null, "first_name": "Md Mosabbir Hossain", "updated_at": "2025-06-01T18:04:37.183Z", "customer_id": null, "postal_code": "1319", "country_code": "bd"}}, "status": "placed"}	\N	\N	\N	\N	\N	\N	da7a03f2-9172-4246-b034-d9db0b5ae8ae	resend	2025-06-02 00:06:43.411+06	2025-06-02 00:06:45.775+06	\N	success
noti_01JWPASB6KA7CY8KN9D1DJ8YH5	kmosabbir@gmail.com	email	order-status-update	{"order": {"id": "order_01JWPASAM75KJVXA6B04A4MKBX", "email": "kmosabbir@gmail.com", "total": 1100, "customer": {"id": "cus_01JWPANFK9ZG6B4PJ4GMTHN7G9", "email": "kmosabbir@gmail.com", "phone": null, "metadata": null, "last_name": null, "created_at": "2025-06-01T18:04:36.842Z", "created_by": null, "deleted_at": null, "first_name": null, "updated_at": "2025-06-01T18:04:36.842Z", "has_account": false, "company_name": null}, "display_id": 23, "customer_id": "cus_01JWPANFK9ZG6B4PJ4GMTHN7G9", "currency_code": "bdt", "shipping_address": {"id": "caaddr_01JWPANFXY9BZ7E0TRFZKBV608", "city": "Dhaka", "phone": "01829463584", "company": "", "metadata": null, "province": "", "address_1": "314/A Ulon,  Rampura", "address_2": "", "last_name": "Khan", "created_at": "2025-06-01T18:04:37.183Z", "deleted_at": null, "first_name": "Md Mosabbir Hossain", "updated_at": "2025-06-01T18:04:37.183Z", "customer_id": null, "postal_code": "1319", "country_code": "bd"}}, "status": "placed", "isAdmin": true}	\N	\N	\N	\N	\N	\N	8cc421d1-a204-44fd-b91b-1ea3ba8660f0	resend	2025-06-02 00:06:43.411+06	2025-06-02 00:06:45.775+06	\N	success
noti_01JWPASB6MAC8CD2XXNRG8RHK2	kmosabbir@gmail.com	email	order-placed	{"order": {"id": "order_01JWPASAM75KJVXA6B04A4MKBX", "email": "kmosabbir@gmail.com", "items": [{"id": "ordli_01JWPASAM7B9ZWB0R2F0ERMY7P", "title": "Default variant", "total": 1000, "detail": {"id": "orditem_01JWPASAM78XRJN47ENABVR6SK", "item_id": "ordli_01JWPASAM7B9ZWB0R2F0ERMY7P", "version": 1, "metadata": null, "order_id": "order_01JWPASAM75KJVXA6B04A4MKBX", "quantity": 10, "created_at": "2025-06-01T18:06:42.825Z", "deleted_at": null, "unit_price": null, "updated_at": "2025-06-01T18:06:42.825Z", "raw_quantity": {"value": "10", "precision": 20}, "raw_unit_price": null, "shipped_quantity": 0, "delivered_quantity": 0, "fulfilled_quantity": 0, "raw_shipped_quantity": {"value": "0", "precision": 20}, "written_off_quantity": 0, "compare_at_unit_price": null, "raw_delivered_quantity": {"value": "0", "precision": 20}, "raw_fulfilled_quantity": {"value": "0", "precision": 20}, "raw_written_off_quantity": {"value": "0", "precision": 20}, "return_received_quantity": 0, "raw_compare_at_unit_price": null, "return_dismissed_quantity": 0, "return_requested_quantity": 0, "raw_return_received_quantity": {"value": "0", "precision": 20}, "raw_return_dismissed_quantity": {"value": "0", "precision": 20}, "raw_return_requested_quantity": {"value": "0", "precision": 20}}, "metadata": {"ingredients": [{"id": "752decf4-943c-4160-ab7c-5c77a8875761", "name": "Nuts"}, {"id": "9616de63-ea77-43a5-9c41-c1c263a650a7", "name": "Cheese"}]}, "quantity": 10, "subtitle": "123", "subtotal": 1000, "raw_total": {"value": "1000", "precision": 20}, "tax_lines": [{"id": "ordlitxl_01JWPASAM7HVD85JNVS8X9J2A6", "code": "", "rate": 0, "total": 0, "item_id": "ordli_01JWPASAM7B9ZWB0R2F0ERMY7P", "raw_rate": {"value": "0", "precision": 20}, "subtotal": 0, "raw_total": {"value": "0", "precision": 20}, "created_at": "2025-06-01T18:06:42.826Z", "deleted_at": null, "updated_at": "2025-06-01T18:06:42.826Z", "description": "Bangladesh", "provider_id": "system", "tax_rate_id": "txr_01JNX8H0S9X07PTNVN7PBW3NXB", "raw_subtotal": {"value": "0", "precision": 20}}], "tax_total": 0, "thumbnail": "https://vmalvylbpzudqhkvpcqj.supabase.co/storage/v1/object/public/nufatahs//1-01JVSVCSPN2QQ2WX5XA8JSRBYF.png", "created_at": "2025-06-01T18:06:42.824Z", "deleted_at": null, "product_id": "prod_01JVSVCWS8G20WMS32E5SJ9Q1R", "unit_price": 100, "updated_at": "2025-06-01T18:06:42.824Z", "variant_id": "variant_01JVSVCX65K1ZKGAP91W2MYPWK", "adjustments": [], "variant_sku": null, "product_type": "Pitha", "raw_quantity": {"value": "10", "precision": 20}, "raw_subtotal": {"value": "1000", "precision": 20}, "product_title": "123", "raw_tax_total": {"value": "0", "precision": 20}, "shipped_total": 0, "variant_title": "Default variant", "discount_total": 0, "original_total": 1000, "product_handle": "123", "raw_unit_price": {"value": "100", "precision": 20}, "fulfilled_total": 0, "is_custom_price": false, "is_discountable": true, "product_type_id": "ptyp_01JNX87TA227NBFF63VMQE8GNR", "variant_barcode": null, "write_off_total": 0, "is_tax_inclusive": false, "product_subtitle": null, "refundable_total": 1000, "discount_subtotal": 0, "raw_shipped_total": {"value": "0", "precision": 20}, "requires_shipping": true, "discount_tax_total": 0, "original_tax_total": 0, "product_collection": null, "raw_discount_total": {"value": "0", "precision": 20}, "raw_original_total": {"value": "1000", "precision": 20}, "product_description": "wsfasdfdsafsadfsa", "raw_fulfilled_total": {"value": "0", "precision": 20}, "raw_write_off_total": {"value": "0", "precision": 20}, "raw_refundable_total": {"value": "1000", "precision": 20}, "compare_at_unit_price": null, "raw_discount_subtotal": {"value": "0", "precision": 20}, "return_received_total": 0, "variant_option_values": null, "raw_discount_tax_total": {"value": "0", "precision": 20}, "raw_original_tax_total": {"value": "0", "precision": 20}, "return_dismissed_total": 0, "return_requested_total": 0, "raw_compare_at_unit_price": null, "raw_return_received_total": {"value": "0", "precision": 20}, "refundable_total_per_unit": 100, "raw_return_dismissed_total": {"value": "0", "precision": 20}, "raw_return_requested_total": {"value": "0", "precision": 20}, "raw_refundable_total_per_unit": {"value": "100", "precision": 20}}], "total": 1100, "customer": {"id": "cus_01JWPANFK9ZG6B4PJ4GMTHN7G9", "email": "kmosabbir@gmail.com", "phone": null, "metadata": null, "last_name": null, "created_at": "2025-06-01T18:04:36.842Z", "created_by": null, "deleted_at": null, "first_name": null, "updated_at": "2025-06-01T18:04:36.842Z", "has_account": false, "company_name": null}, "subtotal": 1100, "tax_total": 0, "display_id": 23, "item_total": 1000, "customer_id": "cus_01JWPANFK9ZG6B4PJ4GMTHN7G9", "currency_code": "bdt", "item_subtotal": 1000, "discount_total": 0, "item_tax_total": 0, "shipping_total": 100, "billing_address": {"id": "caaddr_01JWPANFXY7NW3DJRM979DV4MF", "city": "Dhaka", "phone": "01829463584", "company": "", "metadata": null, "province": "", "address_1": "314/A Ulon,  Rampura", "address_2": "", "last_name": "Khan", "created_at": "2025-06-01T18:04:37.183Z", "deleted_at": null, "first_name": "Md Mosabbir Hossain", "updated_at": "2025-06-01T18:04:37.183Z", "customer_id": null, "postal_code": "1319", "country_code": "bd"}, "shipping_address": {"id": "caaddr_01JWPANFXY9BZ7E0TRFZKBV608", "city": "Dhaka", "phone": "01829463584", "company": "", "metadata": null, "province": "", "address_1": "314/A Ulon,  Rampura", "address_2": "", "last_name": "Khan", "created_at": "2025-06-01T18:04:37.183Z", "deleted_at": null, "first_name": "Md Mosabbir Hossain", "updated_at": "2025-06-01T18:04:37.183Z", "customer_id": null, "postal_code": "1319", "country_code": "bd"}, "shipping_methods": [{"id": "ordsm_01JWPASAM6YZYPRR59B1BH9DX1", "data": {}, "name": "Default", "total": 100, "amount": 100, "detail": {"id": "ordspmv_01JWPASAM6YYG27BC41DPE8MMP", "version": 1, "claim_id": null, "order_id": "order_01JWPASAM75KJVXA6B04A4MKBX", "return_id": null, "created_at": "2025-06-01T18:06:42.825Z", "deleted_at": null, "updated_at": "2025-06-01T18:06:42.825Z", "exchange_id": null, "shipping_method_id": "ordsm_01JWPASAM6YZYPRR59B1BH9DX1"}, "metadata": null, "order_id": "order_01JWPASAM75KJVXA6B04A4MKBX", "subtotal": 100, "raw_total": {"value": "100", "precision": 20}, "tax_lines": [{"id": "ordsmtxl_01JWPASAM69WP6D90Y9NH6MAP4", "code": "", "rate": 0, "total": 0, "raw_rate": {"value": "0", "precision": 20}, "subtotal": 0, "raw_total": {"value": "0", "precision": 20}, "created_at": "2025-06-01T18:06:42.825Z", "deleted_at": null, "updated_at": "2025-06-01T18:06:42.825Z", "description": "Bangladesh", "provider_id": "system", "tax_rate_id": "txr_01JNX8H0S9X07PTNVN7PBW3NXB", "raw_subtotal": {"value": "0", "precision": 20}, "shipping_method_id": "ordsm_01JWPASAM6YZYPRR59B1BH9DX1"}], "tax_total": 0, "created_at": "2025-06-01T18:06:42.825Z", "deleted_at": null, "raw_amount": {"value": "100", "precision": 20}, "updated_at": "2025-06-01T18:06:42.825Z", "adjustments": [], "description": null, "raw_subtotal": {"value": "100", "precision": 20}, "raw_tax_total": {"value": "0", "precision": 20}, "discount_total": 0, "original_total": 100, "is_custom_amount": false, "is_tax_inclusive": false, "discount_subtotal": 0, "discount_tax_total": 0, "original_tax_total": 0, "raw_discount_total": {"value": "0", "precision": 20}, "raw_original_total": {"value": "100", "precision": 20}, "shipping_option_id": "so_01JQ78NHXRGT4Y0G3P1NBCPK48", "raw_discount_subtotal": {"value": "0", "precision": 20}, "raw_discount_tax_total": {"value": "0", "precision": 20}, "raw_original_tax_total": {"value": "0", "precision": 20}}]}}	\N	\N	\N	\N	\N	\N	b2ff5a8c-bab6-44a4-8988-287c25c8d67f	resend	2025-06-02 00:06:43.412+06	2025-06-02 00:06:45.781+06	\N	success
noti_01JWPASB6MHTS8SF4KWA929TS8	kmosabbir@gmail.com	email	order-placed	{"order": {"id": "order_01JWPASAM75KJVXA6B04A4MKBX", "email": "kmosabbir@gmail.com", "items": [{"id": "ordli_01JWPASAM7B9ZWB0R2F0ERMY7P", "title": "Default variant", "total": 1000, "detail": {"id": "orditem_01JWPASAM78XRJN47ENABVR6SK", "item_id": "ordli_01JWPASAM7B9ZWB0R2F0ERMY7P", "version": 1, "metadata": null, "order_id": "order_01JWPASAM75KJVXA6B04A4MKBX", "quantity": 10, "created_at": "2025-06-01T18:06:42.825Z", "deleted_at": null, "unit_price": null, "updated_at": "2025-06-01T18:06:42.825Z", "raw_quantity": {"value": "10", "precision": 20}, "raw_unit_price": null, "shipped_quantity": 0, "delivered_quantity": 0, "fulfilled_quantity": 0, "raw_shipped_quantity": {"value": "0", "precision": 20}, "written_off_quantity": 0, "compare_at_unit_price": null, "raw_delivered_quantity": {"value": "0", "precision": 20}, "raw_fulfilled_quantity": {"value": "0", "precision": 20}, "raw_written_off_quantity": {"value": "0", "precision": 20}, "return_received_quantity": 0, "raw_compare_at_unit_price": null, "return_dismissed_quantity": 0, "return_requested_quantity": 0, "raw_return_received_quantity": {"value": "0", "precision": 20}, "raw_return_dismissed_quantity": {"value": "0", "precision": 20}, "raw_return_requested_quantity": {"value": "0", "precision": 20}}, "metadata": {"ingredients": [{"id": "752decf4-943c-4160-ab7c-5c77a8875761", "name": "Nuts"}, {"id": "9616de63-ea77-43a5-9c41-c1c263a650a7", "name": "Cheese"}]}, "quantity": 10, "subtitle": "123", "subtotal": 1000, "raw_total": {"value": "1000", "precision": 20}, "tax_lines": [{"id": "ordlitxl_01JWPASAM7HVD85JNVS8X9J2A6", "code": "", "rate": 0, "total": 0, "item_id": "ordli_01JWPASAM7B9ZWB0R2F0ERMY7P", "raw_rate": {"value": "0", "precision": 20}, "subtotal": 0, "raw_total": {"value": "0", "precision": 20}, "created_at": "2025-06-01T18:06:42.826Z", "deleted_at": null, "updated_at": "2025-06-01T18:06:42.826Z", "description": "Bangladesh", "provider_id": "system", "tax_rate_id": "txr_01JNX8H0S9X07PTNVN7PBW3NXB", "raw_subtotal": {"value": "0", "precision": 20}}], "tax_total": 0, "thumbnail": "https://vmalvylbpzudqhkvpcqj.supabase.co/storage/v1/object/public/nufatahs//1-01JVSVCSPN2QQ2WX5XA8JSRBYF.png", "created_at": "2025-06-01T18:06:42.824Z", "deleted_at": null, "product_id": "prod_01JVSVCWS8G20WMS32E5SJ9Q1R", "unit_price": 100, "updated_at": "2025-06-01T18:06:42.824Z", "variant_id": "variant_01JVSVCX65K1ZKGAP91W2MYPWK", "adjustments": [], "variant_sku": null, "product_type": "Pitha", "raw_quantity": {"value": "10", "precision": 20}, "raw_subtotal": {"value": "1000", "precision": 20}, "product_title": "123", "raw_tax_total": {"value": "0", "precision": 20}, "shipped_total": 0, "variant_title": "Default variant", "discount_total": 0, "original_total": 1000, "product_handle": "123", "raw_unit_price": {"value": "100", "precision": 20}, "fulfilled_total": 0, "is_custom_price": false, "is_discountable": true, "product_type_id": "ptyp_01JNX87TA227NBFF63VMQE8GNR", "variant_barcode": null, "write_off_total": 0, "is_tax_inclusive": false, "product_subtitle": null, "refundable_total": 1000, "discount_subtotal": 0, "raw_shipped_total": {"value": "0", "precision": 20}, "requires_shipping": true, "discount_tax_total": 0, "original_tax_total": 0, "product_collection": null, "raw_discount_total": {"value": "0", "precision": 20}, "raw_original_total": {"value": "1000", "precision": 20}, "product_description": "wsfasdfdsafsadfsa", "raw_fulfilled_total": {"value": "0", "precision": 20}, "raw_write_off_total": {"value": "0", "precision": 20}, "raw_refundable_total": {"value": "1000", "precision": 20}, "compare_at_unit_price": null, "raw_discount_subtotal": {"value": "0", "precision": 20}, "return_received_total": 0, "variant_option_values": null, "raw_discount_tax_total": {"value": "0", "precision": 20}, "raw_original_tax_total": {"value": "0", "precision": 20}, "return_dismissed_total": 0, "return_requested_total": 0, "raw_compare_at_unit_price": null, "raw_return_received_total": {"value": "0", "precision": 20}, "refundable_total_per_unit": 100, "raw_return_dismissed_total": {"value": "0", "precision": 20}, "raw_return_requested_total": {"value": "0", "precision": 20}, "raw_refundable_total_per_unit": {"value": "100", "precision": 20}}], "total": 1100, "customer": {"id": "cus_01JWPANFK9ZG6B4PJ4GMTHN7G9", "email": "kmosabbir@gmail.com", "phone": null, "metadata": null, "last_name": null, "created_at": "2025-06-01T18:04:36.842Z", "created_by": null, "deleted_at": null, "first_name": null, "updated_at": "2025-06-01T18:04:36.842Z", "has_account": false, "company_name": null}, "subtotal": 1100, "tax_total": 0, "display_id": 23, "item_total": 1000, "customer_id": "cus_01JWPANFK9ZG6B4PJ4GMTHN7G9", "currency_code": "bdt", "item_subtotal": 1000, "discount_total": 0, "item_tax_total": 0, "shipping_total": 100, "billing_address": {"id": "caaddr_01JWPANFXY7NW3DJRM979DV4MF", "city": "Dhaka", "phone": "01829463584", "company": "", "metadata": null, "province": "", "address_1": "314/A Ulon,  Rampura", "address_2": "", "last_name": "Khan", "created_at": "2025-06-01T18:04:37.183Z", "deleted_at": null, "first_name": "Md Mosabbir Hossain", "updated_at": "2025-06-01T18:04:37.183Z", "customer_id": null, "postal_code": "1319", "country_code": "bd"}, "shipping_address": {"id": "caaddr_01JWPANFXY9BZ7E0TRFZKBV608", "city": "Dhaka", "phone": "01829463584", "company": "", "metadata": null, "province": "", "address_1": "314/A Ulon,  Rampura", "address_2": "", "last_name": "Khan", "created_at": "2025-06-01T18:04:37.183Z", "deleted_at": null, "first_name": "Md Mosabbir Hossain", "updated_at": "2025-06-01T18:04:37.183Z", "customer_id": null, "postal_code": "1319", "country_code": "bd"}, "shipping_methods": [{"id": "ordsm_01JWPASAM6YZYPRR59B1BH9DX1", "data": {}, "name": "Default", "total": 100, "amount": 100, "detail": {"id": "ordspmv_01JWPASAM6YYG27BC41DPE8MMP", "version": 1, "claim_id": null, "order_id": "order_01JWPASAM75KJVXA6B04A4MKBX", "return_id": null, "created_at": "2025-06-01T18:06:42.825Z", "deleted_at": null, "updated_at": "2025-06-01T18:06:42.825Z", "exchange_id": null, "shipping_method_id": "ordsm_01JWPASAM6YZYPRR59B1BH9DX1"}, "metadata": null, "order_id": "order_01JWPASAM75KJVXA6B04A4MKBX", "subtotal": 100, "raw_total": {"value": "100", "precision": 20}, "tax_lines": [{"id": "ordsmtxl_01JWPASAM69WP6D90Y9NH6MAP4", "code": "", "rate": 0, "total": 0, "raw_rate": {"value": "0", "precision": 20}, "subtotal": 0, "raw_total": {"value": "0", "precision": 20}, "created_at": "2025-06-01T18:06:42.825Z", "deleted_at": null, "updated_at": "2025-06-01T18:06:42.825Z", "description": "Bangladesh", "provider_id": "system", "tax_rate_id": "txr_01JNX8H0S9X07PTNVN7PBW3NXB", "raw_subtotal": {"value": "0", "precision": 20}, "shipping_method_id": "ordsm_01JWPASAM6YZYPRR59B1BH9DX1"}], "tax_total": 0, "created_at": "2025-06-01T18:06:42.825Z", "deleted_at": null, "raw_amount": {"value": "100", "precision": 20}, "updated_at": "2025-06-01T18:06:42.825Z", "adjustments": [], "description": null, "raw_subtotal": {"value": "100", "precision": 20}, "raw_tax_total": {"value": "0", "precision": 20}, "discount_total": 0, "original_total": 100, "is_custom_amount": false, "is_tax_inclusive": false, "discount_subtotal": 0, "discount_tax_total": 0, "original_tax_total": 0, "raw_discount_total": {"value": "0", "precision": 20}, "raw_original_total": {"value": "100", "precision": 20}, "shipping_option_id": "so_01JQ78NHXRGT4Y0G3P1NBCPK48", "raw_discount_subtotal": {"value": "0", "precision": 20}, "raw_discount_tax_total": {"value": "0", "precision": 20}, "raw_original_tax_total": {"value": "0", "precision": 20}}]}, "isAdmin": true}	\N	\N	\N	\N	\N	\N	8c84d11d-c818-4847-99f5-185e174fefe1	resend	2025-06-02 00:06:43.413+06	2025-06-02 00:06:45.781+06	\N	success
noti_01JWPATDD9CNQN7FW6EPATGWJ2	kmosabbir@gmail.com	email	order-status-update	{"order": {"id": "order_01JMCNJAF43DY64PYCHRR9C2M6", "email": "kmosabbir@gmail.com", "total": 20, "display_id": 1, "customer_id": "cus_01JMCNHZCXE6YRZ1EJE6TVC3J4", "currency_code": "eur", "shipping_address": {"id": "caaddr_01JMCNHZF0KCC7NZ9G8VQ37J68", "city": "Dhaka", "phone": "01829463584", "company": "", "metadata": null, "province": "", "address_1": "314/A Ulon,  Rampura", "address_2": "", "last_name": "Khan", "created_at": "2025-02-18T13:56:57.440Z", "deleted_at": null, "first_name": "Md Mosabbir Hossain", "updated_at": "2025-02-18T13:56:57.440Z", "customer_id": null, "postal_code": "1319", "country_code": "fr"}}, "status": "fulfilled"}	\N	\N	\N	\N	\N	\N	0cb6bd17-8049-403b-8664-ad86348fd7e9	resend	2025-06-02 00:07:18.442+06	2025-06-02 00:07:20.589+06	\N	success
noti_01JWPBFFP5Q4M8V80Q8E7K2QB3	kmosabbir@gmail.com	email	order-placed	{"order": {"id": "order_01JWPBFFCZ1YTX20D62N4E76EE", "email": "kmosabbir@gmail.com", "items": [{"id": "ordli_01JWPBFFD1JS5VPEB3D2XS91XX", "title": "Default variant", "total": 100, "detail": {"id": "orditem_01JWPBFFD2HX4A3BXACF21Q5XE", "item_id": "ordli_01JWPBFFD1JS5VPEB3D2XS91XX", "version": 1, "metadata": null, "order_id": "order_01JWPBFFCZ1YTX20D62N4E76EE", "quantity": 1, "created_at": "2025-06-01T18:18:48.612Z", "deleted_at": null, "unit_price": null, "updated_at": "2025-06-01T18:18:48.612Z", "raw_quantity": {"value": "1", "precision": 20}, "raw_unit_price": null, "shipped_quantity": 0, "delivered_quantity": 0, "fulfilled_quantity": 0, "raw_shipped_quantity": {"value": "0", "precision": 20}, "written_off_quantity": 0, "compare_at_unit_price": null, "raw_delivered_quantity": {"value": "0", "precision": 20}, "raw_fulfilled_quantity": {"value": "0", "precision": 20}, "raw_written_off_quantity": {"value": "0", "precision": 20}, "return_received_quantity": 0, "raw_compare_at_unit_price": null, "return_dismissed_quantity": 0, "return_requested_quantity": 0, "raw_return_received_quantity": {"value": "0", "precision": 20}, "raw_return_dismissed_quantity": {"value": "0", "precision": 20}, "raw_return_requested_quantity": {"value": "0", "precision": 20}}, "metadata": {"ingredients": [{"id": "752decf4-943c-4160-ab7c-5c77a8875761", "name": "Nuts"}, {"id": "9616de63-ea77-43a5-9c41-c1c263a650a7", "name": "Cheese"}]}, "quantity": 1, "subtitle": "123", "subtotal": 100, "raw_total": {"value": "100", "precision": 20}, "tax_lines": [{"id": "ordlitxl_01JWPBFFD1WZ6GVHTJ2MKWGS38", "code": "", "rate": 0, "total": 0, "item_id": "ordli_01JWPBFFD1JS5VPEB3D2XS91XX", "raw_rate": {"value": "0", "precision": 20}, "subtotal": 0, "raw_total": {"value": "0", "precision": 20}, "created_at": "2025-06-01T18:18:48.613Z", "deleted_at": null, "updated_at": "2025-06-01T18:18:48.613Z", "description": "Bangladesh", "provider_id": "system", "tax_rate_id": "txr_01JNX8H0S9X07PTNVN7PBW3NXB", "raw_subtotal": {"value": "0", "precision": 20}}], "tax_total": 0, "thumbnail": "https://vmalvylbpzudqhkvpcqj.supabase.co/storage/v1/object/public/nufatahs//1-01JVSVCSPN2QQ2WX5XA8JSRBYF.png", "created_at": "2025-06-01T18:18:48.612Z", "deleted_at": null, "product_id": "prod_01JVSVCWS8G20WMS32E5SJ9Q1R", "unit_price": 100, "updated_at": "2025-06-01T18:18:48.612Z", "variant_id": "variant_01JVSVCX65K1ZKGAP91W2MYPWK", "adjustments": [], "variant_sku": null, "product_type": "Pitha", "raw_quantity": {"value": "1", "precision": 20}, "raw_subtotal": {"value": "100", "precision": 20}, "product_title": "123", "raw_tax_total": {"value": "0", "precision": 20}, "shipped_total": 0, "variant_title": "Default variant", "discount_total": 0, "original_total": 100, "product_handle": "123", "raw_unit_price": {"value": "100", "precision": 20}, "fulfilled_total": 0, "is_custom_price": false, "is_discountable": true, "product_type_id": "ptyp_01JNX87TA227NBFF63VMQE8GNR", "variant_barcode": null, "write_off_total": 0, "is_tax_inclusive": false, "product_subtitle": null, "refundable_total": 100, "discount_subtotal": 0, "raw_shipped_total": {"value": "0", "precision": 20}, "requires_shipping": true, "discount_tax_total": 0, "original_tax_total": 0, "product_collection": null, "raw_discount_total": {"value": "0", "precision": 20}, "raw_original_total": {"value": "100", "precision": 20}, "product_description": "wsfasdfdsafsadfsa", "raw_fulfilled_total": {"value": "0", "precision": 20}, "raw_write_off_total": {"value": "0", "precision": 20}, "raw_refundable_total": {"value": "100", "precision": 20}, "compare_at_unit_price": null, "raw_discount_subtotal": {"value": "0", "precision": 20}, "return_received_total": 0, "variant_option_values": null, "raw_discount_tax_total": {"value": "0", "precision": 20}, "raw_original_tax_total": {"value": "0", "precision": 20}, "return_dismissed_total": 0, "return_requested_total": 0, "raw_compare_at_unit_price": null, "raw_return_received_total": {"value": "0", "precision": 20}, "refundable_total_per_unit": 100, "raw_return_dismissed_total": {"value": "0", "precision": 20}, "raw_return_requested_total": {"value": "0", "precision": 20}, "raw_refundable_total_per_unit": {"value": "100", "precision": 20}}], "total": 200, "customer": {"id": "cus_01JWPANFK9ZG6B4PJ4GMTHN7G9", "email": "kmosabbir@gmail.com", "phone": null, "metadata": null, "last_name": null, "created_at": "2025-06-01T18:04:36.842Z", "created_by": null, "deleted_at": null, "first_name": null, "updated_at": "2025-06-01T18:04:36.842Z", "has_account": false, "company_name": null}, "subtotal": 200, "tax_total": 0, "display_id": 24, "item_total": 100, "customer_id": "cus_01JWPANFK9ZG6B4PJ4GMTHN7G9", "currency_code": "bdt", "item_subtotal": 100, "discount_total": 0, "item_tax_total": 0, "shipping_total": 100, "billing_address": {"id": "caaddr_01JWPBF9EBC2WSQ687DF0YZ1GT", "city": "Dhaka", "phone": "01829463584", "company": "", "metadata": null, "province": "", "address_1": "314/A Ulon,  Rampura", "address_2": "", "last_name": "Khan", "created_at": "2025-06-01T18:18:42.508Z", "deleted_at": null, "first_name": "Md Mosabbir Hossain", "updated_at": "2025-06-01T18:18:42.508Z", "customer_id": null, "postal_code": "1319", "country_code": "bd"}, "shipping_address": {"id": "caaddr_01JWPBF9ECAM5MJEYFEC4XJEP0", "city": "Dhaka", "phone": "01829463584", "company": "", "metadata": null, "province": "", "address_1": "314/A Ulon,  Rampura", "address_2": "", "last_name": "Khan", "created_at": "2025-06-01T18:18:42.508Z", "deleted_at": null, "first_name": "Md Mosabbir Hossain", "updated_at": "2025-06-01T18:18:42.508Z", "customer_id": null, "postal_code": "1319", "country_code": "bd"}, "shipping_methods": [{"id": "ordsm_01JWPBFFCYCJFFQGRXHN7CR9AS", "data": {}, "name": "Default", "total": 100, "amount": 100, "detail": {"id": "ordspmv_01JWPBFFCYA89M1R0877GWM1GP", "version": 1, "claim_id": null, "order_id": "order_01JWPBFFCZ1YTX20D62N4E76EE", "return_id": null, "created_at": "2025-06-01T18:18:48.613Z", "deleted_at": null, "updated_at": "2025-06-01T18:18:48.613Z", "exchange_id": null, "shipping_method_id": "ordsm_01JWPBFFCYCJFFQGRXHN7CR9AS"}, "metadata": null, "order_id": "order_01JWPBFFCZ1YTX20D62N4E76EE", "subtotal": 100, "raw_total": {"value": "100", "precision": 20}, "tax_lines": [{"id": "ordsmtxl_01JWPBFFCYP0ADGZMTZJHDXD9H", "code": "", "rate": 0, "total": 0, "raw_rate": {"value": "0", "precision": 20}, "subtotal": 0, "raw_total": {"value": "0", "precision": 20}, "created_at": "2025-06-01T18:18:48.613Z", "deleted_at": null, "updated_at": "2025-06-01T18:18:48.613Z", "description": "Bangladesh", "provider_id": "system", "tax_rate_id": "txr_01JNX8H0S9X07PTNVN7PBW3NXB", "raw_subtotal": {"value": "0", "precision": 20}, "shipping_method_id": "ordsm_01JWPBFFCYCJFFQGRXHN7CR9AS"}], "tax_total": 0, "created_at": "2025-06-01T18:18:48.613Z", "deleted_at": null, "raw_amount": {"value": "100", "precision": 20}, "updated_at": "2025-06-01T18:18:48.613Z", "adjustments": [], "description": null, "raw_subtotal": {"value": "100", "precision": 20}, "raw_tax_total": {"value": "0", "precision": 20}, "discount_total": 0, "original_total": 100, "is_custom_amount": false, "is_tax_inclusive": false, "discount_subtotal": 0, "discount_tax_total": 0, "original_tax_total": 0, "raw_discount_total": {"value": "0", "precision": 20}, "raw_original_total": {"value": "100", "precision": 20}, "shipping_option_id": "so_01JQ78NHXRGT4Y0G3P1NBCPK48", "raw_discount_subtotal": {"value": "0", "precision": 20}, "raw_discount_tax_total": {"value": "0", "precision": 20}, "raw_original_tax_total": {"value": "0", "precision": 20}}]}}	\N	\N	\N	\N	\N	\N	f69b2af0-207e-43df-b3c7-911f17ea0c2c	resend	2025-06-02 00:18:48.901+06	2025-06-02 00:18:51.232+06	\N	success
noti_01JWPBFFP5M38DRDA9FBDANS1K	kmosabbir@gmail.com	email	order-placed	{"order": {"id": "order_01JWPBFFCZ1YTX20D62N4E76EE", "email": "kmosabbir@gmail.com", "items": [{"id": "ordli_01JWPBFFD1JS5VPEB3D2XS91XX", "title": "Default variant", "total": 100, "detail": {"id": "orditem_01JWPBFFD2HX4A3BXACF21Q5XE", "item_id": "ordli_01JWPBFFD1JS5VPEB3D2XS91XX", "version": 1, "metadata": null, "order_id": "order_01JWPBFFCZ1YTX20D62N4E76EE", "quantity": 1, "created_at": "2025-06-01T18:18:48.612Z", "deleted_at": null, "unit_price": null, "updated_at": "2025-06-01T18:18:48.612Z", "raw_quantity": {"value": "1", "precision": 20}, "raw_unit_price": null, "shipped_quantity": 0, "delivered_quantity": 0, "fulfilled_quantity": 0, "raw_shipped_quantity": {"value": "0", "precision": 20}, "written_off_quantity": 0, "compare_at_unit_price": null, "raw_delivered_quantity": {"value": "0", "precision": 20}, "raw_fulfilled_quantity": {"value": "0", "precision": 20}, "raw_written_off_quantity": {"value": "0", "precision": 20}, "return_received_quantity": 0, "raw_compare_at_unit_price": null, "return_dismissed_quantity": 0, "return_requested_quantity": 0, "raw_return_received_quantity": {"value": "0", "precision": 20}, "raw_return_dismissed_quantity": {"value": "0", "precision": 20}, "raw_return_requested_quantity": {"value": "0", "precision": 20}}, "metadata": {"ingredients": [{"id": "752decf4-943c-4160-ab7c-5c77a8875761", "name": "Nuts"}, {"id": "9616de63-ea77-43a5-9c41-c1c263a650a7", "name": "Cheese"}]}, "quantity": 1, "subtitle": "123", "subtotal": 100, "raw_total": {"value": "100", "precision": 20}, "tax_lines": [{"id": "ordlitxl_01JWPBFFD1WZ6GVHTJ2MKWGS38", "code": "", "rate": 0, "total": 0, "item_id": "ordli_01JWPBFFD1JS5VPEB3D2XS91XX", "raw_rate": {"value": "0", "precision": 20}, "subtotal": 0, "raw_total": {"value": "0", "precision": 20}, "created_at": "2025-06-01T18:18:48.613Z", "deleted_at": null, "updated_at": "2025-06-01T18:18:48.613Z", "description": "Bangladesh", "provider_id": "system", "tax_rate_id": "txr_01JNX8H0S9X07PTNVN7PBW3NXB", "raw_subtotal": {"value": "0", "precision": 20}}], "tax_total": 0, "thumbnail": "https://vmalvylbpzudqhkvpcqj.supabase.co/storage/v1/object/public/nufatahs//1-01JVSVCSPN2QQ2WX5XA8JSRBYF.png", "created_at": "2025-06-01T18:18:48.612Z", "deleted_at": null, "product_id": "prod_01JVSVCWS8G20WMS32E5SJ9Q1R", "unit_price": 100, "updated_at": "2025-06-01T18:18:48.612Z", "variant_id": "variant_01JVSVCX65K1ZKGAP91W2MYPWK", "adjustments": [], "variant_sku": null, "product_type": "Pitha", "raw_quantity": {"value": "1", "precision": 20}, "raw_subtotal": {"value": "100", "precision": 20}, "product_title": "123", "raw_tax_total": {"value": "0", "precision": 20}, "shipped_total": 0, "variant_title": "Default variant", "discount_total": 0, "original_total": 100, "product_handle": "123", "raw_unit_price": {"value": "100", "precision": 20}, "fulfilled_total": 0, "is_custom_price": false, "is_discountable": true, "product_type_id": "ptyp_01JNX87TA227NBFF63VMQE8GNR", "variant_barcode": null, "write_off_total": 0, "is_tax_inclusive": false, "product_subtitle": null, "refundable_total": 100, "discount_subtotal": 0, "raw_shipped_total": {"value": "0", "precision": 20}, "requires_shipping": true, "discount_tax_total": 0, "original_tax_total": 0, "product_collection": null, "raw_discount_total": {"value": "0", "precision": 20}, "raw_original_total": {"value": "100", "precision": 20}, "product_description": "wsfasdfdsafsadfsa", "raw_fulfilled_total": {"value": "0", "precision": 20}, "raw_write_off_total": {"value": "0", "precision": 20}, "raw_refundable_total": {"value": "100", "precision": 20}, "compare_at_unit_price": null, "raw_discount_subtotal": {"value": "0", "precision": 20}, "return_received_total": 0, "variant_option_values": null, "raw_discount_tax_total": {"value": "0", "precision": 20}, "raw_original_tax_total": {"value": "0", "precision": 20}, "return_dismissed_total": 0, "return_requested_total": 0, "raw_compare_at_unit_price": null, "raw_return_received_total": {"value": "0", "precision": 20}, "refundable_total_per_unit": 100, "raw_return_dismissed_total": {"value": "0", "precision": 20}, "raw_return_requested_total": {"value": "0", "precision": 20}, "raw_refundable_total_per_unit": {"value": "100", "precision": 20}}], "total": 200, "customer": {"id": "cus_01JWPANFK9ZG6B4PJ4GMTHN7G9", "email": "kmosabbir@gmail.com", "phone": null, "metadata": null, "last_name": null, "created_at": "2025-06-01T18:04:36.842Z", "created_by": null, "deleted_at": null, "first_name": null, "updated_at": "2025-06-01T18:04:36.842Z", "has_account": false, "company_name": null}, "subtotal": 200, "tax_total": 0, "display_id": 24, "item_total": 100, "customer_id": "cus_01JWPANFK9ZG6B4PJ4GMTHN7G9", "currency_code": "bdt", "item_subtotal": 100, "discount_total": 0, "item_tax_total": 0, "shipping_total": 100, "billing_address": {"id": "caaddr_01JWPBF9EBC2WSQ687DF0YZ1GT", "city": "Dhaka", "phone": "01829463584", "company": "", "metadata": null, "province": "", "address_1": "314/A Ulon,  Rampura", "address_2": "", "last_name": "Khan", "created_at": "2025-06-01T18:18:42.508Z", "deleted_at": null, "first_name": "Md Mosabbir Hossain", "updated_at": "2025-06-01T18:18:42.508Z", "customer_id": null, "postal_code": "1319", "country_code": "bd"}, "shipping_address": {"id": "caaddr_01JWPBF9ECAM5MJEYFEC4XJEP0", "city": "Dhaka", "phone": "01829463584", "company": "", "metadata": null, "province": "", "address_1": "314/A Ulon,  Rampura", "address_2": "", "last_name": "Khan", "created_at": "2025-06-01T18:18:42.508Z", "deleted_at": null, "first_name": "Md Mosabbir Hossain", "updated_at": "2025-06-01T18:18:42.508Z", "customer_id": null, "postal_code": "1319", "country_code": "bd"}, "shipping_methods": [{"id": "ordsm_01JWPBFFCYCJFFQGRXHN7CR9AS", "data": {}, "name": "Default", "total": 100, "amount": 100, "detail": {"id": "ordspmv_01JWPBFFCYA89M1R0877GWM1GP", "version": 1, "claim_id": null, "order_id": "order_01JWPBFFCZ1YTX20D62N4E76EE", "return_id": null, "created_at": "2025-06-01T18:18:48.613Z", "deleted_at": null, "updated_at": "2025-06-01T18:18:48.613Z", "exchange_id": null, "shipping_method_id": "ordsm_01JWPBFFCYCJFFQGRXHN7CR9AS"}, "metadata": null, "order_id": "order_01JWPBFFCZ1YTX20D62N4E76EE", "subtotal": 100, "raw_total": {"value": "100", "precision": 20}, "tax_lines": [{"id": "ordsmtxl_01JWPBFFCYP0ADGZMTZJHDXD9H", "code": "", "rate": 0, "total": 0, "raw_rate": {"value": "0", "precision": 20}, "subtotal": 0, "raw_total": {"value": "0", "precision": 20}, "created_at": "2025-06-01T18:18:48.613Z", "deleted_at": null, "updated_at": "2025-06-01T18:18:48.613Z", "description": "Bangladesh", "provider_id": "system", "tax_rate_id": "txr_01JNX8H0S9X07PTNVN7PBW3NXB", "raw_subtotal": {"value": "0", "precision": 20}, "shipping_method_id": "ordsm_01JWPBFFCYCJFFQGRXHN7CR9AS"}], "tax_total": 0, "created_at": "2025-06-01T18:18:48.613Z", "deleted_at": null, "raw_amount": {"value": "100", "precision": 20}, "updated_at": "2025-06-01T18:18:48.613Z", "adjustments": [], "description": null, "raw_subtotal": {"value": "100", "precision": 20}, "raw_tax_total": {"value": "0", "precision": 20}, "discount_total": 0, "original_total": 100, "is_custom_amount": false, "is_tax_inclusive": false, "discount_subtotal": 0, "discount_tax_total": 0, "original_tax_total": 0, "raw_discount_total": {"value": "0", "precision": 20}, "raw_original_total": {"value": "100", "precision": 20}, "shipping_option_id": "so_01JQ78NHXRGT4Y0G3P1NBCPK48", "raw_discount_subtotal": {"value": "0", "precision": 20}, "raw_discount_tax_total": {"value": "0", "precision": 20}, "raw_original_tax_total": {"value": "0", "precision": 20}}]}, "isAdmin": true}	\N	\N	\N	\N	\N	\N	83684536-b6dc-4aed-8ace-7fa08009bbe0	resend	2025-06-02 00:18:48.901+06	2025-06-02 00:18:51.232+06	\N	success
noti_01JWPBFFP3X3JT5VQ01JX6KQ45	kmosabbir@gmail.com	email	order-status-update	{"order": {"id": "order_01JWPBFFCZ1YTX20D62N4E76EE", "email": "kmosabbir@gmail.com", "total": 200, "customer": {"id": "cus_01JWPANFK9ZG6B4PJ4GMTHN7G9", "email": "kmosabbir@gmail.com", "phone": null, "metadata": null, "last_name": null, "created_at": "2025-06-01T18:04:36.842Z", "created_by": null, "deleted_at": null, "first_name": null, "updated_at": "2025-06-01T18:04:36.842Z", "has_account": false, "company_name": null}, "display_id": 24, "customer_id": "cus_01JWPANFK9ZG6B4PJ4GMTHN7G9", "currency_code": "bdt", "shipping_address": {"id": "caaddr_01JWPBF9ECAM5MJEYFEC4XJEP0", "city": "Dhaka", "phone": "01829463584", "company": "", "metadata": null, "province": "", "address_1": "314/A Ulon,  Rampura", "address_2": "", "last_name": "Khan", "created_at": "2025-06-01T18:18:42.508Z", "deleted_at": null, "first_name": "Md Mosabbir Hossain", "updated_at": "2025-06-01T18:18:42.508Z", "customer_id": null, "postal_code": "1319", "country_code": "bd"}}, "status": "placed"}	\N	\N	\N	\N	\N	\N	12e4085a-c0e7-4bc6-bd13-ee503f0f9eb4	resend	2025-06-02 00:18:48.9+06	2025-06-02 00:18:51.458+06	\N	success
noti_01JY1QN9BTKBQK0SG4V7XRY073	mosabbir.fwd@gmail.com	email	order-placed	{"order": {"id": "order_01JY1QN8MJ41FWMFHKHVWZ62EC", "email": "mosabbir.fwd@gmail.com", "items": [{"id": "ordli_01JY1QN8MJH7YJRHDEW3QDDJFX", "title": "Default variant", "total": 100, "detail": {"id": "orditem_01JY1QN8MJ4J0P02HMKMW4RXDP", "item_id": "ordli_01JY1QN8MJH7YJRHDEW3QDDJFX", "version": 1, "metadata": null, "order_id": "order_01JY1QN8MJ41FWMFHKHVWZ62EC", "quantity": 1, "created_at": "2025-06-18T14:39:01.780Z", "deleted_at": null, "unit_price": null, "updated_at": "2025-06-18T14:39:01.780Z", "raw_quantity": {"value": "1", "precision": 20}, "raw_unit_price": null, "shipped_quantity": 0, "delivered_quantity": 0, "fulfilled_quantity": 0, "raw_shipped_quantity": {"value": "0", "precision": 20}, "written_off_quantity": 0, "compare_at_unit_price": null, "raw_delivered_quantity": {"value": "0", "precision": 20}, "raw_fulfilled_quantity": {"value": "0", "precision": 20}, "raw_written_off_quantity": {"value": "0", "precision": 20}, "return_received_quantity": 0, "raw_compare_at_unit_price": null, "return_dismissed_quantity": 0, "return_requested_quantity": 0, "raw_return_received_quantity": {"value": "0", "precision": 20}, "raw_return_dismissed_quantity": {"value": "0", "precision": 20}, "raw_return_requested_quantity": {"value": "0", "precision": 20}}, "metadata": {"ingredients": [{"id": "752decf4-943c-4160-ab7c-5c77a8875761", "name": "Nuts"}, {"id": "9616de63-ea77-43a5-9c41-c1c263a650a7", "name": "Cheese"}]}, "quantity": 1, "subtitle": "123", "subtotal": 100, "raw_total": {"value": "100", "precision": 20}, "tax_lines": [{"id": "ordlitxl_01JY1QN8MJX6NW1KPXCDDW61MY", "code": "", "rate": 0, "total": 0, "item_id": "ordli_01JY1QN8MJH7YJRHDEW3QDDJFX", "raw_rate": {"value": "0", "precision": 20}, "subtotal": 0, "raw_total": {"value": "0", "precision": 20}, "created_at": "2025-06-18T14:39:01.781Z", "deleted_at": null, "updated_at": "2025-06-18T14:39:01.781Z", "description": "Bangladesh", "provider_id": "system", "tax_rate_id": "txr_01JNX8H0S9X07PTNVN7PBW3NXB", "raw_subtotal": {"value": "0", "precision": 20}}], "tax_total": 0, "thumbnail": "https://vmalvylbpzudqhkvpcqj.supabase.co/storage/v1/object/public/nufatahs//1-01JVSVCSPN2QQ2WX5XA8JSRBYF.png", "created_at": "2025-06-18T14:39:01.780Z", "deleted_at": null, "product_id": "prod_01JVSVCWS8G20WMS32E5SJ9Q1R", "unit_price": 100, "updated_at": "2025-06-18T14:39:01.780Z", "variant_id": "variant_01JVSVCX65K1ZKGAP91W2MYPWK", "adjustments": [], "variant_sku": null, "product_type": "Pitha", "raw_quantity": {"value": "1", "precision": 20}, "raw_subtotal": {"value": "100", "precision": 20}, "product_title": "123", "raw_tax_total": {"value": "0", "precision": 20}, "shipped_total": 0, "variant_title": "Default variant", "discount_total": 0, "original_total": 100, "product_handle": "123", "raw_unit_price": {"value": "100", "precision": 20}, "fulfilled_total": 0, "is_custom_price": false, "is_discountable": true, "product_type_id": "ptyp_01JNX87TA227NBFF63VMQE8GNR", "variant_barcode": null, "write_off_total": 0, "is_tax_inclusive": false, "product_subtitle": null, "refundable_total": 100, "discount_subtotal": 0, "raw_shipped_total": {"value": "0", "precision": 20}, "requires_shipping": true, "discount_tax_total": 0, "original_tax_total": 0, "product_collection": "featured", "raw_discount_total": {"value": "0", "precision": 20}, "raw_original_total": {"value": "100", "precision": 20}, "product_description": "wsfasdfdsafsadfsa", "raw_fulfilled_total": {"value": "0", "precision": 20}, "raw_write_off_total": {"value": "0", "precision": 20}, "raw_refundable_total": {"value": "100", "precision": 20}, "compare_at_unit_price": null, "raw_discount_subtotal": {"value": "0", "precision": 20}, "return_received_total": 0, "variant_option_values": null, "raw_discount_tax_total": {"value": "0", "precision": 20}, "raw_original_tax_total": {"value": "0", "precision": 20}, "return_dismissed_total": 0, "return_requested_total": 0, "raw_compare_at_unit_price": null, "raw_return_received_total": {"value": "0", "precision": 20}, "refundable_total_per_unit": 100, "raw_return_dismissed_total": {"value": "0", "precision": 20}, "raw_return_requested_total": {"value": "0", "precision": 20}, "raw_refundable_total_per_unit": {"value": "100", "precision": 20}}], "total": 200, "customer": {"id": "cus_01JWBW38ZSRJMBDTA8VKVZSE3A", "email": "mosabbir.fwd@gmail.com", "phone": "01829463584", "metadata": null, "last_name": "Khan", "created_at": "2025-05-28T16:37:35.865Z", "created_by": null, "deleted_at": null, "first_name": "Mosabbir", "updated_at": "2025-06-18T14:38:14.859Z", "has_account": true, "company_name": null}, "subtotal": 200, "tax_total": 0, "display_id": 35, "item_total": 100, "customer_id": "cus_01JWBW38ZSRJMBDTA8VKVZSE3A", "currency_code": "bdt", "item_subtotal": 100, "discount_total": 0, "item_tax_total": 0, "shipping_total": 100, "billing_address": {"id": "caaddr_01JY1QMW31Y5K8JNRQGZY0F717", "city": "Dhaka", "phone": "01829463584", "company": "", "metadata": null, "province": "", "address_1": "314/A Ulon,  Rampura", "address_2": "", "last_name": "Khan", "created_at": "2025-06-18T14:38:48.929Z", "deleted_at": null, "first_name": "Md Mosabbir Hossain", "updated_at": "2025-06-18T14:38:48.929Z", "customer_id": null, "postal_code": "1319", "country_code": "bd"}, "shipping_address": {"id": "caaddr_01JY1QMW31WG55R9MA0GT1K46S", "city": "Dhaka", "phone": "01829463584", "company": "", "metadata": null, "province": "", "address_1": "314/A Ulon,  Rampura", "address_2": "", "last_name": "Khan", "created_at": "2025-06-18T14:38:48.929Z", "deleted_at": null, "first_name": "Md Mosabbir Hossain", "updated_at": "2025-06-18T14:38:48.929Z", "customer_id": null, "postal_code": "1319", "country_code": "bd"}, "shipping_methods": [{"id": "ordsm_01JY1QN8MHYEQJWH6GC2AWDZBH", "data": {}, "name": "Default", "total": 100, "amount": 100, "detail": {"id": "ordspmv_01JY1QN8MHEW3KFGMVGZHJRARE", "version": 1, "claim_id": null, "order_id": "order_01JY1QN8MJ41FWMFHKHVWZ62EC", "return_id": null, "created_at": "2025-06-18T14:39:01.780Z", "deleted_at": null, "updated_at": "2025-06-18T14:39:01.780Z", "exchange_id": null, "shipping_method_id": "ordsm_01JY1QN8MHYEQJWH6GC2AWDZBH"}, "metadata": null, "order_id": "order_01JY1QN8MJ41FWMFHKHVWZ62EC", "subtotal": 100, "raw_total": {"value": "100", "precision": 20}, "tax_lines": [{"id": "ordsmtxl_01JY1QN8MHSG92D2HBZBGHFQAM", "code": "", "rate": 0, "total": 0, "raw_rate": {"value": "0", "precision": 20}, "subtotal": 0, "raw_total": {"value": "0", "precision": 20}, "created_at": "2025-06-18T14:39:01.781Z", "deleted_at": null, "updated_at": "2025-06-18T14:39:01.781Z", "description": "Bangladesh", "provider_id": "system", "tax_rate_id": "txr_01JNX8H0S9X07PTNVN7PBW3NXB", "raw_subtotal": {"value": "0", "precision": 20}, "shipping_method_id": "ordsm_01JY1QN8MHYEQJWH6GC2AWDZBH"}], "tax_total": 0, "created_at": "2025-06-18T14:39:01.780Z", "deleted_at": null, "raw_amount": {"value": "100", "precision": 20}, "updated_at": "2025-06-18T14:39:01.780Z", "adjustments": [], "description": null, "raw_subtotal": {"value": "100", "precision": 20}, "raw_tax_total": {"value": "0", "precision": 20}, "discount_total": 0, "original_total": 100, "is_custom_amount": false, "is_tax_inclusive": false, "discount_subtotal": 0, "discount_tax_total": 0, "original_tax_total": 0, "raw_discount_total": {"value": "0", "precision": 20}, "raw_original_total": {"value": "100", "precision": 20}, "shipping_option_id": "so_01JQ78NHXRGT4Y0G3P1NBCPK48", "raw_discount_subtotal": {"value": "0", "precision": 20}, "raw_discount_tax_total": {"value": "0", "precision": 20}, "raw_original_tax_total": {"value": "0", "precision": 20}}]}}	\N	\N	\N	\N	\N	\N	\N	resend	2025-06-18 20:39:02.522+06	2025-06-18 20:39:05.086+06	\N	success
noti_01JY1QN9BTQ2B116B3SZNKFP8A	kmosabbir@gmail.com	email	order-placed	{"order": {"id": "order_01JY1QN8MJ41FWMFHKHVWZ62EC", "email": "mosabbir.fwd@gmail.com", "items": [{"id": "ordli_01JY1QN8MJH7YJRHDEW3QDDJFX", "title": "Default variant", "total": 100, "detail": {"id": "orditem_01JY1QN8MJ4J0P02HMKMW4RXDP", "item_id": "ordli_01JY1QN8MJH7YJRHDEW3QDDJFX", "version": 1, "metadata": null, "order_id": "order_01JY1QN8MJ41FWMFHKHVWZ62EC", "quantity": 1, "created_at": "2025-06-18T14:39:01.780Z", "deleted_at": null, "unit_price": null, "updated_at": "2025-06-18T14:39:01.780Z", "raw_quantity": {"value": "1", "precision": 20}, "raw_unit_price": null, "shipped_quantity": 0, "delivered_quantity": 0, "fulfilled_quantity": 0, "raw_shipped_quantity": {"value": "0", "precision": 20}, "written_off_quantity": 0, "compare_at_unit_price": null, "raw_delivered_quantity": {"value": "0", "precision": 20}, "raw_fulfilled_quantity": {"value": "0", "precision": 20}, "raw_written_off_quantity": {"value": "0", "precision": 20}, "return_received_quantity": 0, "raw_compare_at_unit_price": null, "return_dismissed_quantity": 0, "return_requested_quantity": 0, "raw_return_received_quantity": {"value": "0", "precision": 20}, "raw_return_dismissed_quantity": {"value": "0", "precision": 20}, "raw_return_requested_quantity": {"value": "0", "precision": 20}}, "metadata": {"ingredients": [{"id": "752decf4-943c-4160-ab7c-5c77a8875761", "name": "Nuts"}, {"id": "9616de63-ea77-43a5-9c41-c1c263a650a7", "name": "Cheese"}]}, "quantity": 1, "subtitle": "123", "subtotal": 100, "raw_total": {"value": "100", "precision": 20}, "tax_lines": [{"id": "ordlitxl_01JY1QN8MJX6NW1KPXCDDW61MY", "code": "", "rate": 0, "total": 0, "item_id": "ordli_01JY1QN8MJH7YJRHDEW3QDDJFX", "raw_rate": {"value": "0", "precision": 20}, "subtotal": 0, "raw_total": {"value": "0", "precision": 20}, "created_at": "2025-06-18T14:39:01.781Z", "deleted_at": null, "updated_at": "2025-06-18T14:39:01.781Z", "description": "Bangladesh", "provider_id": "system", "tax_rate_id": "txr_01JNX8H0S9X07PTNVN7PBW3NXB", "raw_subtotal": {"value": "0", "precision": 20}}], "tax_total": 0, "thumbnail": "https://vmalvylbpzudqhkvpcqj.supabase.co/storage/v1/object/public/nufatahs//1-01JVSVCSPN2QQ2WX5XA8JSRBYF.png", "created_at": "2025-06-18T14:39:01.780Z", "deleted_at": null, "product_id": "prod_01JVSVCWS8G20WMS32E5SJ9Q1R", "unit_price": 100, "updated_at": "2025-06-18T14:39:01.780Z", "variant_id": "variant_01JVSVCX65K1ZKGAP91W2MYPWK", "adjustments": [], "variant_sku": null, "product_type": "Pitha", "raw_quantity": {"value": "1", "precision": 20}, "raw_subtotal": {"value": "100", "precision": 20}, "product_title": "123", "raw_tax_total": {"value": "0", "precision": 20}, "shipped_total": 0, "variant_title": "Default variant", "discount_total": 0, "original_total": 100, "product_handle": "123", "raw_unit_price": {"value": "100", "precision": 20}, "fulfilled_total": 0, "is_custom_price": false, "is_discountable": true, "product_type_id": "ptyp_01JNX87TA227NBFF63VMQE8GNR", "variant_barcode": null, "write_off_total": 0, "is_tax_inclusive": false, "product_subtitle": null, "refundable_total": 100, "discount_subtotal": 0, "raw_shipped_total": {"value": "0", "precision": 20}, "requires_shipping": true, "discount_tax_total": 0, "original_tax_total": 0, "product_collection": "featured", "raw_discount_total": {"value": "0", "precision": 20}, "raw_original_total": {"value": "100", "precision": 20}, "product_description": "wsfasdfdsafsadfsa", "raw_fulfilled_total": {"value": "0", "precision": 20}, "raw_write_off_total": {"value": "0", "precision": 20}, "raw_refundable_total": {"value": "100", "precision": 20}, "compare_at_unit_price": null, "raw_discount_subtotal": {"value": "0", "precision": 20}, "return_received_total": 0, "variant_option_values": null, "raw_discount_tax_total": {"value": "0", "precision": 20}, "raw_original_tax_total": {"value": "0", "precision": 20}, "return_dismissed_total": 0, "return_requested_total": 0, "raw_compare_at_unit_price": null, "raw_return_received_total": {"value": "0", "precision": 20}, "refundable_total_per_unit": 100, "raw_return_dismissed_total": {"value": "0", "precision": 20}, "raw_return_requested_total": {"value": "0", "precision": 20}, "raw_refundable_total_per_unit": {"value": "100", "precision": 20}}], "total": 200, "customer": {"id": "cus_01JWBW38ZSRJMBDTA8VKVZSE3A", "email": "mosabbir.fwd@gmail.com", "phone": "01829463584", "metadata": null, "last_name": "Khan", "created_at": "2025-05-28T16:37:35.865Z", "created_by": null, "deleted_at": null, "first_name": "Mosabbir", "updated_at": "2025-06-18T14:38:14.859Z", "has_account": true, "company_name": null}, "subtotal": 200, "tax_total": 0, "display_id": 35, "item_total": 100, "customer_id": "cus_01JWBW38ZSRJMBDTA8VKVZSE3A", "currency_code": "bdt", "item_subtotal": 100, "discount_total": 0, "item_tax_total": 0, "shipping_total": 100, "billing_address": {"id": "caaddr_01JY1QMW31Y5K8JNRQGZY0F717", "city": "Dhaka", "phone": "01829463584", "company": "", "metadata": null, "province": "", "address_1": "314/A Ulon,  Rampura", "address_2": "", "last_name": "Khan", "created_at": "2025-06-18T14:38:48.929Z", "deleted_at": null, "first_name": "Md Mosabbir Hossain", "updated_at": "2025-06-18T14:38:48.929Z", "customer_id": null, "postal_code": "1319", "country_code": "bd"}, "shipping_address": {"id": "caaddr_01JY1QMW31WG55R9MA0GT1K46S", "city": "Dhaka", "phone": "01829463584", "company": "", "metadata": null, "province": "", "address_1": "314/A Ulon,  Rampura", "address_2": "", "last_name": "Khan", "created_at": "2025-06-18T14:38:48.929Z", "deleted_at": null, "first_name": "Md Mosabbir Hossain", "updated_at": "2025-06-18T14:38:48.929Z", "customer_id": null, "postal_code": "1319", "country_code": "bd"}, "shipping_methods": [{"id": "ordsm_01JY1QN8MHYEQJWH6GC2AWDZBH", "data": {}, "name": "Default", "total": 100, "amount": 100, "detail": {"id": "ordspmv_01JY1QN8MHEW3KFGMVGZHJRARE", "version": 1, "claim_id": null, "order_id": "order_01JY1QN8MJ41FWMFHKHVWZ62EC", "return_id": null, "created_at": "2025-06-18T14:39:01.780Z", "deleted_at": null, "updated_at": "2025-06-18T14:39:01.780Z", "exchange_id": null, "shipping_method_id": "ordsm_01JY1QN8MHYEQJWH6GC2AWDZBH"}, "metadata": null, "order_id": "order_01JY1QN8MJ41FWMFHKHVWZ62EC", "subtotal": 100, "raw_total": {"value": "100", "precision": 20}, "tax_lines": [{"id": "ordsmtxl_01JY1QN8MHSG92D2HBZBGHFQAM", "code": "", "rate": 0, "total": 0, "raw_rate": {"value": "0", "precision": 20}, "subtotal": 0, "raw_total": {"value": "0", "precision": 20}, "created_at": "2025-06-18T14:39:01.781Z", "deleted_at": null, "updated_at": "2025-06-18T14:39:01.781Z", "description": "Bangladesh", "provider_id": "system", "tax_rate_id": "txr_01JNX8H0S9X07PTNVN7PBW3NXB", "raw_subtotal": {"value": "0", "precision": 20}, "shipping_method_id": "ordsm_01JY1QN8MHYEQJWH6GC2AWDZBH"}], "tax_total": 0, "created_at": "2025-06-18T14:39:01.780Z", "deleted_at": null, "raw_amount": {"value": "100", "precision": 20}, "updated_at": "2025-06-18T14:39:01.780Z", "adjustments": [], "description": null, "raw_subtotal": {"value": "100", "precision": 20}, "raw_tax_total": {"value": "0", "precision": 20}, "discount_total": 0, "original_total": 100, "is_custom_amount": false, "is_tax_inclusive": false, "discount_subtotal": 0, "discount_tax_total": 0, "original_tax_total": 0, "raw_discount_total": {"value": "0", "precision": 20}, "raw_original_total": {"value": "100", "precision": 20}, "shipping_option_id": "so_01JQ78NHXRGT4Y0G3P1NBCPK48", "raw_discount_subtotal": {"value": "0", "precision": 20}, "raw_discount_tax_total": {"value": "0", "precision": 20}, "raw_original_tax_total": {"value": "0", "precision": 20}}]}, "isAdmin": true}	\N	\N	\N	\N	\N	\N	f6f3306b-1a92-46ee-89ca-116e99fc26dc	resend	2025-06-18 20:39:02.522+06	2025-06-18 20:39:05.087+06	\N	success
noti_01JWPBFFP3BSPHS2X9DJDM51HX	kmosabbir@gmail.com	email	order-status-update	{"order": {"id": "order_01JWPBFFCZ1YTX20D62N4E76EE", "email": "kmosabbir@gmail.com", "total": 200, "customer": {"id": "cus_01JWPANFK9ZG6B4PJ4GMTHN7G9", "email": "kmosabbir@gmail.com", "phone": null, "metadata": null, "last_name": null, "created_at": "2025-06-01T18:04:36.842Z", "created_by": null, "deleted_at": null, "first_name": null, "updated_at": "2025-06-01T18:04:36.842Z", "has_account": false, "company_name": null}, "display_id": 24, "customer_id": "cus_01JWPANFK9ZG6B4PJ4GMTHN7G9", "currency_code": "bdt", "shipping_address": {"id": "caaddr_01JWPBF9ECAM5MJEYFEC4XJEP0", "city": "Dhaka", "phone": "01829463584", "company": "", "metadata": null, "province": "", "address_1": "314/A Ulon,  Rampura", "address_2": "", "last_name": "Khan", "created_at": "2025-06-01T18:18:42.508Z", "deleted_at": null, "first_name": "Md Mosabbir Hossain", "updated_at": "2025-06-01T18:18:42.508Z", "customer_id": null, "postal_code": "1319", "country_code": "bd"}}, "status": "placed", "isAdmin": true}	\N	\N	\N	\N	\N	\N	341260b6-defb-46ac-876b-051f37b8e00a	resend	2025-06-02 00:18:48.9+06	2025-06-02 00:18:51.458+06	\N	success
noti_01JWPBG3XHH4EGJRTEMMZFBX0S	kmosabbir@gmail.com	email	order-status-update	{"order": {"id": "order_01JMCNJAF43DY64PYCHRR9C2M6", "email": "kmosabbir@gmail.com", "total": 20, "display_id": 1, "customer_id": "cus_01JMCNHZCXE6YRZ1EJE6TVC3J4", "currency_code": "eur", "shipping_address": {"id": "caaddr_01JMCNHZF0KCC7NZ9G8VQ37J68", "city": "Dhaka", "phone": "01829463584", "company": "", "metadata": null, "province": "", "address_1": "314/A Ulon,  Rampura", "address_2": "", "last_name": "Khan", "created_at": "2025-02-18T13:56:57.440Z", "deleted_at": null, "first_name": "Md Mosabbir Hossain", "updated_at": "2025-02-18T13:56:57.440Z", "customer_id": null, "postal_code": "1319", "country_code": "fr"}}, "status": "fulfilled", "isAdmin": true}	\N	\N	\N	\N	\N	\N	d48b45d6-a7f3-41b0-9d9f-1d7541894128	resend	2025-06-02 00:19:09.617+06	2025-06-02 00:19:11.536+06	\N	success
noti_01JWPBG3XHZWE00D31C6C4FHZQ	kmosabbir@gmail.com	email	order-status-update	{"order": {"id": "order_01JMCNJAF43DY64PYCHRR9C2M6", "email": "kmosabbir@gmail.com", "total": 20, "display_id": 1, "customer_id": "cus_01JMCNHZCXE6YRZ1EJE6TVC3J4", "currency_code": "eur", "shipping_address": {"id": "caaddr_01JMCNHZF0KCC7NZ9G8VQ37J68", "city": "Dhaka", "phone": "01829463584", "company": "", "metadata": null, "province": "", "address_1": "314/A Ulon,  Rampura", "address_2": "", "last_name": "Khan", "created_at": "2025-02-18T13:56:57.440Z", "deleted_at": null, "first_name": "Md Mosabbir Hossain", "updated_at": "2025-02-18T13:56:57.440Z", "customer_id": null, "postal_code": "1319", "country_code": "fr"}}, "status": "fulfilled"}	\N	\N	\N	\N	\N	\N	9682ca2c-faa8-4ae5-8aa7-1505c30dcb80	resend	2025-06-02 00:19:09.617+06	2025-06-02 00:19:11.537+06	\N	success
noti_01JWR1GKDHFGWHWRQAG8XHAQ34	kmosabbir@gmail.com	email	order-placed	{"order": {"id": "order_01JWR1GJR2GA5WVRGNS1Q6TABW", "email": "kmosabbir@gmail.com", "items": [{"id": "ordli_01JWR1GJR31TJC37CP90YR8QXP", "title": "Default variant", "total": 100, "detail": {"id": "orditem_01JWR1GJR4Q4BZ5NE2Z90PM2ET", "item_id": "ordli_01JWR1GJR31TJC37CP90YR8QXP", "version": 1, "metadata": null, "order_id": "order_01JWR1GJR2GA5WVRGNS1Q6TABW", "quantity": 1, "created_at": "2025-06-02T10:03:07.910Z", "deleted_at": null, "unit_price": null, "updated_at": "2025-06-02T10:03:07.910Z", "raw_quantity": {"value": "1", "precision": 20}, "raw_unit_price": null, "shipped_quantity": 0, "delivered_quantity": 0, "fulfilled_quantity": 0, "raw_shipped_quantity": {"value": "0", "precision": 20}, "written_off_quantity": 0, "compare_at_unit_price": null, "raw_delivered_quantity": {"value": "0", "precision": 20}, "raw_fulfilled_quantity": {"value": "0", "precision": 20}, "raw_written_off_quantity": {"value": "0", "precision": 20}, "return_received_quantity": 0, "raw_compare_at_unit_price": null, "return_dismissed_quantity": 0, "return_requested_quantity": 0, "raw_return_received_quantity": {"value": "0", "precision": 20}, "raw_return_dismissed_quantity": {"value": "0", "precision": 20}, "raw_return_requested_quantity": {"value": "0", "precision": 20}}, "metadata": {"ingredients": [{"id": "9616de63-ea77-43a5-9c41-c1c263a650a7", "name": "Cheese"}]}, "quantity": 1, "subtitle": "123", "subtotal": 100, "raw_total": {"value": "100", "precision": 20}, "tax_lines": [{"id": "ordlitxl_01JWR1GJR3K1M4S36T8VHVFCNZ", "code": "", "rate": 0, "total": 0, "item_id": "ordli_01JWR1GJR31TJC37CP90YR8QXP", "raw_rate": {"value": "0", "precision": 20}, "subtotal": 0, "raw_total": {"value": "0", "precision": 20}, "created_at": "2025-06-02T10:03:07.912Z", "deleted_at": null, "updated_at": "2025-06-02T10:03:07.912Z", "description": "Bangladesh", "provider_id": "system", "tax_rate_id": "txr_01JNX8H0S9X07PTNVN7PBW3NXB", "raw_subtotal": {"value": "0", "precision": 20}}], "tax_total": 0, "thumbnail": "https://vmalvylbpzudqhkvpcqj.supabase.co/storage/v1/object/public/nufatahs//1-01JVSVCSPN2QQ2WX5XA8JSRBYF.png", "created_at": "2025-06-02T10:03:07.910Z", "deleted_at": null, "product_id": "prod_01JVSVCWS8G20WMS32E5SJ9Q1R", "unit_price": 100, "updated_at": "2025-06-02T10:03:07.910Z", "variant_id": "variant_01JVSVCX65K1ZKGAP91W2MYPWK", "adjustments": [], "variant_sku": null, "product_type": "Pitha", "raw_quantity": {"value": "1", "precision": 20}, "raw_subtotal": {"value": "100", "precision": 20}, "product_title": "123", "raw_tax_total": {"value": "0", "precision": 20}, "shipped_total": 0, "variant_title": "Default variant", "discount_total": 0, "original_total": 100, "product_handle": "123", "raw_unit_price": {"value": "100", "precision": 20}, "fulfilled_total": 0, "is_custom_price": false, "is_discountable": true, "product_type_id": "ptyp_01JNX87TA227NBFF63VMQE8GNR", "variant_barcode": null, "write_off_total": 0, "is_tax_inclusive": false, "product_subtitle": null, "refundable_total": 100, "discount_subtotal": 0, "raw_shipped_total": {"value": "0", "precision": 20}, "requires_shipping": true, "discount_tax_total": 0, "original_tax_total": 0, "product_collection": null, "raw_discount_total": {"value": "0", "precision": 20}, "raw_original_total": {"value": "100", "precision": 20}, "product_description": "wsfasdfdsafsadfsa", "raw_fulfilled_total": {"value": "0", "precision": 20}, "raw_write_off_total": {"value": "0", "precision": 20}, "raw_refundable_total": {"value": "100", "precision": 20}, "compare_at_unit_price": null, "raw_discount_subtotal": {"value": "0", "precision": 20}, "return_received_total": 0, "variant_option_values": null, "raw_discount_tax_total": {"value": "0", "precision": 20}, "raw_original_tax_total": {"value": "0", "precision": 20}, "return_dismissed_total": 0, "return_requested_total": 0, "raw_compare_at_unit_price": null, "raw_return_received_total": {"value": "0", "precision": 20}, "refundable_total_per_unit": 100, "raw_return_dismissed_total": {"value": "0", "precision": 20}, "raw_return_requested_total": {"value": "0", "precision": 20}, "raw_refundable_total_per_unit": {"value": "100", "precision": 20}}, {"id": "ordli_01JWR1GJR3N5ZKA49EMFVD49AS", "title": "Default variant", "total": 300, "detail": {"id": "orditem_01JWR1GJR4T6HVE09KW2JYYTFJ", "item_id": "ordli_01JWR1GJR3N5ZKA49EMFVD49AS", "version": 1, "metadata": null, "order_id": "order_01JWR1GJR2GA5WVRGNS1Q6TABW", "quantity": 3, "created_at": "2025-06-02T10:03:07.910Z", "deleted_at": null, "unit_price": null, "updated_at": "2025-06-02T10:03:07.910Z", "raw_quantity": {"value": "3", "precision": 20}, "raw_unit_price": null, "shipped_quantity": 0, "delivered_quantity": 0, "fulfilled_quantity": 0, "raw_shipped_quantity": {"value": "0", "precision": 20}, "written_off_quantity": 0, "compare_at_unit_price": null, "raw_delivered_quantity": {"value": "0", "precision": 20}, "raw_fulfilled_quantity": {"value": "0", "precision": 20}, "raw_written_off_quantity": {"value": "0", "precision": 20}, "return_received_quantity": 0, "raw_compare_at_unit_price": null, "return_dismissed_quantity": 0, "return_requested_quantity": 0, "raw_return_received_quantity": {"value": "0", "precision": 20}, "raw_return_dismissed_quantity": {"value": "0", "precision": 20}, "raw_return_requested_quantity": {"value": "0", "precision": 20}}, "metadata": {"ingredients": [{"id": "752decf4-943c-4160-ab7c-5c77a8875761", "name": "Nuts"}, {"id": "9616de63-ea77-43a5-9c41-c1c263a650a7", "name": "Cheese"}]}, "quantity": 3, "subtitle": "123", "subtotal": 300, "raw_total": {"value": "300", "precision": 20}, "tax_lines": [{"id": "ordlitxl_01JWR1GJR355D322XX0K1KT353", "code": "", "rate": 0, "total": 0, "item_id": "ordli_01JWR1GJR3N5ZKA49EMFVD49AS", "raw_rate": {"value": "0", "precision": 20}, "subtotal": 0, "raw_total": {"value": "0", "precision": 20}, "created_at": "2025-06-02T10:03:07.911Z", "deleted_at": null, "updated_at": "2025-06-02T10:03:07.911Z", "description": "Bangladesh", "provider_id": "system", "tax_rate_id": "txr_01JNX8H0S9X07PTNVN7PBW3NXB", "raw_subtotal": {"value": "0", "precision": 20}}], "tax_total": 0, "thumbnail": "https://vmalvylbpzudqhkvpcqj.supabase.co/storage/v1/object/public/nufatahs//1-01JVSVCSPN2QQ2WX5XA8JSRBYF.png", "created_at": "2025-06-02T10:03:07.910Z", "deleted_at": null, "product_id": "prod_01JVSVCWS8G20WMS32E5SJ9Q1R", "unit_price": 100, "updated_at": "2025-06-02T10:03:07.910Z", "variant_id": "variant_01JVSVCX65K1ZKGAP91W2MYPWK", "adjustments": [], "variant_sku": null, "product_type": "Pitha", "raw_quantity": {"value": "3", "precision": 20}, "raw_subtotal": {"value": "300", "precision": 20}, "product_title": "123", "raw_tax_total": {"value": "0", "precision": 20}, "shipped_total": 0, "variant_title": "Default variant", "discount_total": 0, "original_total": 300, "product_handle": "123", "raw_unit_price": {"value": "100", "precision": 20}, "fulfilled_total": 0, "is_custom_price": false, "is_discountable": true, "product_type_id": "ptyp_01JNX87TA227NBFF63VMQE8GNR", "variant_barcode": null, "write_off_total": 0, "is_tax_inclusive": false, "product_subtitle": null, "refundable_total": 300, "discount_subtotal": 0, "raw_shipped_total": {"value": "0", "precision": 20}, "requires_shipping": true, "discount_tax_total": 0, "original_tax_total": 0, "product_collection": null, "raw_discount_total": {"value": "0", "precision": 20}, "raw_original_total": {"value": "300", "precision": 20}, "product_description": "wsfasdfdsafsadfsa", "raw_fulfilled_total": {"value": "0", "precision": 20}, "raw_write_off_total": {"value": "0", "precision": 20}, "raw_refundable_total": {"value": "300", "precision": 20}, "compare_at_unit_price": null, "raw_discount_subtotal": {"value": "0", "precision": 20}, "return_received_total": 0, "variant_option_values": null, "raw_discount_tax_total": {"value": "0", "precision": 20}, "raw_original_tax_total": {"value": "0", "precision": 20}, "return_dismissed_total": 0, "return_requested_total": 0, "raw_compare_at_unit_price": null, "raw_return_received_total": {"value": "0", "precision": 20}, "refundable_total_per_unit": 100, "raw_return_dismissed_total": {"value": "0", "precision": 20}, "raw_return_requested_total": {"value": "0", "precision": 20}, "raw_refundable_total_per_unit": {"value": "100", "precision": 20}}], "total": 500, "customer": {"id": "cus_01JWPANFK9ZG6B4PJ4GMTHN7G9", "email": "kmosabbir@gmail.com", "phone": null, "metadata": null, "last_name": null, "created_at": "2025-06-01T18:04:36.842Z", "created_by": null, "deleted_at": null, "first_name": null, "updated_at": "2025-06-01T18:04:36.842Z", "has_account": false, "company_name": null}, "subtotal": 500, "tax_total": 0, "display_id": 25, "item_total": 400, "customer_id": "cus_01JWPANFK9ZG6B4PJ4GMTHN7G9", "currency_code": "bdt", "item_subtotal": 400, "discount_total": 0, "item_tax_total": 0, "shipping_total": 100, "billing_address": {"id": "caaddr_01JWR1GCCF3ZH19MC671TNGWAH", "city": "Dhaka", "phone": "01829463584", "company": "", "metadata": null, "province": "", "address_1": "314/A Ulon,  Rampura", "address_2": "", "last_name": "Khan", "created_at": "2025-06-02T10:03:01.392Z", "deleted_at": null, "first_name": "Md Mosabbir Hossain", "updated_at": "2025-06-02T10:03:01.392Z", "customer_id": null, "postal_code": "1319", "country_code": "bd"}, "shipping_address": {"id": "caaddr_01JWR1GCCFGZBC78JR2B8XYN6M", "city": "Dhaka", "phone": "01829463584", "company": "", "metadata": null, "province": "", "address_1": "314/A Ulon,  Rampura", "address_2": "", "last_name": "Khan", "created_at": "2025-06-02T10:03:01.392Z", "deleted_at": null, "first_name": "Md Mosabbir Hossain", "updated_at": "2025-06-02T10:03:01.392Z", "customer_id": null, "postal_code": "1319", "country_code": "bd"}, "shipping_methods": [{"id": "ordsm_01JWR1GJR25FV6QG8TSQ796K08", "data": {}, "name": "Default", "total": 100, "amount": 100, "detail": {"id": "ordspmv_01JWR1GJR2BH02SFV2Q7E582XT", "version": 1, "claim_id": null, "order_id": "order_01JWR1GJR2GA5WVRGNS1Q6TABW", "return_id": null, "created_at": "2025-06-02T10:03:07.911Z", "deleted_at": null, "updated_at": "2025-06-02T10:03:07.911Z", "exchange_id": null, "shipping_method_id": "ordsm_01JWR1GJR25FV6QG8TSQ796K08"}, "metadata": null, "order_id": "order_01JWR1GJR2GA5WVRGNS1Q6TABW", "subtotal": 100, "raw_total": {"value": "100", "precision": 20}, "tax_lines": [{"id": "ordsmtxl_01JWR1GJR1555FWSFT2DBFZXB5", "code": "", "rate": 0, "total": 0, "raw_rate": {"value": "0", "precision": 20}, "subtotal": 0, "raw_total": {"value": "0", "precision": 20}, "created_at": "2025-06-02T10:03:07.911Z", "deleted_at": null, "updated_at": "2025-06-02T10:03:07.911Z", "description": "Bangladesh", "provider_id": "system", "tax_rate_id": "txr_01JNX8H0S9X07PTNVN7PBW3NXB", "raw_subtotal": {"value": "0", "precision": 20}, "shipping_method_id": "ordsm_01JWR1GJR25FV6QG8TSQ796K08"}], "tax_total": 0, "created_at": "2025-06-02T10:03:07.911Z", "deleted_at": null, "raw_amount": {"value": "100", "precision": 20}, "updated_at": "2025-06-02T10:03:07.911Z", "adjustments": [], "description": null, "raw_subtotal": {"value": "100", "precision": 20}, "raw_tax_total": {"value": "0", "precision": 20}, "discount_total": 0, "original_total": 100, "is_custom_amount": false, "is_tax_inclusive": false, "discount_subtotal": 0, "discount_tax_total": 0, "original_tax_total": 0, "raw_discount_total": {"value": "0", "precision": 20}, "raw_original_total": {"value": "100", "precision": 20}, "shipping_option_id": "so_01JQ78NHXRGT4Y0G3P1NBCPK48", "raw_discount_subtotal": {"value": "0", "precision": 20}, "raw_discount_tax_total": {"value": "0", "precision": 20}, "raw_original_tax_total": {"value": "0", "precision": 20}}]}}	\N	\N	\N	\N	\N	\N	33de45bf-b361-43c0-be34-4da3e8bf2acc	resend	2025-06-02 16:03:08.594+06	2025-06-02 16:03:11.061+06	\N	success
noti_01JWR1GKDHZ2C4S97W9VEKAJA4	kmosabbir@gmail.com	email	order-placed	{"order": {"id": "order_01JWR1GJR2GA5WVRGNS1Q6TABW", "email": "kmosabbir@gmail.com", "items": [{"id": "ordli_01JWR1GJR31TJC37CP90YR8QXP", "title": "Default variant", "total": 100, "detail": {"id": "orditem_01JWR1GJR4Q4BZ5NE2Z90PM2ET", "item_id": "ordli_01JWR1GJR31TJC37CP90YR8QXP", "version": 1, "metadata": null, "order_id": "order_01JWR1GJR2GA5WVRGNS1Q6TABW", "quantity": 1, "created_at": "2025-06-02T10:03:07.910Z", "deleted_at": null, "unit_price": null, "updated_at": "2025-06-02T10:03:07.910Z", "raw_quantity": {"value": "1", "precision": 20}, "raw_unit_price": null, "shipped_quantity": 0, "delivered_quantity": 0, "fulfilled_quantity": 0, "raw_shipped_quantity": {"value": "0", "precision": 20}, "written_off_quantity": 0, "compare_at_unit_price": null, "raw_delivered_quantity": {"value": "0", "precision": 20}, "raw_fulfilled_quantity": {"value": "0", "precision": 20}, "raw_written_off_quantity": {"value": "0", "precision": 20}, "return_received_quantity": 0, "raw_compare_at_unit_price": null, "return_dismissed_quantity": 0, "return_requested_quantity": 0, "raw_return_received_quantity": {"value": "0", "precision": 20}, "raw_return_dismissed_quantity": {"value": "0", "precision": 20}, "raw_return_requested_quantity": {"value": "0", "precision": 20}}, "metadata": {"ingredients": [{"id": "9616de63-ea77-43a5-9c41-c1c263a650a7", "name": "Cheese"}]}, "quantity": 1, "subtitle": "123", "subtotal": 100, "raw_total": {"value": "100", "precision": 20}, "tax_lines": [{"id": "ordlitxl_01JWR1GJR3K1M4S36T8VHVFCNZ", "code": "", "rate": 0, "total": 0, "item_id": "ordli_01JWR1GJR31TJC37CP90YR8QXP", "raw_rate": {"value": "0", "precision": 20}, "subtotal": 0, "raw_total": {"value": "0", "precision": 20}, "created_at": "2025-06-02T10:03:07.912Z", "deleted_at": null, "updated_at": "2025-06-02T10:03:07.912Z", "description": "Bangladesh", "provider_id": "system", "tax_rate_id": "txr_01JNX8H0S9X07PTNVN7PBW3NXB", "raw_subtotal": {"value": "0", "precision": 20}}], "tax_total": 0, "thumbnail": "https://vmalvylbpzudqhkvpcqj.supabase.co/storage/v1/object/public/nufatahs//1-01JVSVCSPN2QQ2WX5XA8JSRBYF.png", "created_at": "2025-06-02T10:03:07.910Z", "deleted_at": null, "product_id": "prod_01JVSVCWS8G20WMS32E5SJ9Q1R", "unit_price": 100, "updated_at": "2025-06-02T10:03:07.910Z", "variant_id": "variant_01JVSVCX65K1ZKGAP91W2MYPWK", "adjustments": [], "variant_sku": null, "product_type": "Pitha", "raw_quantity": {"value": "1", "precision": 20}, "raw_subtotal": {"value": "100", "precision": 20}, "product_title": "123", "raw_tax_total": {"value": "0", "precision": 20}, "shipped_total": 0, "variant_title": "Default variant", "discount_total": 0, "original_total": 100, "product_handle": "123", "raw_unit_price": {"value": "100", "precision": 20}, "fulfilled_total": 0, "is_custom_price": false, "is_discountable": true, "product_type_id": "ptyp_01JNX87TA227NBFF63VMQE8GNR", "variant_barcode": null, "write_off_total": 0, "is_tax_inclusive": false, "product_subtitle": null, "refundable_total": 100, "discount_subtotal": 0, "raw_shipped_total": {"value": "0", "precision": 20}, "requires_shipping": true, "discount_tax_total": 0, "original_tax_total": 0, "product_collection": null, "raw_discount_total": {"value": "0", "precision": 20}, "raw_original_total": {"value": "100", "precision": 20}, "product_description": "wsfasdfdsafsadfsa", "raw_fulfilled_total": {"value": "0", "precision": 20}, "raw_write_off_total": {"value": "0", "precision": 20}, "raw_refundable_total": {"value": "100", "precision": 20}, "compare_at_unit_price": null, "raw_discount_subtotal": {"value": "0", "precision": 20}, "return_received_total": 0, "variant_option_values": null, "raw_discount_tax_total": {"value": "0", "precision": 20}, "raw_original_tax_total": {"value": "0", "precision": 20}, "return_dismissed_total": 0, "return_requested_total": 0, "raw_compare_at_unit_price": null, "raw_return_received_total": {"value": "0", "precision": 20}, "refundable_total_per_unit": 100, "raw_return_dismissed_total": {"value": "0", "precision": 20}, "raw_return_requested_total": {"value": "0", "precision": 20}, "raw_refundable_total_per_unit": {"value": "100", "precision": 20}}, {"id": "ordli_01JWR1GJR3N5ZKA49EMFVD49AS", "title": "Default variant", "total": 300, "detail": {"id": "orditem_01JWR1GJR4T6HVE09KW2JYYTFJ", "item_id": "ordli_01JWR1GJR3N5ZKA49EMFVD49AS", "version": 1, "metadata": null, "order_id": "order_01JWR1GJR2GA5WVRGNS1Q6TABW", "quantity": 3, "created_at": "2025-06-02T10:03:07.910Z", "deleted_at": null, "unit_price": null, "updated_at": "2025-06-02T10:03:07.910Z", "raw_quantity": {"value": "3", "precision": 20}, "raw_unit_price": null, "shipped_quantity": 0, "delivered_quantity": 0, "fulfilled_quantity": 0, "raw_shipped_quantity": {"value": "0", "precision": 20}, "written_off_quantity": 0, "compare_at_unit_price": null, "raw_delivered_quantity": {"value": "0", "precision": 20}, "raw_fulfilled_quantity": {"value": "0", "precision": 20}, "raw_written_off_quantity": {"value": "0", "precision": 20}, "return_received_quantity": 0, "raw_compare_at_unit_price": null, "return_dismissed_quantity": 0, "return_requested_quantity": 0, "raw_return_received_quantity": {"value": "0", "precision": 20}, "raw_return_dismissed_quantity": {"value": "0", "precision": 20}, "raw_return_requested_quantity": {"value": "0", "precision": 20}}, "metadata": {"ingredients": [{"id": "752decf4-943c-4160-ab7c-5c77a8875761", "name": "Nuts"}, {"id": "9616de63-ea77-43a5-9c41-c1c263a650a7", "name": "Cheese"}]}, "quantity": 3, "subtitle": "123", "subtotal": 300, "raw_total": {"value": "300", "precision": 20}, "tax_lines": [{"id": "ordlitxl_01JWR1GJR355D322XX0K1KT353", "code": "", "rate": 0, "total": 0, "item_id": "ordli_01JWR1GJR3N5ZKA49EMFVD49AS", "raw_rate": {"value": "0", "precision": 20}, "subtotal": 0, "raw_total": {"value": "0", "precision": 20}, "created_at": "2025-06-02T10:03:07.911Z", "deleted_at": null, "updated_at": "2025-06-02T10:03:07.911Z", "description": "Bangladesh", "provider_id": "system", "tax_rate_id": "txr_01JNX8H0S9X07PTNVN7PBW3NXB", "raw_subtotal": {"value": "0", "precision": 20}}], "tax_total": 0, "thumbnail": "https://vmalvylbpzudqhkvpcqj.supabase.co/storage/v1/object/public/nufatahs//1-01JVSVCSPN2QQ2WX5XA8JSRBYF.png", "created_at": "2025-06-02T10:03:07.910Z", "deleted_at": null, "product_id": "prod_01JVSVCWS8G20WMS32E5SJ9Q1R", "unit_price": 100, "updated_at": "2025-06-02T10:03:07.910Z", "variant_id": "variant_01JVSVCX65K1ZKGAP91W2MYPWK", "adjustments": [], "variant_sku": null, "product_type": "Pitha", "raw_quantity": {"value": "3", "precision": 20}, "raw_subtotal": {"value": "300", "precision": 20}, "product_title": "123", "raw_tax_total": {"value": "0", "precision": 20}, "shipped_total": 0, "variant_title": "Default variant", "discount_total": 0, "original_total": 300, "product_handle": "123", "raw_unit_price": {"value": "100", "precision": 20}, "fulfilled_total": 0, "is_custom_price": false, "is_discountable": true, "product_type_id": "ptyp_01JNX87TA227NBFF63VMQE8GNR", "variant_barcode": null, "write_off_total": 0, "is_tax_inclusive": false, "product_subtitle": null, "refundable_total": 300, "discount_subtotal": 0, "raw_shipped_total": {"value": "0", "precision": 20}, "requires_shipping": true, "discount_tax_total": 0, "original_tax_total": 0, "product_collection": null, "raw_discount_total": {"value": "0", "precision": 20}, "raw_original_total": {"value": "300", "precision": 20}, "product_description": "wsfasdfdsafsadfsa", "raw_fulfilled_total": {"value": "0", "precision": 20}, "raw_write_off_total": {"value": "0", "precision": 20}, "raw_refundable_total": {"value": "300", "precision": 20}, "compare_at_unit_price": null, "raw_discount_subtotal": {"value": "0", "precision": 20}, "return_received_total": 0, "variant_option_values": null, "raw_discount_tax_total": {"value": "0", "precision": 20}, "raw_original_tax_total": {"value": "0", "precision": 20}, "return_dismissed_total": 0, "return_requested_total": 0, "raw_compare_at_unit_price": null, "raw_return_received_total": {"value": "0", "precision": 20}, "refundable_total_per_unit": 100, "raw_return_dismissed_total": {"value": "0", "precision": 20}, "raw_return_requested_total": {"value": "0", "precision": 20}, "raw_refundable_total_per_unit": {"value": "100", "precision": 20}}], "total": 500, "customer": {"id": "cus_01JWPANFK9ZG6B4PJ4GMTHN7G9", "email": "kmosabbir@gmail.com", "phone": null, "metadata": null, "last_name": null, "created_at": "2025-06-01T18:04:36.842Z", "created_by": null, "deleted_at": null, "first_name": null, "updated_at": "2025-06-01T18:04:36.842Z", "has_account": false, "company_name": null}, "subtotal": 500, "tax_total": 0, "display_id": 25, "item_total": 400, "customer_id": "cus_01JWPANFK9ZG6B4PJ4GMTHN7G9", "currency_code": "bdt", "item_subtotal": 400, "discount_total": 0, "item_tax_total": 0, "shipping_total": 100, "billing_address": {"id": "caaddr_01JWR1GCCF3ZH19MC671TNGWAH", "city": "Dhaka", "phone": "01829463584", "company": "", "metadata": null, "province": "", "address_1": "314/A Ulon,  Rampura", "address_2": "", "last_name": "Khan", "created_at": "2025-06-02T10:03:01.392Z", "deleted_at": null, "first_name": "Md Mosabbir Hossain", "updated_at": "2025-06-02T10:03:01.392Z", "customer_id": null, "postal_code": "1319", "country_code": "bd"}, "shipping_address": {"id": "caaddr_01JWR1GCCFGZBC78JR2B8XYN6M", "city": "Dhaka", "phone": "01829463584", "company": "", "metadata": null, "province": "", "address_1": "314/A Ulon,  Rampura", "address_2": "", "last_name": "Khan", "created_at": "2025-06-02T10:03:01.392Z", "deleted_at": null, "first_name": "Md Mosabbir Hossain", "updated_at": "2025-06-02T10:03:01.392Z", "customer_id": null, "postal_code": "1319", "country_code": "bd"}, "shipping_methods": [{"id": "ordsm_01JWR1GJR25FV6QG8TSQ796K08", "data": {}, "name": "Default", "total": 100, "amount": 100, "detail": {"id": "ordspmv_01JWR1GJR2BH02SFV2Q7E582XT", "version": 1, "claim_id": null, "order_id": "order_01JWR1GJR2GA5WVRGNS1Q6TABW", "return_id": null, "created_at": "2025-06-02T10:03:07.911Z", "deleted_at": null, "updated_at": "2025-06-02T10:03:07.911Z", "exchange_id": null, "shipping_method_id": "ordsm_01JWR1GJR25FV6QG8TSQ796K08"}, "metadata": null, "order_id": "order_01JWR1GJR2GA5WVRGNS1Q6TABW", "subtotal": 100, "raw_total": {"value": "100", "precision": 20}, "tax_lines": [{"id": "ordsmtxl_01JWR1GJR1555FWSFT2DBFZXB5", "code": "", "rate": 0, "total": 0, "raw_rate": {"value": "0", "precision": 20}, "subtotal": 0, "raw_total": {"value": "0", "precision": 20}, "created_at": "2025-06-02T10:03:07.911Z", "deleted_at": null, "updated_at": "2025-06-02T10:03:07.911Z", "description": "Bangladesh", "provider_id": "system", "tax_rate_id": "txr_01JNX8H0S9X07PTNVN7PBW3NXB", "raw_subtotal": {"value": "0", "precision": 20}, "shipping_method_id": "ordsm_01JWR1GJR25FV6QG8TSQ796K08"}], "tax_total": 0, "created_at": "2025-06-02T10:03:07.911Z", "deleted_at": null, "raw_amount": {"value": "100", "precision": 20}, "updated_at": "2025-06-02T10:03:07.911Z", "adjustments": [], "description": null, "raw_subtotal": {"value": "100", "precision": 20}, "raw_tax_total": {"value": "0", "precision": 20}, "discount_total": 0, "original_total": 100, "is_custom_amount": false, "is_tax_inclusive": false, "discount_subtotal": 0, "discount_tax_total": 0, "original_tax_total": 0, "raw_discount_total": {"value": "0", "precision": 20}, "raw_original_total": {"value": "100", "precision": 20}, "shipping_option_id": "so_01JQ78NHXRGT4Y0G3P1NBCPK48", "raw_discount_subtotal": {"value": "0", "precision": 20}, "raw_discount_tax_total": {"value": "0", "precision": 20}, "raw_original_tax_total": {"value": "0", "precision": 20}}]}, "isAdmin": true}	\N	\N	\N	\N	\N	\N	61b18fcb-ff2a-411d-bd33-6e510a9c85e0	resend	2025-06-02 16:03:08.594+06	2025-06-02 16:03:11.062+06	\N	success
noti_01JWR1GKDG4VCY5HW75X0ZK7ND	kmosabbir@gmail.com	email	order-status-update	{"order": {"id": "order_01JWR1GJR2GA5WVRGNS1Q6TABW", "email": "kmosabbir@gmail.com", "total": 500, "customer": {"id": "cus_01JWPANFK9ZG6B4PJ4GMTHN7G9", "email": "kmosabbir@gmail.com", "phone": null, "metadata": null, "last_name": null, "created_at": "2025-06-01T18:04:36.842Z", "created_by": null, "deleted_at": null, "first_name": null, "updated_at": "2025-06-01T18:04:36.842Z", "has_account": false, "company_name": null}, "display_id": 25, "customer_id": "cus_01JWPANFK9ZG6B4PJ4GMTHN7G9", "currency_code": "bdt", "shipping_address": {"id": "caaddr_01JWR1GCCFGZBC78JR2B8XYN6M", "city": "Dhaka", "phone": "01829463584", "company": "", "metadata": null, "province": "", "address_1": "314/A Ulon,  Rampura", "address_2": "", "last_name": "Khan", "created_at": "2025-06-02T10:03:01.392Z", "deleted_at": null, "first_name": "Md Mosabbir Hossain", "updated_at": "2025-06-02T10:03:01.392Z", "customer_id": null, "postal_code": "1319", "country_code": "bd"}}, "status": "placed"}	\N	\N	\N	\N	\N	\N	b3395d6a-a038-4a1a-8c19-2b93e8d5f57f	resend	2025-06-02 16:03:08.592+06	2025-06-02 16:03:11.076+06	\N	success
noti_01JWR1HKS845X4C5JBVXAAZGYS	kmosabbir@gmail.com	email	order-placed	{"order": {"id": "order_01JWR1HKJ5CN4ZV00BV7STZSJQ", "email": "kmosabbir@gmail.com", "items": [{"id": "ordli_01JWR1HKJ6BQ3M4VR581Q5PY42", "title": "Default variant", "total": 100, "detail": {"id": "orditem_01JWR1HKJ6VXGQXHTSB4P84X3W", "item_id": "ordli_01JWR1HKJ6BQ3M4VR581Q5PY42", "version": 1, "metadata": null, "order_id": "order_01JWR1HKJ5CN4ZV00BV7STZSJQ", "quantity": 1, "created_at": "2025-06-02T10:03:41.511Z", "deleted_at": null, "unit_price": null, "updated_at": "2025-06-02T10:03:41.511Z", "raw_quantity": {"value": "1", "precision": 20}, "raw_unit_price": null, "shipped_quantity": 0, "delivered_quantity": 0, "fulfilled_quantity": 0, "raw_shipped_quantity": {"value": "0", "precision": 20}, "written_off_quantity": 0, "compare_at_unit_price": null, "raw_delivered_quantity": {"value": "0", "precision": 20}, "raw_fulfilled_quantity": {"value": "0", "precision": 20}, "raw_written_off_quantity": {"value": "0", "precision": 20}, "return_received_quantity": 0, "raw_compare_at_unit_price": null, "return_dismissed_quantity": 0, "return_requested_quantity": 0, "raw_return_received_quantity": {"value": "0", "precision": 20}, "raw_return_dismissed_quantity": {"value": "0", "precision": 20}, "raw_return_requested_quantity": {"value": "0", "precision": 20}}, "metadata": {"ingredients": [{"id": "9616de63-ea77-43a5-9c41-c1c263a650a7", "name": "Cheese"}]}, "quantity": 1, "subtitle": "123", "subtotal": 100, "raw_total": {"value": "100", "precision": 20}, "tax_lines": [{"id": "ordlitxl_01JWR1HKJ6FV6YSV8HX5K8B9W8", "code": "", "rate": 0, "total": 0, "item_id": "ordli_01JWR1HKJ6BQ3M4VR581Q5PY42", "raw_rate": {"value": "0", "precision": 20}, "subtotal": 0, "raw_total": {"value": "0", "precision": 20}, "created_at": "2025-06-02T10:03:41.511Z", "deleted_at": null, "updated_at": "2025-06-02T10:03:41.511Z", "description": "Bangladesh", "provider_id": "system", "tax_rate_id": "txr_01JNX8H0S9X07PTNVN7PBW3NXB", "raw_subtotal": {"value": "0", "precision": 20}}], "tax_total": 0, "thumbnail": "https://vmalvylbpzudqhkvpcqj.supabase.co/storage/v1/object/public/nufatahs//1-01JVSVCSPN2QQ2WX5XA8JSRBYF.png", "created_at": "2025-06-02T10:03:41.511Z", "deleted_at": null, "product_id": "prod_01JVSVCWS8G20WMS32E5SJ9Q1R", "unit_price": 100, "updated_at": "2025-06-02T10:03:41.511Z", "variant_id": "variant_01JVSVCX65K1ZKGAP91W2MYPWK", "adjustments": [], "variant_sku": null, "product_type": "Pitha", "raw_quantity": {"value": "1", "precision": 20}, "raw_subtotal": {"value": "100", "precision": 20}, "product_title": "123", "raw_tax_total": {"value": "0", "precision": 20}, "shipped_total": 0, "variant_title": "Default variant", "discount_total": 0, "original_total": 100, "product_handle": "123", "raw_unit_price": {"value": "100", "precision": 20}, "fulfilled_total": 0, "is_custom_price": false, "is_discountable": true, "product_type_id": "ptyp_01JNX87TA227NBFF63VMQE8GNR", "variant_barcode": null, "write_off_total": 0, "is_tax_inclusive": false, "product_subtitle": null, "refundable_total": 100, "discount_subtotal": 0, "raw_shipped_total": {"value": "0", "precision": 20}, "requires_shipping": true, "discount_tax_total": 0, "original_tax_total": 0, "product_collection": null, "raw_discount_total": {"value": "0", "precision": 20}, "raw_original_total": {"value": "100", "precision": 20}, "product_description": "wsfasdfdsafsadfsa", "raw_fulfilled_total": {"value": "0", "precision": 20}, "raw_write_off_total": {"value": "0", "precision": 20}, "raw_refundable_total": {"value": "100", "precision": 20}, "compare_at_unit_price": null, "raw_discount_subtotal": {"value": "0", "precision": 20}, "return_received_total": 0, "variant_option_values": null, "raw_discount_tax_total": {"value": "0", "precision": 20}, "raw_original_tax_total": {"value": "0", "precision": 20}, "return_dismissed_total": 0, "return_requested_total": 0, "raw_compare_at_unit_price": null, "raw_return_received_total": {"value": "0", "precision": 20}, "refundable_total_per_unit": 100, "raw_return_dismissed_total": {"value": "0", "precision": 20}, "raw_return_requested_total": {"value": "0", "precision": 20}, "raw_refundable_total_per_unit": {"value": "100", "precision": 20}}], "total": 200, "customer": {"id": "cus_01JWPANFK9ZG6B4PJ4GMTHN7G9", "email": "kmosabbir@gmail.com", "phone": null, "metadata": null, "last_name": null, "created_at": "2025-06-01T18:04:36.842Z", "created_by": null, "deleted_at": null, "first_name": null, "updated_at": "2025-06-01T18:04:36.842Z", "has_account": false, "company_name": null}, "subtotal": 200, "tax_total": 0, "display_id": 26, "item_total": 100, "customer_id": "cus_01JWPANFK9ZG6B4PJ4GMTHN7G9", "currency_code": "bdt", "item_subtotal": 100, "discount_total": 0, "item_tax_total": 0, "shipping_total": 100, "billing_address": {"id": "caaddr_01JWR1HDJ3S7HT79C23N53Z06Z", "city": "Dhaka", "phone": "01829463584", "company": "", "metadata": null, "province": "", "address_1": "314/A Ulon,  Rampura", "address_2": "", "last_name": "Khan", "created_at": "2025-06-02T10:03:35.364Z", "deleted_at": null, "first_name": "Md Mosabbir Hossain", "updated_at": "2025-06-02T10:03:35.364Z", "customer_id": null, "postal_code": "1319", "country_code": "bd"}, "shipping_address": {"id": "caaddr_01JWR1HDJ4WQ96HJQDWVR1GP6V", "city": "Dhaka", "phone": "01829463584", "company": "", "metadata": null, "province": "", "address_1": "314/A Ulon,  Rampura", "address_2": "", "last_name": "Khan", "created_at": "2025-06-02T10:03:35.364Z", "deleted_at": null, "first_name": "Md Mosabbir Hossain", "updated_at": "2025-06-02T10:03:35.364Z", "customer_id": null, "postal_code": "1319", "country_code": "bd"}, "shipping_methods": [{"id": "ordsm_01JWR1HKJ5EQZNYJP9RB5KEGWM", "data": {}, "name": "Default", "total": 100, "amount": 100, "detail": {"id": "ordspmv_01JWR1HKJ5P0V3TWBH79JXD07P", "version": 1, "claim_id": null, "order_id": "order_01JWR1HKJ5CN4ZV00BV7STZSJQ", "return_id": null, "created_at": "2025-06-02T10:03:41.511Z", "deleted_at": null, "updated_at": "2025-06-02T10:03:41.511Z", "exchange_id": null, "shipping_method_id": "ordsm_01JWR1HKJ5EQZNYJP9RB5KEGWM"}, "metadata": null, "order_id": "order_01JWR1HKJ5CN4ZV00BV7STZSJQ", "subtotal": 100, "raw_total": {"value": "100", "precision": 20}, "tax_lines": [{"id": "ordsmtxl_01JWR1HKJ5HNHHMGSAS9786WE2", "code": "", "rate": 0, "total": 0, "raw_rate": {"value": "0", "precision": 20}, "subtotal": 0, "raw_total": {"value": "0", "precision": 20}, "created_at": "2025-06-02T10:03:41.511Z", "deleted_at": null, "updated_at": "2025-06-02T10:03:41.511Z", "description": "Bangladesh", "provider_id": "system", "tax_rate_id": "txr_01JNX8H0S9X07PTNVN7PBW3NXB", "raw_subtotal": {"value": "0", "precision": 20}, "shipping_method_id": "ordsm_01JWR1HKJ5EQZNYJP9RB5KEGWM"}], "tax_total": 0, "created_at": "2025-06-02T10:03:41.511Z", "deleted_at": null, "raw_amount": {"value": "100", "precision": 20}, "updated_at": "2025-06-02T10:03:41.511Z", "adjustments": [], "description": null, "raw_subtotal": {"value": "100", "precision": 20}, "raw_tax_total": {"value": "0", "precision": 20}, "discount_total": 0, "original_total": 100, "is_custom_amount": false, "is_tax_inclusive": false, "discount_subtotal": 0, "discount_tax_total": 0, "original_tax_total": 0, "raw_discount_total": {"value": "0", "precision": 20}, "raw_original_total": {"value": "100", "precision": 20}, "shipping_option_id": "so_01JQ78NHXRGT4Y0G3P1NBCPK48", "raw_discount_subtotal": {"value": "0", "precision": 20}, "raw_discount_tax_total": {"value": "0", "precision": 20}, "raw_original_tax_total": {"value": "0", "precision": 20}}]}, "isAdmin": true}	\N	\N	\N	\N	\N	\N	447baa80-bfd5-4a26-968b-92c7a5ae5a6e	resend	2025-06-02 16:03:41.736+06	2025-06-02 16:03:43.961+06	\N	success
noti_01JWR1HKS8MEQ26RQ4STQS9XF2	kmosabbir@gmail.com	email	order-placed	{"order": {"id": "order_01JWR1HKJ5CN4ZV00BV7STZSJQ", "email": "kmosabbir@gmail.com", "items": [{"id": "ordli_01JWR1HKJ6BQ3M4VR581Q5PY42", "title": "Default variant", "total": 100, "detail": {"id": "orditem_01JWR1HKJ6VXGQXHTSB4P84X3W", "item_id": "ordli_01JWR1HKJ6BQ3M4VR581Q5PY42", "version": 1, "metadata": null, "order_id": "order_01JWR1HKJ5CN4ZV00BV7STZSJQ", "quantity": 1, "created_at": "2025-06-02T10:03:41.511Z", "deleted_at": null, "unit_price": null, "updated_at": "2025-06-02T10:03:41.511Z", "raw_quantity": {"value": "1", "precision": 20}, "raw_unit_price": null, "shipped_quantity": 0, "delivered_quantity": 0, "fulfilled_quantity": 0, "raw_shipped_quantity": {"value": "0", "precision": 20}, "written_off_quantity": 0, "compare_at_unit_price": null, "raw_delivered_quantity": {"value": "0", "precision": 20}, "raw_fulfilled_quantity": {"value": "0", "precision": 20}, "raw_written_off_quantity": {"value": "0", "precision": 20}, "return_received_quantity": 0, "raw_compare_at_unit_price": null, "return_dismissed_quantity": 0, "return_requested_quantity": 0, "raw_return_received_quantity": {"value": "0", "precision": 20}, "raw_return_dismissed_quantity": {"value": "0", "precision": 20}, "raw_return_requested_quantity": {"value": "0", "precision": 20}}, "metadata": {"ingredients": [{"id": "9616de63-ea77-43a5-9c41-c1c263a650a7", "name": "Cheese"}]}, "quantity": 1, "subtitle": "123", "subtotal": 100, "raw_total": {"value": "100", "precision": 20}, "tax_lines": [{"id": "ordlitxl_01JWR1HKJ6FV6YSV8HX5K8B9W8", "code": "", "rate": 0, "total": 0, "item_id": "ordli_01JWR1HKJ6BQ3M4VR581Q5PY42", "raw_rate": {"value": "0", "precision": 20}, "subtotal": 0, "raw_total": {"value": "0", "precision": 20}, "created_at": "2025-06-02T10:03:41.511Z", "deleted_at": null, "updated_at": "2025-06-02T10:03:41.511Z", "description": "Bangladesh", "provider_id": "system", "tax_rate_id": "txr_01JNX8H0S9X07PTNVN7PBW3NXB", "raw_subtotal": {"value": "0", "precision": 20}}], "tax_total": 0, "thumbnail": "https://vmalvylbpzudqhkvpcqj.supabase.co/storage/v1/object/public/nufatahs//1-01JVSVCSPN2QQ2WX5XA8JSRBYF.png", "created_at": "2025-06-02T10:03:41.511Z", "deleted_at": null, "product_id": "prod_01JVSVCWS8G20WMS32E5SJ9Q1R", "unit_price": 100, "updated_at": "2025-06-02T10:03:41.511Z", "variant_id": "variant_01JVSVCX65K1ZKGAP91W2MYPWK", "adjustments": [], "variant_sku": null, "product_type": "Pitha", "raw_quantity": {"value": "1", "precision": 20}, "raw_subtotal": {"value": "100", "precision": 20}, "product_title": "123", "raw_tax_total": {"value": "0", "precision": 20}, "shipped_total": 0, "variant_title": "Default variant", "discount_total": 0, "original_total": 100, "product_handle": "123", "raw_unit_price": {"value": "100", "precision": 20}, "fulfilled_total": 0, "is_custom_price": false, "is_discountable": true, "product_type_id": "ptyp_01JNX87TA227NBFF63VMQE8GNR", "variant_barcode": null, "write_off_total": 0, "is_tax_inclusive": false, "product_subtitle": null, "refundable_total": 100, "discount_subtotal": 0, "raw_shipped_total": {"value": "0", "precision": 20}, "requires_shipping": true, "discount_tax_total": 0, "original_tax_total": 0, "product_collection": null, "raw_discount_total": {"value": "0", "precision": 20}, "raw_original_total": {"value": "100", "precision": 20}, "product_description": "wsfasdfdsafsadfsa", "raw_fulfilled_total": {"value": "0", "precision": 20}, "raw_write_off_total": {"value": "0", "precision": 20}, "raw_refundable_total": {"value": "100", "precision": 20}, "compare_at_unit_price": null, "raw_discount_subtotal": {"value": "0", "precision": 20}, "return_received_total": 0, "variant_option_values": null, "raw_discount_tax_total": {"value": "0", "precision": 20}, "raw_original_tax_total": {"value": "0", "precision": 20}, "return_dismissed_total": 0, "return_requested_total": 0, "raw_compare_at_unit_price": null, "raw_return_received_total": {"value": "0", "precision": 20}, "refundable_total_per_unit": 100, "raw_return_dismissed_total": {"value": "0", "precision": 20}, "raw_return_requested_total": {"value": "0", "precision": 20}, "raw_refundable_total_per_unit": {"value": "100", "precision": 20}}], "total": 200, "customer": {"id": "cus_01JWPANFK9ZG6B4PJ4GMTHN7G9", "email": "kmosabbir@gmail.com", "phone": null, "metadata": null, "last_name": null, "created_at": "2025-06-01T18:04:36.842Z", "created_by": null, "deleted_at": null, "first_name": null, "updated_at": "2025-06-01T18:04:36.842Z", "has_account": false, "company_name": null}, "subtotal": 200, "tax_total": 0, "display_id": 26, "item_total": 100, "customer_id": "cus_01JWPANFK9ZG6B4PJ4GMTHN7G9", "currency_code": "bdt", "item_subtotal": 100, "discount_total": 0, "item_tax_total": 0, "shipping_total": 100, "billing_address": {"id": "caaddr_01JWR1HDJ3S7HT79C23N53Z06Z", "city": "Dhaka", "phone": "01829463584", "company": "", "metadata": null, "province": "", "address_1": "314/A Ulon,  Rampura", "address_2": "", "last_name": "Khan", "created_at": "2025-06-02T10:03:35.364Z", "deleted_at": null, "first_name": "Md Mosabbir Hossain", "updated_at": "2025-06-02T10:03:35.364Z", "customer_id": null, "postal_code": "1319", "country_code": "bd"}, "shipping_address": {"id": "caaddr_01JWR1HDJ4WQ96HJQDWVR1GP6V", "city": "Dhaka", "phone": "01829463584", "company": "", "metadata": null, "province": "", "address_1": "314/A Ulon,  Rampura", "address_2": "", "last_name": "Khan", "created_at": "2025-06-02T10:03:35.364Z", "deleted_at": null, "first_name": "Md Mosabbir Hossain", "updated_at": "2025-06-02T10:03:35.364Z", "customer_id": null, "postal_code": "1319", "country_code": "bd"}, "shipping_methods": [{"id": "ordsm_01JWR1HKJ5EQZNYJP9RB5KEGWM", "data": {}, "name": "Default", "total": 100, "amount": 100, "detail": {"id": "ordspmv_01JWR1HKJ5P0V3TWBH79JXD07P", "version": 1, "claim_id": null, "order_id": "order_01JWR1HKJ5CN4ZV00BV7STZSJQ", "return_id": null, "created_at": "2025-06-02T10:03:41.511Z", "deleted_at": null, "updated_at": "2025-06-02T10:03:41.511Z", "exchange_id": null, "shipping_method_id": "ordsm_01JWR1HKJ5EQZNYJP9RB5KEGWM"}, "metadata": null, "order_id": "order_01JWR1HKJ5CN4ZV00BV7STZSJQ", "subtotal": 100, "raw_total": {"value": "100", "precision": 20}, "tax_lines": [{"id": "ordsmtxl_01JWR1HKJ5HNHHMGSAS9786WE2", "code": "", "rate": 0, "total": 0, "raw_rate": {"value": "0", "precision": 20}, "subtotal": 0, "raw_total": {"value": "0", "precision": 20}, "created_at": "2025-06-02T10:03:41.511Z", "deleted_at": null, "updated_at": "2025-06-02T10:03:41.511Z", "description": "Bangladesh", "provider_id": "system", "tax_rate_id": "txr_01JNX8H0S9X07PTNVN7PBW3NXB", "raw_subtotal": {"value": "0", "precision": 20}, "shipping_method_id": "ordsm_01JWR1HKJ5EQZNYJP9RB5KEGWM"}], "tax_total": 0, "created_at": "2025-06-02T10:03:41.511Z", "deleted_at": null, "raw_amount": {"value": "100", "precision": 20}, "updated_at": "2025-06-02T10:03:41.511Z", "adjustments": [], "description": null, "raw_subtotal": {"value": "100", "precision": 20}, "raw_tax_total": {"value": "0", "precision": 20}, "discount_total": 0, "original_total": 100, "is_custom_amount": false, "is_tax_inclusive": false, "discount_subtotal": 0, "discount_tax_total": 0, "original_tax_total": 0, "raw_discount_total": {"value": "0", "precision": 20}, "raw_original_total": {"value": "100", "precision": 20}, "shipping_option_id": "so_01JQ78NHXRGT4Y0G3P1NBCPK48", "raw_discount_subtotal": {"value": "0", "precision": 20}, "raw_discount_tax_total": {"value": "0", "precision": 20}, "raw_original_tax_total": {"value": "0", "precision": 20}}]}}	\N	\N	\N	\N	\N	\N	670468f3-4113-4e84-9511-93e9626a1417	resend	2025-06-02 16:03:41.736+06	2025-06-02 16:03:43.961+06	\N	success
noti_01JWR1GKDGYYX4EZW1TR8EGD7Y	kmosabbir@gmail.com	email	order-status-update	{"order": {"id": "order_01JWR1GJR2GA5WVRGNS1Q6TABW", "email": "kmosabbir@gmail.com", "total": 500, "customer": {"id": "cus_01JWPANFK9ZG6B4PJ4GMTHN7G9", "email": "kmosabbir@gmail.com", "phone": null, "metadata": null, "last_name": null, "created_at": "2025-06-01T18:04:36.842Z", "created_by": null, "deleted_at": null, "first_name": null, "updated_at": "2025-06-01T18:04:36.842Z", "has_account": false, "company_name": null}, "display_id": 25, "customer_id": "cus_01JWPANFK9ZG6B4PJ4GMTHN7G9", "currency_code": "bdt", "shipping_address": {"id": "caaddr_01JWR1GCCFGZBC78JR2B8XYN6M", "city": "Dhaka", "phone": "01829463584", "company": "", "metadata": null, "province": "", "address_1": "314/A Ulon,  Rampura", "address_2": "", "last_name": "Khan", "created_at": "2025-06-02T10:03:01.392Z", "deleted_at": null, "first_name": "Md Mosabbir Hossain", "updated_at": "2025-06-02T10:03:01.392Z", "customer_id": null, "postal_code": "1319", "country_code": "bd"}}, "status": "placed", "isAdmin": true}	\N	\N	\N	\N	\N	\N	b4d6d0ed-e2d9-4f3c-87ae-089b71083761	resend	2025-06-02 16:03:08.592+06	2025-06-02 16:03:11.076+06	\N	success
noti_01JWR1HKS192JS7GB0Q9Q81C76	kmosabbir@gmail.com	email	order-status-update	{"order": {"id": "order_01JWR1HKJ5CN4ZV00BV7STZSJQ", "email": "kmosabbir@gmail.com", "total": 200, "customer": {"id": "cus_01JWPANFK9ZG6B4PJ4GMTHN7G9", "email": "kmosabbir@gmail.com", "phone": null, "metadata": null, "last_name": null, "created_at": "2025-06-01T18:04:36.842Z", "created_by": null, "deleted_at": null, "first_name": null, "updated_at": "2025-06-01T18:04:36.842Z", "has_account": false, "company_name": null}, "display_id": 26, "customer_id": "cus_01JWPANFK9ZG6B4PJ4GMTHN7G9", "currency_code": "bdt", "shipping_address": {"id": "caaddr_01JWR1HDJ4WQ96HJQDWVR1GP6V", "city": "Dhaka", "phone": "01829463584", "company": "", "metadata": null, "province": "", "address_1": "314/A Ulon,  Rampura", "address_2": "", "last_name": "Khan", "created_at": "2025-06-02T10:03:35.364Z", "deleted_at": null, "first_name": "Md Mosabbir Hossain", "updated_at": "2025-06-02T10:03:35.364Z", "customer_id": null, "postal_code": "1319", "country_code": "bd"}}, "status": "placed", "isAdmin": true}	\N	\N	\N	\N	\N	\N	16511470-27a5-41e1-8713-18c75b1daa89	resend	2025-06-02 16:03:41.73+06	2025-06-02 16:03:43.952+06	\N	success
noti_01JWR1HKS1SWWVR0EZ6P40YQAG	kmosabbir@gmail.com	email	order-status-update	{"order": {"id": "order_01JWR1HKJ5CN4ZV00BV7STZSJQ", "email": "kmosabbir@gmail.com", "total": 200, "customer": {"id": "cus_01JWPANFK9ZG6B4PJ4GMTHN7G9", "email": "kmosabbir@gmail.com", "phone": null, "metadata": null, "last_name": null, "created_at": "2025-06-01T18:04:36.842Z", "created_by": null, "deleted_at": null, "first_name": null, "updated_at": "2025-06-01T18:04:36.842Z", "has_account": false, "company_name": null}, "display_id": 26, "customer_id": "cus_01JWPANFK9ZG6B4PJ4GMTHN7G9", "currency_code": "bdt", "shipping_address": {"id": "caaddr_01JWR1HDJ4WQ96HJQDWVR1GP6V", "city": "Dhaka", "phone": "01829463584", "company": "", "metadata": null, "province": "", "address_1": "314/A Ulon,  Rampura", "address_2": "", "last_name": "Khan", "created_at": "2025-06-02T10:03:35.364Z", "deleted_at": null, "first_name": "Md Mosabbir Hossain", "updated_at": "2025-06-02T10:03:35.364Z", "customer_id": null, "postal_code": "1319", "country_code": "bd"}}, "status": "placed"}	\N	\N	\N	\N	\N	\N	39a3f930-9fe7-40c7-88d1-dcd24114870b	resend	2025-06-02 16:03:41.73+06	2025-06-02 16:03:43.952+06	\N	success
noti_01JWR1J9R81P65EWP97CZVP7D6	kmosabbir@gmail.com	email	order-status-update	{"order": {"id": "order_01JMCNJAF43DY64PYCHRR9C2M6", "email": "kmosabbir@gmail.com", "total": 20, "display_id": 1, "customer_id": "cus_01JMCNHZCXE6YRZ1EJE6TVC3J4", "currency_code": "eur", "shipping_address": {"id": "caaddr_01JMCNHZF0KCC7NZ9G8VQ37J68", "city": "Dhaka", "phone": "01829463584", "company": "", "metadata": null, "province": "", "address_1": "314/A Ulon,  Rampura", "address_2": "", "last_name": "Khan", "created_at": "2025-02-18T13:56:57.440Z", "deleted_at": null, "first_name": "Md Mosabbir Hossain", "updated_at": "2025-02-18T13:56:57.440Z", "customer_id": null, "postal_code": "1319", "country_code": "fr"}}, "status": "fulfilled"}	\N	\N	\N	\N	\N	\N	78c518bc-aff5-40ec-81e5-dfda073e624f	resend	2025-06-02 16:04:04.232+06	2025-06-02 16:04:06.032+06	\N	success
noti_01JWR1J9R8GADM6SHDX2SZ57G4	kmosabbir@gmail.com	email	order-status-update	{"order": {"id": "order_01JMCNJAF43DY64PYCHRR9C2M6", "email": "kmosabbir@gmail.com", "total": 20, "display_id": 1, "customer_id": "cus_01JMCNHZCXE6YRZ1EJE6TVC3J4", "currency_code": "eur", "shipping_address": {"id": "caaddr_01JMCNHZF0KCC7NZ9G8VQ37J68", "city": "Dhaka", "phone": "01829463584", "company": "", "metadata": null, "province": "", "address_1": "314/A Ulon,  Rampura", "address_2": "", "last_name": "Khan", "created_at": "2025-02-18T13:56:57.440Z", "deleted_at": null, "first_name": "Md Mosabbir Hossain", "updated_at": "2025-02-18T13:56:57.440Z", "customer_id": null, "postal_code": "1319", "country_code": "fr"}}, "status": "fulfilled", "isAdmin": true}	\N	\N	\N	\N	\N	\N	7a2d4f0f-e552-4775-89c7-04cc9ef0cd34	resend	2025-06-02 16:04:04.232+06	2025-06-02 16:04:06.032+06	\N	success
noti_01JWR3WCQ5V126MXR049KT57P9	kmosabbir@gmail.com	email	order-status-update	{"order": {"id": "order_01JMCNJAF43DY64PYCHRR9C2M6", "email": "kmosabbir@gmail.com", "total": 20, "display_id": 1, "customer_id": "cus_01JMCNHZCXE6YRZ1EJE6TVC3J4", "currency_code": "eur", "shipping_address": {"id": "caaddr_01JMCNHZF0KCC7NZ9G8VQ37J68", "city": "Dhaka", "phone": "01829463584", "company": "", "metadata": null, "province": "", "address_1": "314/A Ulon,  Rampura", "address_2": "", "last_name": "Khan", "created_at": "2025-02-18T13:56:57.440Z", "deleted_at": null, "first_name": "Md Mosabbir Hossain", "updated_at": "2025-02-18T13:56:57.440Z", "customer_id": null, "postal_code": "1319", "country_code": "fr"}}, "status": "fulfilled"}	\N	\N	\N	\N	\N	\N	f0434e12-53fc-4411-b521-dd083a44c50f	resend	2025-06-02 16:44:32.102+06	2025-06-02 16:44:34.152+06	\N	success
noti_01JWR42PMS0DTGG7NDHRRZT618	kmosabbir@gmail.com	email	order-status-update	{"order": {"id": "order_01JWR42N971AWR051NQJ7KPQQF", "email": "kmosabbir@gmail.com", "total": 200, "customer": {"id": "cus_01JWPANFK9ZG6B4PJ4GMTHN7G9", "email": "kmosabbir@gmail.com", "phone": null, "metadata": null, "last_name": null, "created_at": "2025-06-01T18:04:36.842Z", "created_by": null, "deleted_at": null, "first_name": null, "updated_at": "2025-06-01T18:04:36.842Z", "has_account": false, "company_name": null}, "display_id": 27, "customer_id": "cus_01JWPANFK9ZG6B4PJ4GMTHN7G9", "currency_code": "bdt", "shipping_address": {"id": "caaddr_01JWR42ENNEJNF6MMD1QD9CYY7", "city": "Dhaka", "phone": "01829463584", "company": "", "metadata": null, "province": "", "address_1": "314/A Ulon,  Rampura", "address_2": "", "last_name": "Khan", "created_at": "2025-06-02T10:47:50.709Z", "deleted_at": null, "first_name": "Md Mosabbir Hossain", "updated_at": "2025-06-02T10:47:50.709Z", "customer_id": null, "postal_code": "1319", "country_code": "bd"}}, "status": "placed", "isAdmin": true}	\N	\N	\N	\N	\N	\N	25b784d5-a613-482e-ac2c-df118db69dc0	resend	2025-06-02 16:47:58.873+06	2025-06-02 16:48:01.41+06	\N	success
noti_01JWR42PMS3PS6FMDAFBS8G921	kmosabbir@gmail.com	email	order-status-update	{"order": {"id": "order_01JWR42N971AWR051NQJ7KPQQF", "email": "kmosabbir@gmail.com", "total": 200, "customer": {"id": "cus_01JWPANFK9ZG6B4PJ4GMTHN7G9", "email": "kmosabbir@gmail.com", "phone": null, "metadata": null, "last_name": null, "created_at": "2025-06-01T18:04:36.842Z", "created_by": null, "deleted_at": null, "first_name": null, "updated_at": "2025-06-01T18:04:36.842Z", "has_account": false, "company_name": null}, "display_id": 27, "customer_id": "cus_01JWPANFK9ZG6B4PJ4GMTHN7G9", "currency_code": "bdt", "shipping_address": {"id": "caaddr_01JWR42ENNEJNF6MMD1QD9CYY7", "city": "Dhaka", "phone": "01829463584", "company": "", "metadata": null, "province": "", "address_1": "314/A Ulon,  Rampura", "address_2": "", "last_name": "Khan", "created_at": "2025-06-02T10:47:50.709Z", "deleted_at": null, "first_name": "Md Mosabbir Hossain", "updated_at": "2025-06-02T10:47:50.709Z", "customer_id": null, "postal_code": "1319", "country_code": "bd"}}, "status": "placed"}	\N	\N	\N	\N	\N	\N	2e155d1e-4171-4156-aa05-96c73f2fc3fe	resend	2025-06-02 16:47:58.873+06	2025-06-02 16:48:01.41+06	\N	success
noti_01JWR42PMTEHMWH2N1Z243EDVK	kmosabbir@gmail.com	email	order-placed	{"order": {"id": "order_01JWR42N971AWR051NQJ7KPQQF", "email": "kmosabbir@gmail.com", "items": [{"id": "ordli_01JWR42N970NN0780JJKKAGK1H", "title": "Default variant", "total": 100, "detail": {"id": "orditem_01JWR42N98EKNVZFDGC3ZK4WPJ", "item_id": "ordli_01JWR42N970NN0780JJKKAGK1H", "version": 1, "metadata": null, "order_id": "order_01JWR42N971AWR051NQJ7KPQQF", "quantity": 1, "created_at": "2025-06-02T10:47:57.481Z", "deleted_at": null, "unit_price": null, "updated_at": "2025-06-02T10:47:57.481Z", "raw_quantity": {"value": "1", "precision": 20}, "raw_unit_price": null, "shipped_quantity": 0, "delivered_quantity": 0, "fulfilled_quantity": 0, "raw_shipped_quantity": {"value": "0", "precision": 20}, "written_off_quantity": 0, "compare_at_unit_price": null, "raw_delivered_quantity": {"value": "0", "precision": 20}, "raw_fulfilled_quantity": {"value": "0", "precision": 20}, "raw_written_off_quantity": {"value": "0", "precision": 20}, "return_received_quantity": 0, "raw_compare_at_unit_price": null, "return_dismissed_quantity": 0, "return_requested_quantity": 0, "raw_return_received_quantity": {"value": "0", "precision": 20}, "raw_return_dismissed_quantity": {"value": "0", "precision": 20}, "raw_return_requested_quantity": {"value": "0", "precision": 20}}, "metadata": {"ingredients": [{"id": "752decf4-943c-4160-ab7c-5c77a8875761", "name": "Nuts"}, {"id": "9616de63-ea77-43a5-9c41-c1c263a650a7", "name": "Cheese"}]}, "quantity": 1, "subtitle": "123", "subtotal": 100, "raw_total": {"value": "100", "precision": 20}, "tax_lines": [{"id": "ordlitxl_01JWR42N97Y6RW6ZT5GR0BRSCB", "code": "", "rate": 0, "total": 0, "item_id": "ordli_01JWR42N970NN0780JJKKAGK1H", "raw_rate": {"value": "0", "precision": 20}, "subtotal": 0, "raw_total": {"value": "0", "precision": 20}, "created_at": "2025-06-02T10:47:57.482Z", "deleted_at": null, "updated_at": "2025-06-02T10:47:57.482Z", "description": "Bangladesh", "provider_id": "system", "tax_rate_id": "txr_01JNX8H0S9X07PTNVN7PBW3NXB", "raw_subtotal": {"value": "0", "precision": 20}}], "tax_total": 0, "thumbnail": "https://vmalvylbpzudqhkvpcqj.supabase.co/storage/v1/object/public/nufatahs//1-01JVSVCSPN2QQ2WX5XA8JSRBYF.png", "created_at": "2025-06-02T10:47:57.481Z", "deleted_at": null, "product_id": "prod_01JVSVCWS8G20WMS32E5SJ9Q1R", "unit_price": 100, "updated_at": "2025-06-02T10:47:57.481Z", "variant_id": "variant_01JVSVCX65K1ZKGAP91W2MYPWK", "adjustments": [], "variant_sku": null, "product_type": "Pitha", "raw_quantity": {"value": "1", "precision": 20}, "raw_subtotal": {"value": "100", "precision": 20}, "product_title": "123", "raw_tax_total": {"value": "0", "precision": 20}, "shipped_total": 0, "variant_title": "Default variant", "discount_total": 0, "original_total": 100, "product_handle": "123", "raw_unit_price": {"value": "100", "precision": 20}, "fulfilled_total": 0, "is_custom_price": false, "is_discountable": true, "product_type_id": "ptyp_01JNX87TA227NBFF63VMQE8GNR", "variant_barcode": null, "write_off_total": 0, "is_tax_inclusive": false, "product_subtitle": null, "refundable_total": 100, "discount_subtotal": 0, "raw_shipped_total": {"value": "0", "precision": 20}, "requires_shipping": true, "discount_tax_total": 0, "original_tax_total": 0, "product_collection": null, "raw_discount_total": {"value": "0", "precision": 20}, "raw_original_total": {"value": "100", "precision": 20}, "product_description": "wsfasdfdsafsadfsa", "raw_fulfilled_total": {"value": "0", "precision": 20}, "raw_write_off_total": {"value": "0", "precision": 20}, "raw_refundable_total": {"value": "100", "precision": 20}, "compare_at_unit_price": null, "raw_discount_subtotal": {"value": "0", "precision": 20}, "return_received_total": 0, "variant_option_values": null, "raw_discount_tax_total": {"value": "0", "precision": 20}, "raw_original_tax_total": {"value": "0", "precision": 20}, "return_dismissed_total": 0, "return_requested_total": 0, "raw_compare_at_unit_price": null, "raw_return_received_total": {"value": "0", "precision": 20}, "refundable_total_per_unit": 100, "raw_return_dismissed_total": {"value": "0", "precision": 20}, "raw_return_requested_total": {"value": "0", "precision": 20}, "raw_refundable_total_per_unit": {"value": "100", "precision": 20}}], "total": 200, "customer": {"id": "cus_01JWPANFK9ZG6B4PJ4GMTHN7G9", "email": "kmosabbir@gmail.com", "phone": null, "metadata": null, "last_name": null, "created_at": "2025-06-01T18:04:36.842Z", "created_by": null, "deleted_at": null, "first_name": null, "updated_at": "2025-06-01T18:04:36.842Z", "has_account": false, "company_name": null}, "subtotal": 200, "tax_total": 0, "display_id": 27, "item_total": 100, "customer_id": "cus_01JWPANFK9ZG6B4PJ4GMTHN7G9", "currency_code": "bdt", "item_subtotal": 100, "discount_total": 0, "item_tax_total": 0, "shipping_total": 100, "billing_address": {"id": "caaddr_01JWR42ENNMTR34X4G4QFYZPRP", "city": "Dhaka", "phone": "01829463584", "company": "", "metadata": null, "province": "", "address_1": "314/A Ulon,  Rampura", "address_2": "", "last_name": "Khan", "created_at": "2025-06-02T10:47:50.709Z", "deleted_at": null, "first_name": "Md Mosabbir Hossain", "updated_at": "2025-06-02T10:47:50.709Z", "customer_id": null, "postal_code": "1319", "country_code": "bd"}, "shipping_address": {"id": "caaddr_01JWR42ENNEJNF6MMD1QD9CYY7", "city": "Dhaka", "phone": "01829463584", "company": "", "metadata": null, "province": "", "address_1": "314/A Ulon,  Rampura", "address_2": "", "last_name": "Khan", "created_at": "2025-06-02T10:47:50.709Z", "deleted_at": null, "first_name": "Md Mosabbir Hossain", "updated_at": "2025-06-02T10:47:50.709Z", "customer_id": null, "postal_code": "1319", "country_code": "bd"}, "shipping_methods": [{"id": "ordsm_01JWR42N96XQ3PQCT3KCTRHMAN", "data": {}, "name": "Default", "total": 100, "amount": 100, "detail": {"id": "ordspmv_01JWR42N96WKN1V8NGDKM0BF6W", "version": 1, "claim_id": null, "order_id": "order_01JWR42N971AWR051NQJ7KPQQF", "return_id": null, "created_at": "2025-06-02T10:47:57.482Z", "deleted_at": null, "updated_at": "2025-06-02T10:47:57.482Z", "exchange_id": null, "shipping_method_id": "ordsm_01JWR42N96XQ3PQCT3KCTRHMAN"}, "metadata": null, "order_id": "order_01JWR42N971AWR051NQJ7KPQQF", "subtotal": 100, "raw_total": {"value": "100", "precision": 20}, "tax_lines": [{"id": "ordsmtxl_01JWR42N96W17JF3JS20Y9QR3F", "code": "", "rate": 0, "total": 0, "raw_rate": {"value": "0", "precision": 20}, "subtotal": 0, "raw_total": {"value": "0", "precision": 20}, "created_at": "2025-06-02T10:47:57.482Z", "deleted_at": null, "updated_at": "2025-06-02T10:47:57.482Z", "description": "Bangladesh", "provider_id": "system", "tax_rate_id": "txr_01JNX8H0S9X07PTNVN7PBW3NXB", "raw_subtotal": {"value": "0", "precision": 20}, "shipping_method_id": "ordsm_01JWR42N96XQ3PQCT3KCTRHMAN"}], "tax_total": 0, "created_at": "2025-06-02T10:47:57.482Z", "deleted_at": null, "raw_amount": {"value": "100", "precision": 20}, "updated_at": "2025-06-02T10:47:57.482Z", "adjustments": [], "description": null, "raw_subtotal": {"value": "100", "precision": 20}, "raw_tax_total": {"value": "0", "precision": 20}, "discount_total": 0, "original_total": 100, "is_custom_amount": false, "is_tax_inclusive": false, "discount_subtotal": 0, "discount_tax_total": 0, "original_tax_total": 0, "raw_discount_total": {"value": "0", "precision": 20}, "raw_original_total": {"value": "100", "precision": 20}, "shipping_option_id": "so_01JQ78NHXRGT4Y0G3P1NBCPK48", "raw_discount_subtotal": {"value": "0", "precision": 20}, "raw_discount_tax_total": {"value": "0", "precision": 20}, "raw_original_tax_total": {"value": "0", "precision": 20}}]}, "isAdmin": true}	\N	\N	\N	\N	\N	\N	aa6d0fa2-9ae0-4405-9c7b-b0f044bebe52	resend	2025-06-02 16:47:58.875+06	2025-06-02 16:48:01.432+06	\N	success
noti_01JWR42PMTWFTJSJGWTFBM9R66	kmosabbir@gmail.com	email	order-placed	{"order": {"id": "order_01JWR42N971AWR051NQJ7KPQQF", "email": "kmosabbir@gmail.com", "items": [{"id": "ordli_01JWR42N970NN0780JJKKAGK1H", "title": "Default variant", "total": 100, "detail": {"id": "orditem_01JWR42N98EKNVZFDGC3ZK4WPJ", "item_id": "ordli_01JWR42N970NN0780JJKKAGK1H", "version": 1, "metadata": null, "order_id": "order_01JWR42N971AWR051NQJ7KPQQF", "quantity": 1, "created_at": "2025-06-02T10:47:57.481Z", "deleted_at": null, "unit_price": null, "updated_at": "2025-06-02T10:47:57.481Z", "raw_quantity": {"value": "1", "precision": 20}, "raw_unit_price": null, "shipped_quantity": 0, "delivered_quantity": 0, "fulfilled_quantity": 0, "raw_shipped_quantity": {"value": "0", "precision": 20}, "written_off_quantity": 0, "compare_at_unit_price": null, "raw_delivered_quantity": {"value": "0", "precision": 20}, "raw_fulfilled_quantity": {"value": "0", "precision": 20}, "raw_written_off_quantity": {"value": "0", "precision": 20}, "return_received_quantity": 0, "raw_compare_at_unit_price": null, "return_dismissed_quantity": 0, "return_requested_quantity": 0, "raw_return_received_quantity": {"value": "0", "precision": 20}, "raw_return_dismissed_quantity": {"value": "0", "precision": 20}, "raw_return_requested_quantity": {"value": "0", "precision": 20}}, "metadata": {"ingredients": [{"id": "752decf4-943c-4160-ab7c-5c77a8875761", "name": "Nuts"}, {"id": "9616de63-ea77-43a5-9c41-c1c263a650a7", "name": "Cheese"}]}, "quantity": 1, "subtitle": "123", "subtotal": 100, "raw_total": {"value": "100", "precision": 20}, "tax_lines": [{"id": "ordlitxl_01JWR42N97Y6RW6ZT5GR0BRSCB", "code": "", "rate": 0, "total": 0, "item_id": "ordli_01JWR42N970NN0780JJKKAGK1H", "raw_rate": {"value": "0", "precision": 20}, "subtotal": 0, "raw_total": {"value": "0", "precision": 20}, "created_at": "2025-06-02T10:47:57.482Z", "deleted_at": null, "updated_at": "2025-06-02T10:47:57.482Z", "description": "Bangladesh", "provider_id": "system", "tax_rate_id": "txr_01JNX8H0S9X07PTNVN7PBW3NXB", "raw_subtotal": {"value": "0", "precision": 20}}], "tax_total": 0, "thumbnail": "https://vmalvylbpzudqhkvpcqj.supabase.co/storage/v1/object/public/nufatahs//1-01JVSVCSPN2QQ2WX5XA8JSRBYF.png", "created_at": "2025-06-02T10:47:57.481Z", "deleted_at": null, "product_id": "prod_01JVSVCWS8G20WMS32E5SJ9Q1R", "unit_price": 100, "updated_at": "2025-06-02T10:47:57.481Z", "variant_id": "variant_01JVSVCX65K1ZKGAP91W2MYPWK", "adjustments": [], "variant_sku": null, "product_type": "Pitha", "raw_quantity": {"value": "1", "precision": 20}, "raw_subtotal": {"value": "100", "precision": 20}, "product_title": "123", "raw_tax_total": {"value": "0", "precision": 20}, "shipped_total": 0, "variant_title": "Default variant", "discount_total": 0, "original_total": 100, "product_handle": "123", "raw_unit_price": {"value": "100", "precision": 20}, "fulfilled_total": 0, "is_custom_price": false, "is_discountable": true, "product_type_id": "ptyp_01JNX87TA227NBFF63VMQE8GNR", "variant_barcode": null, "write_off_total": 0, "is_tax_inclusive": false, "product_subtitle": null, "refundable_total": 100, "discount_subtotal": 0, "raw_shipped_total": {"value": "0", "precision": 20}, "requires_shipping": true, "discount_tax_total": 0, "original_tax_total": 0, "product_collection": null, "raw_discount_total": {"value": "0", "precision": 20}, "raw_original_total": {"value": "100", "precision": 20}, "product_description": "wsfasdfdsafsadfsa", "raw_fulfilled_total": {"value": "0", "precision": 20}, "raw_write_off_total": {"value": "0", "precision": 20}, "raw_refundable_total": {"value": "100", "precision": 20}, "compare_at_unit_price": null, "raw_discount_subtotal": {"value": "0", "precision": 20}, "return_received_total": 0, "variant_option_values": null, "raw_discount_tax_total": {"value": "0", "precision": 20}, "raw_original_tax_total": {"value": "0", "precision": 20}, "return_dismissed_total": 0, "return_requested_total": 0, "raw_compare_at_unit_price": null, "raw_return_received_total": {"value": "0", "precision": 20}, "refundable_total_per_unit": 100, "raw_return_dismissed_total": {"value": "0", "precision": 20}, "raw_return_requested_total": {"value": "0", "precision": 20}, "raw_refundable_total_per_unit": {"value": "100", "precision": 20}}], "total": 200, "customer": {"id": "cus_01JWPANFK9ZG6B4PJ4GMTHN7G9", "email": "kmosabbir@gmail.com", "phone": null, "metadata": null, "last_name": null, "created_at": "2025-06-01T18:04:36.842Z", "created_by": null, "deleted_at": null, "first_name": null, "updated_at": "2025-06-01T18:04:36.842Z", "has_account": false, "company_name": null}, "subtotal": 200, "tax_total": 0, "display_id": 27, "item_total": 100, "customer_id": "cus_01JWPANFK9ZG6B4PJ4GMTHN7G9", "currency_code": "bdt", "item_subtotal": 100, "discount_total": 0, "item_tax_total": 0, "shipping_total": 100, "billing_address": {"id": "caaddr_01JWR42ENNMTR34X4G4QFYZPRP", "city": "Dhaka", "phone": "01829463584", "company": "", "metadata": null, "province": "", "address_1": "314/A Ulon,  Rampura", "address_2": "", "last_name": "Khan", "created_at": "2025-06-02T10:47:50.709Z", "deleted_at": null, "first_name": "Md Mosabbir Hossain", "updated_at": "2025-06-02T10:47:50.709Z", "customer_id": null, "postal_code": "1319", "country_code": "bd"}, "shipping_address": {"id": "caaddr_01JWR42ENNEJNF6MMD1QD9CYY7", "city": "Dhaka", "phone": "01829463584", "company": "", "metadata": null, "province": "", "address_1": "314/A Ulon,  Rampura", "address_2": "", "last_name": "Khan", "created_at": "2025-06-02T10:47:50.709Z", "deleted_at": null, "first_name": "Md Mosabbir Hossain", "updated_at": "2025-06-02T10:47:50.709Z", "customer_id": null, "postal_code": "1319", "country_code": "bd"}, "shipping_methods": [{"id": "ordsm_01JWR42N96XQ3PQCT3KCTRHMAN", "data": {}, "name": "Default", "total": 100, "amount": 100, "detail": {"id": "ordspmv_01JWR42N96WKN1V8NGDKM0BF6W", "version": 1, "claim_id": null, "order_id": "order_01JWR42N971AWR051NQJ7KPQQF", "return_id": null, "created_at": "2025-06-02T10:47:57.482Z", "deleted_at": null, "updated_at": "2025-06-02T10:47:57.482Z", "exchange_id": null, "shipping_method_id": "ordsm_01JWR42N96XQ3PQCT3KCTRHMAN"}, "metadata": null, "order_id": "order_01JWR42N971AWR051NQJ7KPQQF", "subtotal": 100, "raw_total": {"value": "100", "precision": 20}, "tax_lines": [{"id": "ordsmtxl_01JWR42N96W17JF3JS20Y9QR3F", "code": "", "rate": 0, "total": 0, "raw_rate": {"value": "0", "precision": 20}, "subtotal": 0, "raw_total": {"value": "0", "precision": 20}, "created_at": "2025-06-02T10:47:57.482Z", "deleted_at": null, "updated_at": "2025-06-02T10:47:57.482Z", "description": "Bangladesh", "provider_id": "system", "tax_rate_id": "txr_01JNX8H0S9X07PTNVN7PBW3NXB", "raw_subtotal": {"value": "0", "precision": 20}, "shipping_method_id": "ordsm_01JWR42N96XQ3PQCT3KCTRHMAN"}], "tax_total": 0, "created_at": "2025-06-02T10:47:57.482Z", "deleted_at": null, "raw_amount": {"value": "100", "precision": 20}, "updated_at": "2025-06-02T10:47:57.482Z", "adjustments": [], "description": null, "raw_subtotal": {"value": "100", "precision": 20}, "raw_tax_total": {"value": "0", "precision": 20}, "discount_total": 0, "original_total": 100, "is_custom_amount": false, "is_tax_inclusive": false, "discount_subtotal": 0, "discount_tax_total": 0, "original_tax_total": 0, "raw_discount_total": {"value": "0", "precision": 20}, "raw_original_total": {"value": "100", "precision": 20}, "shipping_option_id": "so_01JQ78NHXRGT4Y0G3P1NBCPK48", "raw_discount_subtotal": {"value": "0", "precision": 20}, "raw_discount_tax_total": {"value": "0", "precision": 20}, "raw_original_tax_total": {"value": "0", "precision": 20}}]}}	\N	\N	\N	\N	\N	\N	a8e5f1e1-bc5d-4878-92d7-3ead781a2a6c	resend	2025-06-02 16:47:58.875+06	2025-06-02 16:48:01.432+06	\N	success
noti_01JWR43B530M8C95JYVFQ4NJT2	kmosabbir@gmail.com	email	order-status-update	{"order": {"id": "order_01JMCNJAF43DY64PYCHRR9C2M6", "email": "kmosabbir@gmail.com", "total": 20, "display_id": 1, "customer_id": "cus_01JMCNHZCXE6YRZ1EJE6TVC3J4", "currency_code": "eur", "shipping_address": {"id": "caaddr_01JMCNHZF0KCC7NZ9G8VQ37J68", "city": "Dhaka", "phone": "01829463584", "company": "", "metadata": null, "province": "", "address_1": "314/A Ulon,  Rampura", "address_2": "", "last_name": "Khan", "created_at": "2025-02-18T13:56:57.440Z", "deleted_at": null, "first_name": "Md Mosabbir Hossain", "updated_at": "2025-02-18T13:56:57.440Z", "customer_id": null, "postal_code": "1319", "country_code": "fr"}}, "status": "fulfilled"}	\N	\N	\N	\N	\N	\N	0314aa34-7f04-49da-a313-5fb80afab78a	resend	2025-06-02 16:48:19.876+06	2025-06-02 16:48:21.616+06	\N	success
noti_01JWR48BY4H2EA81CK509E6GA3	kmosabbir@gmail.com	email	order-status-update	{"order": {"id": "order_01JWR48BMKQGNCY5K5FZFVSNXM", "email": "kmosabbir@gmail.com", "total": 200, "customer": {"id": "cus_01JWPANFK9ZG6B4PJ4GMTHN7G9", "email": "kmosabbir@gmail.com", "phone": null, "metadata": null, "last_name": null, "created_at": "2025-06-01T18:04:36.842Z", "created_by": null, "deleted_at": null, "first_name": null, "updated_at": "2025-06-01T18:04:36.842Z", "has_account": false, "company_name": null}, "display_id": 28, "customer_id": "cus_01JWPANFK9ZG6B4PJ4GMTHN7G9", "currency_code": "bdt", "shipping_address": {"id": "caaddr_01JWR486PQSYYV8CE0301JTQS5", "city": "Dhaka", "phone": "01829463584", "company": "", "metadata": null, "province": "", "address_1": "314/A Ulon,  Rampura", "address_2": "", "last_name": "Khan", "created_at": "2025-06-02T10:50:59.159Z", "deleted_at": null, "first_name": "Md Mosabbir Hossain", "updated_at": "2025-06-02T10:50:59.159Z", "customer_id": null, "postal_code": "1319", "country_code": "bd"}}, "status": "placed", "isAdmin": true}	\N	\N	\N	\N	\N	\N	3e814f23-67c5-411a-8209-26f9443abd36	resend	2025-06-02 16:51:04.516+06	2025-06-02 16:51:06.758+06	\N	success
noti_01JWR48BY53KPQ7B33Z7XBF2XQ	kmosabbir@gmail.com	email	order-placed	{"order": {"id": "order_01JWR48BMKQGNCY5K5FZFVSNXM", "email": "kmosabbir@gmail.com", "items": [{"id": "ordli_01JWR48BMMJ5VCZGYT9FF55Q2R", "title": "Default variant", "total": 100, "detail": {"id": "orditem_01JWR48BMMKFTYP5ATFVF36W7N", "item_id": "ordli_01JWR48BMMJ5VCZGYT9FF55Q2R", "version": 1, "metadata": null, "order_id": "order_01JWR48BMKQGNCY5K5FZFVSNXM", "quantity": 1, "created_at": "2025-06-02T10:51:04.213Z", "deleted_at": null, "unit_price": null, "updated_at": "2025-06-02T10:51:04.213Z", "raw_quantity": {"value": "1", "precision": 20}, "raw_unit_price": null, "shipped_quantity": 0, "delivered_quantity": 0, "fulfilled_quantity": 0, "raw_shipped_quantity": {"value": "0", "precision": 20}, "written_off_quantity": 0, "compare_at_unit_price": null, "raw_delivered_quantity": {"value": "0", "precision": 20}, "raw_fulfilled_quantity": {"value": "0", "precision": 20}, "raw_written_off_quantity": {"value": "0", "precision": 20}, "return_received_quantity": 0, "raw_compare_at_unit_price": null, "return_dismissed_quantity": 0, "return_requested_quantity": 0, "raw_return_received_quantity": {"value": "0", "precision": 20}, "raw_return_dismissed_quantity": {"value": "0", "precision": 20}, "raw_return_requested_quantity": {"value": "0", "precision": 20}}, "metadata": {"ingredients": [{"id": "752decf4-943c-4160-ab7c-5c77a8875761", "name": "Nuts"}, {"id": "9616de63-ea77-43a5-9c41-c1c263a650a7", "name": "Cheese"}]}, "quantity": 1, "subtitle": "123", "subtotal": 100, "raw_total": {"value": "100", "precision": 20}, "tax_lines": [{"id": "ordlitxl_01JWR48BMK15YAVBKQ3FSAQYDR", "code": "", "rate": 0, "total": 0, "item_id": "ordli_01JWR48BMMJ5VCZGYT9FF55Q2R", "raw_rate": {"value": "0", "precision": 20}, "subtotal": 0, "raw_total": {"value": "0", "precision": 20}, "created_at": "2025-06-02T10:51:04.214Z", "deleted_at": null, "updated_at": "2025-06-02T10:51:04.214Z", "description": "Bangladesh", "provider_id": "system", "tax_rate_id": "txr_01JNX8H0S9X07PTNVN7PBW3NXB", "raw_subtotal": {"value": "0", "precision": 20}}], "tax_total": 0, "thumbnail": "https://vmalvylbpzudqhkvpcqj.supabase.co/storage/v1/object/public/nufatahs//1-01JVSVCSPN2QQ2WX5XA8JSRBYF.png", "created_at": "2025-06-02T10:51:04.213Z", "deleted_at": null, "product_id": "prod_01JVSVCWS8G20WMS32E5SJ9Q1R", "unit_price": 100, "updated_at": "2025-06-02T10:51:04.213Z", "variant_id": "variant_01JVSVCX65K1ZKGAP91W2MYPWK", "adjustments": [], "variant_sku": null, "product_type": "Pitha", "raw_quantity": {"value": "1", "precision": 20}, "raw_subtotal": {"value": "100", "precision": 20}, "product_title": "123", "raw_tax_total": {"value": "0", "precision": 20}, "shipped_total": 0, "variant_title": "Default variant", "discount_total": 0, "original_total": 100, "product_handle": "123", "raw_unit_price": {"value": "100", "precision": 20}, "fulfilled_total": 0, "is_custom_price": false, "is_discountable": true, "product_type_id": "ptyp_01JNX87TA227NBFF63VMQE8GNR", "variant_barcode": null, "write_off_total": 0, "is_tax_inclusive": false, "product_subtitle": null, "refundable_total": 100, "discount_subtotal": 0, "raw_shipped_total": {"value": "0", "precision": 20}, "requires_shipping": true, "discount_tax_total": 0, "original_tax_total": 0, "product_collection": null, "raw_discount_total": {"value": "0", "precision": 20}, "raw_original_total": {"value": "100", "precision": 20}, "product_description": "wsfasdfdsafsadfsa", "raw_fulfilled_total": {"value": "0", "precision": 20}, "raw_write_off_total": {"value": "0", "precision": 20}, "raw_refundable_total": {"value": "100", "precision": 20}, "compare_at_unit_price": null, "raw_discount_subtotal": {"value": "0", "precision": 20}, "return_received_total": 0, "variant_option_values": null, "raw_discount_tax_total": {"value": "0", "precision": 20}, "raw_original_tax_total": {"value": "0", "precision": 20}, "return_dismissed_total": 0, "return_requested_total": 0, "raw_compare_at_unit_price": null, "raw_return_received_total": {"value": "0", "precision": 20}, "refundable_total_per_unit": 100, "raw_return_dismissed_total": {"value": "0", "precision": 20}, "raw_return_requested_total": {"value": "0", "precision": 20}, "raw_refundable_total_per_unit": {"value": "100", "precision": 20}}], "total": 200, "customer": {"id": "cus_01JWPANFK9ZG6B4PJ4GMTHN7G9", "email": "kmosabbir@gmail.com", "phone": null, "metadata": null, "last_name": null, "created_at": "2025-06-01T18:04:36.842Z", "created_by": null, "deleted_at": null, "first_name": null, "updated_at": "2025-06-01T18:04:36.842Z", "has_account": false, "company_name": null}, "subtotal": 200, "tax_total": 0, "display_id": 28, "item_total": 100, "customer_id": "cus_01JWPANFK9ZG6B4PJ4GMTHN7G9", "currency_code": "bdt", "item_subtotal": 100, "discount_total": 0, "item_tax_total": 0, "shipping_total": 100, "billing_address": {"id": "caaddr_01JWR486PQYFFMF6QMSPAHFN6T", "city": "Dhaka", "phone": "01829463584", "company": "", "metadata": null, "province": "", "address_1": "314/A Ulon,  Rampura", "address_2": "", "last_name": "Khan", "created_at": "2025-06-02T10:50:59.159Z", "deleted_at": null, "first_name": "Md Mosabbir Hossain", "updated_at": "2025-06-02T10:50:59.159Z", "customer_id": null, "postal_code": "1319", "country_code": "bd"}, "shipping_address": {"id": "caaddr_01JWR486PQSYYV8CE0301JTQS5", "city": "Dhaka", "phone": "01829463584", "company": "", "metadata": null, "province": "", "address_1": "314/A Ulon,  Rampura", "address_2": "", "last_name": "Khan", "created_at": "2025-06-02T10:50:59.159Z", "deleted_at": null, "first_name": "Md Mosabbir Hossain", "updated_at": "2025-06-02T10:50:59.159Z", "customer_id": null, "postal_code": "1319", "country_code": "bd"}, "shipping_methods": [{"id": "ordsm_01JWR48BMKHAYH4Z2XWRKX07DH", "data": {}, "name": "Default", "total": 100, "amount": 100, "detail": {"id": "ordspmv_01JWR48BMK0V2HKEP779Y1M5RP", "version": 1, "claim_id": null, "order_id": "order_01JWR48BMKQGNCY5K5FZFVSNXM", "return_id": null, "created_at": "2025-06-02T10:51:04.213Z", "deleted_at": null, "updated_at": "2025-06-02T10:51:04.213Z", "exchange_id": null, "shipping_method_id": "ordsm_01JWR48BMKHAYH4Z2XWRKX07DH"}, "metadata": null, "order_id": "order_01JWR48BMKQGNCY5K5FZFVSNXM", "subtotal": 100, "raw_total": {"value": "100", "precision": 20}, "tax_lines": [{"id": "ordsmtxl_01JWR48BMKSR14M0XKW8PYM32F", "code": "", "rate": 0, "total": 0, "raw_rate": {"value": "0", "precision": 20}, "subtotal": 0, "raw_total": {"value": "0", "precision": 20}, "created_at": "2025-06-02T10:51:04.214Z", "deleted_at": null, "updated_at": "2025-06-02T10:51:04.214Z", "description": "Bangladesh", "provider_id": "system", "tax_rate_id": "txr_01JNX8H0S9X07PTNVN7PBW3NXB", "raw_subtotal": {"value": "0", "precision": 20}, "shipping_method_id": "ordsm_01JWR48BMKHAYH4Z2XWRKX07DH"}], "tax_total": 0, "created_at": "2025-06-02T10:51:04.213Z", "deleted_at": null, "raw_amount": {"value": "100", "precision": 20}, "updated_at": "2025-06-02T10:51:04.213Z", "adjustments": [], "description": null, "raw_subtotal": {"value": "100", "precision": 20}, "raw_tax_total": {"value": "0", "precision": 20}, "discount_total": 0, "original_total": 100, "is_custom_amount": false, "is_tax_inclusive": false, "discount_subtotal": 0, "discount_tax_total": 0, "original_tax_total": 0, "raw_discount_total": {"value": "0", "precision": 20}, "raw_original_total": {"value": "100", "precision": 20}, "shipping_option_id": "so_01JQ78NHXRGT4Y0G3P1NBCPK48", "raw_discount_subtotal": {"value": "0", "precision": 20}, "raw_discount_tax_total": {"value": "0", "precision": 20}, "raw_original_tax_total": {"value": "0", "precision": 20}}]}, "isAdmin": true}	\N	\N	\N	\N	\N	\N	fe4ab6f3-54a6-4753-b6a1-abdcb244e784	resend	2025-06-02 16:51:04.518+06	2025-06-02 16:51:06.921+06	\N	success
noti_01JWR48BY5ZKJ3K9BDJEX22E4G	kmosabbir@gmail.com	email	order-placed	{"order": {"id": "order_01JWR48BMKQGNCY5K5FZFVSNXM", "email": "kmosabbir@gmail.com", "items": [{"id": "ordli_01JWR48BMMJ5VCZGYT9FF55Q2R", "title": "Default variant", "total": 100, "detail": {"id": "orditem_01JWR48BMMKFTYP5ATFVF36W7N", "item_id": "ordli_01JWR48BMMJ5VCZGYT9FF55Q2R", "version": 1, "metadata": null, "order_id": "order_01JWR48BMKQGNCY5K5FZFVSNXM", "quantity": 1, "created_at": "2025-06-02T10:51:04.213Z", "deleted_at": null, "unit_price": null, "updated_at": "2025-06-02T10:51:04.213Z", "raw_quantity": {"value": "1", "precision": 20}, "raw_unit_price": null, "shipped_quantity": 0, "delivered_quantity": 0, "fulfilled_quantity": 0, "raw_shipped_quantity": {"value": "0", "precision": 20}, "written_off_quantity": 0, "compare_at_unit_price": null, "raw_delivered_quantity": {"value": "0", "precision": 20}, "raw_fulfilled_quantity": {"value": "0", "precision": 20}, "raw_written_off_quantity": {"value": "0", "precision": 20}, "return_received_quantity": 0, "raw_compare_at_unit_price": null, "return_dismissed_quantity": 0, "return_requested_quantity": 0, "raw_return_received_quantity": {"value": "0", "precision": 20}, "raw_return_dismissed_quantity": {"value": "0", "precision": 20}, "raw_return_requested_quantity": {"value": "0", "precision": 20}}, "metadata": {"ingredients": [{"id": "752decf4-943c-4160-ab7c-5c77a8875761", "name": "Nuts"}, {"id": "9616de63-ea77-43a5-9c41-c1c263a650a7", "name": "Cheese"}]}, "quantity": 1, "subtitle": "123", "subtotal": 100, "raw_total": {"value": "100", "precision": 20}, "tax_lines": [{"id": "ordlitxl_01JWR48BMK15YAVBKQ3FSAQYDR", "code": "", "rate": 0, "total": 0, "item_id": "ordli_01JWR48BMMJ5VCZGYT9FF55Q2R", "raw_rate": {"value": "0", "precision": 20}, "subtotal": 0, "raw_total": {"value": "0", "precision": 20}, "created_at": "2025-06-02T10:51:04.214Z", "deleted_at": null, "updated_at": "2025-06-02T10:51:04.214Z", "description": "Bangladesh", "provider_id": "system", "tax_rate_id": "txr_01JNX8H0S9X07PTNVN7PBW3NXB", "raw_subtotal": {"value": "0", "precision": 20}}], "tax_total": 0, "thumbnail": "https://vmalvylbpzudqhkvpcqj.supabase.co/storage/v1/object/public/nufatahs//1-01JVSVCSPN2QQ2WX5XA8JSRBYF.png", "created_at": "2025-06-02T10:51:04.213Z", "deleted_at": null, "product_id": "prod_01JVSVCWS8G20WMS32E5SJ9Q1R", "unit_price": 100, "updated_at": "2025-06-02T10:51:04.213Z", "variant_id": "variant_01JVSVCX65K1ZKGAP91W2MYPWK", "adjustments": [], "variant_sku": null, "product_type": "Pitha", "raw_quantity": {"value": "1", "precision": 20}, "raw_subtotal": {"value": "100", "precision": 20}, "product_title": "123", "raw_tax_total": {"value": "0", "precision": 20}, "shipped_total": 0, "variant_title": "Default variant", "discount_total": 0, "original_total": 100, "product_handle": "123", "raw_unit_price": {"value": "100", "precision": 20}, "fulfilled_total": 0, "is_custom_price": false, "is_discountable": true, "product_type_id": "ptyp_01JNX87TA227NBFF63VMQE8GNR", "variant_barcode": null, "write_off_total": 0, "is_tax_inclusive": false, "product_subtitle": null, "refundable_total": 100, "discount_subtotal": 0, "raw_shipped_total": {"value": "0", "precision": 20}, "requires_shipping": true, "discount_tax_total": 0, "original_tax_total": 0, "product_collection": null, "raw_discount_total": {"value": "0", "precision": 20}, "raw_original_total": {"value": "100", "precision": 20}, "product_description": "wsfasdfdsafsadfsa", "raw_fulfilled_total": {"value": "0", "precision": 20}, "raw_write_off_total": {"value": "0", "precision": 20}, "raw_refundable_total": {"value": "100", "precision": 20}, "compare_at_unit_price": null, "raw_discount_subtotal": {"value": "0", "precision": 20}, "return_received_total": 0, "variant_option_values": null, "raw_discount_tax_total": {"value": "0", "precision": 20}, "raw_original_tax_total": {"value": "0", "precision": 20}, "return_dismissed_total": 0, "return_requested_total": 0, "raw_compare_at_unit_price": null, "raw_return_received_total": {"value": "0", "precision": 20}, "refundable_total_per_unit": 100, "raw_return_dismissed_total": {"value": "0", "precision": 20}, "raw_return_requested_total": {"value": "0", "precision": 20}, "raw_refundable_total_per_unit": {"value": "100", "precision": 20}}], "total": 200, "customer": {"id": "cus_01JWPANFK9ZG6B4PJ4GMTHN7G9", "email": "kmosabbir@gmail.com", "phone": null, "metadata": null, "last_name": null, "created_at": "2025-06-01T18:04:36.842Z", "created_by": null, "deleted_at": null, "first_name": null, "updated_at": "2025-06-01T18:04:36.842Z", "has_account": false, "company_name": null}, "subtotal": 200, "tax_total": 0, "display_id": 28, "item_total": 100, "customer_id": "cus_01JWPANFK9ZG6B4PJ4GMTHN7G9", "currency_code": "bdt", "item_subtotal": 100, "discount_total": 0, "item_tax_total": 0, "shipping_total": 100, "billing_address": {"id": "caaddr_01JWR486PQYFFMF6QMSPAHFN6T", "city": "Dhaka", "phone": "01829463584", "company": "", "metadata": null, "province": "", "address_1": "314/A Ulon,  Rampura", "address_2": "", "last_name": "Khan", "created_at": "2025-06-02T10:50:59.159Z", "deleted_at": null, "first_name": "Md Mosabbir Hossain", "updated_at": "2025-06-02T10:50:59.159Z", "customer_id": null, "postal_code": "1319", "country_code": "bd"}, "shipping_address": {"id": "caaddr_01JWR486PQSYYV8CE0301JTQS5", "city": "Dhaka", "phone": "01829463584", "company": "", "metadata": null, "province": "", "address_1": "314/A Ulon,  Rampura", "address_2": "", "last_name": "Khan", "created_at": "2025-06-02T10:50:59.159Z", "deleted_at": null, "first_name": "Md Mosabbir Hossain", "updated_at": "2025-06-02T10:50:59.159Z", "customer_id": null, "postal_code": "1319", "country_code": "bd"}, "shipping_methods": [{"id": "ordsm_01JWR48BMKHAYH4Z2XWRKX07DH", "data": {}, "name": "Default", "total": 100, "amount": 100, "detail": {"id": "ordspmv_01JWR48BMK0V2HKEP779Y1M5RP", "version": 1, "claim_id": null, "order_id": "order_01JWR48BMKQGNCY5K5FZFVSNXM", "return_id": null, "created_at": "2025-06-02T10:51:04.213Z", "deleted_at": null, "updated_at": "2025-06-02T10:51:04.213Z", "exchange_id": null, "shipping_method_id": "ordsm_01JWR48BMKHAYH4Z2XWRKX07DH"}, "metadata": null, "order_id": "order_01JWR48BMKQGNCY5K5FZFVSNXM", "subtotal": 100, "raw_total": {"value": "100", "precision": 20}, "tax_lines": [{"id": "ordsmtxl_01JWR48BMKSR14M0XKW8PYM32F", "code": "", "rate": 0, "total": 0, "raw_rate": {"value": "0", "precision": 20}, "subtotal": 0, "raw_total": {"value": "0", "precision": 20}, "created_at": "2025-06-02T10:51:04.214Z", "deleted_at": null, "updated_at": "2025-06-02T10:51:04.214Z", "description": "Bangladesh", "provider_id": "system", "tax_rate_id": "txr_01JNX8H0S9X07PTNVN7PBW3NXB", "raw_subtotal": {"value": "0", "precision": 20}, "shipping_method_id": "ordsm_01JWR48BMKHAYH4Z2XWRKX07DH"}], "tax_total": 0, "created_at": "2025-06-02T10:51:04.213Z", "deleted_at": null, "raw_amount": {"value": "100", "precision": 20}, "updated_at": "2025-06-02T10:51:04.213Z", "adjustments": [], "description": null, "raw_subtotal": {"value": "100", "precision": 20}, "raw_tax_total": {"value": "0", "precision": 20}, "discount_total": 0, "original_total": 100, "is_custom_amount": false, "is_tax_inclusive": false, "discount_subtotal": 0, "discount_tax_total": 0, "original_tax_total": 0, "raw_discount_total": {"value": "0", "precision": 20}, "raw_original_total": {"value": "100", "precision": 20}, "shipping_option_id": "so_01JQ78NHXRGT4Y0G3P1NBCPK48", "raw_discount_subtotal": {"value": "0", "precision": 20}, "raw_discount_tax_total": {"value": "0", "precision": 20}, "raw_original_tax_total": {"value": "0", "precision": 20}}]}}	\N	\N	\N	\N	\N	\N	c25a69b0-37bf-4cc0-b69e-df8f0055ccf8	resend	2025-06-02 16:51:04.517+06	2025-06-02 16:51:06.922+06	\N	success
noti_01JWR48BY4JZ3AC9M94DAH2ZTM	kmosabbir@gmail.com	email	order-status-update	{"order": {"id": "order_01JWR48BMKQGNCY5K5FZFVSNXM", "email": "kmosabbir@gmail.com", "total": 200, "customer": {"id": "cus_01JWPANFK9ZG6B4PJ4GMTHN7G9", "email": "kmosabbir@gmail.com", "phone": null, "metadata": null, "last_name": null, "created_at": "2025-06-01T18:04:36.842Z", "created_by": null, "deleted_at": null, "first_name": null, "updated_at": "2025-06-01T18:04:36.842Z", "has_account": false, "company_name": null}, "display_id": 28, "customer_id": "cus_01JWPANFK9ZG6B4PJ4GMTHN7G9", "currency_code": "bdt", "shipping_address": {"id": "caaddr_01JWR486PQSYYV8CE0301JTQS5", "city": "Dhaka", "phone": "01829463584", "company": "", "metadata": null, "province": "", "address_1": "314/A Ulon,  Rampura", "address_2": "", "last_name": "Khan", "created_at": "2025-06-02T10:50:59.159Z", "deleted_at": null, "first_name": "Md Mosabbir Hossain", "updated_at": "2025-06-02T10:50:59.159Z", "customer_id": null, "postal_code": "1319", "country_code": "bd"}}, "status": "placed"}	\N	\N	\N	\N	\N	\N	fb405a53-374d-44a8-a8c5-9f285b87afe5	resend	2025-06-02 16:51:04.516+06	2025-06-02 16:51:06.758+06	\N	success
noti_01JWR4CCHJ3N176R5WRH6KTRAV	kmosabbir@gmail.com	email	order-status-update	{"order": {"id": "order_01JMCNJAF43DY64PYCHRR9C2M6", "email": "kmosabbir@gmail.com", "total": 20, "display_id": 1, "customer_id": "cus_01JMCNHZCXE6YRZ1EJE6TVC3J4", "currency_code": "eur", "shipping_address": {"id": "caaddr_01JMCNHZF0KCC7NZ9G8VQ37J68", "city": "Dhaka", "phone": "01829463584", "company": "", "metadata": null, "province": "", "address_1": "314/A Ulon,  Rampura", "address_2": "", "last_name": "Khan", "created_at": "2025-02-18T13:56:57.440Z", "deleted_at": null, "first_name": "Md Mosabbir Hossain", "updated_at": "2025-02-18T13:56:57.440Z", "customer_id": null, "postal_code": "1319", "country_code": "fr"}}, "status": "fulfilled"}	\N	\N	\N	\N	\N	\N	54af06d0-1a17-4cdd-8e50-0c21b6255447	resend	2025-06-02 16:53:16.21+06	2025-06-02 16:53:18.326+06	\N	success
noti_01JWR4CCHJAQXF9D7J09YCHK3K	kmosabbir@gmail.com	email	order-status-update	{"order": {"id": "order_01JMCNJAF43DY64PYCHRR9C2M6", "email": "kmosabbir@gmail.com", "total": 20, "display_id": 1, "customer_id": "cus_01JMCNHZCXE6YRZ1EJE6TVC3J4", "currency_code": "eur", "shipping_address": {"id": "caaddr_01JMCNHZF0KCC7NZ9G8VQ37J68", "city": "Dhaka", "phone": "01829463584", "company": "", "metadata": null, "province": "", "address_1": "314/A Ulon,  Rampura", "address_2": "", "last_name": "Khan", "created_at": "2025-02-18T13:56:57.440Z", "deleted_at": null, "first_name": "Md Mosabbir Hossain", "updated_at": "2025-02-18T13:56:57.440Z", "customer_id": null, "postal_code": "1319", "country_code": "fr"}}, "status": "fulfilled", "isAdmin": true}	\N	\N	\N	\N	\N	\N	0e2560d2-632c-4782-be87-b1744393556f	resend	2025-06-02 16:53:16.211+06	2025-06-02 16:53:18.326+06	\N	success
noti_01JWR50Q8BG0EBF9ZTK0A1N7CG	kmosabbir@gmail.com	email	order-placed	{"order": {"id": "order_01JWR50PZPNHC1R4KTFGX38K7K", "email": "kmosabbir@gmail.com", "items": [{"id": "ordli_01JWR50PZP2MASGZJ28TN0KP89", "title": "Default variant", "total": 100, "detail": {"id": "orditem_01JWR50PZP8J2FXMT3JW5CYQRX", "item_id": "ordli_01JWR50PZP2MASGZJ28TN0KP89", "version": 1, "metadata": null, "order_id": "order_01JWR50PZPNHC1R4KTFGX38K7K", "quantity": 1, "created_at": "2025-06-02T11:04:22.263Z", "deleted_at": null, "unit_price": null, "updated_at": "2025-06-02T11:04:22.263Z", "raw_quantity": {"value": "1", "precision": 20}, "raw_unit_price": null, "shipped_quantity": 0, "delivered_quantity": 0, "fulfilled_quantity": 0, "raw_shipped_quantity": {"value": "0", "precision": 20}, "written_off_quantity": 0, "compare_at_unit_price": null, "raw_delivered_quantity": {"value": "0", "precision": 20}, "raw_fulfilled_quantity": {"value": "0", "precision": 20}, "raw_written_off_quantity": {"value": "0", "precision": 20}, "return_received_quantity": 0, "raw_compare_at_unit_price": null, "return_dismissed_quantity": 0, "return_requested_quantity": 0, "raw_return_received_quantity": {"value": "0", "precision": 20}, "raw_return_dismissed_quantity": {"value": "0", "precision": 20}, "raw_return_requested_quantity": {"value": "0", "precision": 20}}, "metadata": {"ingredients": [{"id": "752decf4-943c-4160-ab7c-5c77a8875761", "name": "Nuts"}, {"id": "9616de63-ea77-43a5-9c41-c1c263a650a7", "name": "Cheese"}]}, "quantity": 1, "subtitle": "123", "subtotal": 100, "raw_total": {"value": "100", "precision": 20}, "tax_lines": [{"id": "ordlitxl_01JWR50PZPFE3XWQTXW7DEJYN2", "code": "", "rate": 0, "total": 0, "item_id": "ordli_01JWR50PZP2MASGZJ28TN0KP89", "raw_rate": {"value": "0", "precision": 20}, "subtotal": 0, "raw_total": {"value": "0", "precision": 20}, "created_at": "2025-06-02T11:04:22.264Z", "deleted_at": null, "updated_at": "2025-06-02T11:04:22.264Z", "description": "Bangladesh", "provider_id": "system", "tax_rate_id": "txr_01JNX8H0S9X07PTNVN7PBW3NXB", "raw_subtotal": {"value": "0", "precision": 20}}], "tax_total": 0, "thumbnail": "https://vmalvylbpzudqhkvpcqj.supabase.co/storage/v1/object/public/nufatahs//1-01JVSVCSPN2QQ2WX5XA8JSRBYF.png", "created_at": "2025-06-02T11:04:22.263Z", "deleted_at": null, "product_id": "prod_01JVSVCWS8G20WMS32E5SJ9Q1R", "unit_price": 100, "updated_at": "2025-06-02T11:04:22.263Z", "variant_id": "variant_01JVSVCX65K1ZKGAP91W2MYPWK", "adjustments": [], "variant_sku": null, "product_type": "Pitha", "raw_quantity": {"value": "1", "precision": 20}, "raw_subtotal": {"value": "100", "precision": 20}, "product_title": "123", "raw_tax_total": {"value": "0", "precision": 20}, "shipped_total": 0, "variant_title": "Default variant", "discount_total": 0, "original_total": 100, "product_handle": "123", "raw_unit_price": {"value": "100", "precision": 20}, "fulfilled_total": 0, "is_custom_price": false, "is_discountable": true, "product_type_id": "ptyp_01JNX87TA227NBFF63VMQE8GNR", "variant_barcode": null, "write_off_total": 0, "is_tax_inclusive": false, "product_subtitle": null, "refundable_total": 100, "discount_subtotal": 0, "raw_shipped_total": {"value": "0", "precision": 20}, "requires_shipping": true, "discount_tax_total": 0, "original_tax_total": 0, "product_collection": null, "raw_discount_total": {"value": "0", "precision": 20}, "raw_original_total": {"value": "100", "precision": 20}, "product_description": "wsfasdfdsafsadfsa", "raw_fulfilled_total": {"value": "0", "precision": 20}, "raw_write_off_total": {"value": "0", "precision": 20}, "raw_refundable_total": {"value": "100", "precision": 20}, "compare_at_unit_price": null, "raw_discount_subtotal": {"value": "0", "precision": 20}, "return_received_total": 0, "variant_option_values": null, "raw_discount_tax_total": {"value": "0", "precision": 20}, "raw_original_tax_total": {"value": "0", "precision": 20}, "return_dismissed_total": 0, "return_requested_total": 0, "raw_compare_at_unit_price": null, "raw_return_received_total": {"value": "0", "precision": 20}, "refundable_total_per_unit": 100, "raw_return_dismissed_total": {"value": "0", "precision": 20}, "raw_return_requested_total": {"value": "0", "precision": 20}, "raw_refundable_total_per_unit": {"value": "100", "precision": 20}}], "total": 200, "customer": {"id": "cus_01JWPANFK9ZG6B4PJ4GMTHN7G9", "email": "kmosabbir@gmail.com", "phone": null, "metadata": null, "last_name": null, "created_at": "2025-06-01T18:04:36.842Z", "created_by": null, "deleted_at": null, "first_name": null, "updated_at": "2025-06-01T18:04:36.842Z", "has_account": false, "company_name": null}, "subtotal": 200, "tax_total": 0, "display_id": 29, "item_total": 100, "customer_id": "cus_01JWPANFK9ZG6B4PJ4GMTHN7G9", "currency_code": "bdt", "item_subtotal": 100, "discount_total": 0, "item_tax_total": 0, "shipping_total": 100, "billing_address": {"id": "caaddr_01JWR50HVC7HE35QC0Y0KB0RSQ", "city": "Dhaka", "phone": "01829463584", "company": "", "metadata": null, "province": "", "address_1": "314/A Ulon,  Rampura", "address_2": "", "last_name": "Khan", "created_at": "2025-06-02T11:04:17.004Z", "deleted_at": null, "first_name": "Md Mosabbir Hossain", "updated_at": "2025-06-02T11:04:17.004Z", "customer_id": null, "postal_code": "1319", "country_code": "bd"}, "shipping_address": {"id": "caaddr_01JWR50HVCN152JDC3AJDH4PXT", "city": "Dhaka", "phone": "01829463584", "company": "", "metadata": null, "province": "", "address_1": "314/A Ulon,  Rampura", "address_2": "", "last_name": "Khan", "created_at": "2025-06-02T11:04:17.005Z", "deleted_at": null, "first_name": "Md Mosabbir Hossain", "updated_at": "2025-06-02T11:04:17.005Z", "customer_id": null, "postal_code": "1319", "country_code": "bd"}, "shipping_methods": [{"id": "ordsm_01JWR50PZNSHKJ5BNCZ6TVV0K8", "data": {}, "name": "Default", "total": 100, "amount": 100, "detail": {"id": "ordspmv_01JWR50PZN2P9HRK406SKM3PP1", "version": 1, "claim_id": null, "order_id": "order_01JWR50PZPNHC1R4KTFGX38K7K", "return_id": null, "created_at": "2025-06-02T11:04:22.264Z", "deleted_at": null, "updated_at": "2025-06-02T11:04:22.264Z", "exchange_id": null, "shipping_method_id": "ordsm_01JWR50PZNSHKJ5BNCZ6TVV0K8"}, "metadata": null, "order_id": "order_01JWR50PZPNHC1R4KTFGX38K7K", "subtotal": 100, "raw_total": {"value": "100", "precision": 20}, "tax_lines": [{"id": "ordsmtxl_01JWR50PZNZZ4KNE6NVJX440P1", "code": "", "rate": 0, "total": 0, "raw_rate": {"value": "0", "precision": 20}, "subtotal": 0, "raw_total": {"value": "0", "precision": 20}, "created_at": "2025-06-02T11:04:22.264Z", "deleted_at": null, "updated_at": "2025-06-02T11:04:22.264Z", "description": "Bangladesh", "provider_id": "system", "tax_rate_id": "txr_01JNX8H0S9X07PTNVN7PBW3NXB", "raw_subtotal": {"value": "0", "precision": 20}, "shipping_method_id": "ordsm_01JWR50PZNSHKJ5BNCZ6TVV0K8"}], "tax_total": 0, "created_at": "2025-06-02T11:04:22.264Z", "deleted_at": null, "raw_amount": {"value": "100", "precision": 20}, "updated_at": "2025-06-02T11:04:22.264Z", "adjustments": [], "description": null, "raw_subtotal": {"value": "100", "precision": 20}, "raw_tax_total": {"value": "0", "precision": 20}, "discount_total": 0, "original_total": 100, "is_custom_amount": false, "is_tax_inclusive": false, "discount_subtotal": 0, "discount_tax_total": 0, "original_tax_total": 0, "raw_discount_total": {"value": "0", "precision": 20}, "raw_original_total": {"value": "100", "precision": 20}, "shipping_option_id": "so_01JQ78NHXRGT4Y0G3P1NBCPK48", "raw_discount_subtotal": {"value": "0", "precision": 20}, "raw_discount_tax_total": {"value": "0", "precision": 20}, "raw_original_tax_total": {"value": "0", "precision": 20}}]}, "isAdmin": true}	\N	\N	\N	\N	\N	\N	11e5b889-3b69-4abd-a0f9-18e95912b57a	resend	2025-06-02 17:04:22.54+06	2025-06-02 17:04:24.888+06	\N	success
noti_01JWR50Q8BQDCXC9SG15HSNP8P	kmosabbir@gmail.com	email	order-placed	{"order": {"id": "order_01JWR50PZPNHC1R4KTFGX38K7K", "email": "kmosabbir@gmail.com", "items": [{"id": "ordli_01JWR50PZP2MASGZJ28TN0KP89", "title": "Default variant", "total": 100, "detail": {"id": "orditem_01JWR50PZP8J2FXMT3JW5CYQRX", "item_id": "ordli_01JWR50PZP2MASGZJ28TN0KP89", "version": 1, "metadata": null, "order_id": "order_01JWR50PZPNHC1R4KTFGX38K7K", "quantity": 1, "created_at": "2025-06-02T11:04:22.263Z", "deleted_at": null, "unit_price": null, "updated_at": "2025-06-02T11:04:22.263Z", "raw_quantity": {"value": "1", "precision": 20}, "raw_unit_price": null, "shipped_quantity": 0, "delivered_quantity": 0, "fulfilled_quantity": 0, "raw_shipped_quantity": {"value": "0", "precision": 20}, "written_off_quantity": 0, "compare_at_unit_price": null, "raw_delivered_quantity": {"value": "0", "precision": 20}, "raw_fulfilled_quantity": {"value": "0", "precision": 20}, "raw_written_off_quantity": {"value": "0", "precision": 20}, "return_received_quantity": 0, "raw_compare_at_unit_price": null, "return_dismissed_quantity": 0, "return_requested_quantity": 0, "raw_return_received_quantity": {"value": "0", "precision": 20}, "raw_return_dismissed_quantity": {"value": "0", "precision": 20}, "raw_return_requested_quantity": {"value": "0", "precision": 20}}, "metadata": {"ingredients": [{"id": "752decf4-943c-4160-ab7c-5c77a8875761", "name": "Nuts"}, {"id": "9616de63-ea77-43a5-9c41-c1c263a650a7", "name": "Cheese"}]}, "quantity": 1, "subtitle": "123", "subtotal": 100, "raw_total": {"value": "100", "precision": 20}, "tax_lines": [{"id": "ordlitxl_01JWR50PZPFE3XWQTXW7DEJYN2", "code": "", "rate": 0, "total": 0, "item_id": "ordli_01JWR50PZP2MASGZJ28TN0KP89", "raw_rate": {"value": "0", "precision": 20}, "subtotal": 0, "raw_total": {"value": "0", "precision": 20}, "created_at": "2025-06-02T11:04:22.264Z", "deleted_at": null, "updated_at": "2025-06-02T11:04:22.264Z", "description": "Bangladesh", "provider_id": "system", "tax_rate_id": "txr_01JNX8H0S9X07PTNVN7PBW3NXB", "raw_subtotal": {"value": "0", "precision": 20}}], "tax_total": 0, "thumbnail": "https://vmalvylbpzudqhkvpcqj.supabase.co/storage/v1/object/public/nufatahs//1-01JVSVCSPN2QQ2WX5XA8JSRBYF.png", "created_at": "2025-06-02T11:04:22.263Z", "deleted_at": null, "product_id": "prod_01JVSVCWS8G20WMS32E5SJ9Q1R", "unit_price": 100, "updated_at": "2025-06-02T11:04:22.263Z", "variant_id": "variant_01JVSVCX65K1ZKGAP91W2MYPWK", "adjustments": [], "variant_sku": null, "product_type": "Pitha", "raw_quantity": {"value": "1", "precision": 20}, "raw_subtotal": {"value": "100", "precision": 20}, "product_title": "123", "raw_tax_total": {"value": "0", "precision": 20}, "shipped_total": 0, "variant_title": "Default variant", "discount_total": 0, "original_total": 100, "product_handle": "123", "raw_unit_price": {"value": "100", "precision": 20}, "fulfilled_total": 0, "is_custom_price": false, "is_discountable": true, "product_type_id": "ptyp_01JNX87TA227NBFF63VMQE8GNR", "variant_barcode": null, "write_off_total": 0, "is_tax_inclusive": false, "product_subtitle": null, "refundable_total": 100, "discount_subtotal": 0, "raw_shipped_total": {"value": "0", "precision": 20}, "requires_shipping": true, "discount_tax_total": 0, "original_tax_total": 0, "product_collection": null, "raw_discount_total": {"value": "0", "precision": 20}, "raw_original_total": {"value": "100", "precision": 20}, "product_description": "wsfasdfdsafsadfsa", "raw_fulfilled_total": {"value": "0", "precision": 20}, "raw_write_off_total": {"value": "0", "precision": 20}, "raw_refundable_total": {"value": "100", "precision": 20}, "compare_at_unit_price": null, "raw_discount_subtotal": {"value": "0", "precision": 20}, "return_received_total": 0, "variant_option_values": null, "raw_discount_tax_total": {"value": "0", "precision": 20}, "raw_original_tax_total": {"value": "0", "precision": 20}, "return_dismissed_total": 0, "return_requested_total": 0, "raw_compare_at_unit_price": null, "raw_return_received_total": {"value": "0", "precision": 20}, "refundable_total_per_unit": 100, "raw_return_dismissed_total": {"value": "0", "precision": 20}, "raw_return_requested_total": {"value": "0", "precision": 20}, "raw_refundable_total_per_unit": {"value": "100", "precision": 20}}], "total": 200, "customer": {"id": "cus_01JWPANFK9ZG6B4PJ4GMTHN7G9", "email": "kmosabbir@gmail.com", "phone": null, "metadata": null, "last_name": null, "created_at": "2025-06-01T18:04:36.842Z", "created_by": null, "deleted_at": null, "first_name": null, "updated_at": "2025-06-01T18:04:36.842Z", "has_account": false, "company_name": null}, "subtotal": 200, "tax_total": 0, "display_id": 29, "item_total": 100, "customer_id": "cus_01JWPANFK9ZG6B4PJ4GMTHN7G9", "currency_code": "bdt", "item_subtotal": 100, "discount_total": 0, "item_tax_total": 0, "shipping_total": 100, "billing_address": {"id": "caaddr_01JWR50HVC7HE35QC0Y0KB0RSQ", "city": "Dhaka", "phone": "01829463584", "company": "", "metadata": null, "province": "", "address_1": "314/A Ulon,  Rampura", "address_2": "", "last_name": "Khan", "created_at": "2025-06-02T11:04:17.004Z", "deleted_at": null, "first_name": "Md Mosabbir Hossain", "updated_at": "2025-06-02T11:04:17.004Z", "customer_id": null, "postal_code": "1319", "country_code": "bd"}, "shipping_address": {"id": "caaddr_01JWR50HVCN152JDC3AJDH4PXT", "city": "Dhaka", "phone": "01829463584", "company": "", "metadata": null, "province": "", "address_1": "314/A Ulon,  Rampura", "address_2": "", "last_name": "Khan", "created_at": "2025-06-02T11:04:17.005Z", "deleted_at": null, "first_name": "Md Mosabbir Hossain", "updated_at": "2025-06-02T11:04:17.005Z", "customer_id": null, "postal_code": "1319", "country_code": "bd"}, "shipping_methods": [{"id": "ordsm_01JWR50PZNSHKJ5BNCZ6TVV0K8", "data": {}, "name": "Default", "total": 100, "amount": 100, "detail": {"id": "ordspmv_01JWR50PZN2P9HRK406SKM3PP1", "version": 1, "claim_id": null, "order_id": "order_01JWR50PZPNHC1R4KTFGX38K7K", "return_id": null, "created_at": "2025-06-02T11:04:22.264Z", "deleted_at": null, "updated_at": "2025-06-02T11:04:22.264Z", "exchange_id": null, "shipping_method_id": "ordsm_01JWR50PZNSHKJ5BNCZ6TVV0K8"}, "metadata": null, "order_id": "order_01JWR50PZPNHC1R4KTFGX38K7K", "subtotal": 100, "raw_total": {"value": "100", "precision": 20}, "tax_lines": [{"id": "ordsmtxl_01JWR50PZNZZ4KNE6NVJX440P1", "code": "", "rate": 0, "total": 0, "raw_rate": {"value": "0", "precision": 20}, "subtotal": 0, "raw_total": {"value": "0", "precision": 20}, "created_at": "2025-06-02T11:04:22.264Z", "deleted_at": null, "updated_at": "2025-06-02T11:04:22.264Z", "description": "Bangladesh", "provider_id": "system", "tax_rate_id": "txr_01JNX8H0S9X07PTNVN7PBW3NXB", "raw_subtotal": {"value": "0", "precision": 20}, "shipping_method_id": "ordsm_01JWR50PZNSHKJ5BNCZ6TVV0K8"}], "tax_total": 0, "created_at": "2025-06-02T11:04:22.264Z", "deleted_at": null, "raw_amount": {"value": "100", "precision": 20}, "updated_at": "2025-06-02T11:04:22.264Z", "adjustments": [], "description": null, "raw_subtotal": {"value": "100", "precision": 20}, "raw_tax_total": {"value": "0", "precision": 20}, "discount_total": 0, "original_total": 100, "is_custom_amount": false, "is_tax_inclusive": false, "discount_subtotal": 0, "discount_tax_total": 0, "original_tax_total": 0, "raw_discount_total": {"value": "0", "precision": 20}, "raw_original_total": {"value": "100", "precision": 20}, "shipping_option_id": "so_01JQ78NHXRGT4Y0G3P1NBCPK48", "raw_discount_subtotal": {"value": "0", "precision": 20}, "raw_discount_tax_total": {"value": "0", "precision": 20}, "raw_original_tax_total": {"value": "0", "precision": 20}}]}}	\N	\N	\N	\N	\N	\N	305b2dba-1ed2-4e18-950c-9e347ad657be	resend	2025-06-02 17:04:22.54+06	2025-06-02 17:04:24.889+06	\N	success
noti_01JWR50Q89E45BQJBXRX4499HF	kmosabbir@gmail.com	email	order-status-update	{"order": {"id": "order_01JWR50PZPNHC1R4KTFGX38K7K", "email": "kmosabbir@gmail.com", "total": 200, "customer": {"id": "cus_01JWPANFK9ZG6B4PJ4GMTHN7G9", "email": "kmosabbir@gmail.com", "phone": null, "metadata": null, "last_name": null, "created_at": "2025-06-01T18:04:36.842Z", "created_by": null, "deleted_at": null, "first_name": null, "updated_at": "2025-06-01T18:04:36.842Z", "has_account": false, "company_name": null}, "display_id": 29, "customer_id": "cus_01JWPANFK9ZG6B4PJ4GMTHN7G9", "currency_code": "bdt", "shipping_address": {"id": "caaddr_01JWR50HVCN152JDC3AJDH4PXT", "city": "Dhaka", "phone": "01829463584", "company": "", "metadata": null, "province": "", "address_1": "314/A Ulon,  Rampura", "address_2": "", "last_name": "Khan", "created_at": "2025-06-02T11:04:17.005Z", "deleted_at": null, "first_name": "Md Mosabbir Hossain", "updated_at": "2025-06-02T11:04:17.005Z", "customer_id": null, "postal_code": "1319", "country_code": "bd"}}, "status": "placed"}	\N	\N	\N	\N	\N	\N	a1cee80b-5b95-430d-b3a7-8ab03ed2a802	resend	2025-06-02 17:04:22.538+06	2025-06-02 17:04:24.852+06	\N	success
noti_01JWR50Q8AJ5THQ18FPKTP2N03	kmosabbir@gmail.com	email	order-status-update	{"order": {"id": "order_01JWR50PZPNHC1R4KTFGX38K7K", "email": "kmosabbir@gmail.com", "total": 200, "customer": {"id": "cus_01JWPANFK9ZG6B4PJ4GMTHN7G9", "email": "kmosabbir@gmail.com", "phone": null, "metadata": null, "last_name": null, "created_at": "2025-06-01T18:04:36.842Z", "created_by": null, "deleted_at": null, "first_name": null, "updated_at": "2025-06-01T18:04:36.842Z", "has_account": false, "company_name": null}, "display_id": 29, "customer_id": "cus_01JWPANFK9ZG6B4PJ4GMTHN7G9", "currency_code": "bdt", "shipping_address": {"id": "caaddr_01JWR50HVCN152JDC3AJDH4PXT", "city": "Dhaka", "phone": "01829463584", "company": "", "metadata": null, "province": "", "address_1": "314/A Ulon,  Rampura", "address_2": "", "last_name": "Khan", "created_at": "2025-06-02T11:04:17.005Z", "deleted_at": null, "first_name": "Md Mosabbir Hossain", "updated_at": "2025-06-02T11:04:17.005Z", "customer_id": null, "postal_code": "1319", "country_code": "bd"}}, "status": "placed", "isAdmin": true}	\N	\N	\N	\N	\N	\N	cb053cc2-1ea4-4172-b97c-8e97ab5bf89c	resend	2025-06-02 17:04:22.538+06	2025-06-02 17:04:24.852+06	\N	success
noti_01JWR51BHE3NBB9PAMPAC0GTET	kmosabbir@gmail.com	email	order-status-update	{"order": {"id": "order_01JMCNJAF43DY64PYCHRR9C2M6", "email": "kmosabbir@gmail.com", "total": 20, "display_id": 1, "customer_id": "cus_01JMCNHZCXE6YRZ1EJE6TVC3J4", "currency_code": "eur", "shipping_address": {"id": "caaddr_01JMCNHZF0KCC7NZ9G8VQ37J68", "city": "Dhaka", "phone": "01829463584", "company": "", "metadata": null, "province": "", "address_1": "314/A Ulon,  Rampura", "address_2": "", "last_name": "Khan", "created_at": "2025-02-18T13:56:57.440Z", "deleted_at": null, "first_name": "Md Mosabbir Hossain", "updated_at": "2025-02-18T13:56:57.440Z", "customer_id": null, "postal_code": "1319", "country_code": "fr"}}, "status": "fulfilled"}	\N	\N	\N	\N	\N	\N	b54b2d1f-3aaf-4dc2-ae08-43dfb5250407	resend	2025-06-02 17:04:43.31+06	2025-06-02 17:04:45.091+06	\N	success
noti_01JWR51BHEVC7V932DAMQBEKYC	kmosabbir@gmail.com	email	order-status-update	{"order": {"id": "order_01JMCNJAF43DY64PYCHRR9C2M6", "email": "kmosabbir@gmail.com", "total": 20, "display_id": 1, "customer_id": "cus_01JMCNHZCXE6YRZ1EJE6TVC3J4", "currency_code": "eur", "shipping_address": {"id": "caaddr_01JMCNHZF0KCC7NZ9G8VQ37J68", "city": "Dhaka", "phone": "01829463584", "company": "", "metadata": null, "province": "", "address_1": "314/A Ulon,  Rampura", "address_2": "", "last_name": "Khan", "created_at": "2025-02-18T13:56:57.440Z", "deleted_at": null, "first_name": "Md Mosabbir Hossain", "updated_at": "2025-02-18T13:56:57.440Z", "customer_id": null, "postal_code": "1319", "country_code": "fr"}}, "status": "fulfilled", "isAdmin": true}	\N	\N	\N	\N	\N	\N	1df5881b-051e-41ea-808f-0ce02df46ed1	resend	2025-06-02 17:04:43.31+06	2025-06-02 17:04:45.091+06	\N	success
noti_01JWR56XHETFQNWMB713HKMJP3	kmosabbir@gmail.com	email	order-status-update	{"order": {"id": "order_01JWR56X8AP6AP091TMQG56KZJ", "email": "kmosabbir@gmail.com", "total": 200, "customer": {"id": "cus_01JWPANFK9ZG6B4PJ4GMTHN7G9", "email": "kmosabbir@gmail.com", "phone": null, "metadata": null, "last_name": null, "created_at": "2025-06-01T18:04:36.842Z", "created_by": null, "deleted_at": null, "first_name": null, "updated_at": "2025-06-01T18:04:36.842Z", "has_account": false, "company_name": null}, "display_id": 30, "customer_id": "cus_01JWPANFK9ZG6B4PJ4GMTHN7G9", "currency_code": "bdt", "shipping_address": {"id": "caaddr_01JWR56RP7VDEHBDATVHZPF0VF", "city": "Dhaka", "phone": "01829463584", "company": "", "metadata": null, "province": "", "address_1": "314/A Ulon,  Rampura", "address_2": "", "last_name": "Khan", "created_at": "2025-06-02T11:07:40.616Z", "deleted_at": null, "first_name": "Md Mosabbir Hossain", "updated_at": "2025-06-02T11:07:40.616Z", "customer_id": null, "postal_code": "1319", "country_code": "bd"}}, "status": "placed"}	\N	\N	\N	\N	\N	\N	5e1669f5-bed7-4647-87bc-d7fa384c7db4	resend	2025-06-02 17:07:45.582+06	2025-06-02 17:07:47.818+06	\N	success
noti_01JWR56XHEVPV3PYDX2PB3X0ZX	kmosabbir@gmail.com	email	order-status-update	{"order": {"id": "order_01JWR56X8AP6AP091TMQG56KZJ", "email": "kmosabbir@gmail.com", "total": 200, "customer": {"id": "cus_01JWPANFK9ZG6B4PJ4GMTHN7G9", "email": "kmosabbir@gmail.com", "phone": null, "metadata": null, "last_name": null, "created_at": "2025-06-01T18:04:36.842Z", "created_by": null, "deleted_at": null, "first_name": null, "updated_at": "2025-06-01T18:04:36.842Z", "has_account": false, "company_name": null}, "display_id": 30, "customer_id": "cus_01JWPANFK9ZG6B4PJ4GMTHN7G9", "currency_code": "bdt", "shipping_address": {"id": "caaddr_01JWR56RP7VDEHBDATVHZPF0VF", "city": "Dhaka", "phone": "01829463584", "company": "", "metadata": null, "province": "", "address_1": "314/A Ulon,  Rampura", "address_2": "", "last_name": "Khan", "created_at": "2025-06-02T11:07:40.616Z", "deleted_at": null, "first_name": "Md Mosabbir Hossain", "updated_at": "2025-06-02T11:07:40.616Z", "customer_id": null, "postal_code": "1319", "country_code": "bd"}}, "status": "placed", "isAdmin": true}	\N	\N	\N	\N	\N	\N	6c45ec49-6993-4c9e-9407-bdd3bc3f784c	resend	2025-06-02 17:07:45.583+06	2025-06-02 17:07:47.818+06	\N	success
noti_01JWR56XHHYGQHE0AYMFFWGNAR	kmosabbir@gmail.com	email	order-placed	{"order": {"id": "order_01JWR56X8AP6AP091TMQG56KZJ", "email": "kmosabbir@gmail.com", "items": [{"id": "ordli_01JWR56X8C0DF7PQVZ8MXD4C1F", "title": "Default variant", "total": 100, "detail": {"id": "orditem_01JWR56X8DZ5V26T3EBS125Q9B", "item_id": "ordli_01JWR56X8C0DF7PQVZ8MXD4C1F", "version": 1, "metadata": null, "order_id": "order_01JWR56X8AP6AP091TMQG56KZJ", "quantity": 1, "created_at": "2025-06-02T11:07:45.295Z", "deleted_at": null, "unit_price": null, "updated_at": "2025-06-02T11:07:45.295Z", "raw_quantity": {"value": "1", "precision": 20}, "raw_unit_price": null, "shipped_quantity": 0, "delivered_quantity": 0, "fulfilled_quantity": 0, "raw_shipped_quantity": {"value": "0", "precision": 20}, "written_off_quantity": 0, "compare_at_unit_price": null, "raw_delivered_quantity": {"value": "0", "precision": 20}, "raw_fulfilled_quantity": {"value": "0", "precision": 20}, "raw_written_off_quantity": {"value": "0", "precision": 20}, "return_received_quantity": 0, "raw_compare_at_unit_price": null, "return_dismissed_quantity": 0, "return_requested_quantity": 0, "raw_return_received_quantity": {"value": "0", "precision": 20}, "raw_return_dismissed_quantity": {"value": "0", "precision": 20}, "raw_return_requested_quantity": {"value": "0", "precision": 20}}, "metadata": {"ingredients": [{"id": "752decf4-943c-4160-ab7c-5c77a8875761", "name": "Nuts"}, {"id": "9616de63-ea77-43a5-9c41-c1c263a650a7", "name": "Cheese"}]}, "quantity": 1, "subtitle": "123", "subtotal": 100, "raw_total": {"value": "100", "precision": 20}, "tax_lines": [{"id": "ordlitxl_01JWR56X8C73QW8EG6RP1Y1C8J", "code": "", "rate": 0, "total": 0, "item_id": "ordli_01JWR56X8C0DF7PQVZ8MXD4C1F", "raw_rate": {"value": "0", "precision": 20}, "subtotal": 0, "raw_total": {"value": "0", "precision": 20}, "created_at": "2025-06-02T11:07:45.296Z", "deleted_at": null, "updated_at": "2025-06-02T11:07:45.296Z", "description": "Bangladesh", "provider_id": "system", "tax_rate_id": "txr_01JNX8H0S9X07PTNVN7PBW3NXB", "raw_subtotal": {"value": "0", "precision": 20}}], "tax_total": 0, "thumbnail": "https://vmalvylbpzudqhkvpcqj.supabase.co/storage/v1/object/public/nufatahs//1-01JVSVCSPN2QQ2WX5XA8JSRBYF.png", "created_at": "2025-06-02T11:07:45.295Z", "deleted_at": null, "product_id": "prod_01JVSVCWS8G20WMS32E5SJ9Q1R", "unit_price": 100, "updated_at": "2025-06-02T11:07:45.295Z", "variant_id": "variant_01JVSVCX65K1ZKGAP91W2MYPWK", "adjustments": [], "variant_sku": null, "product_type": "Pitha", "raw_quantity": {"value": "1", "precision": 20}, "raw_subtotal": {"value": "100", "precision": 20}, "product_title": "123", "raw_tax_total": {"value": "0", "precision": 20}, "shipped_total": 0, "variant_title": "Default variant", "discount_total": 0, "original_total": 100, "product_handle": "123", "raw_unit_price": {"value": "100", "precision": 20}, "fulfilled_total": 0, "is_custom_price": false, "is_discountable": true, "product_type_id": "ptyp_01JNX87TA227NBFF63VMQE8GNR", "variant_barcode": null, "write_off_total": 0, "is_tax_inclusive": false, "product_subtitle": null, "refundable_total": 100, "discount_subtotal": 0, "raw_shipped_total": {"value": "0", "precision": 20}, "requires_shipping": true, "discount_tax_total": 0, "original_tax_total": 0, "product_collection": null, "raw_discount_total": {"value": "0", "precision": 20}, "raw_original_total": {"value": "100", "precision": 20}, "product_description": "wsfasdfdsafsadfsa", "raw_fulfilled_total": {"value": "0", "precision": 20}, "raw_write_off_total": {"value": "0", "precision": 20}, "raw_refundable_total": {"value": "100", "precision": 20}, "compare_at_unit_price": null, "raw_discount_subtotal": {"value": "0", "precision": 20}, "return_received_total": 0, "variant_option_values": null, "raw_discount_tax_total": {"value": "0", "precision": 20}, "raw_original_tax_total": {"value": "0", "precision": 20}, "return_dismissed_total": 0, "return_requested_total": 0, "raw_compare_at_unit_price": null, "raw_return_received_total": {"value": "0", "precision": 20}, "refundable_total_per_unit": 100, "raw_return_dismissed_total": {"value": "0", "precision": 20}, "raw_return_requested_total": {"value": "0", "precision": 20}, "raw_refundable_total_per_unit": {"value": "100", "precision": 20}}], "total": 200, "customer": {"id": "cus_01JWPANFK9ZG6B4PJ4GMTHN7G9", "email": "kmosabbir@gmail.com", "phone": null, "metadata": null, "last_name": null, "created_at": "2025-06-01T18:04:36.842Z", "created_by": null, "deleted_at": null, "first_name": null, "updated_at": "2025-06-01T18:04:36.842Z", "has_account": false, "company_name": null}, "subtotal": 200, "tax_total": 0, "display_id": 30, "item_total": 100, "customer_id": "cus_01JWPANFK9ZG6B4PJ4GMTHN7G9", "currency_code": "bdt", "item_subtotal": 100, "discount_total": 0, "item_tax_total": 0, "shipping_total": 100, "billing_address": {"id": "caaddr_01JWR56RP7H3YFTBPVDB9AKXMS", "city": "Dhaka", "phone": "01829463584", "company": "", "metadata": null, "province": "", "address_1": "314/A Ulon,  Rampura", "address_2": "", "last_name": "Khan", "created_at": "2025-06-02T11:07:40.616Z", "deleted_at": null, "first_name": "Md Mosabbir Hossain", "updated_at": "2025-06-02T11:07:40.616Z", "customer_id": null, "postal_code": "1319", "country_code": "bd"}, "shipping_address": {"id": "caaddr_01JWR56RP7VDEHBDATVHZPF0VF", "city": "Dhaka", "phone": "01829463584", "company": "", "metadata": null, "province": "", "address_1": "314/A Ulon,  Rampura", "address_2": "", "last_name": "Khan", "created_at": "2025-06-02T11:07:40.616Z", "deleted_at": null, "first_name": "Md Mosabbir Hossain", "updated_at": "2025-06-02T11:07:40.616Z", "customer_id": null, "postal_code": "1319", "country_code": "bd"}, "shipping_methods": [{"id": "ordsm_01JWR56X8ADW84E91FG6EPMD3M", "data": {}, "name": "Default", "total": 100, "amount": 100, "detail": {"id": "ordspmv_01JWR56X8AVWD9FZ1M0YYEBS0E", "version": 1, "claim_id": null, "order_id": "order_01JWR56X8AP6AP091TMQG56KZJ", "return_id": null, "created_at": "2025-06-02T11:07:45.296Z", "deleted_at": null, "updated_at": "2025-06-02T11:07:45.296Z", "exchange_id": null, "shipping_method_id": "ordsm_01JWR56X8ADW84E91FG6EPMD3M"}, "metadata": null, "order_id": "order_01JWR56X8AP6AP091TMQG56KZJ", "subtotal": 100, "raw_total": {"value": "100", "precision": 20}, "tax_lines": [{"id": "ordsmtxl_01JWR56X8A3248QKRS6S9BXH44", "code": "", "rate": 0, "total": 0, "raw_rate": {"value": "0", "precision": 20}, "subtotal": 0, "raw_total": {"value": "0", "precision": 20}, "created_at": "2025-06-02T11:07:45.296Z", "deleted_at": null, "updated_at": "2025-06-02T11:07:45.296Z", "description": "Bangladesh", "provider_id": "system", "tax_rate_id": "txr_01JNX8H0S9X07PTNVN7PBW3NXB", "raw_subtotal": {"value": "0", "precision": 20}, "shipping_method_id": "ordsm_01JWR56X8ADW84E91FG6EPMD3M"}], "tax_total": 0, "created_at": "2025-06-02T11:07:45.295Z", "deleted_at": null, "raw_amount": {"value": "100", "precision": 20}, "updated_at": "2025-06-02T11:07:45.295Z", "adjustments": [], "description": null, "raw_subtotal": {"value": "100", "precision": 20}, "raw_tax_total": {"value": "0", "precision": 20}, "discount_total": 0, "original_total": 100, "is_custom_amount": false, "is_tax_inclusive": false, "discount_subtotal": 0, "discount_tax_total": 0, "original_tax_total": 0, "raw_discount_total": {"value": "0", "precision": 20}, "raw_original_total": {"value": "100", "precision": 20}, "shipping_option_id": "so_01JQ78NHXRGT4Y0G3P1NBCPK48", "raw_discount_subtotal": {"value": "0", "precision": 20}, "raw_discount_tax_total": {"value": "0", "precision": 20}, "raw_original_tax_total": {"value": "0", "precision": 20}}]}}	\N	\N	\N	\N	\N	\N	681363cd-ca6d-4f3c-b762-94085229e5e5	resend	2025-06-02 17:07:45.585+06	2025-06-02 17:07:47.86+06	\N	success
noti_01JWR580V74RH0QPAVVV8FZPK7	kmosabbir@gmail.com	email	order-status-update	{"order": {"id": "order_01JMCNJAF43DY64PYCHRR9C2M6", "email": "kmosabbir@gmail.com", "total": 20, "display_id": 1, "customer_id": "cus_01JMCNHZCXE6YRZ1EJE6TVC3J4", "currency_code": "eur", "shipping_address": {"id": "caaddr_01JMCNHZF0KCC7NZ9G8VQ37J68", "city": "Dhaka", "phone": "01829463584", "company": "", "metadata": null, "province": "", "address_1": "314/A Ulon,  Rampura", "address_2": "", "last_name": "Khan", "created_at": "2025-02-18T13:56:57.440Z", "deleted_at": null, "first_name": "Md Mosabbir Hossain", "updated_at": "2025-02-18T13:56:57.440Z", "customer_id": null, "postal_code": "1319", "country_code": "fr"}}, "status": "fulfilled"}	\N	\N	\N	\N	\N	\N	1c9b28ee-5fe1-4d52-bc56-0c0ba2657904	resend	2025-06-02 17:08:21.736+06	2025-06-02 17:08:23.668+06	\N	success
noti_01JWR580V7JCE4B7W4509JDV3R	kmosabbir@gmail.com	email	order-status-update	{"order": {"id": "order_01JMCNJAF43DY64PYCHRR9C2M6", "email": "kmosabbir@gmail.com", "total": 20, "display_id": 1, "customer_id": "cus_01JMCNHZCXE6YRZ1EJE6TVC3J4", "currency_code": "eur", "shipping_address": {"id": "caaddr_01JMCNHZF0KCC7NZ9G8VQ37J68", "city": "Dhaka", "phone": "01829463584", "company": "", "metadata": null, "province": "", "address_1": "314/A Ulon,  Rampura", "address_2": "", "last_name": "Khan", "created_at": "2025-02-18T13:56:57.440Z", "deleted_at": null, "first_name": "Md Mosabbir Hossain", "updated_at": "2025-02-18T13:56:57.440Z", "customer_id": null, "postal_code": "1319", "country_code": "fr"}}, "status": "fulfilled", "isAdmin": true}	\N	\N	\N	\N	\N	\N	620ce2c4-e8f4-4b93-a4c1-66a110868535	resend	2025-06-02 17:08:21.736+06	2025-06-02 17:08:23.668+06	\N	success
noti_01JWR6GFZJDHAN0MY4NDB9Y4YG	mosabbir.fwd@gmail.com	email	order-placed	{"order": {"id": "order_01JWR6GFQY8KPNJD14T7RAS358", "email": "mosabbir.fwd@gmail.com", "items": [{"id": "ordli_01JWR6GFQZ9NWW57RGKH612GDY", "title": "Default variant", "total": 100, "detail": {"id": "orditem_01JWR6GFR0NP9KDBND89CVDGDZ", "item_id": "ordli_01JWR6GFQZ9NWW57RGKH612GDY", "version": 1, "metadata": null, "order_id": "order_01JWR6GFQY8KPNJD14T7RAS358", "quantity": 1, "created_at": "2025-06-02T11:30:27.713Z", "deleted_at": null, "unit_price": null, "updated_at": "2025-06-02T11:30:27.713Z", "raw_quantity": {"value": "1", "precision": 20}, "raw_unit_price": null, "shipped_quantity": 0, "delivered_quantity": 0, "fulfilled_quantity": 0, "raw_shipped_quantity": {"value": "0", "precision": 20}, "written_off_quantity": 0, "compare_at_unit_price": null, "raw_delivered_quantity": {"value": "0", "precision": 20}, "raw_fulfilled_quantity": {"value": "0", "precision": 20}, "raw_written_off_quantity": {"value": "0", "precision": 20}, "return_received_quantity": 0, "raw_compare_at_unit_price": null, "return_dismissed_quantity": 0, "return_requested_quantity": 0, "raw_return_received_quantity": {"value": "0", "precision": 20}, "raw_return_dismissed_quantity": {"value": "0", "precision": 20}, "raw_return_requested_quantity": {"value": "0", "precision": 20}}, "metadata": {"ingredients": [{"id": "752decf4-943c-4160-ab7c-5c77a8875761", "name": "Nuts"}, {"id": "9616de63-ea77-43a5-9c41-c1c263a650a7", "name": "Cheese"}]}, "quantity": 1, "subtitle": "123", "subtotal": 100, "raw_total": {"value": "100", "precision": 20}, "tax_lines": [{"id": "ordlitxl_01JWR6GFQZBS0MRT880Y6MKKKW", "code": "", "rate": 0, "total": 0, "item_id": "ordli_01JWR6GFQZ9NWW57RGKH612GDY", "raw_rate": {"value": "0", "precision": 20}, "subtotal": 0, "raw_total": {"value": "0", "precision": 20}, "created_at": "2025-06-02T11:30:27.714Z", "deleted_at": null, "updated_at": "2025-06-02T11:30:27.714Z", "description": "Bangladesh", "provider_id": "system", "tax_rate_id": "txr_01JNX8H0S9X07PTNVN7PBW3NXB", "raw_subtotal": {"value": "0", "precision": 20}}], "tax_total": 0, "thumbnail": "https://vmalvylbpzudqhkvpcqj.supabase.co/storage/v1/object/public/nufatahs//1-01JVSVCSPN2QQ2WX5XA8JSRBYF.png", "created_at": "2025-06-02T11:30:27.713Z", "deleted_at": null, "product_id": "prod_01JVSVCWS8G20WMS32E5SJ9Q1R", "unit_price": 100, "updated_at": "2025-06-02T11:30:27.713Z", "variant_id": "variant_01JVSVCX65K1ZKGAP91W2MYPWK", "adjustments": [], "variant_sku": null, "product_type": "Pitha", "raw_quantity": {"value": "1", "precision": 20}, "raw_subtotal": {"value": "100", "precision": 20}, "product_title": "123", "raw_tax_total": {"value": "0", "precision": 20}, "shipped_total": 0, "variant_title": "Default variant", "discount_total": 0, "original_total": 100, "product_handle": "123", "raw_unit_price": {"value": "100", "precision": 20}, "fulfilled_total": 0, "is_custom_price": false, "is_discountable": true, "product_type_id": "ptyp_01JNX87TA227NBFF63VMQE8GNR", "variant_barcode": null, "write_off_total": 0, "is_tax_inclusive": false, "product_subtitle": null, "refundable_total": 100, "discount_subtotal": 0, "raw_shipped_total": {"value": "0", "precision": 20}, "requires_shipping": true, "discount_tax_total": 0, "original_tax_total": 0, "product_collection": null, "raw_discount_total": {"value": "0", "precision": 20}, "raw_original_total": {"value": "100", "precision": 20}, "product_description": "wsfasdfdsafsadfsa", "raw_fulfilled_total": {"value": "0", "precision": 20}, "raw_write_off_total": {"value": "0", "precision": 20}, "raw_refundable_total": {"value": "100", "precision": 20}, "compare_at_unit_price": null, "raw_discount_subtotal": {"value": "0", "precision": 20}, "return_received_total": 0, "variant_option_values": null, "raw_discount_tax_total": {"value": "0", "precision": 20}, "raw_original_tax_total": {"value": "0", "precision": 20}, "return_dismissed_total": 0, "return_requested_total": 0, "raw_compare_at_unit_price": null, "raw_return_received_total": {"value": "0", "precision": 20}, "refundable_total_per_unit": 100, "raw_return_dismissed_total": {"value": "0", "precision": 20}, "raw_return_requested_total": {"value": "0", "precision": 20}, "raw_refundable_total_per_unit": {"value": "100", "precision": 20}}], "total": 200, "customer": {"id": "cus_01JWBW38ZSRJMBDTA8VKVZSE3A", "email": "mosabbir.fwd@gmail.com", "phone": "01829463584", "metadata": null, "last_name": "Khan", "created_at": "2025-05-28T16:37:35.865Z", "created_by": null, "deleted_at": null, "first_name": "Salam", "updated_at": "2025-05-28T16:37:35.865Z", "has_account": true, "company_name": null}, "subtotal": 200, "tax_total": 0, "display_id": 31, "item_total": 100, "customer_id": "cus_01JWBW38ZSRJMBDTA8VKVZSE3A", "currency_code": "bdt", "item_subtotal": 100, "discount_total": 0, "item_tax_total": 0, "shipping_total": 100, "billing_address": {"id": "caaddr_01JWR6GB1YM8B45AE77DN8AMH9", "city": "Dhaka", "phone": "01829463584", "company": "", "metadata": null, "province": "", "address_1": "314/A Ulon,  Rampura", "address_2": "", "last_name": "Khan", "created_at": "2025-06-02T11:30:22.910Z", "deleted_at": null, "first_name": "Md Mosabbir Hossain", "updated_at": "2025-06-02T11:30:22.910Z", "customer_id": null, "postal_code": "1319", "country_code": "bd"}, "shipping_address": {"id": "caaddr_01JWR6GB1Y01ZQWYR4R7Z2SJMG", "city": "Dhaka", "phone": "01829463584", "company": "", "metadata": null, "province": "", "address_1": "314/A Ulon,  Rampura", "address_2": "", "last_name": "Khan", "created_at": "2025-06-02T11:30:22.910Z", "deleted_at": null, "first_name": "Md Mosabbir Hossain", "updated_at": "2025-06-02T11:30:22.910Z", "customer_id": null, "postal_code": "1319", "country_code": "bd"}, "shipping_methods": [{"id": "ordsm_01JWR6GFQX0REP7RX819NTKWYH", "data": {}, "name": "Default", "total": 100, "amount": 100, "detail": {"id": "ordspmv_01JWR6GFQXZKBD0EVMG3NSN5ZD", "version": 1, "claim_id": null, "order_id": "order_01JWR6GFQY8KPNJD14T7RAS358", "return_id": null, "created_at": "2025-06-02T11:30:27.714Z", "deleted_at": null, "updated_at": "2025-06-02T11:30:27.714Z", "exchange_id": null, "shipping_method_id": "ordsm_01JWR6GFQX0REP7RX819NTKWYH"}, "metadata": null, "order_id": "order_01JWR6GFQY8KPNJD14T7RAS358", "subtotal": 100, "raw_total": {"value": "100", "precision": 20}, "tax_lines": [{"id": "ordsmtxl_01JWR6GFQX8HQWVAAXVWVBMAQF", "code": "", "rate": 0, "total": 0, "raw_rate": {"value": "0", "precision": 20}, "subtotal": 0, "raw_total": {"value": "0", "precision": 20}, "created_at": "2025-06-02T11:30:27.714Z", "deleted_at": null, "updated_at": "2025-06-02T11:30:27.714Z", "description": "Bangladesh", "provider_id": "system", "tax_rate_id": "txr_01JNX8H0S9X07PTNVN7PBW3NXB", "raw_subtotal": {"value": "0", "precision": 20}, "shipping_method_id": "ordsm_01JWR6GFQX0REP7RX819NTKWYH"}], "tax_total": 0, "created_at": "2025-06-02T11:30:27.714Z", "deleted_at": null, "raw_amount": {"value": "100", "precision": 20}, "updated_at": "2025-06-02T11:30:27.714Z", "adjustments": [], "description": null, "raw_subtotal": {"value": "100", "precision": 20}, "raw_tax_total": {"value": "0", "precision": 20}, "discount_total": 0, "original_total": 100, "is_custom_amount": false, "is_tax_inclusive": false, "discount_subtotal": 0, "discount_tax_total": 0, "original_tax_total": 0, "raw_discount_total": {"value": "0", "precision": 20}, "raw_original_total": {"value": "100", "precision": 20}, "shipping_option_id": "so_01JQ78NHXRGT4Y0G3P1NBCPK48", "raw_discount_subtotal": {"value": "0", "precision": 20}, "raw_discount_tax_total": {"value": "0", "precision": 20}, "raw_original_tax_total": {"value": "0", "precision": 20}}]}}	\N	\N	\N	\N	\N	\N	\N	resend	2025-06-02 17:30:27.954+06	2025-06-02 17:30:30.14+06	\N	success
noti_01JWR6GFZJMW8EX7ZMYTVM3R6S	kmosabbir@gmail.com	email	order-placed	{"order": {"id": "order_01JWR6GFQY8KPNJD14T7RAS358", "email": "mosabbir.fwd@gmail.com", "items": [{"id": "ordli_01JWR6GFQZ9NWW57RGKH612GDY", "title": "Default variant", "total": 100, "detail": {"id": "orditem_01JWR6GFR0NP9KDBND89CVDGDZ", "item_id": "ordli_01JWR6GFQZ9NWW57RGKH612GDY", "version": 1, "metadata": null, "order_id": "order_01JWR6GFQY8KPNJD14T7RAS358", "quantity": 1, "created_at": "2025-06-02T11:30:27.713Z", "deleted_at": null, "unit_price": null, "updated_at": "2025-06-02T11:30:27.713Z", "raw_quantity": {"value": "1", "precision": 20}, "raw_unit_price": null, "shipped_quantity": 0, "delivered_quantity": 0, "fulfilled_quantity": 0, "raw_shipped_quantity": {"value": "0", "precision": 20}, "written_off_quantity": 0, "compare_at_unit_price": null, "raw_delivered_quantity": {"value": "0", "precision": 20}, "raw_fulfilled_quantity": {"value": "0", "precision": 20}, "raw_written_off_quantity": {"value": "0", "precision": 20}, "return_received_quantity": 0, "raw_compare_at_unit_price": null, "return_dismissed_quantity": 0, "return_requested_quantity": 0, "raw_return_received_quantity": {"value": "0", "precision": 20}, "raw_return_dismissed_quantity": {"value": "0", "precision": 20}, "raw_return_requested_quantity": {"value": "0", "precision": 20}}, "metadata": {"ingredients": [{"id": "752decf4-943c-4160-ab7c-5c77a8875761", "name": "Nuts"}, {"id": "9616de63-ea77-43a5-9c41-c1c263a650a7", "name": "Cheese"}]}, "quantity": 1, "subtitle": "123", "subtotal": 100, "raw_total": {"value": "100", "precision": 20}, "tax_lines": [{"id": "ordlitxl_01JWR6GFQZBS0MRT880Y6MKKKW", "code": "", "rate": 0, "total": 0, "item_id": "ordli_01JWR6GFQZ9NWW57RGKH612GDY", "raw_rate": {"value": "0", "precision": 20}, "subtotal": 0, "raw_total": {"value": "0", "precision": 20}, "created_at": "2025-06-02T11:30:27.714Z", "deleted_at": null, "updated_at": "2025-06-02T11:30:27.714Z", "description": "Bangladesh", "provider_id": "system", "tax_rate_id": "txr_01JNX8H0S9X07PTNVN7PBW3NXB", "raw_subtotal": {"value": "0", "precision": 20}}], "tax_total": 0, "thumbnail": "https://vmalvylbpzudqhkvpcqj.supabase.co/storage/v1/object/public/nufatahs//1-01JVSVCSPN2QQ2WX5XA8JSRBYF.png", "created_at": "2025-06-02T11:30:27.713Z", "deleted_at": null, "product_id": "prod_01JVSVCWS8G20WMS32E5SJ9Q1R", "unit_price": 100, "updated_at": "2025-06-02T11:30:27.713Z", "variant_id": "variant_01JVSVCX65K1ZKGAP91W2MYPWK", "adjustments": [], "variant_sku": null, "product_type": "Pitha", "raw_quantity": {"value": "1", "precision": 20}, "raw_subtotal": {"value": "100", "precision": 20}, "product_title": "123", "raw_tax_total": {"value": "0", "precision": 20}, "shipped_total": 0, "variant_title": "Default variant", "discount_total": 0, "original_total": 100, "product_handle": "123", "raw_unit_price": {"value": "100", "precision": 20}, "fulfilled_total": 0, "is_custom_price": false, "is_discountable": true, "product_type_id": "ptyp_01JNX87TA227NBFF63VMQE8GNR", "variant_barcode": null, "write_off_total": 0, "is_tax_inclusive": false, "product_subtitle": null, "refundable_total": 100, "discount_subtotal": 0, "raw_shipped_total": {"value": "0", "precision": 20}, "requires_shipping": true, "discount_tax_total": 0, "original_tax_total": 0, "product_collection": null, "raw_discount_total": {"value": "0", "precision": 20}, "raw_original_total": {"value": "100", "precision": 20}, "product_description": "wsfasdfdsafsadfsa", "raw_fulfilled_total": {"value": "0", "precision": 20}, "raw_write_off_total": {"value": "0", "precision": 20}, "raw_refundable_total": {"value": "100", "precision": 20}, "compare_at_unit_price": null, "raw_discount_subtotal": {"value": "0", "precision": 20}, "return_received_total": 0, "variant_option_values": null, "raw_discount_tax_total": {"value": "0", "precision": 20}, "raw_original_tax_total": {"value": "0", "precision": 20}, "return_dismissed_total": 0, "return_requested_total": 0, "raw_compare_at_unit_price": null, "raw_return_received_total": {"value": "0", "precision": 20}, "refundable_total_per_unit": 100, "raw_return_dismissed_total": {"value": "0", "precision": 20}, "raw_return_requested_total": {"value": "0", "precision": 20}, "raw_refundable_total_per_unit": {"value": "100", "precision": 20}}], "total": 200, "customer": {"id": "cus_01JWBW38ZSRJMBDTA8VKVZSE3A", "email": "mosabbir.fwd@gmail.com", "phone": "01829463584", "metadata": null, "last_name": "Khan", "created_at": "2025-05-28T16:37:35.865Z", "created_by": null, "deleted_at": null, "first_name": "Salam", "updated_at": "2025-05-28T16:37:35.865Z", "has_account": true, "company_name": null}, "subtotal": 200, "tax_total": 0, "display_id": 31, "item_total": 100, "customer_id": "cus_01JWBW38ZSRJMBDTA8VKVZSE3A", "currency_code": "bdt", "item_subtotal": 100, "discount_total": 0, "item_tax_total": 0, "shipping_total": 100, "billing_address": {"id": "caaddr_01JWR6GB1YM8B45AE77DN8AMH9", "city": "Dhaka", "phone": "01829463584", "company": "", "metadata": null, "province": "", "address_1": "314/A Ulon,  Rampura", "address_2": "", "last_name": "Khan", "created_at": "2025-06-02T11:30:22.910Z", "deleted_at": null, "first_name": "Md Mosabbir Hossain", "updated_at": "2025-06-02T11:30:22.910Z", "customer_id": null, "postal_code": "1319", "country_code": "bd"}, "shipping_address": {"id": "caaddr_01JWR6GB1Y01ZQWYR4R7Z2SJMG", "city": "Dhaka", "phone": "01829463584", "company": "", "metadata": null, "province": "", "address_1": "314/A Ulon,  Rampura", "address_2": "", "last_name": "Khan", "created_at": "2025-06-02T11:30:22.910Z", "deleted_at": null, "first_name": "Md Mosabbir Hossain", "updated_at": "2025-06-02T11:30:22.910Z", "customer_id": null, "postal_code": "1319", "country_code": "bd"}, "shipping_methods": [{"id": "ordsm_01JWR6GFQX0REP7RX819NTKWYH", "data": {}, "name": "Default", "total": 100, "amount": 100, "detail": {"id": "ordspmv_01JWR6GFQXZKBD0EVMG3NSN5ZD", "version": 1, "claim_id": null, "order_id": "order_01JWR6GFQY8KPNJD14T7RAS358", "return_id": null, "created_at": "2025-06-02T11:30:27.714Z", "deleted_at": null, "updated_at": "2025-06-02T11:30:27.714Z", "exchange_id": null, "shipping_method_id": "ordsm_01JWR6GFQX0REP7RX819NTKWYH"}, "metadata": null, "order_id": "order_01JWR6GFQY8KPNJD14T7RAS358", "subtotal": 100, "raw_total": {"value": "100", "precision": 20}, "tax_lines": [{"id": "ordsmtxl_01JWR6GFQX8HQWVAAXVWVBMAQF", "code": "", "rate": 0, "total": 0, "raw_rate": {"value": "0", "precision": 20}, "subtotal": 0, "raw_total": {"value": "0", "precision": 20}, "created_at": "2025-06-02T11:30:27.714Z", "deleted_at": null, "updated_at": "2025-06-02T11:30:27.714Z", "description": "Bangladesh", "provider_id": "system", "tax_rate_id": "txr_01JNX8H0S9X07PTNVN7PBW3NXB", "raw_subtotal": {"value": "0", "precision": 20}, "shipping_method_id": "ordsm_01JWR6GFQX0REP7RX819NTKWYH"}], "tax_total": 0, "created_at": "2025-06-02T11:30:27.714Z", "deleted_at": null, "raw_amount": {"value": "100", "precision": 20}, "updated_at": "2025-06-02T11:30:27.714Z", "adjustments": [], "description": null, "raw_subtotal": {"value": "100", "precision": 20}, "raw_tax_total": {"value": "0", "precision": 20}, "discount_total": 0, "original_total": 100, "is_custom_amount": false, "is_tax_inclusive": false, "discount_subtotal": 0, "discount_tax_total": 0, "original_tax_total": 0, "raw_discount_total": {"value": "0", "precision": 20}, "raw_original_total": {"value": "100", "precision": 20}, "shipping_option_id": "so_01JQ78NHXRGT4Y0G3P1NBCPK48", "raw_discount_subtotal": {"value": "0", "precision": 20}, "raw_discount_tax_total": {"value": "0", "precision": 20}, "raw_original_tax_total": {"value": "0", "precision": 20}}]}, "isAdmin": true}	\N	\N	\N	\N	\N	\N	ec30a081-1aa4-48e5-b749-de87cf3c88ed	resend	2025-06-02 17:30:27.954+06	2025-06-02 17:30:30.141+06	\N	success
noti_01JWR6GFZGNCCFYRYA8B90TKZK	kmosabbir@gmail.com	email	order-status-update	{"order": {"id": "order_01JWR6GFQY8KPNJD14T7RAS358", "email": "mosabbir.fwd@gmail.com", "total": 200, "customer": {"id": "cus_01JWBW38ZSRJMBDTA8VKVZSE3A", "email": "mosabbir.fwd@gmail.com", "phone": "01829463584", "metadata": null, "last_name": "Khan", "created_at": "2025-05-28T16:37:35.865Z", "created_by": null, "deleted_at": null, "first_name": "Salam", "updated_at": "2025-05-28T16:37:35.865Z", "has_account": true, "company_name": null}, "display_id": 31, "customer_id": "cus_01JWBW38ZSRJMBDTA8VKVZSE3A", "currency_code": "bdt", "shipping_address": {"id": "caaddr_01JWR6GB1Y01ZQWYR4R7Z2SJMG", "city": "Dhaka", "phone": "01829463584", "company": "", "metadata": null, "province": "", "address_1": "314/A Ulon,  Rampura", "address_2": "", "last_name": "Khan", "created_at": "2025-06-02T11:30:22.910Z", "deleted_at": null, "first_name": "Md Mosabbir Hossain", "updated_at": "2025-06-02T11:30:22.910Z", "customer_id": null, "postal_code": "1319", "country_code": "bd"}}, "status": "placed", "isAdmin": true}	\N	\N	\N	\N	\N	\N	4436f2a3-9ad7-4472-9318-4afe954005e0	resend	2025-06-02 17:30:27.953+06	2025-06-02 17:30:30.246+06	\N	success
noti_01JWR6GFZGRCMNMMT6X5F6Y08F	mosabbir.fwd@gmail.com	email	order-status-update	{"order": {"id": "order_01JWR6GFQY8KPNJD14T7RAS358", "email": "mosabbir.fwd@gmail.com", "total": 200, "customer": {"id": "cus_01JWBW38ZSRJMBDTA8VKVZSE3A", "email": "mosabbir.fwd@gmail.com", "phone": "01829463584", "metadata": null, "last_name": "Khan", "created_at": "2025-05-28T16:37:35.865Z", "created_by": null, "deleted_at": null, "first_name": "Salam", "updated_at": "2025-05-28T16:37:35.865Z", "has_account": true, "company_name": null}, "display_id": 31, "customer_id": "cus_01JWBW38ZSRJMBDTA8VKVZSE3A", "currency_code": "bdt", "shipping_address": {"id": "caaddr_01JWR6GB1Y01ZQWYR4R7Z2SJMG", "city": "Dhaka", "phone": "01829463584", "company": "", "metadata": null, "province": "", "address_1": "314/A Ulon,  Rampura", "address_2": "", "last_name": "Khan", "created_at": "2025-06-02T11:30:22.910Z", "deleted_at": null, "first_name": "Md Mosabbir Hossain", "updated_at": "2025-06-02T11:30:22.910Z", "customer_id": null, "postal_code": "1319", "country_code": "bd"}}, "status": "placed"}	\N	\N	\N	\N	\N	\N	\N	resend	2025-06-02 17:30:27.952+06	2025-06-02 17:30:30.246+06	\N	success
noti_01JWR6H59FD5Y7CS1E6VQ12TWZ	kmosabbir@gmail.com	email	order-status-update	{"order": {"id": "order_01JMCNJAF43DY64PYCHRR9C2M6", "email": "kmosabbir@gmail.com", "total": 20, "display_id": 1, "customer_id": "cus_01JMCNHZCXE6YRZ1EJE6TVC3J4", "currency_code": "eur", "shipping_address": {"id": "caaddr_01JMCNHZF0KCC7NZ9G8VQ37J68", "city": "Dhaka", "phone": "01829463584", "company": "", "metadata": null, "province": "", "address_1": "314/A Ulon,  Rampura", "address_2": "", "last_name": "Khan", "created_at": "2025-02-18T13:56:57.440Z", "deleted_at": null, "first_name": "Md Mosabbir Hossain", "updated_at": "2025-02-18T13:56:57.440Z", "customer_id": null, "postal_code": "1319", "country_code": "fr"}}, "status": "fulfilled"}	\N	\N	\N	\N	\N	\N	0d4e7b8e-005a-492b-a1e6-dafa1068eb8c	resend	2025-06-02 17:30:49.776+06	2025-06-02 17:30:51.638+06	\N	success
noti_01JWR6H59FDT0VMS3HCE1ZRXRY	kmosabbir@gmail.com	email	order-status-update	{"order": {"id": "order_01JMCNJAF43DY64PYCHRR9C2M6", "email": "kmosabbir@gmail.com", "total": 20, "display_id": 1, "customer_id": "cus_01JMCNHZCXE6YRZ1EJE6TVC3J4", "currency_code": "eur", "shipping_address": {"id": "caaddr_01JMCNHZF0KCC7NZ9G8VQ37J68", "city": "Dhaka", "phone": "01829463584", "company": "", "metadata": null, "province": "", "address_1": "314/A Ulon,  Rampura", "address_2": "", "last_name": "Khan", "created_at": "2025-02-18T13:56:57.440Z", "deleted_at": null, "first_name": "Md Mosabbir Hossain", "updated_at": "2025-02-18T13:56:57.440Z", "customer_id": null, "postal_code": "1319", "country_code": "fr"}}, "status": "fulfilled", "isAdmin": true}	\N	\N	\N	\N	\N	\N	133a7377-18e5-4ca8-8833-5330691fcc90	resend	2025-06-02 17:30:49.776+06	2025-06-02 17:30:51.638+06	\N	success
noti_01JWR6RS3RNE12MCHAF85759XM	mosabbir.fwd@gmail.com	email	order-placed	{"order": {"id": "order_01JWR6RRW19APPF46P5VAAF20S", "email": "mosabbir.fwd@gmail.com", "items": [{"id": "ordli_01JWR6RRW3PG8571K782V5CF8N", "title": "Default variant", "total": 100, "detail": {"id": "orditem_01JWR6RRW3FEFNXVCCPGS9A95G", "item_id": "ordli_01JWR6RRW3PG8571K782V5CF8N", "version": 1, "metadata": null, "order_id": "order_01JWR6RRW19APPF46P5VAAF20S", "quantity": 1, "created_at": "2025-06-02T11:34:59.205Z", "deleted_at": null, "unit_price": null, "updated_at": "2025-06-02T11:34:59.205Z", "raw_quantity": {"value": "1", "precision": 20}, "raw_unit_price": null, "shipped_quantity": 0, "delivered_quantity": 0, "fulfilled_quantity": 0, "raw_shipped_quantity": {"value": "0", "precision": 20}, "written_off_quantity": 0, "compare_at_unit_price": null, "raw_delivered_quantity": {"value": "0", "precision": 20}, "raw_fulfilled_quantity": {"value": "0", "precision": 20}, "raw_written_off_quantity": {"value": "0", "precision": 20}, "return_received_quantity": 0, "raw_compare_at_unit_price": null, "return_dismissed_quantity": 0, "return_requested_quantity": 0, "raw_return_received_quantity": {"value": "0", "precision": 20}, "raw_return_dismissed_quantity": {"value": "0", "precision": 20}, "raw_return_requested_quantity": {"value": "0", "precision": 20}}, "metadata": {"ingredients": [{"id": "752decf4-943c-4160-ab7c-5c77a8875761", "name": "Nuts"}, {"id": "9616de63-ea77-43a5-9c41-c1c263a650a7", "name": "Cheese"}]}, "quantity": 1, "subtitle": "123", "subtotal": 100, "raw_total": {"value": "100", "precision": 20}, "tax_lines": [{"id": "ordlitxl_01JWR6RRW241J4WQZ7BACJK0DQ", "code": "", "rate": 0, "total": 0, "item_id": "ordli_01JWR6RRW3PG8571K782V5CF8N", "raw_rate": {"value": "0", "precision": 20}, "subtotal": 0, "raw_total": {"value": "0", "precision": 20}, "created_at": "2025-06-02T11:34:59.206Z", "deleted_at": null, "updated_at": "2025-06-02T11:34:59.206Z", "description": "Bangladesh", "provider_id": "system", "tax_rate_id": "txr_01JNX8H0S9X07PTNVN7PBW3NXB", "raw_subtotal": {"value": "0", "precision": 20}}], "tax_total": 0, "thumbnail": "https://vmalvylbpzudqhkvpcqj.supabase.co/storage/v1/object/public/nufatahs//1-01JVSVCSPN2QQ2WX5XA8JSRBYF.png", "created_at": "2025-06-02T11:34:59.205Z", "deleted_at": null, "product_id": "prod_01JVSVCWS8G20WMS32E5SJ9Q1R", "unit_price": 100, "updated_at": "2025-06-02T11:34:59.205Z", "variant_id": "variant_01JVSVCX65K1ZKGAP91W2MYPWK", "adjustments": [], "variant_sku": null, "product_type": "Pitha", "raw_quantity": {"value": "1", "precision": 20}, "raw_subtotal": {"value": "100", "precision": 20}, "product_title": "123", "raw_tax_total": {"value": "0", "precision": 20}, "shipped_total": 0, "variant_title": "Default variant", "discount_total": 0, "original_total": 100, "product_handle": "123", "raw_unit_price": {"value": "100", "precision": 20}, "fulfilled_total": 0, "is_custom_price": false, "is_discountable": true, "product_type_id": "ptyp_01JNX87TA227NBFF63VMQE8GNR", "variant_barcode": null, "write_off_total": 0, "is_tax_inclusive": false, "product_subtitle": null, "refundable_total": 100, "discount_subtotal": 0, "raw_shipped_total": {"value": "0", "precision": 20}, "requires_shipping": true, "discount_tax_total": 0, "original_tax_total": 0, "product_collection": null, "raw_discount_total": {"value": "0", "precision": 20}, "raw_original_total": {"value": "100", "precision": 20}, "product_description": "wsfasdfdsafsadfsa", "raw_fulfilled_total": {"value": "0", "precision": 20}, "raw_write_off_total": {"value": "0", "precision": 20}, "raw_refundable_total": {"value": "100", "precision": 20}, "compare_at_unit_price": null, "raw_discount_subtotal": {"value": "0", "precision": 20}, "return_received_total": 0, "variant_option_values": null, "raw_discount_tax_total": {"value": "0", "precision": 20}, "raw_original_tax_total": {"value": "0", "precision": 20}, "return_dismissed_total": 0, "return_requested_total": 0, "raw_compare_at_unit_price": null, "raw_return_received_total": {"value": "0", "precision": 20}, "refundable_total_per_unit": 100, "raw_return_dismissed_total": {"value": "0", "precision": 20}, "raw_return_requested_total": {"value": "0", "precision": 20}, "raw_refundable_total_per_unit": {"value": "100", "precision": 20}}], "total": 200, "customer": {"id": "cus_01JWBW38ZSRJMBDTA8VKVZSE3A", "email": "mosabbir.fwd@gmail.com", "phone": "01829463584", "metadata": null, "last_name": "Khan", "created_at": "2025-05-28T16:37:35.865Z", "created_by": null, "deleted_at": null, "first_name": "Salam", "updated_at": "2025-05-28T16:37:35.865Z", "has_account": true, "company_name": null}, "subtotal": 200, "tax_total": 0, "display_id": 32, "item_total": 100, "customer_id": "cus_01JWBW38ZSRJMBDTA8VKVZSE3A", "currency_code": "bdt", "item_subtotal": 100, "discount_total": 0, "item_tax_total": 0, "shipping_total": 100, "billing_address": {"id": "caaddr_01JWR6RKK13YACAP12J084MCE8", "city": "Dhaka", "phone": "01829463584", "company": "", "metadata": null, "province": "", "address_1": "314/A Ulon,  Rampura", "address_2": "", "last_name": "Khan", "created_at": "2025-06-02T11:34:53.793Z", "deleted_at": null, "first_name": "Md Mosabbir Hossain", "updated_at": "2025-06-02T11:34:53.793Z", "customer_id": null, "postal_code": "1319", "country_code": "bd"}, "shipping_address": {"id": "caaddr_01JWR6RKK17BYNWRBDM069Y5DQ", "city": "Dhaka", "phone": "01829463584", "company": "", "metadata": null, "province": "", "address_1": "314/A Ulon,  Rampura", "address_2": "", "last_name": "Khan", "created_at": "2025-06-02T11:34:53.793Z", "deleted_at": null, "first_name": "Md Mosabbir Hossain", "updated_at": "2025-06-02T11:34:53.793Z", "customer_id": null, "postal_code": "1319", "country_code": "bd"}, "shipping_methods": [{"id": "ordsm_01JWR6RRW16910C7S6FEZ2XCAA", "data": {}, "name": "Default", "total": 100, "amount": 100, "detail": {"id": "ordspmv_01JWR6RRW17EE6KNKCVQRCRH8Y", "version": 1, "claim_id": null, "order_id": "order_01JWR6RRW19APPF46P5VAAF20S", "return_id": null, "created_at": "2025-06-02T11:34:59.205Z", "deleted_at": null, "updated_at": "2025-06-02T11:34:59.205Z", "exchange_id": null, "shipping_method_id": "ordsm_01JWR6RRW16910C7S6FEZ2XCAA"}, "metadata": null, "order_id": "order_01JWR6RRW19APPF46P5VAAF20S", "subtotal": 100, "raw_total": {"value": "100", "precision": 20}, "tax_lines": [{"id": "ordsmtxl_01JWR6RRW196CK90KB9Y7N6753", "code": "", "rate": 0, "total": 0, "raw_rate": {"value": "0", "precision": 20}, "subtotal": 0, "raw_total": {"value": "0", "precision": 20}, "created_at": "2025-06-02T11:34:59.206Z", "deleted_at": null, "updated_at": "2025-06-02T11:34:59.206Z", "description": "Bangladesh", "provider_id": "system", "tax_rate_id": "txr_01JNX8H0S9X07PTNVN7PBW3NXB", "raw_subtotal": {"value": "0", "precision": 20}, "shipping_method_id": "ordsm_01JWR6RRW16910C7S6FEZ2XCAA"}], "tax_total": 0, "created_at": "2025-06-02T11:34:59.205Z", "deleted_at": null, "raw_amount": {"value": "100", "precision": 20}, "updated_at": "2025-06-02T11:34:59.205Z", "adjustments": [], "description": null, "raw_subtotal": {"value": "100", "precision": 20}, "raw_tax_total": {"value": "0", "precision": 20}, "discount_total": 0, "original_total": 100, "is_custom_amount": false, "is_tax_inclusive": false, "discount_subtotal": 0, "discount_tax_total": 0, "original_tax_total": 0, "raw_discount_total": {"value": "0", "precision": 20}, "raw_original_total": {"value": "100", "precision": 20}, "shipping_option_id": "so_01JQ78NHXRGT4Y0G3P1NBCPK48", "raw_discount_subtotal": {"value": "0", "precision": 20}, "raw_discount_tax_total": {"value": "0", "precision": 20}, "raw_original_tax_total": {"value": "0", "precision": 20}}]}}	\N	\N	\N	\N	\N	\N	\N	resend	2025-06-02 17:34:59.448+06	2025-06-02 17:35:02.24+06	\N	success
noti_01JWR6RS3RQHD0R2M0B1JZ6XGA	kmosabbir@gmail.com	email	order-placed	{"order": {"id": "order_01JWR6RRW19APPF46P5VAAF20S", "email": "mosabbir.fwd@gmail.com", "items": [{"id": "ordli_01JWR6RRW3PG8571K782V5CF8N", "title": "Default variant", "total": 100, "detail": {"id": "orditem_01JWR6RRW3FEFNXVCCPGS9A95G", "item_id": "ordli_01JWR6RRW3PG8571K782V5CF8N", "version": 1, "metadata": null, "order_id": "order_01JWR6RRW19APPF46P5VAAF20S", "quantity": 1, "created_at": "2025-06-02T11:34:59.205Z", "deleted_at": null, "unit_price": null, "updated_at": "2025-06-02T11:34:59.205Z", "raw_quantity": {"value": "1", "precision": 20}, "raw_unit_price": null, "shipped_quantity": 0, "delivered_quantity": 0, "fulfilled_quantity": 0, "raw_shipped_quantity": {"value": "0", "precision": 20}, "written_off_quantity": 0, "compare_at_unit_price": null, "raw_delivered_quantity": {"value": "0", "precision": 20}, "raw_fulfilled_quantity": {"value": "0", "precision": 20}, "raw_written_off_quantity": {"value": "0", "precision": 20}, "return_received_quantity": 0, "raw_compare_at_unit_price": null, "return_dismissed_quantity": 0, "return_requested_quantity": 0, "raw_return_received_quantity": {"value": "0", "precision": 20}, "raw_return_dismissed_quantity": {"value": "0", "precision": 20}, "raw_return_requested_quantity": {"value": "0", "precision": 20}}, "metadata": {"ingredients": [{"id": "752decf4-943c-4160-ab7c-5c77a8875761", "name": "Nuts"}, {"id": "9616de63-ea77-43a5-9c41-c1c263a650a7", "name": "Cheese"}]}, "quantity": 1, "subtitle": "123", "subtotal": 100, "raw_total": {"value": "100", "precision": 20}, "tax_lines": [{"id": "ordlitxl_01JWR6RRW241J4WQZ7BACJK0DQ", "code": "", "rate": 0, "total": 0, "item_id": "ordli_01JWR6RRW3PG8571K782V5CF8N", "raw_rate": {"value": "0", "precision": 20}, "subtotal": 0, "raw_total": {"value": "0", "precision": 20}, "created_at": "2025-06-02T11:34:59.206Z", "deleted_at": null, "updated_at": "2025-06-02T11:34:59.206Z", "description": "Bangladesh", "provider_id": "system", "tax_rate_id": "txr_01JNX8H0S9X07PTNVN7PBW3NXB", "raw_subtotal": {"value": "0", "precision": 20}}], "tax_total": 0, "thumbnail": "https://vmalvylbpzudqhkvpcqj.supabase.co/storage/v1/object/public/nufatahs//1-01JVSVCSPN2QQ2WX5XA8JSRBYF.png", "created_at": "2025-06-02T11:34:59.205Z", "deleted_at": null, "product_id": "prod_01JVSVCWS8G20WMS32E5SJ9Q1R", "unit_price": 100, "updated_at": "2025-06-02T11:34:59.205Z", "variant_id": "variant_01JVSVCX65K1ZKGAP91W2MYPWK", "adjustments": [], "variant_sku": null, "product_type": "Pitha", "raw_quantity": {"value": "1", "precision": 20}, "raw_subtotal": {"value": "100", "precision": 20}, "product_title": "123", "raw_tax_total": {"value": "0", "precision": 20}, "shipped_total": 0, "variant_title": "Default variant", "discount_total": 0, "original_total": 100, "product_handle": "123", "raw_unit_price": {"value": "100", "precision": 20}, "fulfilled_total": 0, "is_custom_price": false, "is_discountable": true, "product_type_id": "ptyp_01JNX87TA227NBFF63VMQE8GNR", "variant_barcode": null, "write_off_total": 0, "is_tax_inclusive": false, "product_subtitle": null, "refundable_total": 100, "discount_subtotal": 0, "raw_shipped_total": {"value": "0", "precision": 20}, "requires_shipping": true, "discount_tax_total": 0, "original_tax_total": 0, "product_collection": null, "raw_discount_total": {"value": "0", "precision": 20}, "raw_original_total": {"value": "100", "precision": 20}, "product_description": "wsfasdfdsafsadfsa", "raw_fulfilled_total": {"value": "0", "precision": 20}, "raw_write_off_total": {"value": "0", "precision": 20}, "raw_refundable_total": {"value": "100", "precision": 20}, "compare_at_unit_price": null, "raw_discount_subtotal": {"value": "0", "precision": 20}, "return_received_total": 0, "variant_option_values": null, "raw_discount_tax_total": {"value": "0", "precision": 20}, "raw_original_tax_total": {"value": "0", "precision": 20}, "return_dismissed_total": 0, "return_requested_total": 0, "raw_compare_at_unit_price": null, "raw_return_received_total": {"value": "0", "precision": 20}, "refundable_total_per_unit": 100, "raw_return_dismissed_total": {"value": "0", "precision": 20}, "raw_return_requested_total": {"value": "0", "precision": 20}, "raw_refundable_total_per_unit": {"value": "100", "precision": 20}}], "total": 200, "customer": {"id": "cus_01JWBW38ZSRJMBDTA8VKVZSE3A", "email": "mosabbir.fwd@gmail.com", "phone": "01829463584", "metadata": null, "last_name": "Khan", "created_at": "2025-05-28T16:37:35.865Z", "created_by": null, "deleted_at": null, "first_name": "Salam", "updated_at": "2025-05-28T16:37:35.865Z", "has_account": true, "company_name": null}, "subtotal": 200, "tax_total": 0, "display_id": 32, "item_total": 100, "customer_id": "cus_01JWBW38ZSRJMBDTA8VKVZSE3A", "currency_code": "bdt", "item_subtotal": 100, "discount_total": 0, "item_tax_total": 0, "shipping_total": 100, "billing_address": {"id": "caaddr_01JWR6RKK13YACAP12J084MCE8", "city": "Dhaka", "phone": "01829463584", "company": "", "metadata": null, "province": "", "address_1": "314/A Ulon,  Rampura", "address_2": "", "last_name": "Khan", "created_at": "2025-06-02T11:34:53.793Z", "deleted_at": null, "first_name": "Md Mosabbir Hossain", "updated_at": "2025-06-02T11:34:53.793Z", "customer_id": null, "postal_code": "1319", "country_code": "bd"}, "shipping_address": {"id": "caaddr_01JWR6RKK17BYNWRBDM069Y5DQ", "city": "Dhaka", "phone": "01829463584", "company": "", "metadata": null, "province": "", "address_1": "314/A Ulon,  Rampura", "address_2": "", "last_name": "Khan", "created_at": "2025-06-02T11:34:53.793Z", "deleted_at": null, "first_name": "Md Mosabbir Hossain", "updated_at": "2025-06-02T11:34:53.793Z", "customer_id": null, "postal_code": "1319", "country_code": "bd"}, "shipping_methods": [{"id": "ordsm_01JWR6RRW16910C7S6FEZ2XCAA", "data": {}, "name": "Default", "total": 100, "amount": 100, "detail": {"id": "ordspmv_01JWR6RRW17EE6KNKCVQRCRH8Y", "version": 1, "claim_id": null, "order_id": "order_01JWR6RRW19APPF46P5VAAF20S", "return_id": null, "created_at": "2025-06-02T11:34:59.205Z", "deleted_at": null, "updated_at": "2025-06-02T11:34:59.205Z", "exchange_id": null, "shipping_method_id": "ordsm_01JWR6RRW16910C7S6FEZ2XCAA"}, "metadata": null, "order_id": "order_01JWR6RRW19APPF46P5VAAF20S", "subtotal": 100, "raw_total": {"value": "100", "precision": 20}, "tax_lines": [{"id": "ordsmtxl_01JWR6RRW196CK90KB9Y7N6753", "code": "", "rate": 0, "total": 0, "raw_rate": {"value": "0", "precision": 20}, "subtotal": 0, "raw_total": {"value": "0", "precision": 20}, "created_at": "2025-06-02T11:34:59.206Z", "deleted_at": null, "updated_at": "2025-06-02T11:34:59.206Z", "description": "Bangladesh", "provider_id": "system", "tax_rate_id": "txr_01JNX8H0S9X07PTNVN7PBW3NXB", "raw_subtotal": {"value": "0", "precision": 20}, "shipping_method_id": "ordsm_01JWR6RRW16910C7S6FEZ2XCAA"}], "tax_total": 0, "created_at": "2025-06-02T11:34:59.205Z", "deleted_at": null, "raw_amount": {"value": "100", "precision": 20}, "updated_at": "2025-06-02T11:34:59.205Z", "adjustments": [], "description": null, "raw_subtotal": {"value": "100", "precision": 20}, "raw_tax_total": {"value": "0", "precision": 20}, "discount_total": 0, "original_total": 100, "is_custom_amount": false, "is_tax_inclusive": false, "discount_subtotal": 0, "discount_tax_total": 0, "original_tax_total": 0, "raw_discount_total": {"value": "0", "precision": 20}, "raw_original_total": {"value": "100", "precision": 20}, "shipping_option_id": "so_01JQ78NHXRGT4Y0G3P1NBCPK48", "raw_discount_subtotal": {"value": "0", "precision": 20}, "raw_discount_tax_total": {"value": "0", "precision": 20}, "raw_original_tax_total": {"value": "0", "precision": 20}}]}, "isAdmin": true}	\N	\N	\N	\N	\N	\N	923212e3-b7f7-46f8-8547-0ffcf20bcefd	resend	2025-06-02 17:34:59.448+06	2025-06-02 17:35:02.24+06	\N	success
noti_01JWR6RS3P7R8WEER90YSJY3RK	mosabbir.fwd@gmail.com	email	order-status-update	{"order": {"id": "order_01JWR6RRW19APPF46P5VAAF20S", "email": "mosabbir.fwd@gmail.com", "total": 200, "customer": {"id": "cus_01JWBW38ZSRJMBDTA8VKVZSE3A", "email": "mosabbir.fwd@gmail.com", "phone": "01829463584", "metadata": null, "last_name": "Khan", "created_at": "2025-05-28T16:37:35.865Z", "created_by": null, "deleted_at": null, "first_name": "Salam", "updated_at": "2025-05-28T16:37:35.865Z", "has_account": true, "company_name": null}, "display_id": 32, "customer_id": "cus_01JWBW38ZSRJMBDTA8VKVZSE3A", "currency_code": "bdt", "shipping_address": {"id": "caaddr_01JWR6RKK17BYNWRBDM069Y5DQ", "city": "Dhaka", "phone": "01829463584", "company": "", "metadata": null, "province": "", "address_1": "314/A Ulon,  Rampura", "address_2": "", "last_name": "Khan", "created_at": "2025-06-02T11:34:53.793Z", "deleted_at": null, "first_name": "Md Mosabbir Hossain", "updated_at": "2025-06-02T11:34:53.793Z", "customer_id": null, "postal_code": "1319", "country_code": "bd"}}, "status": "placed"}	\N	\N	\N	\N	\N	\N	\N	resend	2025-06-02 17:34:59.447+06	2025-06-02 17:35:01.797+06	\N	success
noti_01JWR6RS3PHJK86YWGYNVQQKB9	kmosabbir@gmail.com	email	order-status-update	{"order": {"id": "order_01JWR6RRW19APPF46P5VAAF20S", "email": "mosabbir.fwd@gmail.com", "total": 200, "customer": {"id": "cus_01JWBW38ZSRJMBDTA8VKVZSE3A", "email": "mosabbir.fwd@gmail.com", "phone": "01829463584", "metadata": null, "last_name": "Khan", "created_at": "2025-05-28T16:37:35.865Z", "created_by": null, "deleted_at": null, "first_name": "Salam", "updated_at": "2025-05-28T16:37:35.865Z", "has_account": true, "company_name": null}, "display_id": 32, "customer_id": "cus_01JWBW38ZSRJMBDTA8VKVZSE3A", "currency_code": "bdt", "shipping_address": {"id": "caaddr_01JWR6RKK17BYNWRBDM069Y5DQ", "city": "Dhaka", "phone": "01829463584", "company": "", "metadata": null, "province": "", "address_1": "314/A Ulon,  Rampura", "address_2": "", "last_name": "Khan", "created_at": "2025-06-02T11:34:53.793Z", "deleted_at": null, "first_name": "Md Mosabbir Hossain", "updated_at": "2025-06-02T11:34:53.793Z", "customer_id": null, "postal_code": "1319", "country_code": "bd"}}, "status": "placed", "isAdmin": true}	\N	\N	\N	\N	\N	\N	7e2f20e4-ebd4-4e55-b3da-4c9aa71348a0	resend	2025-06-02 17:34:59.447+06	2025-06-02 17:35:01.797+06	\N	success
noti_01JWR6SAVC9Y52ES4N8AKJ08TQ	kmosabbir@gmail.com	email	order-status-update	{"order": {"id": "order_01JMCNJAF43DY64PYCHRR9C2M6", "email": "kmosabbir@gmail.com", "total": 20, "display_id": 1, "customer_id": "cus_01JMCNHZCXE6YRZ1EJE6TVC3J4", "currency_code": "eur", "shipping_address": {"id": "caaddr_01JMCNHZF0KCC7NZ9G8VQ37J68", "city": "Dhaka", "phone": "01829463584", "company": "", "metadata": null, "province": "", "address_1": "314/A Ulon,  Rampura", "address_2": "", "last_name": "Khan", "created_at": "2025-02-18T13:56:57.440Z", "deleted_at": null, "first_name": "Md Mosabbir Hossain", "updated_at": "2025-02-18T13:56:57.440Z", "customer_id": null, "postal_code": "1319", "country_code": "fr"}}, "status": "fulfilled", "isAdmin": true}	\N	\N	\N	\N	\N	\N	27b05197-bb8c-4afb-bdef-7bd98f56702e	resend	2025-06-02 17:35:17.612+06	2025-06-02 17:35:18.647+06	\N	success
noti_01JWR6SAVCQXHFB6S961C6SJNN	kmosabbir@gmail.com	email	order-status-update	{"order": {"id": "order_01JMCNJAF43DY64PYCHRR9C2M6", "email": "kmosabbir@gmail.com", "total": 20, "display_id": 1, "customer_id": "cus_01JMCNHZCXE6YRZ1EJE6TVC3J4", "currency_code": "eur", "shipping_address": {"id": "caaddr_01JMCNHZF0KCC7NZ9G8VQ37J68", "city": "Dhaka", "phone": "01829463584", "company": "", "metadata": null, "province": "", "address_1": "314/A Ulon,  Rampura", "address_2": "", "last_name": "Khan", "created_at": "2025-02-18T13:56:57.440Z", "deleted_at": null, "first_name": "Md Mosabbir Hossain", "updated_at": "2025-02-18T13:56:57.440Z", "customer_id": null, "postal_code": "1319", "country_code": "fr"}}, "status": "fulfilled"}	\N	\N	\N	\N	\N	\N	8092f0fb-89dd-4183-a272-bed2c630fcfe	resend	2025-06-02 17:35:17.612+06	2025-06-02 17:35:18.647+06	\N	success
noti_01JWR7K9E7DBS5PNG329WBMKBR	kmosabbir@gmail.com	email	order-placed	{"order": {"id": "order_01JWR7K96C5TEM16MCTS0WZQMC", "email": "kmosabbir@gmail.com", "items": [{"id": "ordli_01JWR7K96DKQR3JBA8YCK82M6E", "title": "Default variant", "total": 100, "detail": {"id": "orditem_01JWR7K96E913VYKXSXP7NWKZ4", "item_id": "ordli_01JWR7K96DKQR3JBA8YCK82M6E", "version": 1, "metadata": null, "order_id": "order_01JWR7K96C5TEM16MCTS0WZQMC", "quantity": 1, "created_at": "2025-06-02T11:49:27.888Z", "deleted_at": null, "unit_price": null, "updated_at": "2025-06-02T11:49:27.888Z", "raw_quantity": {"value": "1", "precision": 20}, "raw_unit_price": null, "shipped_quantity": 0, "delivered_quantity": 0, "fulfilled_quantity": 0, "raw_shipped_quantity": {"value": "0", "precision": 20}, "written_off_quantity": 0, "compare_at_unit_price": null, "raw_delivered_quantity": {"value": "0", "precision": 20}, "raw_fulfilled_quantity": {"value": "0", "precision": 20}, "raw_written_off_quantity": {"value": "0", "precision": 20}, "return_received_quantity": 0, "raw_compare_at_unit_price": null, "return_dismissed_quantity": 0, "return_requested_quantity": 0, "raw_return_received_quantity": {"value": "0", "precision": 20}, "raw_return_dismissed_quantity": {"value": "0", "precision": 20}, "raw_return_requested_quantity": {"value": "0", "precision": 20}}, "metadata": {"ingredients": [{"id": "752decf4-943c-4160-ab7c-5c77a8875761", "name": "Nuts"}, {"id": "9616de63-ea77-43a5-9c41-c1c263a650a7", "name": "Cheese"}]}, "quantity": 1, "subtitle": "123", "subtotal": 100, "raw_total": {"value": "100", "precision": 20}, "tax_lines": [{"id": "ordlitxl_01JWR7K96D9G8JDC9R2RZCNST2", "code": "", "rate": 0, "total": 0, "item_id": "ordli_01JWR7K96DKQR3JBA8YCK82M6E", "raw_rate": {"value": "0", "precision": 20}, "subtotal": 0, "raw_total": {"value": "0", "precision": 20}, "created_at": "2025-06-02T11:49:27.889Z", "deleted_at": null, "updated_at": "2025-06-02T11:49:27.889Z", "description": "Bangladesh", "provider_id": "system", "tax_rate_id": "txr_01JNX8H0S9X07PTNVN7PBW3NXB", "raw_subtotal": {"value": "0", "precision": 20}}], "tax_total": 0, "thumbnail": "https://vmalvylbpzudqhkvpcqj.supabase.co/storage/v1/object/public/nufatahs//1-01JVSVCSPN2QQ2WX5XA8JSRBYF.png", "created_at": "2025-06-02T11:49:27.888Z", "deleted_at": null, "product_id": "prod_01JVSVCWS8G20WMS32E5SJ9Q1R", "unit_price": 100, "updated_at": "2025-06-02T11:49:27.888Z", "variant_id": "variant_01JVSVCX65K1ZKGAP91W2MYPWK", "adjustments": [], "variant_sku": null, "product_type": "Pitha", "raw_quantity": {"value": "1", "precision": 20}, "raw_subtotal": {"value": "100", "precision": 20}, "product_title": "123", "raw_tax_total": {"value": "0", "precision": 20}, "shipped_total": 0, "variant_title": "Default variant", "discount_total": 0, "original_total": 100, "product_handle": "123", "raw_unit_price": {"value": "100", "precision": 20}, "fulfilled_total": 0, "is_custom_price": false, "is_discountable": true, "product_type_id": "ptyp_01JNX87TA227NBFF63VMQE8GNR", "variant_barcode": null, "write_off_total": 0, "is_tax_inclusive": false, "product_subtitle": null, "refundable_total": 100, "discount_subtotal": 0, "raw_shipped_total": {"value": "0", "precision": 20}, "requires_shipping": true, "discount_tax_total": 0, "original_tax_total": 0, "product_collection": null, "raw_discount_total": {"value": "0", "precision": 20}, "raw_original_total": {"value": "100", "precision": 20}, "product_description": "wsfasdfdsafsadfsa", "raw_fulfilled_total": {"value": "0", "precision": 20}, "raw_write_off_total": {"value": "0", "precision": 20}, "raw_refundable_total": {"value": "100", "precision": 20}, "compare_at_unit_price": null, "raw_discount_subtotal": {"value": "0", "precision": 20}, "return_received_total": 0, "variant_option_values": null, "raw_discount_tax_total": {"value": "0", "precision": 20}, "raw_original_tax_total": {"value": "0", "precision": 20}, "return_dismissed_total": 0, "return_requested_total": 0, "raw_compare_at_unit_price": null, "raw_return_received_total": {"value": "0", "precision": 20}, "refundable_total_per_unit": 100, "raw_return_dismissed_total": {"value": "0", "precision": 20}, "raw_return_requested_total": {"value": "0", "precision": 20}, "raw_refundable_total_per_unit": {"value": "100", "precision": 20}}], "total": 200, "customer": {"id": "cus_01JWPANFK9ZG6B4PJ4GMTHN7G9", "email": "kmosabbir@gmail.com", "phone": null, "metadata": null, "last_name": null, "created_at": "2025-06-01T18:04:36.842Z", "created_by": null, "deleted_at": null, "first_name": null, "updated_at": "2025-06-01T18:04:36.842Z", "has_account": false, "company_name": null}, "subtotal": 200, "tax_total": 0, "display_id": 33, "item_total": 100, "customer_id": "cus_01JWPANFK9ZG6B4PJ4GMTHN7G9", "currency_code": "bdt", "item_subtotal": 100, "discount_total": 0, "item_tax_total": 0, "shipping_total": 100, "billing_address": {"id": "caaddr_01JWR7K44HQZFZ1HQ3H3RYB53X", "city": "Dhaka", "phone": "01829463584", "company": "", "metadata": null, "province": "", "address_1": "314/A Ulon,  Rampura", "address_2": "", "last_name": "Khan", "created_at": "2025-06-02T11:49:22.705Z", "deleted_at": null, "first_name": "Md Mosabbir Hossain", "updated_at": "2025-06-02T11:49:22.705Z", "customer_id": null, "postal_code": "1319", "country_code": "bd"}, "shipping_address": {"id": "caaddr_01JWR7K44H73V3DQH9NJHN4KVT", "city": "Dhaka", "phone": "01829463584", "company": "", "metadata": null, "province": "", "address_1": "314/A Ulon,  Rampura", "address_2": "", "last_name": "Khan", "created_at": "2025-06-02T11:49:22.705Z", "deleted_at": null, "first_name": "Md Mosabbir Hossain", "updated_at": "2025-06-02T11:49:22.705Z", "customer_id": null, "postal_code": "1319", "country_code": "bd"}, "shipping_methods": [{"id": "ordsm_01JWR7K96CCNZNSXAR8SAFE2BQ", "data": {}, "name": "Default", "total": 100, "amount": 100, "detail": {"id": "ordspmv_01JWR7K96CW8RKAP7V59HPNHH2", "version": 1, "claim_id": null, "order_id": "order_01JWR7K96C5TEM16MCTS0WZQMC", "return_id": null, "created_at": "2025-06-02T11:49:27.889Z", "deleted_at": null, "updated_at": "2025-06-02T11:49:27.889Z", "exchange_id": null, "shipping_method_id": "ordsm_01JWR7K96CCNZNSXAR8SAFE2BQ"}, "metadata": null, "order_id": "order_01JWR7K96C5TEM16MCTS0WZQMC", "subtotal": 100, "raw_total": {"value": "100", "precision": 20}, "tax_lines": [{"id": "ordsmtxl_01JWR7K96C8NM89BY2QYBPS8W3", "code": "", "rate": 0, "total": 0, "raw_rate": {"value": "0", "precision": 20}, "subtotal": 0, "raw_total": {"value": "0", "precision": 20}, "created_at": "2025-06-02T11:49:27.889Z", "deleted_at": null, "updated_at": "2025-06-02T11:49:27.889Z", "description": "Bangladesh", "provider_id": "system", "tax_rate_id": "txr_01JNX8H0S9X07PTNVN7PBW3NXB", "raw_subtotal": {"value": "0", "precision": 20}, "shipping_method_id": "ordsm_01JWR7K96CCNZNSXAR8SAFE2BQ"}], "tax_total": 0, "created_at": "2025-06-02T11:49:27.888Z", "deleted_at": null, "raw_amount": {"value": "100", "precision": 20}, "updated_at": "2025-06-02T11:49:27.888Z", "adjustments": [], "description": null, "raw_subtotal": {"value": "100", "precision": 20}, "raw_tax_total": {"value": "0", "precision": 20}, "discount_total": 0, "original_total": 100, "is_custom_amount": false, "is_tax_inclusive": false, "discount_subtotal": 0, "discount_tax_total": 0, "original_tax_total": 0, "raw_discount_total": {"value": "0", "precision": 20}, "raw_original_total": {"value": "100", "precision": 20}, "shipping_option_id": "so_01JQ78NHXRGT4Y0G3P1NBCPK48", "raw_discount_subtotal": {"value": "0", "precision": 20}, "raw_discount_tax_total": {"value": "0", "precision": 20}, "raw_original_tax_total": {"value": "0", "precision": 20}}]}}	\N	\N	\N	\N	\N	\N	18255f42-5a28-4888-a341-dd1e8647b7da	resend	2025-06-02 17:49:28.136+06	2025-06-02 17:49:30.394+06	\N	success
noti_01JWR7K9E8QWKNBS62KAQVC3W2	kmosabbir@gmail.com	email	order-placed	{"order": {"id": "order_01JWR7K96C5TEM16MCTS0WZQMC", "email": "kmosabbir@gmail.com", "items": [{"id": "ordli_01JWR7K96DKQR3JBA8YCK82M6E", "title": "Default variant", "total": 100, "detail": {"id": "orditem_01JWR7K96E913VYKXSXP7NWKZ4", "item_id": "ordli_01JWR7K96DKQR3JBA8YCK82M6E", "version": 1, "metadata": null, "order_id": "order_01JWR7K96C5TEM16MCTS0WZQMC", "quantity": 1, "created_at": "2025-06-02T11:49:27.888Z", "deleted_at": null, "unit_price": null, "updated_at": "2025-06-02T11:49:27.888Z", "raw_quantity": {"value": "1", "precision": 20}, "raw_unit_price": null, "shipped_quantity": 0, "delivered_quantity": 0, "fulfilled_quantity": 0, "raw_shipped_quantity": {"value": "0", "precision": 20}, "written_off_quantity": 0, "compare_at_unit_price": null, "raw_delivered_quantity": {"value": "0", "precision": 20}, "raw_fulfilled_quantity": {"value": "0", "precision": 20}, "raw_written_off_quantity": {"value": "0", "precision": 20}, "return_received_quantity": 0, "raw_compare_at_unit_price": null, "return_dismissed_quantity": 0, "return_requested_quantity": 0, "raw_return_received_quantity": {"value": "0", "precision": 20}, "raw_return_dismissed_quantity": {"value": "0", "precision": 20}, "raw_return_requested_quantity": {"value": "0", "precision": 20}}, "metadata": {"ingredients": [{"id": "752decf4-943c-4160-ab7c-5c77a8875761", "name": "Nuts"}, {"id": "9616de63-ea77-43a5-9c41-c1c263a650a7", "name": "Cheese"}]}, "quantity": 1, "subtitle": "123", "subtotal": 100, "raw_total": {"value": "100", "precision": 20}, "tax_lines": [{"id": "ordlitxl_01JWR7K96D9G8JDC9R2RZCNST2", "code": "", "rate": 0, "total": 0, "item_id": "ordli_01JWR7K96DKQR3JBA8YCK82M6E", "raw_rate": {"value": "0", "precision": 20}, "subtotal": 0, "raw_total": {"value": "0", "precision": 20}, "created_at": "2025-06-02T11:49:27.889Z", "deleted_at": null, "updated_at": "2025-06-02T11:49:27.889Z", "description": "Bangladesh", "provider_id": "system", "tax_rate_id": "txr_01JNX8H0S9X07PTNVN7PBW3NXB", "raw_subtotal": {"value": "0", "precision": 20}}], "tax_total": 0, "thumbnail": "https://vmalvylbpzudqhkvpcqj.supabase.co/storage/v1/object/public/nufatahs//1-01JVSVCSPN2QQ2WX5XA8JSRBYF.png", "created_at": "2025-06-02T11:49:27.888Z", "deleted_at": null, "product_id": "prod_01JVSVCWS8G20WMS32E5SJ9Q1R", "unit_price": 100, "updated_at": "2025-06-02T11:49:27.888Z", "variant_id": "variant_01JVSVCX65K1ZKGAP91W2MYPWK", "adjustments": [], "variant_sku": null, "product_type": "Pitha", "raw_quantity": {"value": "1", "precision": 20}, "raw_subtotal": {"value": "100", "precision": 20}, "product_title": "123", "raw_tax_total": {"value": "0", "precision": 20}, "shipped_total": 0, "variant_title": "Default variant", "discount_total": 0, "original_total": 100, "product_handle": "123", "raw_unit_price": {"value": "100", "precision": 20}, "fulfilled_total": 0, "is_custom_price": false, "is_discountable": true, "product_type_id": "ptyp_01JNX87TA227NBFF63VMQE8GNR", "variant_barcode": null, "write_off_total": 0, "is_tax_inclusive": false, "product_subtitle": null, "refundable_total": 100, "discount_subtotal": 0, "raw_shipped_total": {"value": "0", "precision": 20}, "requires_shipping": true, "discount_tax_total": 0, "original_tax_total": 0, "product_collection": null, "raw_discount_total": {"value": "0", "precision": 20}, "raw_original_total": {"value": "100", "precision": 20}, "product_description": "wsfasdfdsafsadfsa", "raw_fulfilled_total": {"value": "0", "precision": 20}, "raw_write_off_total": {"value": "0", "precision": 20}, "raw_refundable_total": {"value": "100", "precision": 20}, "compare_at_unit_price": null, "raw_discount_subtotal": {"value": "0", "precision": 20}, "return_received_total": 0, "variant_option_values": null, "raw_discount_tax_total": {"value": "0", "precision": 20}, "raw_original_tax_total": {"value": "0", "precision": 20}, "return_dismissed_total": 0, "return_requested_total": 0, "raw_compare_at_unit_price": null, "raw_return_received_total": {"value": "0", "precision": 20}, "refundable_total_per_unit": 100, "raw_return_dismissed_total": {"value": "0", "precision": 20}, "raw_return_requested_total": {"value": "0", "precision": 20}, "raw_refundable_total_per_unit": {"value": "100", "precision": 20}}], "total": 200, "customer": {"id": "cus_01JWPANFK9ZG6B4PJ4GMTHN7G9", "email": "kmosabbir@gmail.com", "phone": null, "metadata": null, "last_name": null, "created_at": "2025-06-01T18:04:36.842Z", "created_by": null, "deleted_at": null, "first_name": null, "updated_at": "2025-06-01T18:04:36.842Z", "has_account": false, "company_name": null}, "subtotal": 200, "tax_total": 0, "display_id": 33, "item_total": 100, "customer_id": "cus_01JWPANFK9ZG6B4PJ4GMTHN7G9", "currency_code": "bdt", "item_subtotal": 100, "discount_total": 0, "item_tax_total": 0, "shipping_total": 100, "billing_address": {"id": "caaddr_01JWR7K44HQZFZ1HQ3H3RYB53X", "city": "Dhaka", "phone": "01829463584", "company": "", "metadata": null, "province": "", "address_1": "314/A Ulon,  Rampura", "address_2": "", "last_name": "Khan", "created_at": "2025-06-02T11:49:22.705Z", "deleted_at": null, "first_name": "Md Mosabbir Hossain", "updated_at": "2025-06-02T11:49:22.705Z", "customer_id": null, "postal_code": "1319", "country_code": "bd"}, "shipping_address": {"id": "caaddr_01JWR7K44H73V3DQH9NJHN4KVT", "city": "Dhaka", "phone": "01829463584", "company": "", "metadata": null, "province": "", "address_1": "314/A Ulon,  Rampura", "address_2": "", "last_name": "Khan", "created_at": "2025-06-02T11:49:22.705Z", "deleted_at": null, "first_name": "Md Mosabbir Hossain", "updated_at": "2025-06-02T11:49:22.705Z", "customer_id": null, "postal_code": "1319", "country_code": "bd"}, "shipping_methods": [{"id": "ordsm_01JWR7K96CCNZNSXAR8SAFE2BQ", "data": {}, "name": "Default", "total": 100, "amount": 100, "detail": {"id": "ordspmv_01JWR7K96CW8RKAP7V59HPNHH2", "version": 1, "claim_id": null, "order_id": "order_01JWR7K96C5TEM16MCTS0WZQMC", "return_id": null, "created_at": "2025-06-02T11:49:27.889Z", "deleted_at": null, "updated_at": "2025-06-02T11:49:27.889Z", "exchange_id": null, "shipping_method_id": "ordsm_01JWR7K96CCNZNSXAR8SAFE2BQ"}, "metadata": null, "order_id": "order_01JWR7K96C5TEM16MCTS0WZQMC", "subtotal": 100, "raw_total": {"value": "100", "precision": 20}, "tax_lines": [{"id": "ordsmtxl_01JWR7K96C8NM89BY2QYBPS8W3", "code": "", "rate": 0, "total": 0, "raw_rate": {"value": "0", "precision": 20}, "subtotal": 0, "raw_total": {"value": "0", "precision": 20}, "created_at": "2025-06-02T11:49:27.889Z", "deleted_at": null, "updated_at": "2025-06-02T11:49:27.889Z", "description": "Bangladesh", "provider_id": "system", "tax_rate_id": "txr_01JNX8H0S9X07PTNVN7PBW3NXB", "raw_subtotal": {"value": "0", "precision": 20}, "shipping_method_id": "ordsm_01JWR7K96CCNZNSXAR8SAFE2BQ"}], "tax_total": 0, "created_at": "2025-06-02T11:49:27.888Z", "deleted_at": null, "raw_amount": {"value": "100", "precision": 20}, "updated_at": "2025-06-02T11:49:27.888Z", "adjustments": [], "description": null, "raw_subtotal": {"value": "100", "precision": 20}, "raw_tax_total": {"value": "0", "precision": 20}, "discount_total": 0, "original_total": 100, "is_custom_amount": false, "is_tax_inclusive": false, "discount_subtotal": 0, "discount_tax_total": 0, "original_tax_total": 0, "raw_discount_total": {"value": "0", "precision": 20}, "raw_original_total": {"value": "100", "precision": 20}, "shipping_option_id": "so_01JQ78NHXRGT4Y0G3P1NBCPK48", "raw_discount_subtotal": {"value": "0", "precision": 20}, "raw_discount_tax_total": {"value": "0", "precision": 20}, "raw_original_tax_total": {"value": "0", "precision": 20}}]}, "isAdmin": true}	\N	\N	\N	\N	\N	\N	8e5d7556-6f76-4fbf-ba7b-ce45e811a0bb	resend	2025-06-02 17:49:28.136+06	2025-06-02 17:49:30.394+06	\N	success
noti_01JWR7K9E6E44X4SKVHNVJCE9P	kmosabbir@gmail.com	email	order-status-update	{"order": {"id": "order_01JWR7K96C5TEM16MCTS0WZQMC", "email": "kmosabbir@gmail.com", "total": 200, "customer": {"id": "cus_01JWPANFK9ZG6B4PJ4GMTHN7G9", "email": "kmosabbir@gmail.com", "phone": null, "metadata": null, "last_name": null, "created_at": "2025-06-01T18:04:36.842Z", "created_by": null, "deleted_at": null, "first_name": null, "updated_at": "2025-06-01T18:04:36.842Z", "has_account": false, "company_name": null}, "display_id": 33, "customer_id": "cus_01JWPANFK9ZG6B4PJ4GMTHN7G9", "currency_code": "bdt", "shipping_address": {"id": "caaddr_01JWR7K44H73V3DQH9NJHN4KVT", "city": "Dhaka", "phone": "01829463584", "company": "", "metadata": null, "province": "", "address_1": "314/A Ulon,  Rampura", "address_2": "", "last_name": "Khan", "created_at": "2025-06-02T11:49:22.705Z", "deleted_at": null, "first_name": "Md Mosabbir Hossain", "updated_at": "2025-06-02T11:49:22.705Z", "customer_id": null, "postal_code": "1319", "country_code": "bd"}}, "status": "placed"}	\N	\N	\N	\N	\N	\N	16a8b05f-93f4-4f1f-9f07-2f2a645d2178	resend	2025-06-02 17:49:28.134+06	2025-06-02 17:49:31.334+06	\N	success
noti_01JWR7K9E6SE53RDPGBMMTENW7	kmosabbir@gmail.com	email	order-status-update	{"order": {"id": "order_01JWR7K96C5TEM16MCTS0WZQMC", "email": "kmosabbir@gmail.com", "total": 200, "customer": {"id": "cus_01JWPANFK9ZG6B4PJ4GMTHN7G9", "email": "kmosabbir@gmail.com", "phone": null, "metadata": null, "last_name": null, "created_at": "2025-06-01T18:04:36.842Z", "created_by": null, "deleted_at": null, "first_name": null, "updated_at": "2025-06-01T18:04:36.842Z", "has_account": false, "company_name": null}, "display_id": 33, "customer_id": "cus_01JWPANFK9ZG6B4PJ4GMTHN7G9", "currency_code": "bdt", "shipping_address": {"id": "caaddr_01JWR7K44H73V3DQH9NJHN4KVT", "city": "Dhaka", "phone": "01829463584", "company": "", "metadata": null, "province": "", "address_1": "314/A Ulon,  Rampura", "address_2": "", "last_name": "Khan", "created_at": "2025-06-02T11:49:22.705Z", "deleted_at": null, "first_name": "Md Mosabbir Hossain", "updated_at": "2025-06-02T11:49:22.705Z", "customer_id": null, "postal_code": "1319", "country_code": "bd"}}, "status": "placed", "isAdmin": true}	\N	\N	\N	\N	\N	\N	7f9d6a88-6dff-4b4b-a555-9a4eb8e9ae6a	resend	2025-06-02 17:49:28.135+06	2025-06-02 17:49:31.334+06	\N	success
noti_01JWR7KXT969BVET461N46N5CV	kmosabbir@gmail.com	email	order-status-update	{"order": {"id": "order_01JMCNJAF43DY64PYCHRR9C2M6", "email": "kmosabbir@gmail.com", "total": 20, "display_id": 1, "customer_id": "cus_01JMCNHZCXE6YRZ1EJE6TVC3J4", "currency_code": "eur", "shipping_address": {"id": "caaddr_01JMCNHZF0KCC7NZ9G8VQ37J68", "city": "Dhaka", "phone": "01829463584", "company": "", "metadata": null, "province": "", "address_1": "314/A Ulon,  Rampura", "address_2": "", "last_name": "Khan", "created_at": "2025-02-18T13:56:57.440Z", "deleted_at": null, "first_name": "Md Mosabbir Hossain", "updated_at": "2025-02-18T13:56:57.440Z", "customer_id": null, "postal_code": "1319", "country_code": "fr"}}, "status": "fulfilled"}	\N	\N	\N	\N	\N	\N	ee0f3523-bb1f-43fd-b81c-ccf91e9fbb03	resend	2025-06-02 17:49:49.002+06	2025-06-02 17:49:50.853+06	\N	success
noti_01JWR7KXT9Q26T4FQTXT8189G5	kmosabbir@gmail.com	email	order-status-update	{"order": {"id": "order_01JMCNJAF43DY64PYCHRR9C2M6", "email": "kmosabbir@gmail.com", "total": 20, "display_id": 1, "customer_id": "cus_01JMCNHZCXE6YRZ1EJE6TVC3J4", "currency_code": "eur", "shipping_address": {"id": "caaddr_01JMCNHZF0KCC7NZ9G8VQ37J68", "city": "Dhaka", "phone": "01829463584", "company": "", "metadata": null, "province": "", "address_1": "314/A Ulon,  Rampura", "address_2": "", "last_name": "Khan", "created_at": "2025-02-18T13:56:57.440Z", "deleted_at": null, "first_name": "Md Mosabbir Hossain", "updated_at": "2025-02-18T13:56:57.440Z", "customer_id": null, "postal_code": "1319", "country_code": "fr"}}, "status": "fulfilled", "isAdmin": true}	\N	\N	\N	\N	\N	\N	cdf6705e-736f-4980-986b-56e6ebf45ce2	resend	2025-06-02 17:49:49.002+06	2025-06-02 17:49:50.853+06	\N	success
noti_01JWR7MC1NGQ2HTFPJ89HJC7Z2	kmosabbir@gmail.com	email	delivery-created	{"order": [{"id": "ful_01JWR7KXGPDCQ7RJ8581CFP54N", "order": {"id": "order_01JWR7K96C5TEM16MCTS0WZQMC", "email": "kmosabbir@gmail.com", "customer": {"id": "cus_01JWPANFK9ZG6B4PJ4GMTHN7G9", "email": "kmosabbir@gmail.com", "phone": null, "metadata": null, "last_name": null, "created_at": "2025-06-01T18:04:36.842Z", "created_by": null, "deleted_at": null, "first_name": null, "updated_at": "2025-06-01T18:04:36.842Z", "has_account": false, "company_name": null}, "display_id": 33, "customer_id": "cus_01JWPANFK9ZG6B4PJ4GMTHN7G9", "fulfillments": [{"id": "ful_01JWR7KXGPDCQ7RJ8581CFP54N", "data": {}, "metadata": null, "provider": {"id": "manual_manual"}, "packed_at": "2025-06-02T11:49:48.689Z", "created_at": "2025-06-02T11:49:48.695Z", "created_by": null, "deleted_at": null, "shipped_at": null, "updated_at": "2025-06-02T11:50:03.511Z", "canceled_at": null, "location_id": "sloc_01JNX89NQNMRYE33K478MMW5MX", "provider_id": "manual_manual", "delivered_at": "2025-06-02T11:50:03.499Z", "shipping_option": {"id": "so_01JQ78NHXRGT4Y0G3P1NBCPK48"}, "delivery_address": {"id": "fuladdr_01JWR7KXGPM9988Q7AN9C19DG3"}, "marked_shipped_by": null, "requires_shipping": true, "shipping_option_id": "so_01JQ78NHXRGT4Y0G3P1NBCPK48", "delivery_address_id": "fuladdr_01JWR7KXGPM9988Q7AN9C19DG3"}], "shipping_address": {"id": "caaddr_01JWR7K44H73V3DQH9NJHN4KVT", "city": "Dhaka", "phone": "01829463584", "company": "", "metadata": null, "province": "", "address_1": "314/A Ulon,  Rampura", "address_2": "", "last_name": "Khan", "created_at": "2025-06-02T11:49:22.705Z", "deleted_at": null, "first_name": "Md Mosabbir Hossain", "updated_at": "2025-06-02T11:49:22.705Z", "customer_id": null, "postal_code": "1319", "country_code": "bd"}}}]}	\N	\N	\N	\N	\N	\N	9186f1a0-a87a-4143-aceb-6e3d9ae4da09	resend	2025-06-02 17:50:03.573+06	2025-06-02 17:50:05.368+06	\N	success
noti_01JWR7MC1NTP24AM4SRZ5A2S6K	kmosabbir@gmail.com	email	delivery-created	{"order": [{"id": "ful_01JWR7KXGPDCQ7RJ8581CFP54N", "order": {"id": "order_01JWR7K96C5TEM16MCTS0WZQMC", "email": "kmosabbir@gmail.com", "customer": {"id": "cus_01JWPANFK9ZG6B4PJ4GMTHN7G9", "email": "kmosabbir@gmail.com", "phone": null, "metadata": null, "last_name": null, "created_at": "2025-06-01T18:04:36.842Z", "created_by": null, "deleted_at": null, "first_name": null, "updated_at": "2025-06-01T18:04:36.842Z", "has_account": false, "company_name": null}, "display_id": 33, "customer_id": "cus_01JWPANFK9ZG6B4PJ4GMTHN7G9", "fulfillments": [{"id": "ful_01JWR7KXGPDCQ7RJ8581CFP54N", "data": {}, "metadata": null, "provider": {"id": "manual_manual"}, "packed_at": "2025-06-02T11:49:48.689Z", "created_at": "2025-06-02T11:49:48.695Z", "created_by": null, "deleted_at": null, "shipped_at": null, "updated_at": "2025-06-02T11:50:03.511Z", "canceled_at": null, "location_id": "sloc_01JNX89NQNMRYE33K478MMW5MX", "provider_id": "manual_manual", "delivered_at": "2025-06-02T11:50:03.499Z", "shipping_option": {"id": "so_01JQ78NHXRGT4Y0G3P1NBCPK48"}, "delivery_address": {"id": "fuladdr_01JWR7KXGPM9988Q7AN9C19DG3"}, "marked_shipped_by": null, "requires_shipping": true, "shipping_option_id": "so_01JQ78NHXRGT4Y0G3P1NBCPK48", "delivery_address_id": "fuladdr_01JWR7KXGPM9988Q7AN9C19DG3"}], "shipping_address": {"id": "caaddr_01JWR7K44H73V3DQH9NJHN4KVT", "city": "Dhaka", "phone": "01829463584", "company": "", "metadata": null, "province": "", "address_1": "314/A Ulon,  Rampura", "address_2": "", "last_name": "Khan", "created_at": "2025-06-02T11:49:22.705Z", "deleted_at": null, "first_name": "Md Mosabbir Hossain", "updated_at": "2025-06-02T11:49:22.705Z", "customer_id": null, "postal_code": "1319", "country_code": "bd"}}}], "isAdmin": true}	\N	\N	\N	\N	\N	\N	1d8d5357-6a56-4f61-8a07-de677770939b	resend	2025-06-02 17:50:03.573+06	2025-06-02 17:50:05.368+06	\N	success
noti_01JWR8RT5B7AYQYCZWJY19GRSD	kmosabbir@gmail.com	email	order-placed	{"order": {"id": "order_01JWR8RSXF37GM0X4W3ARNJ821", "email": "kmosabbir@gmail.com", "items": [{"id": "ordli_01JWR8RSXHQC17NFHZ5EERV6HB", "title": "Default variant", "total": 100, "detail": {"id": "orditem_01JWR8RSXJ440VFT4QFRHEZWE0", "item_id": "ordli_01JWR8RSXHQC17NFHZ5EERV6HB", "version": 1, "metadata": null, "order_id": "order_01JWR8RSXF37GM0X4W3ARNJ821", "quantity": 1, "created_at": "2025-06-02T12:09:57.428Z", "deleted_at": null, "unit_price": null, "updated_at": "2025-06-02T12:09:57.428Z", "raw_quantity": {"value": "1", "precision": 20}, "raw_unit_price": null, "shipped_quantity": 0, "delivered_quantity": 0, "fulfilled_quantity": 0, "raw_shipped_quantity": {"value": "0", "precision": 20}, "written_off_quantity": 0, "compare_at_unit_price": null, "raw_delivered_quantity": {"value": "0", "precision": 20}, "raw_fulfilled_quantity": {"value": "0", "precision": 20}, "raw_written_off_quantity": {"value": "0", "precision": 20}, "return_received_quantity": 0, "raw_compare_at_unit_price": null, "return_dismissed_quantity": 0, "return_requested_quantity": 0, "raw_return_received_quantity": {"value": "0", "precision": 20}, "raw_return_dismissed_quantity": {"value": "0", "precision": 20}, "raw_return_requested_quantity": {"value": "0", "precision": 20}}, "metadata": {"ingredients": [{"id": "752decf4-943c-4160-ab7c-5c77a8875761", "name": "Nuts"}, {"id": "9616de63-ea77-43a5-9c41-c1c263a650a7", "name": "Cheese"}]}, "quantity": 1, "subtitle": "123", "subtotal": 100, "raw_total": {"value": "100", "precision": 20}, "tax_lines": [{"id": "ordlitxl_01JWR8RSXG8W3YZ6DJ1Y313AQK", "code": "", "rate": 0, "total": 0, "item_id": "ordli_01JWR8RSXHQC17NFHZ5EERV6HB", "raw_rate": {"value": "0", "precision": 20}, "subtotal": 0, "raw_total": {"value": "0", "precision": 20}, "created_at": "2025-06-02T12:09:57.429Z", "deleted_at": null, "updated_at": "2025-06-02T12:09:57.429Z", "description": "Bangladesh", "provider_id": "system", "tax_rate_id": "txr_01JNX8H0S9X07PTNVN7PBW3NXB", "raw_subtotal": {"value": "0", "precision": 20}}], "tax_total": 0, "thumbnail": "https://vmalvylbpzudqhkvpcqj.supabase.co/storage/v1/object/public/nufatahs//1-01JVSVCSPN2QQ2WX5XA8JSRBYF.png", "created_at": "2025-06-02T12:09:57.428Z", "deleted_at": null, "product_id": "prod_01JVSVCWS8G20WMS32E5SJ9Q1R", "unit_price": 100, "updated_at": "2025-06-02T12:09:57.428Z", "variant_id": "variant_01JVSVCX65K1ZKGAP91W2MYPWK", "adjustments": [], "variant_sku": null, "product_type": "Pitha", "raw_quantity": {"value": "1", "precision": 20}, "raw_subtotal": {"value": "100", "precision": 20}, "product_title": "123", "raw_tax_total": {"value": "0", "precision": 20}, "shipped_total": 0, "variant_title": "Default variant", "discount_total": 0, "original_total": 100, "product_handle": "123", "raw_unit_price": {"value": "100", "precision": 20}, "fulfilled_total": 0, "is_custom_price": false, "is_discountable": true, "product_type_id": "ptyp_01JNX87TA227NBFF63VMQE8GNR", "variant_barcode": null, "write_off_total": 0, "is_tax_inclusive": false, "product_subtitle": null, "refundable_total": 100, "discount_subtotal": 0, "raw_shipped_total": {"value": "0", "precision": 20}, "requires_shipping": true, "discount_tax_total": 0, "original_tax_total": 0, "product_collection": null, "raw_discount_total": {"value": "0", "precision": 20}, "raw_original_total": {"value": "100", "precision": 20}, "product_description": "wsfasdfdsafsadfsa", "raw_fulfilled_total": {"value": "0", "precision": 20}, "raw_write_off_total": {"value": "0", "precision": 20}, "raw_refundable_total": {"value": "100", "precision": 20}, "compare_at_unit_price": null, "raw_discount_subtotal": {"value": "0", "precision": 20}, "return_received_total": 0, "variant_option_values": null, "raw_discount_tax_total": {"value": "0", "precision": 20}, "raw_original_tax_total": {"value": "0", "precision": 20}, "return_dismissed_total": 0, "return_requested_total": 0, "raw_compare_at_unit_price": null, "raw_return_received_total": {"value": "0", "precision": 20}, "refundable_total_per_unit": 100, "raw_return_dismissed_total": {"value": "0", "precision": 20}, "raw_return_requested_total": {"value": "0", "precision": 20}, "raw_refundable_total_per_unit": {"value": "100", "precision": 20}}], "total": 200, "customer": {"id": "cus_01JWPANFK9ZG6B4PJ4GMTHN7G9", "email": "kmosabbir@gmail.com", "phone": null, "metadata": null, "last_name": null, "created_at": "2025-06-01T18:04:36.842Z", "created_by": null, "deleted_at": null, "first_name": null, "updated_at": "2025-06-01T18:04:36.842Z", "has_account": false, "company_name": null}, "subtotal": 200, "tax_total": 0, "display_id": 34, "item_total": 100, "customer_id": "cus_01JWPANFK9ZG6B4PJ4GMTHN7G9", "currency_code": "bdt", "item_subtotal": 100, "discount_total": 0, "item_tax_total": 0, "shipping_total": 100, "billing_address": {"id": "caaddr_01JWR8RN44JY46YPG99G4YRGRR", "city": "Dhaka", "phone": "01829463584", "company": "", "metadata": null, "province": "", "address_1": "314/A Ulon,  Rampura", "address_2": "", "last_name": "Khan", "created_at": "2025-06-02T12:09:52.517Z", "deleted_at": null, "first_name": "Md Mosabbir Hossain", "updated_at": "2025-06-02T12:09:52.517Z", "customer_id": null, "postal_code": "1319", "country_code": "bd"}, "shipping_address": {"id": "caaddr_01JWR8RN45P7VYH62H67TQZMDC", "city": "Dhaka", "phone": "01829463584", "company": "", "metadata": null, "province": "", "address_1": "314/A Ulon,  Rampura", "address_2": "", "last_name": "Khan", "created_at": "2025-06-02T12:09:52.517Z", "deleted_at": null, "first_name": "Md Mosabbir Hossain", "updated_at": "2025-06-02T12:09:52.517Z", "customer_id": null, "postal_code": "1319", "country_code": "bd"}, "shipping_methods": [{"id": "ordsm_01JWR8RSXEHF93HXVHE8TDDDMN", "data": {}, "name": "Default", "total": 100, "amount": 100, "detail": {"id": "ordspmv_01JWR8RSXEPS36DKNK9REN8CKQ", "version": 1, "claim_id": null, "order_id": "order_01JWR8RSXF37GM0X4W3ARNJ821", "return_id": null, "created_at": "2025-06-02T12:09:57.429Z", "deleted_at": null, "updated_at": "2025-06-02T12:09:57.429Z", "exchange_id": null, "shipping_method_id": "ordsm_01JWR8RSXEHF93HXVHE8TDDDMN"}, "metadata": null, "order_id": "order_01JWR8RSXF37GM0X4W3ARNJ821", "subtotal": 100, "raw_total": {"value": "100", "precision": 20}, "tax_lines": [{"id": "ordsmtxl_01JWR8RSXEBZQBXAPKVS2APEX4", "code": "", "rate": 0, "total": 0, "raw_rate": {"value": "0", "precision": 20}, "subtotal": 0, "raw_total": {"value": "0", "precision": 20}, "created_at": "2025-06-02T12:09:57.429Z", "deleted_at": null, "updated_at": "2025-06-02T12:09:57.429Z", "description": "Bangladesh", "provider_id": "system", "tax_rate_id": "txr_01JNX8H0S9X07PTNVN7PBW3NXB", "raw_subtotal": {"value": "0", "precision": 20}, "shipping_method_id": "ordsm_01JWR8RSXEHF93HXVHE8TDDDMN"}], "tax_total": 0, "created_at": "2025-06-02T12:09:57.429Z", "deleted_at": null, "raw_amount": {"value": "100", "precision": 20}, "updated_at": "2025-06-02T12:09:57.429Z", "adjustments": [], "description": null, "raw_subtotal": {"value": "100", "precision": 20}, "raw_tax_total": {"value": "0", "precision": 20}, "discount_total": 0, "original_total": 100, "is_custom_amount": false, "is_tax_inclusive": false, "discount_subtotal": 0, "discount_tax_total": 0, "original_tax_total": 0, "raw_discount_total": {"value": "0", "precision": 20}, "raw_original_total": {"value": "100", "precision": 20}, "shipping_option_id": "so_01JQ78NHXRGT4Y0G3P1NBCPK48", "raw_discount_subtotal": {"value": "0", "precision": 20}, "raw_discount_tax_total": {"value": "0", "precision": 20}, "raw_original_tax_total": {"value": "0", "precision": 20}}]}}	\N	\N	\N	\N	\N	\N	02842c87-aea2-4d66-899e-0802ea50fdff	resend	2025-06-02 18:09:57.675+06	2025-06-02 18:09:59.984+06	\N	success
noti_01JWR8RT5BK7WGHBHJPNK24035	kmosabbir@gmail.com	email	order-placed	{"order": {"id": "order_01JWR8RSXF37GM0X4W3ARNJ821", "email": "kmosabbir@gmail.com", "items": [{"id": "ordli_01JWR8RSXHQC17NFHZ5EERV6HB", "title": "Default variant", "total": 100, "detail": {"id": "orditem_01JWR8RSXJ440VFT4QFRHEZWE0", "item_id": "ordli_01JWR8RSXHQC17NFHZ5EERV6HB", "version": 1, "metadata": null, "order_id": "order_01JWR8RSXF37GM0X4W3ARNJ821", "quantity": 1, "created_at": "2025-06-02T12:09:57.428Z", "deleted_at": null, "unit_price": null, "updated_at": "2025-06-02T12:09:57.428Z", "raw_quantity": {"value": "1", "precision": 20}, "raw_unit_price": null, "shipped_quantity": 0, "delivered_quantity": 0, "fulfilled_quantity": 0, "raw_shipped_quantity": {"value": "0", "precision": 20}, "written_off_quantity": 0, "compare_at_unit_price": null, "raw_delivered_quantity": {"value": "0", "precision": 20}, "raw_fulfilled_quantity": {"value": "0", "precision": 20}, "raw_written_off_quantity": {"value": "0", "precision": 20}, "return_received_quantity": 0, "raw_compare_at_unit_price": null, "return_dismissed_quantity": 0, "return_requested_quantity": 0, "raw_return_received_quantity": {"value": "0", "precision": 20}, "raw_return_dismissed_quantity": {"value": "0", "precision": 20}, "raw_return_requested_quantity": {"value": "0", "precision": 20}}, "metadata": {"ingredients": [{"id": "752decf4-943c-4160-ab7c-5c77a8875761", "name": "Nuts"}, {"id": "9616de63-ea77-43a5-9c41-c1c263a650a7", "name": "Cheese"}]}, "quantity": 1, "subtitle": "123", "subtotal": 100, "raw_total": {"value": "100", "precision": 20}, "tax_lines": [{"id": "ordlitxl_01JWR8RSXG8W3YZ6DJ1Y313AQK", "code": "", "rate": 0, "total": 0, "item_id": "ordli_01JWR8RSXHQC17NFHZ5EERV6HB", "raw_rate": {"value": "0", "precision": 20}, "subtotal": 0, "raw_total": {"value": "0", "precision": 20}, "created_at": "2025-06-02T12:09:57.429Z", "deleted_at": null, "updated_at": "2025-06-02T12:09:57.429Z", "description": "Bangladesh", "provider_id": "system", "tax_rate_id": "txr_01JNX8H0S9X07PTNVN7PBW3NXB", "raw_subtotal": {"value": "0", "precision": 20}}], "tax_total": 0, "thumbnail": "https://vmalvylbpzudqhkvpcqj.supabase.co/storage/v1/object/public/nufatahs//1-01JVSVCSPN2QQ2WX5XA8JSRBYF.png", "created_at": "2025-06-02T12:09:57.428Z", "deleted_at": null, "product_id": "prod_01JVSVCWS8G20WMS32E5SJ9Q1R", "unit_price": 100, "updated_at": "2025-06-02T12:09:57.428Z", "variant_id": "variant_01JVSVCX65K1ZKGAP91W2MYPWK", "adjustments": [], "variant_sku": null, "product_type": "Pitha", "raw_quantity": {"value": "1", "precision": 20}, "raw_subtotal": {"value": "100", "precision": 20}, "product_title": "123", "raw_tax_total": {"value": "0", "precision": 20}, "shipped_total": 0, "variant_title": "Default variant", "discount_total": 0, "original_total": 100, "product_handle": "123", "raw_unit_price": {"value": "100", "precision": 20}, "fulfilled_total": 0, "is_custom_price": false, "is_discountable": true, "product_type_id": "ptyp_01JNX87TA227NBFF63VMQE8GNR", "variant_barcode": null, "write_off_total": 0, "is_tax_inclusive": false, "product_subtitle": null, "refundable_total": 100, "discount_subtotal": 0, "raw_shipped_total": {"value": "0", "precision": 20}, "requires_shipping": true, "discount_tax_total": 0, "original_tax_total": 0, "product_collection": null, "raw_discount_total": {"value": "0", "precision": 20}, "raw_original_total": {"value": "100", "precision": 20}, "product_description": "wsfasdfdsafsadfsa", "raw_fulfilled_total": {"value": "0", "precision": 20}, "raw_write_off_total": {"value": "0", "precision": 20}, "raw_refundable_total": {"value": "100", "precision": 20}, "compare_at_unit_price": null, "raw_discount_subtotal": {"value": "0", "precision": 20}, "return_received_total": 0, "variant_option_values": null, "raw_discount_tax_total": {"value": "0", "precision": 20}, "raw_original_tax_total": {"value": "0", "precision": 20}, "return_dismissed_total": 0, "return_requested_total": 0, "raw_compare_at_unit_price": null, "raw_return_received_total": {"value": "0", "precision": 20}, "refundable_total_per_unit": 100, "raw_return_dismissed_total": {"value": "0", "precision": 20}, "raw_return_requested_total": {"value": "0", "precision": 20}, "raw_refundable_total_per_unit": {"value": "100", "precision": 20}}], "total": 200, "customer": {"id": "cus_01JWPANFK9ZG6B4PJ4GMTHN7G9", "email": "kmosabbir@gmail.com", "phone": null, "metadata": null, "last_name": null, "created_at": "2025-06-01T18:04:36.842Z", "created_by": null, "deleted_at": null, "first_name": null, "updated_at": "2025-06-01T18:04:36.842Z", "has_account": false, "company_name": null}, "subtotal": 200, "tax_total": 0, "display_id": 34, "item_total": 100, "customer_id": "cus_01JWPANFK9ZG6B4PJ4GMTHN7G9", "currency_code": "bdt", "item_subtotal": 100, "discount_total": 0, "item_tax_total": 0, "shipping_total": 100, "billing_address": {"id": "caaddr_01JWR8RN44JY46YPG99G4YRGRR", "city": "Dhaka", "phone": "01829463584", "company": "", "metadata": null, "province": "", "address_1": "314/A Ulon,  Rampura", "address_2": "", "last_name": "Khan", "created_at": "2025-06-02T12:09:52.517Z", "deleted_at": null, "first_name": "Md Mosabbir Hossain", "updated_at": "2025-06-02T12:09:52.517Z", "customer_id": null, "postal_code": "1319", "country_code": "bd"}, "shipping_address": {"id": "caaddr_01JWR8RN45P7VYH62H67TQZMDC", "city": "Dhaka", "phone": "01829463584", "company": "", "metadata": null, "province": "", "address_1": "314/A Ulon,  Rampura", "address_2": "", "last_name": "Khan", "created_at": "2025-06-02T12:09:52.517Z", "deleted_at": null, "first_name": "Md Mosabbir Hossain", "updated_at": "2025-06-02T12:09:52.517Z", "customer_id": null, "postal_code": "1319", "country_code": "bd"}, "shipping_methods": [{"id": "ordsm_01JWR8RSXEHF93HXVHE8TDDDMN", "data": {}, "name": "Default", "total": 100, "amount": 100, "detail": {"id": "ordspmv_01JWR8RSXEPS36DKNK9REN8CKQ", "version": 1, "claim_id": null, "order_id": "order_01JWR8RSXF37GM0X4W3ARNJ821", "return_id": null, "created_at": "2025-06-02T12:09:57.429Z", "deleted_at": null, "updated_at": "2025-06-02T12:09:57.429Z", "exchange_id": null, "shipping_method_id": "ordsm_01JWR8RSXEHF93HXVHE8TDDDMN"}, "metadata": null, "order_id": "order_01JWR8RSXF37GM0X4W3ARNJ821", "subtotal": 100, "raw_total": {"value": "100", "precision": 20}, "tax_lines": [{"id": "ordsmtxl_01JWR8RSXEBZQBXAPKVS2APEX4", "code": "", "rate": 0, "total": 0, "raw_rate": {"value": "0", "precision": 20}, "subtotal": 0, "raw_total": {"value": "0", "precision": 20}, "created_at": "2025-06-02T12:09:57.429Z", "deleted_at": null, "updated_at": "2025-06-02T12:09:57.429Z", "description": "Bangladesh", "provider_id": "system", "tax_rate_id": "txr_01JNX8H0S9X07PTNVN7PBW3NXB", "raw_subtotal": {"value": "0", "precision": 20}, "shipping_method_id": "ordsm_01JWR8RSXEHF93HXVHE8TDDDMN"}], "tax_total": 0, "created_at": "2025-06-02T12:09:57.429Z", "deleted_at": null, "raw_amount": {"value": "100", "precision": 20}, "updated_at": "2025-06-02T12:09:57.429Z", "adjustments": [], "description": null, "raw_subtotal": {"value": "100", "precision": 20}, "raw_tax_total": {"value": "0", "precision": 20}, "discount_total": 0, "original_total": 100, "is_custom_amount": false, "is_tax_inclusive": false, "discount_subtotal": 0, "discount_tax_total": 0, "original_tax_total": 0, "raw_discount_total": {"value": "0", "precision": 20}, "raw_original_total": {"value": "100", "precision": 20}, "shipping_option_id": "so_01JQ78NHXRGT4Y0G3P1NBCPK48", "raw_discount_subtotal": {"value": "0", "precision": 20}, "raw_discount_tax_total": {"value": "0", "precision": 20}, "raw_original_tax_total": {"value": "0", "precision": 20}}]}, "isAdmin": true}	\N	\N	\N	\N	\N	\N	ad8c9633-d2c3-4690-ab50-5187100c512f	resend	2025-06-02 18:09:57.676+06	2025-06-02 18:09:59.985+06	\N	success
noti_01JWR8RT593RTEXFRFCBQ142Z3	kmosabbir@gmail.com	email	order-status-update	{"order": {"id": "order_01JWR8RSXF37GM0X4W3ARNJ821", "email": "kmosabbir@gmail.com", "total": 200, "customer": {"id": "cus_01JWPANFK9ZG6B4PJ4GMTHN7G9", "email": "kmosabbir@gmail.com", "phone": null, "metadata": null, "last_name": null, "created_at": "2025-06-01T18:04:36.842Z", "created_by": null, "deleted_at": null, "first_name": null, "updated_at": "2025-06-01T18:04:36.842Z", "has_account": false, "company_name": null}, "display_id": 34, "customer_id": "cus_01JWPANFK9ZG6B4PJ4GMTHN7G9", "currency_code": "bdt", "shipping_address": {"id": "caaddr_01JWR8RN45P7VYH62H67TQZMDC", "city": "Dhaka", "phone": "01829463584", "company": "", "metadata": null, "province": "", "address_1": "314/A Ulon,  Rampura", "address_2": "", "last_name": "Khan", "created_at": "2025-06-02T12:09:52.517Z", "deleted_at": null, "first_name": "Md Mosabbir Hossain", "updated_at": "2025-06-02T12:09:52.517Z", "customer_id": null, "postal_code": "1319", "country_code": "bd"}}, "status": "placed"}	\N	\N	\N	\N	\N	\N	26d07565-5cec-41e8-8a83-85c9a434d074	resend	2025-06-02 18:09:57.674+06	2025-06-02 18:10:00.028+06	\N	success
noti_01JWR8RT596B1PJBWT07ST9Q0W	kmosabbir@gmail.com	email	order-status-update	{"order": {"id": "order_01JWR8RSXF37GM0X4W3ARNJ821", "email": "kmosabbir@gmail.com", "total": 200, "customer": {"id": "cus_01JWPANFK9ZG6B4PJ4GMTHN7G9", "email": "kmosabbir@gmail.com", "phone": null, "metadata": null, "last_name": null, "created_at": "2025-06-01T18:04:36.842Z", "created_by": null, "deleted_at": null, "first_name": null, "updated_at": "2025-06-01T18:04:36.842Z", "has_account": false, "company_name": null}, "display_id": 34, "customer_id": "cus_01JWPANFK9ZG6B4PJ4GMTHN7G9", "currency_code": "bdt", "shipping_address": {"id": "caaddr_01JWR8RN45P7VYH62H67TQZMDC", "city": "Dhaka", "phone": "01829463584", "company": "", "metadata": null, "province": "", "address_1": "314/A Ulon,  Rampura", "address_2": "", "last_name": "Khan", "created_at": "2025-06-02T12:09:52.517Z", "deleted_at": null, "first_name": "Md Mosabbir Hossain", "updated_at": "2025-06-02T12:09:52.517Z", "customer_id": null, "postal_code": "1319", "country_code": "bd"}}, "status": "placed", "isAdmin": true}	\N	\N	\N	\N	\N	\N	3997be16-9979-4ee9-9454-81fabab119bb	resend	2025-06-02 18:09:57.674+06	2025-06-02 18:10:00.028+06	\N	success
noti_01JWR8SF4P3V4QQFG5B2HBC2W2	kmosabbir@gmail.com	email	order-status-update	{"order": {"id": "order_01JMCNJAF43DY64PYCHRR9C2M6", "email": "kmosabbir@gmail.com", "total": 20, "display_id": 1, "customer_id": "cus_01JMCNHZCXE6YRZ1EJE6TVC3J4", "currency_code": "eur", "shipping_address": {"id": "caaddr_01JMCNHZF0KCC7NZ9G8VQ37J68", "city": "Dhaka", "phone": "01829463584", "company": "", "metadata": null, "province": "", "address_1": "314/A Ulon,  Rampura", "address_2": "", "last_name": "Khan", "created_at": "2025-02-18T13:56:57.440Z", "deleted_at": null, "first_name": "Md Mosabbir Hossain", "updated_at": "2025-02-18T13:56:57.440Z", "customer_id": null, "postal_code": "1319", "country_code": "fr"}}, "status": "fulfilled"}	\N	\N	\N	\N	\N	\N	6185c8b3-233c-4fb9-ac2d-a92de0623810	resend	2025-06-02 18:10:19.159+06	2025-06-02 18:10:21.072+06	\N	success
noti_01JWR8SF4PZARARDWV39DTPTMY	kmosabbir@gmail.com	email	order-status-update	{"order": {"id": "order_01JMCNJAF43DY64PYCHRR9C2M6", "email": "kmosabbir@gmail.com", "total": 20, "display_id": 1, "customer_id": "cus_01JMCNHZCXE6YRZ1EJE6TVC3J4", "currency_code": "eur", "shipping_address": {"id": "caaddr_01JMCNHZF0KCC7NZ9G8VQ37J68", "city": "Dhaka", "phone": "01829463584", "company": "", "metadata": null, "province": "", "address_1": "314/A Ulon,  Rampura", "address_2": "", "last_name": "Khan", "created_at": "2025-02-18T13:56:57.440Z", "deleted_at": null, "first_name": "Md Mosabbir Hossain", "updated_at": "2025-02-18T13:56:57.440Z", "customer_id": null, "postal_code": "1319", "country_code": "fr"}}, "status": "fulfilled", "isAdmin": true}	\N	\N	\N	\N	\N	\N	b27e2eb2-5f33-48dc-b2b9-7cfcf1852b6d	resend	2025-06-02 18:10:19.159+06	2025-06-02 18:10:21.072+06	\N	success
noti_01JWR8SS09655Q6KP503PM7ZQ3	kmosabbir@gmail.com	email	delivery-created	{"order": {"id": "order_01JWR8RSXF37GM0X4W3ARNJ821", "email": "kmosabbir@gmail.com", "customer": {"id": "cus_01JWPANFK9ZG6B4PJ4GMTHN7G9", "email": "kmosabbir@gmail.com", "phone": null, "metadata": null, "last_name": null, "created_at": "2025-06-01T18:04:36.842Z", "created_by": null, "deleted_at": null, "first_name": null, "updated_at": "2025-06-01T18:04:36.842Z", "has_account": false, "company_name": null}, "display_id": 34, "customer_id": "cus_01JWPANFK9ZG6B4PJ4GMTHN7G9", "fulfillments": [{"id": "ful_01JWR8SEX7K1PPZZYFYH2P1RV9", "data": {}, "metadata": null, "provider": {"id": "manual_manual"}, "packed_at": "2025-06-02T12:10:18.914Z", "created_at": "2025-06-02T12:10:18.920Z", "created_by": null, "deleted_at": null, "shipped_at": null, "updated_at": "2025-06-02T12:10:29.157Z", "canceled_at": null, "location_id": "sloc_01JNX89NQNMRYE33K478MMW5MX", "provider_id": "manual_manual", "delivered_at": "2025-06-02T12:10:29.146Z", "shipping_option": {"id": "so_01JQ78NHXRGT4Y0G3P1NBCPK48"}, "delivery_address": {"id": "fuladdr_01JWR8SEX79HKZYE43XP9MWPDG"}, "marked_shipped_by": null, "requires_shipping": true, "shipping_option_id": "so_01JQ78NHXRGT4Y0G3P1NBCPK48", "delivery_address_id": "fuladdr_01JWR8SEX79HKZYE43XP9MWPDG"}], "shipping_address": {"id": "caaddr_01JWR8RN45P7VYH62H67TQZMDC", "city": "Dhaka", "phone": "01829463584", "company": "", "metadata": null, "province": "", "address_1": "314/A Ulon,  Rampura", "address_2": "", "last_name": "Khan", "created_at": "2025-06-02T12:09:52.517Z", "deleted_at": null, "first_name": "Md Mosabbir Hossain", "updated_at": "2025-06-02T12:09:52.517Z", "customer_id": null, "postal_code": "1319", "country_code": "bd"}}}	\N	\N	\N	\N	\N	\N	b44b74cb-c7ea-4467-8e3c-081fb4d594d8	resend	2025-06-02 18:10:29.257+06	2025-06-02 18:10:31.035+06	\N	success
noti_01JWR8SS09QSHGGXXTCTW0GDFK	kmosabbir@gmail.com	email	delivery-created	{"order": {"id": "order_01JWR8RSXF37GM0X4W3ARNJ821", "email": "kmosabbir@gmail.com", "customer": {"id": "cus_01JWPANFK9ZG6B4PJ4GMTHN7G9", "email": "kmosabbir@gmail.com", "phone": null, "metadata": null, "last_name": null, "created_at": "2025-06-01T18:04:36.842Z", "created_by": null, "deleted_at": null, "first_name": null, "updated_at": "2025-06-01T18:04:36.842Z", "has_account": false, "company_name": null}, "display_id": 34, "customer_id": "cus_01JWPANFK9ZG6B4PJ4GMTHN7G9", "fulfillments": [{"id": "ful_01JWR8SEX7K1PPZZYFYH2P1RV9", "data": {}, "metadata": null, "provider": {"id": "manual_manual"}, "packed_at": "2025-06-02T12:10:18.914Z", "created_at": "2025-06-02T12:10:18.920Z", "created_by": null, "deleted_at": null, "shipped_at": null, "updated_at": "2025-06-02T12:10:29.157Z", "canceled_at": null, "location_id": "sloc_01JNX89NQNMRYE33K478MMW5MX", "provider_id": "manual_manual", "delivered_at": "2025-06-02T12:10:29.146Z", "shipping_option": {"id": "so_01JQ78NHXRGT4Y0G3P1NBCPK48"}, "delivery_address": {"id": "fuladdr_01JWR8SEX79HKZYE43XP9MWPDG"}, "marked_shipped_by": null, "requires_shipping": true, "shipping_option_id": "so_01JQ78NHXRGT4Y0G3P1NBCPK48", "delivery_address_id": "fuladdr_01JWR8SEX79HKZYE43XP9MWPDG"}], "shipping_address": {"id": "caaddr_01JWR8RN45P7VYH62H67TQZMDC", "city": "Dhaka", "phone": "01829463584", "company": "", "metadata": null, "province": "", "address_1": "314/A Ulon,  Rampura", "address_2": "", "last_name": "Khan", "created_at": "2025-06-02T12:09:52.517Z", "deleted_at": null, "first_name": "Md Mosabbir Hossain", "updated_at": "2025-06-02T12:09:52.517Z", "customer_id": null, "postal_code": "1319", "country_code": "bd"}}, "isAdmin": true}	\N	\N	\N	\N	\N	\N	e668bc24-4cd7-468e-b632-e53e08ffcd64	resend	2025-06-02 18:10:29.257+06	2025-06-02 18:10:31.035+06	\N	success
noti_01JY1QN9BRXNFQE6HE2E07WHDX	mosabbir.fwd@gmail.com	email	order-status-update	{"order": {"id": "order_01JY1QN8MJ41FWMFHKHVWZ62EC", "email": "mosabbir.fwd@gmail.com", "total": 200, "customer": {"id": "cus_01JWBW38ZSRJMBDTA8VKVZSE3A", "email": "mosabbir.fwd@gmail.com", "phone": "01829463584", "metadata": null, "last_name": "Khan", "created_at": "2025-05-28T16:37:35.865Z", "created_by": null, "deleted_at": null, "first_name": "Mosabbir", "updated_at": "2025-06-18T14:38:14.859Z", "has_account": true, "company_name": null}, "display_id": 35, "customer_id": "cus_01JWBW38ZSRJMBDTA8VKVZSE3A", "currency_code": "bdt", "shipping_address": {"id": "caaddr_01JY1QMW31WG55R9MA0GT1K46S", "city": "Dhaka", "phone": "01829463584", "company": "", "metadata": null, "province": "", "address_1": "314/A Ulon,  Rampura", "address_2": "", "last_name": "Khan", "created_at": "2025-06-18T14:38:48.929Z", "deleted_at": null, "first_name": "Md Mosabbir Hossain", "updated_at": "2025-06-18T14:38:48.929Z", "customer_id": null, "postal_code": "1319", "country_code": "bd"}}, "status": "placed"}	\N	\N	\N	\N	\N	\N	\N	resend	2025-06-18 20:39:02.521+06	2025-06-18 20:39:04.952+06	\N	success
noti_01JY1QN9BSXK7397WNW9NZ3QFK	kmosabbir@gmail.com	email	order-status-update	{"order": {"id": "order_01JY1QN8MJ41FWMFHKHVWZ62EC", "email": "mosabbir.fwd@gmail.com", "total": 200, "customer": {"id": "cus_01JWBW38ZSRJMBDTA8VKVZSE3A", "email": "mosabbir.fwd@gmail.com", "phone": "01829463584", "metadata": null, "last_name": "Khan", "created_at": "2025-05-28T16:37:35.865Z", "created_by": null, "deleted_at": null, "first_name": "Mosabbir", "updated_at": "2025-06-18T14:38:14.859Z", "has_account": true, "company_name": null}, "display_id": 35, "customer_id": "cus_01JWBW38ZSRJMBDTA8VKVZSE3A", "currency_code": "bdt", "shipping_address": {"id": "caaddr_01JY1QMW31WG55R9MA0GT1K46S", "city": "Dhaka", "phone": "01829463584", "company": "", "metadata": null, "province": "", "address_1": "314/A Ulon,  Rampura", "address_2": "", "last_name": "Khan", "created_at": "2025-06-18T14:38:48.929Z", "deleted_at": null, "first_name": "Md Mosabbir Hossain", "updated_at": "2025-06-18T14:38:48.929Z", "customer_id": null, "postal_code": "1319", "country_code": "bd"}}, "status": "placed", "isAdmin": true}	\N	\N	\N	\N	\N	\N	fd23468e-90e5-4c66-888a-c33cc9ef2e46	resend	2025-06-18 20:39:02.521+06	2025-06-18 20:39:04.953+06	\N	success
\.


--
-- Data for Name: notification_provider; Type: TABLE DATA; Schema: public; Owner: -
--

COPY public.notification_provider (id, handle, name, is_enabled, channels, created_at, updated_at, deleted_at) FROM stdin;
resend	resend	resend	t	{email}	2025-05-15 01:43:51.588+06	2025-05-17 00:34:19.793+06	\N
local	local	local	f	{feed}	2025-02-16 16:29:37.564+06	2025-05-17 00:34:19.805+06	\N
\.


--
-- Data for Name: order; Type: TABLE DATA; Schema: public; Owner: -
--

COPY public."order" (id, region_id, display_id, customer_id, version, sales_channel_id, status, is_draft_order, email, currency_code, shipping_address_id, billing_address_id, no_notification, metadata, created_at, updated_at, deleted_at, canceled_at) FROM stdin;
order_01JMCNJAF43DY64PYCHRR9C2M6	reg_01JM74X6KKWRA6RFHP1S3PHMCF	1	cus_01JMCNHZCXE6YRZ1EJE6TVC3J4	3	sc_01JM74X28JRVC097RK9V6GKE95	pending	f	kmosabbir@gmail.com	eur	caaddr_01JMCNHZF0KCC7NZ9G8VQ37J68	caaddr_01JMCNHZEZP979TWB02H8SVZM3	f	\N	2025-02-18 19:57:08.713+06	2025-02-18 19:59:40.517+06	\N	\N
order_01JQS32NN560VZZ19PGWX2JTAM	reg_01JNX8FYXTTQNQR08WNDTE0Z9G	8	cus_01JMPQ9K7R3BKEMBVG59BHS2MY	3	sc_01JM74X28JRVC097RK9V6GKE95	pending	f	mosabbir.fwd@gmail.com	bdt	caaddr_01JQS320JWQBNQ2HKBXCKH0FXJ	caaddr_01JQS320JW42M6R3E2WA024EET	f	\N	2025-04-01 22:31:14.607+06	2025-04-01 22:35:05.541+06	\N	\N
order_01JMPQDX28SDTY90R92MFNJMXP	reg_01JM74X6KKWRA6RFHP1S3PHMCF	2	cus_01JMPQ9K7R3BKEMBVG59BHS2MY	4	sc_01JM74X28JRVC097RK9V6GKE95	pending	f	mosabbir.fwd@gmail.com	eur	caaddr_01JMPQB11DGK123NR3S2G309NN	caaddr_01JMPQB11DWNFWDC1P9M7BT6X0	f	\N	2025-02-22 17:42:05.385+06	2025-02-22 17:43:27.951+06	\N	\N
order_01JMZ3F51GG6JAN6H669Q93R3R	reg_01JM74X6KKWRA6RFHP1S3PHMCF	3	cus_01JMPQ9K7R3BKEMBVG59BHS2MY	4	sc_01JM74X28JRVC097RK9V6GKE95	pending	f	mosabbir.fwd@gmail.com	eur	caaddr_01JMZ3EXGXEH2ZWC19MN5KQE9H	caaddr_01JMZ3EXGXQPZ68B8ZTPA5SAEY	f	\N	2025-02-25 23:46:24.689+06	2025-02-25 23:47:06.85+06	\N	\N
order_01JNX61R3ZP9763N9G1DRQDJB8	reg_01JM74X6KKWRA6RFHP1S3PHMCF	4	cus_01JMPQ9K7R3BKEMBVG59BHS2MY	2	sc_01JM74X28JRVC097RK9V6GKE95	pending	f	mosabbir.fwd@gmail.com	eur	caaddr_01JNX5W097DF2ZW2H1QHE1GT2Z	caaddr_01JNX5W097ZCSN209YBEC6T2WH	f	\N	2025-03-09 16:08:44.16+06	2025-03-09 16:12:08.761+06	\N	\N
order_01JNX6MZNQ3D0A7WBAYTAQ4W3F	reg_01JM74X6KKWRA6RFHP1S3PHMCF	5	cus_01JMPQ9K7R3BKEMBVG59BHS2MY	2	sc_01JM74X28JRVC097RK9V6GKE95	canceled	f	mosabbir.fwd@gmail.com	eur	caaddr_01JNX6DEMREPSXNTKN74527QPP	caaddr_01JNX6DEMQ3AJYYKKJC7Y26P2F	f	\N	2025-03-09 16:19:14.488+06	2025-03-10 00:27:18.793+06	\N	2025-03-10 00:27:18.789+06
order_01JQ78WM5ZYCAXSMGW7KM020B6	reg_01JNX8FYXTTQNQR08WNDTE0Z9G	6	cus_01JMPQ9K7R3BKEMBVG59BHS2MY	2	sc_01JM74X28JRVC097RK9V6GKE95	canceled	f	mosabbir.fwd@gmail.com	bdt	caaddr_01JQ78DVQP0DDW8C5W1D8ND9M9	caaddr_01JQ78DVQPD8XNZT6PJTPVQ175	f	\N	2025-03-26 00:26:28.189+06	2025-03-28 16:33:02.871+06	\N	2025-03-28 16:33:02.866+06
order_01JV85G46PC72YT56WCSYV08TF	reg_01JNX8FYXTTQNQR08WNDTE0Z9G	14	cus_01JMPQ9K7R3BKEMBVG59BHS2MY	2	sc_01JM74X28JRVC097RK9V6GKE95	canceled	f	kmosabbir@gmail.com	bdt	caaddr_01JV85FXY6ASHS41QDNNJ4MA7Q	caaddr_01JV85FXY6VFTXJRCKRCSYHTB5	f	\N	2025-05-15 01:49:14.586+06	2025-05-16 00:30:37.702+06	\N	2025-05-16 00:30:37.691+06
order_01JQH7D5P2YJWKHEEJPHQHMWNF	reg_01JNX8FYXTTQNQR08WNDTE0Z9G	7	cus_01JMPQ9K7R3BKEMBVG59BHS2MY	7	sc_01JM74X28JRVC097RK9V6GKE95	pending	f	mosabbir.fwd@gmail.com	bdt	caaddr_01JQE42PETE8RVRYECV3X2JY4A	caaddr_01JQE42PET945E6CRXW983D0HA	f	\N	2025-03-29 21:12:57.541+06	2025-03-29 21:17:00.685+06	\N	\N
order_01JV85E244W709HK2DCVRVKW4H	reg_01JNX8FYXTTQNQR08WNDTE0Z9G	13	cus_01JMPQ9K7R3BKEMBVG59BHS2MY	2	sc_01JM74X28JRVC097RK9V6GKE95	canceled	f	mosabbir.fwd@gmail.com	bdt	caaddr_01JV85C07957HA2FKZ0SPZ5XNW	caaddr_01JV85C079MAN1FH8PB2FPQ6A3	f	\N	2025-05-15 01:48:06.918+06	2025-05-16 00:35:08.961+06	\N	2025-05-16 00:35:08.957+06
order_01JVAG3CT1EDCTN2FVTR1EWW9P	reg_01JNX8FYXTTQNQR08WNDTE0Z9G	15	cus_01JMPQ9K7R3BKEMBVG59BHS2MY	3	sc_01JM74X28JRVC097RK9V6GKE95	pending	f	kmosabbir@gmail.com	bdt	caaddr_01JVAG34BCXH5390B4DAQGY7A0	caaddr_01JVAG34BB3HCZVH7AKHPY9BJH	f	\N	2025-05-15 23:33:00.617+06	2025-05-15 23:37:18.428+06	\N	\N
order_01JVAKPTP9ZN9BVPZHCV3PZYNV	reg_01JNX8FYXTTQNQR08WNDTE0Z9G	17	cus_01JMPQ9K7R3BKEMBVG59BHS2MY	2	sc_01JM74X28JRVC097RK9V6GKE95	pending	f	kmosabbir@gmail.com	bdt	caaddr_01JVAKPM3HNR83G2XNG9M2XW68	caaddr_01JVAKPM3GXVJB1CBD2EZ37RJ5	f	\N	2025-05-16 00:36:03.149+06	2025-05-16 00:37:21.906+06	\N	\N
order_01JV6SRJFJFKCC0YB8F1S9YNV7	reg_01JNX8FYXTTQNQR08WNDTE0Z9G	12	cus_01JMPQ9K7R3BKEMBVG59BHS2MY	1	sc_01JM74X28JRVC097RK9V6GKE95	pending	f	kmosabbir@gmail.com	bdt	caaddr_01JV6SRA80D90N647HEDMBYJR6	caaddr_01JV6SRA7ZFNY01PBQQGHJ55TQ	f	\N	2025-05-14 13:04:54.01+06	2025-05-16 00:44:29.448+06	\N	\N
order_01JVAH3NBW3R5W8TS70XPF2XD1	reg_01JNX8FYXTTQNQR08WNDTE0Z9G	16	cus_01JMPQ9K7R3BKEMBVG59BHS2MY	4	sc_01JM74X28JRVC097RK9V6GKE95	pending	f	kmosabbir@gmail.com	bdt	caaddr_01JVAH3E78BR74RBW93RSZXCF0	caaddr_01JVAH3E78KSEEJPJGSG2HVW18	f	\N	2025-05-15 23:50:37.952+06	2025-05-15 23:53:11.803+06	\N	\N
order_01JV2HYT3XH54EQY7M4H1RVHPS	reg_01JNX8FYXTTQNQR08WNDTE0Z9G	11	cus_01JMPQ9K7R3BKEMBVG59BHS2MY	1	sc_01JM74X28JRVC097RK9V6GKE95	pending	f	kmosabbir@gmail.com	bdt	caaddr_01JV2HY9WFZ9YWV2F039XSDHQ9	caaddr_01JV2HY9WE79RE61G45DWR93VT	f	\N	2025-05-12 21:31:32.097+06	2025-05-16 00:51:09.794+06	\N	\N
order_01JTZ2G9V4C7WWBRYAV57CX1R8	reg_01JNX8FYXTTQNQR08WNDTE0Z9G	10	cus_01JMPQ9K7R3BKEMBVG59BHS2MY	1	sc_01JM74X28JRVC097RK9V6GKE95	pending	f	kmosabbir@gmail.com	bdt	caaddr_01JTZ2FHCV4PZGTWPM7G0XHMPC	caaddr_01JTZ2FHCV87GRE8T93R4K0BQF	f	\N	2025-05-11 13:03:44.743+06	2025-05-16 00:58:13.266+06	\N	\N
order_01JVANPD30B3X8HRRTD8ZBY410	reg_01JNX8FYXTTQNQR08WNDTE0Z9G	18	cus_01JMPQ9K7R3BKEMBVG59BHS2MY	3	sc_01JM74X28JRVC097RK9V6GKE95	pending	f	kmosabbir@gmail.com	bdt	caaddr_01JVANP66FFDYF2M1HSGK85CQZ	caaddr_01JVANP66FWSKFZ54W56RXJP7M	f	\N	2025-05-16 01:10:46.376+06	2025-05-16 01:34:22.142+06	\N	\N
order_01JTYC3RCZQ9TK5KCGM8ERR5A7	reg_01JNX8FYXTTQNQR08WNDTE0Z9G	9	cus_01JMPQ9K7R3BKEMBVG59BHS2MY	1	sc_01JM74X28JRVC097RK9V6GKE95	pending	f	kmosabbir@gmail.com	bdt	caaddr_01JTYC3E7R4Y013GQKWHAD11PQ	caaddr_01JTYC3E7RHFGQA43Z403AXJ58	f	\N	2025-05-11 06:32:24.993+06	2025-05-16 01:35:42.623+06	\N	\N
order_01JVB15R2Z563128FR18320R0Z	reg_01JNX8FYXTTQNQR08WNDTE0Z9G	21	cus_01JMPQ9K7R3BKEMBVG59BHS2MY	2	sc_01JM74X28JRVC097RK9V6GKE95	canceled	f	kmosabbir@gmail.com	bdt	caaddr_01JVB15GWNBM953JX34JF7YN3B	caaddr_01JVB15GWN9JCKZ5APVK8YPRY6	f	\N	2025-05-16 04:31:23.492+06	2025-05-16 16:53:45.238+06	\N	2025-05-16 16:53:45.235+06
order_01JVC7YPNK7PDQAB205SW239Q4	reg_01JNX8FYXTTQNQR08WNDTE0Z9G	22	cus_01JMPQ9K7R3BKEMBVG59BHS2MY	2	sc_01JM74X28JRVC097RK9V6GKE95	canceled	f	kmosabbir@gmail.com	bdt	caaddr_01JVC7YFAFKY7TYMKQ3AX3R5NZ	caaddr_01JVC7YFAE4WF467BH0W6GKM4Y	f	\N	2025-05-16 15:49:07.132+06	2025-05-16 16:51:57.388+06	\N	2025-05-16 16:51:57.382+06
order_01JVAQF3C52QS4VW561RB2E9RW	reg_01JNX8FYXTTQNQR08WNDTE0Z9G	19	cus_01JMPQ9K7R3BKEMBVG59BHS2MY	4	sc_01JM74X28JRVC097RK9V6GKE95	pending	f	kmosabbir@gmail.com	bdt	caaddr_01JVAQEWAA5EY928HQJ77XTQM5	caaddr_01JVAQEWA9KT9CNZ6BDC7CV5AA	f	\N	2025-05-16 01:41:44.2+06	2025-05-16 01:42:18.4+06	\N	\N
order_01JVAQNHXEZXSWY4JSBH61N891	reg_01JNX8FYXTTQNQR08WNDTE0Z9G	20	cus_01JMPQ9K7R3BKEMBVG59BHS2MY	4	sc_01JM74X28JRVC097RK9V6GKE95	pending	f	kmosabbir@gmail.com	bdt	caaddr_01JVAQNBF676DH7PH1KCNKVPKX	caaddr_01JVAQNBF5KVD0BZ7C0RNTCZ0J	f	\N	2025-05-16 01:45:15.701+06	2025-05-16 01:47:06.765+06	\N	\N
order_01JWPASAM75KJVXA6B04A4MKBX	reg_01JNX8FYXTTQNQR08WNDTE0Z9G	23	cus_01JWPANFK9ZG6B4PJ4GMTHN7G9	4	sc_01JM74X28JRVC097RK9V6GKE95	pending	f	kmosabbir@gmail.com	bdt	caaddr_01JWPANFXY9BZ7E0TRFZKBV608	caaddr_01JWPANFXY7NW3DJRM979DV4MF	f	\N	2025-06-02 00:06:42.824+06	2025-06-02 00:07:30.098+06	\N	\N
order_01JWPBFFCZ1YTX20D62N4E76EE	reg_01JNX8FYXTTQNQR08WNDTE0Z9G	24	cus_01JWPANFK9ZG6B4PJ4GMTHN7G9	3	sc_01JM74X28JRVC097RK9V6GKE95	pending	f	kmosabbir@gmail.com	bdt	caaddr_01JWPBF9ECAM5MJEYFEC4XJEP0	caaddr_01JWPBF9EBC2WSQ687DF0YZ1GT	f	\N	2025-06-02 00:18:48.612+06	2025-06-02 00:19:13.699+06	\N	\N
order_01JWR1HKJ5CN4ZV00BV7STZSJQ	reg_01JNX8FYXTTQNQR08WNDTE0Z9G	26	cus_01JWPANFK9ZG6B4PJ4GMTHN7G9	3	sc_01JM74X28JRVC097RK9V6GKE95	pending	f	kmosabbir@gmail.com	bdt	caaddr_01JWR1HDJ4WQ96HJQDWVR1GP6V	caaddr_01JWR1HDJ3S7HT79C23N53Z06Z	f	\N	2025-06-02 16:03:41.51+06	2025-06-02 16:04:17.039+06	\N	\N
order_01JWR1GJR2GA5WVRGNS1Q6TABW	reg_01JNX8FYXTTQNQR08WNDTE0Z9G	25	cus_01JWPANFK9ZG6B4PJ4GMTHN7G9	3	sc_01JM74X28JRVC097RK9V6GKE95	pending	f	kmosabbir@gmail.com	bdt	caaddr_01JWR1GCCFGZBC78JR2B8XYN6M	caaddr_01JWR1GCCF3ZH19MC671TNGWAH	f	\N	2025-06-02 16:03:07.909+06	2025-06-02 16:44:35.368+06	\N	\N
order_01JWR42N971AWR051NQJ7KPQQF	reg_01JNX8FYXTTQNQR08WNDTE0Z9G	27	cus_01JWPANFK9ZG6B4PJ4GMTHN7G9	3	sc_01JM74X28JRVC097RK9V6GKE95	pending	f	kmosabbir@gmail.com	bdt	caaddr_01JWR42ENNEJNF6MMD1QD9CYY7	caaddr_01JWR42ENNMTR34X4G4QFYZPRP	f	\N	2025-06-02 16:47:57.481+06	2025-06-02 16:48:22.632+06	\N	\N
order_01JWR48BMKQGNCY5K5FZFVSNXM	reg_01JNX8FYXTTQNQR08WNDTE0Z9G	28	cus_01JWPANFK9ZG6B4PJ4GMTHN7G9	3	sc_01JM74X28JRVC097RK9V6GKE95	pending	f	kmosabbir@gmail.com	bdt	caaddr_01JWR486PQSYYV8CE0301JTQS5	caaddr_01JWR486PQYFFMF6QMSPAHFN6T	f	\N	2025-06-02 16:51:04.212+06	2025-06-02 16:53:47.176+06	\N	\N
order_01JWR50PZPNHC1R4KTFGX38K7K	reg_01JNX8FYXTTQNQR08WNDTE0Z9G	29	cus_01JWPANFK9ZG6B4PJ4GMTHN7G9	3	sc_01JM74X28JRVC097RK9V6GKE95	pending	f	kmosabbir@gmail.com	bdt	caaddr_01JWR50HVCN152JDC3AJDH4PXT	caaddr_01JWR50HVC7HE35QC0Y0KB0RSQ	f	\N	2025-06-02 17:04:22.263+06	2025-06-02 17:04:45.913+06	\N	\N
order_01JWR56X8AP6AP091TMQG56KZJ	reg_01JNX8FYXTTQNQR08WNDTE0Z9G	30	cus_01JWPANFK9ZG6B4PJ4GMTHN7G9	3	sc_01JM74X28JRVC097RK9V6GKE95	pending	f	kmosabbir@gmail.com	bdt	caaddr_01JWR56RP7VDEHBDATVHZPF0VF	caaddr_01JWR56RP7H3YFTBPVDB9AKXMS	f	\N	2025-06-02 17:07:45.294+06	2025-06-02 17:08:24.768+06	\N	\N
order_01JWR6GFQY8KPNJD14T7RAS358	reg_01JNX8FYXTTQNQR08WNDTE0Z9G	31	cus_01JWBW38ZSRJMBDTA8VKVZSE3A	3	sc_01JM74X28JRVC097RK9V6GKE95	pending	f	mosabbir.fwd@gmail.com	bdt	caaddr_01JWR6GB1Y01ZQWYR4R7Z2SJMG	caaddr_01JWR6GB1YM8B45AE77DN8AMH9	f	\N	2025-06-02 17:30:27.713+06	2025-06-02 17:30:56.903+06	\N	\N
order_01JWR6RRW19APPF46P5VAAF20S	reg_01JNX8FYXTTQNQR08WNDTE0Z9G	32	cus_01JWBW38ZSRJMBDTA8VKVZSE3A	3	sc_01JM74X28JRVC097RK9V6GKE95	pending	f	mosabbir.fwd@gmail.com	bdt	caaddr_01JWR6RKK17BYNWRBDM069Y5DQ	caaddr_01JWR6RKK13YACAP12J084MCE8	f	\N	2025-06-02 17:34:59.204+06	2025-06-02 17:35:21.642+06	\N	\N
order_01JWR7K96C5TEM16MCTS0WZQMC	reg_01JNX8FYXTTQNQR08WNDTE0Z9G	33	cus_01JWPANFK9ZG6B4PJ4GMTHN7G9	3	sc_01JM74X28JRVC097RK9V6GKE95	pending	f	kmosabbir@gmail.com	bdt	caaddr_01JWR7K44H73V3DQH9NJHN4KVT	caaddr_01JWR7K44HQZFZ1HQ3H3RYB53X	f	\N	2025-06-02 17:49:27.887+06	2025-06-02 17:50:03.535+06	\N	\N
order_01JWR8RSXF37GM0X4W3ARNJ821	reg_01JNX8FYXTTQNQR08WNDTE0Z9G	34	cus_01JWPANFK9ZG6B4PJ4GMTHN7G9	3	sc_01JM74X28JRVC097RK9V6GKE95	pending	f	kmosabbir@gmail.com	bdt	caaddr_01JWR8RN45P7VYH62H67TQZMDC	caaddr_01JWR8RN44JY46YPG99G4YRGRR	f	\N	2025-06-02 18:09:57.428+06	2025-06-02 18:10:29.18+06	\N	\N
order_01JY1QN8MJ41FWMFHKHVWZ62EC	reg_01JNX8FYXTTQNQR08WNDTE0Z9G	35	cus_01JWBW38ZSRJMBDTA8VKVZSE3A	1	sc_01JM74X28JRVC097RK9V6GKE95	pending	f	mosabbir.fwd@gmail.com	bdt	caaddr_01JY1QMW31WG55R9MA0GT1K46S	caaddr_01JY1QMW31Y5K8JNRQGZY0F717	f	\N	2025-06-18 20:39:01.779+06	2025-06-18 20:39:01.779+06	\N	\N
\.


--
-- Data for Name: order_address; Type: TABLE DATA; Schema: public; Owner: -
--

COPY public.order_address (id, customer_id, company, first_name, last_name, address_1, address_2, city, country_code, province, postal_code, phone, metadata, created_at, updated_at, deleted_at) FROM stdin;
caaddr_01JMCNHZEZP979TWB02H8SVZM3	\N		Md Mosabbir Hossain	Khan	314/A Ulon,  Rampura		Dhaka	fr		1319	01829463584	\N	2025-02-18 19:56:57.44+06	2025-02-18 19:56:57.44+06	\N
caaddr_01JMCNHZF0KCC7NZ9G8VQ37J68	\N		Md Mosabbir Hossain	Khan	314/A Ulon,  Rampura		Dhaka	fr		1319	01829463584	\N	2025-02-18 19:56:57.44+06	2025-02-18 19:56:57.44+06	\N
caaddr_01JMPQB11DWNFWDC1P9M7BT6X0	\N		Md Mosabbir Hossain	Khan	314/A Ulon,  Rampura		Dhaka	es		1319	01829463584	\N	2025-02-22 17:40:31.149+06	2025-02-22 17:40:31.149+06	\N
caaddr_01JMPQB11DGK123NR3S2G309NN	\N		Md Mosabbir Hossain	Khan	314/A Ulon,  Rampura		Dhaka	es		1319	01829463584	\N	2025-02-22 17:40:31.15+06	2025-02-22 17:40:31.15+06	\N
caaddr_01JMZ3EXGXQPZ68B8ZTPA5SAEY	\N		Md Mosabbir Hossain	Khan	314/A Ulon,  Rampura		Dhaka	de		1319	01829463584	\N	2025-02-25 23:46:16.989+06	2025-02-25 23:46:16.989+06	\N
caaddr_01JMZ3EXGXEH2ZWC19MN5KQE9H	\N		Md Mosabbir Hossain	Khan	314/A Ulon,  Rampura		Dhaka	de		1319	01829463584	\N	2025-02-25 23:46:16.99+06	2025-02-25 23:46:16.99+06	\N
caaddr_01JNX5W097ZCSN209YBEC6T2WH	\N		Md Mosabbir Hossain	Khan	314/A Ulon,  Rampura		Dhaka	de		1319	01829463584	\N	2025-03-09 16:05:35.911+06	2025-03-09 16:05:35.911+06	\N
caaddr_01JNX5W097DF2ZW2H1QHE1GT2Z	\N		Md Mosabbir Hossain	Khan	314/A Ulon,  Rampura		Dhaka	de		1319	01829463584	\N	2025-03-09 16:05:35.912+06	2025-03-09 16:05:35.912+06	\N
caaddr_01JNX6DEMQ3AJYYKKJC7Y26P2F	\N		Md Mosabbir Hossain	Khan	314/A Ulon,  Rampura		Dhaka	dk		1319	01829463584	\N	2025-03-09 16:15:07.672+06	2025-03-09 16:15:07.672+06	\N
caaddr_01JNX6DEMREPSXNTKN74527QPP	\N		Md Mosabbir Hossain	Khan	314/A Ulon,  Rampura		Dhaka	dk		1319	01829463584	\N	2025-03-09 16:15:07.672+06	2025-03-09 16:15:07.672+06	\N
caaddr_01JQ78DVQPD8XNZT6PJTPVQ175	\N	23	Mosabbir	Khn	23		23	bd	23	23	1234	\N	2025-03-26 00:18:24.374+06	2025-03-26 00:18:24.374+06	\N
caaddr_01JQ78DVQP0DDW8C5W1D8ND9M9	\N	23	Mosabbir	Khn	23		23	bd	23	23	1234	\N	2025-03-26 00:18:24.374+06	2025-03-26 00:18:24.374+06	\N
caaddr_01JQE42PET945E6CRXW983D0HA	\N		Md Mosabbir	Khan	300/R Banasree		Dhaka	bd		1212	018454545454	\N	2025-03-28 16:17:05.242+06	2025-03-28 16:17:05.242+06	\N
caaddr_01JQE42PETE8RVRYECV3X2JY4A	\N		Md Mosabbir	Khan	300/R Banasree		Dhaka	bd		1212	018454545454	\N	2025-03-28 16:17:05.242+06	2025-03-28 16:17:05.242+06	\N
caaddr_01JQS320JW42M6R3E2WA024EET	\N		Md Mosabbir	Khan	300/R Banasree		Dhaka	bd		1212	018454545454	\N	2025-04-01 22:30:53.021+06	2025-04-01 22:30:53.021+06	\N
caaddr_01JQS320JWQBNQ2HKBXCKH0FXJ	\N		Md Mosabbir	Khan	300/R Banasree		Dhaka	bd		1212	018454545454	\N	2025-04-01 22:30:53.021+06	2025-04-01 22:30:53.021+06	\N
caaddr_01JTYC3E7RHFGQA43Z403AXJ58	\N		Md Mosabbir	Khan	300/R Banasree		Dhaka	bd		1212	018454545454	\N	2025-05-11 06:32:14.585+06	2025-05-11 06:32:14.585+06	\N
caaddr_01JTYC3E7R4Y013GQKWHAD11PQ	\N		Md Mosabbir	Khan	300/R Banasree		Dhaka	bd		1212	018454545454	\N	2025-05-11 06:32:14.585+06	2025-05-11 06:32:14.585+06	\N
caaddr_01JTZ2FHCV87GRE8T93R4K0BQF	\N		Md Mosabbir	Khan	300/R Banasree		Dhaka	bd		1212	018454545454	\N	2025-05-11 13:03:19.707+06	2025-05-11 13:03:19.707+06	\N
caaddr_01JTZ2FHCV4PZGTWPM7G0XHMPC	\N		Md Mosabbir	Khan	300/R Banasree		Dhaka	bd		1212	018454545454	\N	2025-05-11 13:03:19.707+06	2025-05-11 13:03:19.707+06	\N
caaddr_01JV2HY9WE79RE61G45DWR93VT	\N		Md Mosabbir	Khan	300/R Banasree		Dhaka	bd		1212	018454545454	\N	2025-05-12 21:31:15.472+06	2025-05-12 21:31:15.472+06	\N
caaddr_01JV2HY9WFZ9YWV2F039XSDHQ9	\N		Md Mosabbir	Khan	300/R Banasree		Dhaka	bd		1212	018454545454	\N	2025-05-12 21:31:15.472+06	2025-05-12 21:31:15.472+06	\N
caaddr_01JV6SRA7ZFNY01PBQQGHJ55TQ	\N		Md Mosabbir	Khan	300/R Banasree		Dhaka	bd		1212	018454545454	\N	2025-05-14 13:04:45.568+06	2025-05-14 13:04:45.568+06	\N
caaddr_01JV6SRA80D90N647HEDMBYJR6	\N		Md Mosabbir	Khan	300/R Banasree		Dhaka	bd		1212	018454545454	\N	2025-05-14 13:04:45.568+06	2025-05-14 13:04:45.568+06	\N
caaddr_01JV85C079MAN1FH8PB2FPQ6A3	\N		Md Mosabbir	Khan	300/R Banasree		Dhaka	bd		1212	018454545454	\N	2025-05-15 01:46:59.434+06	2025-05-15 01:46:59.434+06	\N
caaddr_01JV85C07957HA2FKZ0SPZ5XNW	\N		Md Mosabbir	Khan	300/R Banasree		Dhaka	bd		1212	018454545454	\N	2025-05-15 01:46:59.434+06	2025-05-15 01:46:59.434+06	\N
caaddr_01JV85FXY6VFTXJRCKRCSYHTB5	\N		Md Mosabbir	Khan	300/R Banasree		Dhaka	bd		1212	018454545454	\N	2025-05-15 01:49:08.166+06	2025-05-15 01:49:08.167+06	\N
caaddr_01JV85FXY6ASHS41QDNNJ4MA7Q	\N		Md Mosabbir	Khan	300/R Banasree		Dhaka	bd		1212	018454545454	\N	2025-05-15 01:49:08.167+06	2025-05-15 01:49:08.167+06	\N
caaddr_01JVAG34BB3HCZVH7AKHPY9BJH	\N		Md Mosabbir Hossain	Khan	314/A Ulon,  Rampura		Dhaka	bd		1319	01829463584	\N	2025-05-15 23:32:51.948+06	2025-05-15 23:32:51.948+06	\N
caaddr_01JVAG34BCXH5390B4DAQGY7A0	\N		Md Mosabbir Hossain	Khan	314/A Ulon,  Rampura		Dhaka	bd		1319	01829463584	\N	2025-05-15 23:32:51.948+06	2025-05-15 23:32:51.948+06	\N
caaddr_01JVAH3E78KSEEJPJGSG2HVW18	\N		Md Mosabbir Hossain	Khan	314/A Ulon,  Rampura		Dhaka	bd		1319	01829463584	\N	2025-05-15 23:50:30.633+06	2025-05-15 23:50:30.633+06	\N
caaddr_01JVAH3E78BR74RBW93RSZXCF0	\N		Md Mosabbir Hossain	Khan	314/A Ulon,  Rampura		Dhaka	bd		1319	01829463584	\N	2025-05-15 23:50:30.633+06	2025-05-15 23:50:30.633+06	\N
caaddr_01JVAKPM3GXVJB1CBD2EZ37RJ5	\N		Md Mosabbir Hossain	Khan	314/A Ulon,  Rampura		Dhaka	bd		1319	01829463584	\N	2025-05-16 00:35:56.401+06	2025-05-16 00:35:56.401+06	\N
caaddr_01JVAKPM3HNR83G2XNG9M2XW68	\N		Md Mosabbir Hossain	Khan	314/A Ulon,  Rampura		Dhaka	bd		1319	01829463584	\N	2025-05-16 00:35:56.401+06	2025-05-16 00:35:56.401+06	\N
caaddr_01JVANP66FWSKFZ54W56RXJP7M	\N		Md Mosabbir Hossain	Khan	314/A Ulon,  Rampura		Dhaka	bd		1319	01829463584	\N	2025-05-16 01:10:39.312+06	2025-05-16 01:10:39.312+06	\N
caaddr_01JVANP66FFDYF2M1HSGK85CQZ	\N		Md Mosabbir Hossain	Khan	314/A Ulon,  Rampura		Dhaka	bd		1319	01829463584	\N	2025-05-16 01:10:39.312+06	2025-05-16 01:10:39.312+06	\N
caaddr_01JVAQEWA9KT9CNZ6BDC7CV5AA	\N		Md Mosabbir Hossain	Khan	314/A Ulon,  Rampura		Dhaka	bd		1319	01829463584	\N	2025-05-16 01:41:36.97+06	2025-05-16 01:41:36.97+06	\N
caaddr_01JVAQEWAA5EY928HQJ77XTQM5	\N		Md Mosabbir Hossain	Khan	314/A Ulon,  Rampura		Dhaka	bd		1319	01829463584	\N	2025-05-16 01:41:36.97+06	2025-05-16 01:41:36.97+06	\N
caaddr_01JVAQNBF5KVD0BZ7C0RNTCZ0J	\N		Md Mosabbir Hossain	Khan	314/A Ulon,  Rampura		Dhaka	bd		1319	01829463584	\N	2025-05-16 01:45:09.094+06	2025-05-16 01:45:09.094+06	\N
caaddr_01JVAQNBF676DH7PH1KCNKVPKX	\N		Md Mosabbir Hossain	Khan	314/A Ulon,  Rampura		Dhaka	bd		1319	01829463584	\N	2025-05-16 01:45:09.094+06	2025-05-16 01:45:09.094+06	\N
caaddr_01JVB15GWN9JCKZ5APVK8YPRY6	\N		Md Mosabbir Hossain	Khan	314/A Ulon,  Rampura		Dhaka	bd		1319	01829463584	\N	2025-05-16 04:31:16.117+06	2025-05-16 04:31:16.117+06	\N
caaddr_01JVB15GWNBM953JX34JF7YN3B	\N		Md Mosabbir Hossain	Khan	314/A Ulon,  Rampura		Dhaka	bd		1319	01829463584	\N	2025-05-16 04:31:16.118+06	2025-05-16 04:31:16.118+06	\N
caaddr_01JVC7YFAE4WF467BH0W6GKM4Y	\N		Md Mosabbir Hossain	Khan	314/A Ulon,  Rampura		Dhaka	bd		1319	01829463584	\N	2025-05-16 15:48:59.599+06	2025-05-16 15:48:59.599+06	\N
caaddr_01JVC7YFAFKY7TYMKQ3AX3R5NZ	\N		Md Mosabbir Hossain	Khan	314/A Ulon,  Rampura		Dhaka	bd		1319	01829463584	\N	2025-05-16 15:48:59.599+06	2025-05-16 15:48:59.599+06	\N
caaddr_01JWPANFXY7NW3DJRM979DV4MF	\N		Md Mosabbir Hossain	Khan	314/A Ulon,  Rampura		Dhaka	bd		1319	01829463584	\N	2025-06-02 00:04:37.183+06	2025-06-02 00:04:37.183+06	\N
caaddr_01JWPANFXY9BZ7E0TRFZKBV608	\N		Md Mosabbir Hossain	Khan	314/A Ulon,  Rampura		Dhaka	bd		1319	01829463584	\N	2025-06-02 00:04:37.183+06	2025-06-02 00:04:37.183+06	\N
caaddr_01JWPBF9EBC2WSQ687DF0YZ1GT	\N		Md Mosabbir Hossain	Khan	314/A Ulon,  Rampura		Dhaka	bd		1319	01829463584	\N	2025-06-02 00:18:42.508+06	2025-06-02 00:18:42.508+06	\N
caaddr_01JWPBF9ECAM5MJEYFEC4XJEP0	\N		Md Mosabbir Hossain	Khan	314/A Ulon,  Rampura		Dhaka	bd		1319	01829463584	\N	2025-06-02 00:18:42.508+06	2025-06-02 00:18:42.508+06	\N
caaddr_01JWR1GCCF3ZH19MC671TNGWAH	\N		Md Mosabbir Hossain	Khan	314/A Ulon,  Rampura		Dhaka	bd		1319	01829463584	\N	2025-06-02 16:03:01.392+06	2025-06-02 16:03:01.392+06	\N
caaddr_01JWR1GCCFGZBC78JR2B8XYN6M	\N		Md Mosabbir Hossain	Khan	314/A Ulon,  Rampura		Dhaka	bd		1319	01829463584	\N	2025-06-02 16:03:01.392+06	2025-06-02 16:03:01.392+06	\N
caaddr_01JWR1HDJ3S7HT79C23N53Z06Z	\N		Md Mosabbir Hossain	Khan	314/A Ulon,  Rampura		Dhaka	bd		1319	01829463584	\N	2025-06-02 16:03:35.364+06	2025-06-02 16:03:35.364+06	\N
caaddr_01JWR1HDJ4WQ96HJQDWVR1GP6V	\N		Md Mosabbir Hossain	Khan	314/A Ulon,  Rampura		Dhaka	bd		1319	01829463584	\N	2025-06-02 16:03:35.364+06	2025-06-02 16:03:35.364+06	\N
caaddr_01JWR42ENNMTR34X4G4QFYZPRP	\N		Md Mosabbir Hossain	Khan	314/A Ulon,  Rampura		Dhaka	bd		1319	01829463584	\N	2025-06-02 16:47:50.709+06	2025-06-02 16:47:50.709+06	\N
caaddr_01JWR42ENNEJNF6MMD1QD9CYY7	\N		Md Mosabbir Hossain	Khan	314/A Ulon,  Rampura		Dhaka	bd		1319	01829463584	\N	2025-06-02 16:47:50.709+06	2025-06-02 16:47:50.709+06	\N
caaddr_01JWR486PQYFFMF6QMSPAHFN6T	\N		Md Mosabbir Hossain	Khan	314/A Ulon,  Rampura		Dhaka	bd		1319	01829463584	\N	2025-06-02 16:50:59.159+06	2025-06-02 16:50:59.159+06	\N
caaddr_01JWR486PQSYYV8CE0301JTQS5	\N		Md Mosabbir Hossain	Khan	314/A Ulon,  Rampura		Dhaka	bd		1319	01829463584	\N	2025-06-02 16:50:59.159+06	2025-06-02 16:50:59.159+06	\N
caaddr_01JWR50HVC7HE35QC0Y0KB0RSQ	\N		Md Mosabbir Hossain	Khan	314/A Ulon,  Rampura		Dhaka	bd		1319	01829463584	\N	2025-06-02 17:04:17.004+06	2025-06-02 17:04:17.004+06	\N
caaddr_01JWR50HVCN152JDC3AJDH4PXT	\N		Md Mosabbir Hossain	Khan	314/A Ulon,  Rampura		Dhaka	bd		1319	01829463584	\N	2025-06-02 17:04:17.005+06	2025-06-02 17:04:17.005+06	\N
caaddr_01JWR56RP7H3YFTBPVDB9AKXMS	\N		Md Mosabbir Hossain	Khan	314/A Ulon,  Rampura		Dhaka	bd		1319	01829463584	\N	2025-06-02 17:07:40.616+06	2025-06-02 17:07:40.616+06	\N
caaddr_01JWR56RP7VDEHBDATVHZPF0VF	\N		Md Mosabbir Hossain	Khan	314/A Ulon,  Rampura		Dhaka	bd		1319	01829463584	\N	2025-06-02 17:07:40.616+06	2025-06-02 17:07:40.616+06	\N
caaddr_01JWR6GB1YM8B45AE77DN8AMH9	\N		Md Mosabbir Hossain	Khan	314/A Ulon,  Rampura		Dhaka	bd		1319	01829463584	\N	2025-06-02 17:30:22.91+06	2025-06-02 17:30:22.91+06	\N
caaddr_01JWR6GB1Y01ZQWYR4R7Z2SJMG	\N		Md Mosabbir Hossain	Khan	314/A Ulon,  Rampura		Dhaka	bd		1319	01829463584	\N	2025-06-02 17:30:22.91+06	2025-06-02 17:30:22.91+06	\N
caaddr_01JWR6RKK13YACAP12J084MCE8	\N		Md Mosabbir Hossain	Khan	314/A Ulon,  Rampura		Dhaka	bd		1319	01829463584	\N	2025-06-02 17:34:53.793+06	2025-06-02 17:34:53.793+06	\N
caaddr_01JWR6RKK17BYNWRBDM069Y5DQ	\N		Md Mosabbir Hossain	Khan	314/A Ulon,  Rampura		Dhaka	bd		1319	01829463584	\N	2025-06-02 17:34:53.793+06	2025-06-02 17:34:53.793+06	\N
caaddr_01JWR7K44HQZFZ1HQ3H3RYB53X	\N		Md Mosabbir Hossain	Khan	314/A Ulon,  Rampura		Dhaka	bd		1319	01829463584	\N	2025-06-02 17:49:22.705+06	2025-06-02 17:49:22.705+06	\N
caaddr_01JWR7K44H73V3DQH9NJHN4KVT	\N		Md Mosabbir Hossain	Khan	314/A Ulon,  Rampura		Dhaka	bd		1319	01829463584	\N	2025-06-02 17:49:22.705+06	2025-06-02 17:49:22.705+06	\N
caaddr_01JWR8RN44JY46YPG99G4YRGRR	\N		Md Mosabbir Hossain	Khan	314/A Ulon,  Rampura		Dhaka	bd		1319	01829463584	\N	2025-06-02 18:09:52.517+06	2025-06-02 18:09:52.517+06	\N
caaddr_01JWR8RN45P7VYH62H67TQZMDC	\N		Md Mosabbir Hossain	Khan	314/A Ulon,  Rampura		Dhaka	bd		1319	01829463584	\N	2025-06-02 18:09:52.517+06	2025-06-02 18:09:52.517+06	\N
caaddr_01JY1QMW31Y5K8JNRQGZY0F717	\N		Md Mosabbir Hossain	Khan	314/A Ulon,  Rampura		Dhaka	bd		1319	01829463584	\N	2025-06-18 20:38:48.929+06	2025-06-18 20:38:48.929+06	\N
caaddr_01JY1QMW31WG55R9MA0GT1K46S	\N		Md Mosabbir Hossain	Khan	314/A Ulon,  Rampura		Dhaka	bd		1319	01829463584	\N	2025-06-18 20:38:48.929+06	2025-06-18 20:38:48.929+06	\N
\.


--
-- Data for Name: order_cart; Type: TABLE DATA; Schema: public; Owner: -
--

COPY public.order_cart (order_id, cart_id, id, created_at, updated_at, deleted_at) FROM stdin;
order_01JMCNJAF43DY64PYCHRR9C2M6	cart_01JMCNHB2MXRNRTH2TZXXDZ0P8	ordercart_01JMCNJASRK4GS3ARCXH60D4DW	2025-02-18 19:57:09.039022+06	2025-02-18 19:57:09.039022+06	\N
order_01JMPQDX28SDTY90R92MFNJMXP	cart_01JMPQADQXQXNA4JPFAEGRAQZJ	ordercart_01JMPQDX9QNXH29884MMBFGSMH	2025-02-22 17:42:05.611165+06	2025-02-22 17:42:05.611165+06	\N
order_01JMZ3F51GG6JAN6H669Q93R3R	cart_01JMZ3E7YAWPZXX3N9B8JEQ273	ordercart_01JMZ3F58N8BTVWV8CSY52EF2E	2025-02-25 23:46:24.888827+06	2025-02-25 23:46:24.888827+06	\N
order_01JNX61R3ZP9763N9G1DRQDJB8	cart_01JNX5SP8FETBXGZWJSQYK43VM	ordercart_01JNX61REPHVESGHDG9AZS5QEH	2025-03-09 16:08:44.479026+06	2025-03-09 16:08:44.479026+06	\N
order_01JNX6MZNQ3D0A7WBAYTAQ4W3F	cart_01JNX6D1TF2HJBXV3ZMA953ZSM	ordercart_01JNX6MZRGER2896SYDH41D54B	2025-03-09 16:19:14.569378+06	2025-03-09 16:19:14.569378+06	\N
order_01JQ78WM5ZYCAXSMGW7KM020B6	cart_01JQ6K0JKS8F9ST33R4M6Y9BPV	ordercart_01JQ78WMK4SKVHWK20XHGSC88C	2025-03-26 00:26:28.566027+06	2025-03-26 00:26:28.566027+06	\N
order_01JQH7D5P2YJWKHEEJPHQHMWNF	cart_01JQE4201QB3K4P8VY120ZFME8	ordercart_01JQH7D5XZRP8DGMNX3KR7DP1H	2025-03-29 21:12:57.779291+06	2025-03-29 21:12:57.779291+06	\N
order_01JQS32NN560VZZ19PGWX2JTAM	cart_01JQMS9VM8V8GJE880PC3TF7MS	ordercart_01JQS32P5FT71GD4Q8XBRX6EP9	2025-04-01 22:31:15.102697+06	2025-04-01 22:31:15.102697+06	\N
order_01JTYC3RCZQ9TK5KCGM8ERR5A7	cart_01JTYC2888BPXYRKER48X900Q1	ordercart_01JTYC3RZ2P064KZGX68GH15FK	2025-05-11 06:32:25.554218+06	2025-05-11 06:32:25.554218+06	\N
order_01JTZ2G9V4C7WWBRYAV57CX1R8	cart_01JTZ2F3HP5KTMDMHT4XPFTY50	ordercart_01JTZ2GA5Z8MCES96NB6J1KDHH	2025-05-11 13:03:45.077034+06	2025-05-11 13:03:45.077034+06	\N
order_01JV2HYT3XH54EQY7M4H1RVHPS	cart_01JV2HXX494ACJZTTKBAWDFXRK	ordercart_01JV2HYTDR06S93VGXK4PZ4NCF	2025-05-12 21:31:32.395276+06	2025-05-12 21:31:32.395276+06	\N
order_01JV6SRJFJFKCC0YB8F1S9YNV7	cart_01JV6RMH7K93G4S469S971ABMX	ordercart_01JV6SRJV14B6E9BJ12J0VPEYD	2025-05-14 13:04:54.357776+06	2025-05-14 13:04:54.357776+06	\N
order_01JV85E244W709HK2DCVRVKW4H	cart_01JV85BF9HNTSEQAW6DAPJGVND	ordercart_01JV85E2CF5DTBMZ0QA9G2R4KA	2025-05-15 01:48:07.173296+06	2025-05-15 01:48:07.173296+06	\N
order_01JV85G46PC72YT56WCSYV08TF	cart_01JV85FDE5MDQ90SMGTS6HV56X	ordercart_01JV85G49HAZVZ47SFE0X4J8W4	2025-05-15 01:49:14.662289+06	2025-05-15 01:49:14.662289+06	\N
order_01JVAG3CT1EDCTN2FVTR1EWW9P	cart_01JVAG2F2Y358KXXC3HYDMWDZT	ordercart_01JVAG3CZ8NQYN47AHE89M3JW3	2025-05-15 23:33:00.758592+06	2025-05-15 23:33:00.758592+06	\N
order_01JVAH3NBW3R5W8TS70XPF2XD1	cart_01JVAH36HCDHZSR0X8J9MMRTCK	ordercart_01JVAH3NH24CKW94FNT1HX2S84	2025-05-15 23:50:38.086768+06	2025-05-15 23:50:38.086768+06	\N
order_01JVAKPTP9ZN9BVPZHCV3PZYNV	cart_01JVAKP0P054QZVGTQR69C6ZHJ	ordercart_01JVAKPTSJ9YFR2ATRMB6W9T80	2025-05-16 00:36:03.234626+06	2025-05-16 00:36:03.234626+06	\N
order_01JVANPD30B3X8HRRTD8ZBY410	cart_01JVANNE4Z9EBBQJPY9AQRRFQE	ordercart_01JVANPD6ZS8Q4GW29YQPTY1SJ	2025-05-16 01:10:46.4809+06	2025-05-16 01:10:46.4809+06	\N
order_01JVAQF3C52QS4VW561RB2E9RW	cart_01JVAQEHBCM4WDZAJ4Q52SX6WH	ordercart_01JVAQF3FED97Q5MFE6QGTHT2S	2025-05-16 01:41:44.286764+06	2025-05-16 01:41:44.286764+06	\N
order_01JVAQNHXEZXSWY4JSBH61N891	cart_01JVAQN03582XWY3R2E633K0X1	ordercart_01JVAQNJ1B9EZYGQJX85VK5A9A	2025-05-16 01:45:15.802749+06	2025-05-16 01:45:15.802749+06	\N
order_01JVB15R2Z563128FR18320R0Z	cart_01JVB14Z4JZKXTTNA1880P95RG	ordercart_01JVB15R9QQ0YZ5DJNXQM4YDCY	2025-05-16 04:31:23.691552+06	2025-05-16 04:31:23.691552+06	\N
order_01JVC7YPNK7PDQAB205SW239Q4	cart_01JVC7XVCYW9PJBVXHJJXCRJK1	ordercart_01JVC7YQ988CGED3FR5NHK1G22	2025-05-16 15:49:07.738133+06	2025-05-16 15:49:07.738133+06	\N
order_01JWPASAM75KJVXA6B04A4MKBX	cart_01JWPAMMTGP0RM9ARYXVQRYPYJ	ordercart_01JWPASAYCE6TSH3FT47VHYSEB	2025-06-02 00:06:43.148193+06	2025-06-02 00:06:43.148193+06	\N
order_01JWPBFFCZ1YTX20D62N4E76EE	cart_01JWPBF11N2XJ6JZBNTSN7YZ9X	ordercart_01JWPBFFFDTZQ1SACX6A3C3ATY	2025-06-02 00:18:48.674724+06	2025-06-02 00:18:48.674724+06	\N
order_01JWR1GJR2GA5WVRGNS1Q6TABW	cart_01JWR1FS8MSXY3FKNS2AEZBEEH	ordercart_01JWR1GK49GGWB6QQXTQ6DWRM5	2025-06-02 16:03:08.285852+06	2025-06-02 16:03:08.285852+06	\N
order_01JWR1HKJ5CN4ZV00BV7STZSJQ	cart_01JWR1GZBEN1WSN7MTZZPM4WH3	ordercart_01JWR1HKKVDMJQ6PSE9P4AN9TD	2025-06-02 16:03:41.556181+06	2025-06-02 16:03:41.556181+06	\N
order_01JWR42N971AWR051NQJ7KPQQF	cart_01JWR426HS9JN0JQS45EG9PC36	ordercart_01JWR42NXJWTP02VEQWWY6K7C7	2025-06-02 16:47:58.115162+06	2025-06-02 16:47:58.115162+06	\N
order_01JWR48BMKQGNCY5K5FZFVSNXM	cart_01JWR47YXCY625FRCPFEH8PCYG	ordercart_01JWR48BPKZDGVSPWNFVZB4HWY	2025-06-02 16:51:04.267003+06	2025-06-02 16:51:04.267003+06	\N
order_01JWR50PZPNHC1R4KTFGX38K7K	cart_01JWR507Y9YF0TG1NKAGH0TSY2	ordercart_01JWR50Q2QK04MX1BFVR2598NT	2025-06-02 17:04:22.352656+06	2025-06-02 17:04:22.352656+06	\N
order_01JWR56X8AP6AP091TMQG56KZJ	cart_01JWR56CY3Q9APB5FR1ZSP78XM	ordercart_01JWR56XBCJYMZZ3WGKCRJNCQA	2025-06-02 17:07:45.368219+06	2025-06-02 17:07:45.368219+06	\N
order_01JWR6GFQY8KPNJD14T7RAS358	cart_01JWR6G0TJP9BQWW31YSZBGVDS	ordercart_01JWR6GFSXEYAWJ1DGB5Q4GQX8	2025-06-02 17:30:27.765685+06	2025-06-02 17:30:27.765685+06	\N
order_01JWR6RRW19APPF46P5VAAF20S	cart_01JWR6RBCES1ZF71Y40BRBJDH2	ordercart_01JWR6RRY2BK30Y24D3WG6Q67Y	2025-06-02 17:34:59.258429+06	2025-06-02 17:34:59.258429+06	\N
order_01JWR7K96C5TEM16MCTS0WZQMC	cart_01JWR7JX18CHDF87S6Z50465FZ	ordercart_01JWR7K98QH0PA3GCP18R5HDW0	2025-06-02 17:49:27.9493+06	2025-06-02 17:49:27.9493+06	\N
order_01JWR8RSXF37GM0X4W3ARNJ821	cart_01JWR8RC04N9SEHBN76XRJT82Y	ordercart_01JWR8RSZQMN3C39XQWSW477DA	2025-06-02 18:09:57.487637+06	2025-06-02 18:09:57.487637+06	\N
order_01JY1QN8MJ41FWMFHKHVWZ62EC	cart_01JY1QMJCF760VDM2VZNXKAXKP	ordercart_01JY1QN95JFBS46E733X3TBDE8	2025-06-18 20:39:02.31489+06	2025-06-18 20:39:02.31489+06	\N
\.


--
-- Data for Name: order_change; Type: TABLE DATA; Schema: public; Owner: -
--

COPY public.order_change (id, order_id, version, description, status, internal_note, created_by, requested_by, requested_at, confirmed_by, confirmed_at, declined_by, declined_reason, metadata, declined_at, canceled_by, canceled_at, created_at, updated_at, change_type, deleted_at, return_id, claim_id, exchange_id) FROM stdin;
ordch_01JMCNPFR9A8WPRG7Z6N2WTN09	order_01JMCNJAF43DY64PYCHRR9C2M6	2	\N	confirmed	\N	\N	\N	\N	\N	2025-02-18 19:59:25.227+06	\N	\N	\N	\N	\N	\N	2025-02-18 19:59:25.193+06	2025-02-18 19:59:25.23+06	\N	\N	\N	\N	\N
ordch_01JMCNPYPB5MXA39WH47SWBKSB	order_01JMCNJAF43DY64PYCHRR9C2M6	3	\N	confirmed	\N	\N	\N	\N	\N	2025-02-18 19:59:40.498+06	\N	\N	\N	\N	\N	\N	2025-02-18 19:59:40.491+06	2025-02-18 19:59:40.5+06	\N	\N	\N	\N	\N
ordch_01JMPQFFJR8GZDJBH85EW7E388	order_01JMPQDX28SDTY90R92MFNJMXP	2	\N	confirmed	\N	\N	\N	\N	\N	2025-02-22 17:42:57.13+06	\N	\N	\N	\N	\N	\N	2025-02-22 17:42:57.113+06	2025-02-22 17:42:57.133+06	\N	\N	\N	\N	\N
ordch_01JMPQFSE9S9A1BRXT711EK682	order_01JMPQDX28SDTY90R92MFNJMXP	3	\N	confirmed	\N	\N	\N	\N	\N	2025-02-22 17:43:07.219+06	\N	\N	\N	\N	\N	\N	2025-02-22 17:43:07.209+06	2025-02-22 17:43:07.222+06	\N	\N	\N	\N	\N
ordch_01JMPQGDNJQB4K03FMPRQNBHG4	order_01JMPQDX28SDTY90R92MFNJMXP	4	\N	confirmed	\N	\N	\N	\N	\N	2025-02-22 17:43:27.93+06	\N	\N	\N	\N	\N	\N	2025-02-22 17:43:27.922+06	2025-02-22 17:43:27.932+06	\N	\N	\N	\N	\N
ordch_01JMZ3G1HCRBTN3C83337AYZ09	order_01JMZ3F51GG6JAN6H669Q93R3R	2	\N	confirmed	\N	\N	\N	\N	\N	2025-02-25 23:46:53.888+06	\N	\N	\N	\N	\N	\N	2025-02-25 23:46:53.872+06	2025-02-25 23:46:53.893+06	\N	\N	\N	\N	\N
ordch_01JMZ3GBENSBTH6AEHVZT9QDCK	order_01JMZ3F51GG6JAN6H669Q93R3R	3	\N	confirmed	\N	\N	\N	\N	\N	2025-02-25 23:47:04.032+06	\N	\N	\N	\N	\N	\N	2025-02-25 23:47:04.022+06	2025-02-25 23:47:04.034+06	\N	\N	\N	\N	\N
ordch_01JMZ3GE5R13464PBE04HVPN48	order_01JMZ3F51GG6JAN6H669Q93R3R	4	\N	confirmed	\N	\N	\N	\N	\N	2025-02-25 23:47:06.823+06	\N	\N	\N	\N	\N	\N	2025-02-25 23:47:06.809+06	2025-02-25 23:47:06.827+06	\N	\N	\N	\N	\N
ordch_01JNX64F7XP4J5K5ZQPV7QDAQX	order_01JNX61R3ZP9763N9G1DRQDJB8	2	\N	pending	\N	\N	\N	\N	\N	\N	\N	\N	\N	\N	\N	\N	2025-03-09 16:10:13.373+06	2025-03-09 16:10:17.355+06	edit	2025-03-09 16:10:17.343+06	\N	\N	\N
ordch_01JNX67ZTWM52CRWQRKXR0KBHK	order_01JNX61R3ZP9763N9G1DRQDJB8	2	\N	confirmed	\N	\N	\N	\N	\N	2025-03-09 16:12:08.719+06	\N	\N	\N	\N	\N	\N	2025-03-09 16:12:08.669+06	2025-03-09 16:12:08.731+06	\N	\N	\N	\N	\N
ordch_01JNY2JN7TKGWWHSYEATPC772Z	order_01JNX6MZNQ3D0A7WBAYTAQ4W3F	2	\N	confirmed	\N	\N	\N	\N	\N	2025-03-10 00:27:18.581+06	\N	\N	\N	\N	\N	\N	2025-03-10 00:27:18.394+06	2025-03-10 00:27:18.59+06	credit_line	\N	\N	\N	\N
ordch_01JQE4ZXBR1GWET71XVNAZSJND	order_01JQ78WM5ZYCAXSMGW7KM020B6	2	\N	confirmed	\N	\N	\N	\N	\N	2025-03-28 16:33:02.685+06	\N	\N	\N	\N	\N	\N	2025-03-28 16:33:02.584+06	2025-03-28 16:33:02.693+06	credit_line	\N	\N	\N	\N
ordch_01JQH7G0Q90NC3Q5PW8J6CM8JP	order_01JQH7D5P2YJWKHEEJPHQHMWNF	2	\N	confirmed	\N	\N	user_01JM74YSND8H3N5XK89DEPJENG	2025-03-29 21:14:50.869+06	user_01JM74YSND8H3N5XK89DEPJENG	2025-03-29 21:14:56.182+06	\N	\N	\N	\N	\N	\N	2025-03-29 21:14:30.762+06	2025-03-29 21:14:56.185+06	edit	\N	\N	\N	\N
ordch_01JQH7JEG2RZ9DYN5QW718DJNG	order_01JQH7D5P2YJWKHEEJPHQHMWNF	3	\N	confirmed	\N	\N	\N	\N	\N	2025-03-29 21:15:50.409+06	\N	\N	\N	\N	\N	\N	2025-03-29 21:15:50.403+06	2025-03-29 21:15:50.413+06	\N	\N	\N	\N	\N
ordch_01JQH7JVVBCA1JS3GVGRAS53ME	order_01JQH7D5P2YJWKHEEJPHQHMWNF	4	\N	confirmed	\N	\N	\N	\N	\N	2025-03-29 21:16:04.085+06	\N	\N	\N	\N	\N	\N	2025-03-29 21:16:04.075+06	2025-03-29 21:16:04.088+06	\N	\N	\N	\N	\N
ordch_01JQH7K5R8XK97VKYP3ADYKWC1	order_01JQH7D5P2YJWKHEEJPHQHMWNF	5	\N	confirmed	\N	\N	\N	\N	\N	2025-03-29 21:16:14.224+06	\N	\N	\N	\N	\N	\N	2025-03-29 21:16:14.216+06	2025-03-29 21:16:14.226+06	\N	\N	\N	\N	\N
ordch_01JQH7KEFW8Q09NV0G8BRHDT43	order_01JQH7D5P2YJWKHEEJPHQHMWNF	6	\N	confirmed	\N	user_01JM74YSND8H3N5XK89DEPJENG	\N	\N	user_01JM74YSND8H3N5XK89DEPJENG	2025-03-29 21:16:39.54+06	\N	\N	\N	\N	\N	\N	2025-03-29 21:16:23.164+06	2025-03-29 21:16:39.56+06	return_request	\N	return_01JQH7KEEZBS6SHF6B6GEAVRV8	\N	\N
ordch_01JQH7M0ZX8008MYKEB1R6SHJJ	order_01JQH7D5P2YJWKHEEJPHQHMWNF	7	\N	confirmed	\N	\N	\N	\N	user_01JM74YSND8H3N5XK89DEPJENG	2025-03-29 21:17:00.63+06	\N	\N	\N	\N	\N	\N	2025-03-29 21:16:42.11+06	2025-03-29 21:17:00.64+06	return_receive	\N	return_01JQH7KEEZBS6SHF6B6GEAVRV8	\N	\N
ordch_01JQS39GDM21XJRSB1CHPH5CNM	order_01JQS32NN560VZZ19PGWX2JTAM	2	\N	confirmed	\N	\N	\N	\N	\N	2025-04-01 22:34:58.654+06	\N	\N	\N	\N	\N	\N	2025-04-01 22:34:58.614+06	2025-04-01 22:34:58.666+06	\N	\N	\N	\N	\N
ordch_01JQS39Q371845CNXMHYWX9ZSF	order_01JQS32NN560VZZ19PGWX2JTAM	3	\N	confirmed	\N	\N	\N	\N	\N	2025-04-01 22:35:05.466+06	\N	\N	\N	\N	\N	\N	2025-04-01 22:35:05.448+06	2025-04-01 22:35:05.476+06	\N	\N	\N	\N	\N
ordch_01JVAG6RA3KS9PW7NYC546GHVH	order_01JVAG3CT1EDCTN2FVTR1EWW9P	2	\N	confirmed	\N	\N	\N	\N	\N	2025-05-15 23:34:50.709+06	\N	\N	\N	\N	\N	\N	2025-05-15 23:34:50.692+06	2025-05-15 23:34:50.714+06	\N	\N	\N	\N	\N
ordch_01JVAG8CHC5156SKB5ECEEKHGN	order_01JVAG3CT1EDCTN2FVTR1EWW9P	3	\N	confirmed	\N	\N	\N	\N	\N	2025-05-15 23:35:44.192+06	\N	\N	\N	\N	\N	\N	2025-05-15 23:35:44.173+06	2025-05-15 23:35:44.2+06	\N	\N	\N	\N	\N
ordch_01JVAGA8MX7VXJY126HR6WKA11	order_01JVAG3CT1EDCTN2FVTR1EWW9P	4	\N	pending	\N	user_01JM74YSND8H3N5XK89DEPJENG	\N	\N	\N	\N	\N	\N	\N	\N	\N	\N	2025-05-15 23:36:45.726+06	2025-05-15 23:37:00.145+06	claim	2025-05-15 23:37:00.145+06	\N	claim_01JVAGA8JR5VYBTWTFH5AV5602	\N
ordch_01JVAGB8C258DH403TK0JFXDDJ	order_01JVAG3CT1EDCTN2FVTR1EWW9P	4	\N	confirmed	\N	\N	\N	\N	\N	2025-05-15 23:37:18.22+06	\N	\N	\N	\N	\N	\N	2025-05-15 23:37:18.21+06	2025-05-15 23:37:18.365+06	\N	2025-05-15 23:37:18.365+06	\N	\N	\N
ordch_01JVAH76R1C8RK6WJAXGG8CHRF	order_01JVAH3NBW3R5W8TS70XPF2XD1	2	\N	confirmed	\N	\N	\N	\N	\N	2025-05-15 23:52:34.068+06	\N	\N	\N	\N	\N	\N	2025-05-15 23:52:34.051+06	2025-05-15 23:52:34.075+06	\N	\N	\N	\N	\N
ordch_01JVAH7P7D4NRNXPJD9HT1EW0K	order_01JVAH3NBW3R5W8TS70XPF2XD1	3	\N	confirmed	\N	\N	\N	\N	\N	2025-05-15 23:52:49.918+06	\N	\N	\N	\N	\N	\N	2025-05-15 23:52:49.902+06	2025-05-15 23:52:49.923+06	\N	\N	\N	\N	\N
ordch_01JVAH8BHPV78C28GA8WTN6DAN	order_01JVAH3NBW3R5W8TS70XPF2XD1	4	\N	confirmed	\N	\N	\N	\N	\N	2025-05-15 23:53:11.754+06	\N	\N	\N	\N	\N	\N	2025-05-15 23:53:11.735+06	2025-05-15 23:53:11.76+06	\N	\N	\N	\N	\N
ordch_01JVAKCWGSN2PSPJ72D9HQ0XWG	order_01JV85G46PC72YT56WCSYV08TF	2	\N	confirmed	\N	\N	\N	\N	\N	2025-05-16 00:30:37.487+06	\N	\N	\N	\N	\N	\N	2025-05-16 00:30:37.338+06	2025-05-16 00:30:37.493+06	credit_line	\N	\N	\N	\N
ordch_01JVAKN53BFFE92NMDXTGVXJK8	order_01JV85E244W709HK2DCVRVKW4H	2	\N	confirmed	\N	\N	\N	\N	\N	2025-05-16 00:35:08.342+06	\N	\N	\N	\N	\N	\N	2025-05-16 00:35:08.267+06	2025-05-16 00:35:08.353+06	credit_line	\N	\N	\N	\N
ordch_01JVAKS7HWWFN5PMYFMHJW3PWH	order_01JVAKPTP9ZN9BVPZHCV3PZYNV	2	\N	confirmed	\N	\N	\N	\N	\N	2025-05-16 00:37:21.865+06	\N	\N	\N	\N	\N	\N	2025-05-16 00:37:21.853+06	2025-05-16 00:37:21.87+06	\N	\N	\N	\N	\N
ordch_01JVAM6965ZB25E2AD5T4SMACY	order_01JV6SRJFJFKCC0YB8F1S9YNV7	1	\N	confirmed	\N	user_01JM74YSND8H3N5XK89DEPJENG	\N	\N	user_01JM74YSND8H3N5XK89DEPJENG	2025-05-16 00:44:29.502+06	\N	\N	\N	\N	\N	\N	2025-05-16 00:44:29.51+06	2025-05-16 00:44:29.51+06	update_order	\N	\N	\N	\N
ordch_01JVAM7TEGAB82BGZY3ANGT02R	order_01JV6SRJFJFKCC0YB8F1S9YNV7	2	\N	confirmed	\N	\N	\N	\N	\N	2025-05-16 00:45:19.962+06	\N	\N	\N	\N	\N	\N	2025-05-16 00:45:19.953+06	2025-05-16 00:45:19.967+06	\N	\N	\N	\N	\N
ordch_01JVAM869Q8GMR92ASCQ98CKJM	order_01JV6SRJFJFKCC0YB8F1S9YNV7	2	\N	confirmed	\N	\N	\N	\N	\N	2025-05-16 00:45:32.099+06	\N	\N	\N	\N	\N	\N	2025-05-16 00:45:32.088+06	2025-05-16 00:45:32.105+06	\N	\N	\N	\N	\N
ordch_01JVAMCRNQ9JZQWV9XMXXB6TVQ	order_01JV6SRJFJFKCC0YB8F1S9YNV7	2	\N	confirmed	\N	\N	\N	\N	\N	2025-05-16 00:48:02.003+06	\N	\N	\N	\N	\N	\N	2025-05-16 00:48:01.976+06	2025-05-16 00:48:02.009+06	\N	\N	\N	\N	\N
ordch_01JVAMD964XG0FHQD0YBA2WKBE	order_01JV6SRJFJFKCC0YB8F1S9YNV7	2	\N	confirmed	\N	\N	\N	\N	\N	2025-05-16 00:48:18.893+06	\N	\N	\N	\N	\N	\N	2025-05-16 00:48:18.885+06	2025-05-16 00:48:18.899+06	\N	\N	\N	\N	\N
ordch_01JVAMJG4PKA40SY3SVS3RT55X	order_01JV2HYT3XH54EQY7M4H1RVHPS	1	\N	confirmed	\N	user_01JM74YSND8H3N5XK89DEPJENG	\N	\N	user_01JM74YSND8H3N5XK89DEPJENG	2025-05-16 00:51:09.844+06	\N	\N	\N	\N	\N	\N	2025-05-16 00:51:09.847+06	2025-05-16 00:51:09.847+06	update_order	\N	\N	\N	\N
ordch_01JVAMK7XMGGE03PS9XZ6SD8J5	order_01JV2HYT3XH54EQY7M4H1RVHPS	2	\N	confirmed	\N	\N	\N	\N	\N	2025-05-16 00:51:34.213+06	\N	\N	\N	\N	\N	\N	2025-05-16 00:51:34.197+06	2025-05-16 00:51:34.22+06	\N	\N	\N	\N	\N
ordch_01JVAMM7NY6J3AKZYTJFFEQ60X	order_01JV2HYT3XH54EQY7M4H1RVHPS	2	\N	confirmed	\N	\N	\N	\N	\N	2025-05-16 00:52:06.733+06	\N	\N	\N	\N	\N	\N	2025-05-16 00:52:06.718+06	2025-05-16 00:52:06.749+06	\N	\N	\N	\N	\N
ordch_01JVAMMC6P09862TZVXHR2PFFM	order_01JV2HYT3XH54EQY7M4H1RVHPS	2	\N	confirmed	\N	\N	\N	\N	\N	2025-05-16 00:52:11.359+06	\N	\N	\N	\N	\N	\N	2025-05-16 00:52:11.351+06	2025-05-16 00:52:11.363+06	\N	\N	\N	\N	\N
ordch_01JVAMZDPWK3NDYXNHWASK41KQ	order_01JTZ2G9V4C7WWBRYAV57CX1R8	1	\N	confirmed	\N	user_01JM74YSND8H3N5XK89DEPJENG	\N	\N	user_01JM74YSND8H3N5XK89DEPJENG	2025-05-16 00:58:13.325+06	\N	\N	\N	\N	\N	\N	2025-05-16 00:58:13.342+06	2025-05-16 00:58:13.342+06	update_order	\N	\N	\N	\N
ordch_01JVAN455FJA8S9150J2F63M43	order_01JTZ2G9V4C7WWBRYAV57CX1R8	2	\N	confirmed	\N	\N	\N	\N	\N	2025-05-16 01:00:48.445+06	\N	\N	\N	\N	\N	\N	2025-05-16 01:00:48.432+06	2025-05-16 01:00:48.451+06	\N	\N	\N	\N	\N
ordch_01JVAN56XWE1ZPHFQJXFAV5FNW	order_01JTZ2G9V4C7WWBRYAV57CX1R8	2	\N	confirmed	\N	\N	\N	\N	\N	2025-05-16 01:01:23.017+06	\N	\N	\N	\N	\N	\N	2025-05-16 01:01:23.005+06	2025-05-16 01:01:23.023+06	\N	\N	\N	\N	\N
ordch_01JVAN5N398RY2SXSRAGM62006	order_01JTZ2G9V4C7WWBRYAV57CX1R8	2	\N	confirmed	\N	\N	\N	\N	\N	2025-05-16 01:01:37.525+06	\N	\N	\N	\N	\N	\N	2025-05-16 01:01:37.514+06	2025-05-16 01:01:37.53+06	\N	\N	\N	\N	\N
ordch_01JVAN6B9GNM4CDG7Y05FQ56YW	order_01JTZ2G9V4C7WWBRYAV57CX1R8	2	\N	confirmed	\N	\N	\N	\N	\N	2025-05-16 01:02:00.257+06	\N	\N	\N	\N	\N	\N	2025-05-16 01:02:00.241+06	2025-05-16 01:02:00.262+06	\N	\N	\N	\N	\N
ordch_01JVAN6EFCK7QV761YPBHV8VQT	order_01JTZ2G9V4C7WWBRYAV57CX1R8	2	\N	confirmed	\N	\N	\N	\N	\N	2025-05-16 01:02:03.512+06	\N	\N	\N	\N	\N	\N	2025-05-16 01:02:03.501+06	2025-05-16 01:02:03.517+06	\N	\N	\N	\N	\N
ordch_01JVAN7E4TMTGV4S1G06WMGJX7	order_01JTZ2G9V4C7WWBRYAV57CX1R8	2	\N	confirmed	\N	\N	\N	\N	\N	2025-05-16 01:02:35.939+06	\N	\N	\N	\N	\N	\N	2025-05-16 01:02:35.931+06	2025-05-16 01:02:35.944+06	\N	\N	\N	\N	\N
ordch_01JVANQ4V3499ZQTZG1QCCRPDK	order_01JVANPD30B3X8HRRTD8ZBY410	2	\N	confirmed	\N	\N	\N	\N	\N	2025-05-16 01:11:10.706+06	\N	\N	\N	\N	\N	\N	2025-05-16 01:11:10.692+06	2025-05-16 01:11:10.712+06	\N	\N	\N	\N	\N
ordch_01JVAQ1KKC15HM4JGRPFD8EPRM	order_01JVANPD30B3X8HRRTD8ZBY410	3	\N	confirmed	\N	\N	\N	\N	\N	2025-05-16 01:34:22.093+06	\N	\N	\N	\N	\N	\N	2025-05-16 01:34:22.061+06	2025-05-16 01:34:22.098+06	\N	\N	\N	\N	\N
ordch_01JVAQ42EMR1ZK22PR5PZ27Z3B	order_01JTYC3RCZQ9TK5KCGM8ERR5A7	1	\N	confirmed	\N	user_01JM74YSND8H3N5XK89DEPJENG	\N	\N	user_01JM74YSND8H3N5XK89DEPJENG	2025-05-16 01:35:42.8+06	\N	\N	\N	\N	\N	\N	2025-05-16 01:35:42.805+06	2025-05-16 01:35:42.805+06	update_order	\N	\N	\N	\N
ordch_01JVCBN1EK760PG2TKCHPF0DRS	order_01JVB15R2Z563128FR18320R0Z	2	\N	confirmed	\N	\N	\N	\N	\N	2025-05-16 16:53:45.069+06	\N	\N	\N	\N	\N	\N	2025-05-16 16:53:44.787+06	2025-05-16 16:53:45.074+06	credit_line	\N	\N	\N	\N
ordch_01JVAQ48XQ3WQW9907JJFJ72V8	order_01JTYC3RCZQ9TK5KCGM8ERR5A7	2	\N	confirmed	\N	\N	\N	\N	\N	2025-05-16 01:35:49.441+06	\N	\N	\N	\N	\N	\N	2025-05-16 01:35:49.432+06	2025-05-16 01:35:49.447+06	\N	\N	\N	\N	\N
ordch_01JVAQD4P6HS53GS814GBMC0J5	order_01JTYC3RCZQ9TK5KCGM8ERR5A7	2	\N	confirmed	\N	\N	\N	\N	\N	2025-05-16 01:40:40.015+06	\N	\N	\N	\N	\N	\N	2025-05-16 01:40:40.007+06	2025-05-16 01:40:40.022+06	\N	\N	\N	\N	\N
ordch_01JWBDH0PZ2KB707JHM2D5HC9S	order_01JMCNJAF43DY64PYCHRR9C2M6	4	\N	requested	\N	user_01JM74YSND8H3N5XK89DEPJENG	user_01JM74YSND8H3N5XK89DEPJENG	2025-05-28 18:22:57.62+06	\N	\N	\N	\N	\N	\N	\N	\N	2025-05-28 18:22:57.503+06	2025-05-28 18:22:57.631+06	transfer	\N	\N	\N	\N
ordch_01JVAQDB0JR7X0E70DXVRSPAG1	order_01JTYC3RCZQ9TK5KCGM8ERR5A7	2	\N	confirmed	\N	\N	\N	\N	\N	2025-05-16 01:40:46.493+06	\N	\N	\N	\N	\N	\N	2025-05-16 01:40:46.482+06	2025-05-16 01:40:46.496+06	\N	\N	\N	\N	\N
ordch_01JVAQDCVKEVXJQH0A40PAF0GG	order_01JTYC3RCZQ9TK5KCGM8ERR5A7	2	\N	confirmed	\N	\N	\N	\N	\N	2025-05-16 01:40:48.381+06	\N	\N	\N	\N	\N	\N	2025-05-16 01:40:48.372+06	2025-05-16 01:40:48.385+06	\N	\N	\N	\N	\N
ordch_01JWPATD67NEQ9BJJMZTBYWHSP	order_01JWPASAM75KJVXA6B04A4MKBX	2	\N	confirmed	\N	\N	\N	\N	\N	2025-06-02 00:07:18.265+06	\N	\N	\N	\N	\N	\N	2025-06-02 00:07:18.216+06	2025-06-02 00:07:18.273+06	\N	\N	\N	\N	\N
ordch_01JVAQFSZGZGXEZQ6KXACWZ6N3	order_01JVAQF3C52QS4VW561RB2E9RW	2	\N	confirmed	\N	\N	\N	\N	\N	2025-05-16 01:42:07.355+06	\N	\N	\N	\N	\N	\N	2025-05-16 01:42:07.344+06	2025-05-16 01:42:07.359+06	\N	\N	\N	\N	\N
ordch_01JVAQG262VTQQNJZVCJS158TZ	order_01JVAQF3C52QS4VW561RB2E9RW	3	\N	confirmed	\N	\N	\N	\N	\N	2025-05-16 01:42:15.765+06	\N	\N	\N	\N	\N	\N	2025-05-16 01:42:15.746+06	2025-05-16 01:42:15.77+06	\N	\N	\N	\N	\N
ordch_01JWPATNVK2548FQZZPR9X1N9R	order_01JWPASAM75KJVXA6B04A4MKBX	3	\N	confirmed	\N	\N	\N	\N	\N	2025-06-02 00:07:27.104+06	\N	\N	\N	\N	\N	\N	2025-06-02 00:07:27.092+06	2025-06-02 00:07:27.107+06	\N	\N	\N	\N	\N
ordch_01JVAQG4QQS5FVM1AQ75F9Q0W0	order_01JVAQF3C52QS4VW561RB2E9RW	4	\N	confirmed	\N	\N	\N	\N	\N	2025-05-16 01:42:18.371+06	\N	\N	\N	\N	\N	\N	2025-05-16 01:42:18.359+06	2025-05-16 01:42:18.375+06	\N	\N	\N	\N	\N
ordch_01JVAQQNCJCB9PA9KMVA4XF9KJ	order_01JVAQNHXEZXSWY4JSBH61N891	2	\N	confirmed	\N	\N	\N	\N	\N	2025-05-16 01:46:24.802+06	\N	\N	\N	\N	\N	\N	2025-05-16 01:46:24.787+06	2025-05-16 01:46:24.809+06	\N	\N	\N	\N	\N
ordch_01JWPATRRSFGEJ2P2Z4DV89WYV	order_01JWPASAM75KJVXA6B04A4MKBX	4	\N	confirmed	\N	\N	\N	\N	\N	2025-06-02 00:07:30.081+06	\N	\N	\N	\N	\N	\N	2025-06-02 00:07:30.073+06	2025-06-02 00:07:30.083+06	\N	\N	\N	\N	\N
ordch_01JVAQRPGVC9WGMGHSG0JHR7RY	order_01JVAQNHXEZXSWY4JSBH61N891	3	\N	confirmed	\N	\N	\N	\N	\N	2025-05-16 01:46:58.734+06	\N	\N	\N	\N	\N	\N	2025-05-16 01:46:58.716+06	2025-05-16 01:46:58.751+06	\N	\N	\N	\N	\N
ordch_01JVAQRYARENN015KRWPN288WR	order_01JVAQNHXEZXSWY4JSBH61N891	4	\N	confirmed	\N	\N	\N	\N	\N	2025-05-16 01:47:06.725+06	\N	\N	\N	\N	\N	\N	2025-05-16 01:47:06.712+06	2025-05-16 01:47:06.731+06	\N	\N	\N	\N	\N
ordch_01JWPBG3SZG7SHPRYK6KD8RKP8	order_01JWPBFFCZ1YTX20D62N4E76EE	2	\N	confirmed	\N	\N	\N	\N	\N	2025-06-02 00:19:09.513+06	\N	\N	\N	\N	\N	\N	2025-06-02 00:19:09.504+06	2025-06-02 00:19:09.516+06	\N	\N	\N	\N	\N
ordch_01JVCBHQY9TV4Q09G2WGHJ8F0X	order_01JVC7YPNK7PDQAB205SW239Q4	2	\N	confirmed	\N	\N	\N	\N	\N	2025-05-16 16:51:57.261+06	\N	\N	\N	\N	\N	\N	2025-05-16 16:51:56.745+06	2025-05-16 16:51:57.265+06	credit_line	\N	\N	\N	\N
ordch_01JWPBG7W1NJNPZPANZTDETZDJ	order_01JWPBFFCZ1YTX20D62N4E76EE	3	\N	confirmed	\N	\N	\N	\N	\N	2025-06-02 00:19:13.675+06	\N	\N	\N	\N	\N	\N	2025-06-02 00:19:13.665+06	2025-06-02 00:19:13.678+06	\N	\N	\N	\N	\N
ordch_01JWR1J9JAH9VE3H7FCY0324MZ	order_01JWR1HKJ5CN4ZV00BV7STZSJQ	2	\N	confirmed	\N	\N	\N	\N	\N	2025-06-02 16:04:04.082+06	\N	\N	\N	\N	\N	\N	2025-06-02 16:04:04.043+06	2025-06-02 16:04:04.086+06	\N	\N	\N	\N	\N
ordch_01JWR1JP7JF9224PV25W71H326	order_01JWR1HKJ5CN4ZV00BV7STZSJQ	3	\N	confirmed	\N	\N	\N	\N	\N	2025-06-02 16:04:17.018+06	\N	\N	\N	\N	\N	\N	2025-06-02 16:04:17.01+06	2025-06-02 16:04:17.02+06	\N	\N	\N	\N	\N
ordch_01JWR3WCH2TQWE9WVCNJC92T9X	order_01JWR1GJR2GA5WVRGNS1Q6TABW	2	\N	confirmed	\N	\N	\N	\N	\N	2025-06-02 16:44:31.916+06	\N	\N	\N	\N	\N	\N	2025-06-02 16:44:31.907+06	2025-06-02 16:44:31.92+06	\N	\N	\N	\N	\N
ordch_01JWR3WFW8WN4CMXFPMTHEAJR0	order_01JWR1GJR2GA5WVRGNS1Q6TABW	3	\N	confirmed	\N	\N	\N	\N	\N	2025-06-02 16:44:35.345+06	\N	\N	\N	\N	\N	\N	2025-06-02 16:44:35.336+06	2025-06-02 16:44:35.348+06	\N	\N	\N	\N	\N
ordch_01JWR43AZXEBHHSXPF2SMRYA4E	order_01JWR42N971AWR051NQJ7KPQQF	2	\N	confirmed	\N	\N	\N	\N	\N	2025-06-02 16:48:19.719+06	\N	\N	\N	\N	\N	\N	2025-06-02 16:48:19.71+06	2025-06-02 16:48:19.722+06	\N	\N	\N	\N	\N
ordch_01JWR43DTDRRBHB2JKCQWVNBWD	order_01JWR42N971AWR051NQJ7KPQQF	3	\N	confirmed	\N	\N	\N	\N	\N	2025-06-02 16:48:22.614+06	\N	\N	\N	\N	\N	\N	2025-06-02 16:48:22.606+06	2025-06-02 16:48:22.616+06	\N	\N	\N	\N	\N
ordch_01JWR4CCBEN2PVTPABFG00CNWT	order_01JWR48BMKQGNCY5K5FZFVSNXM	2	\N	confirmed	\N	\N	\N	\N	\N	2025-06-02 16:53:16.027+06	\N	\N	\N	\N	\N	\N	2025-06-02 16:53:16.015+06	2025-06-02 16:53:16.031+06	\N	\N	\N	\N	\N
ordch_01JWR4CSH1R1Z322T4ST8FST16	order_01JWR48BMKQGNCY5K5FZFVSNXM	3	\N	confirmed	\N	\N	\N	\N	\N	2025-06-02 16:53:29.515+06	\N	\N	\N	\N	\N	\N	2025-06-02 16:53:29.505+06	2025-06-02 16:53:29.517+06	\N	\N	\N	\N	\N
ordch_01JWR4DAJYEY11W3EDAM29G18K	order_01JWR48BMKQGNCY5K5FZFVSNXM	4	\N	confirmed	\N	\N	\N	\N	\N	2025-06-02 16:53:46.981+06	\N	\N	\N	\N	\N	\N	2025-06-02 16:53:46.974+06	2025-06-02 16:53:47.131+06	\N	2025-06-02 16:53:47.13+06	\N	\N	\N
ordch_01JWR51BBTJCPTW91SFA44B86J	order_01JWR50PZPNHC1R4KTFGX38K7K	2	\N	confirmed	\N	\N	\N	\N	\N	2025-06-02 17:04:43.14+06	\N	\N	\N	\N	\N	\N	2025-06-02 17:04:43.131+06	2025-06-02 17:04:43.144+06	\N	\N	\N	\N	\N
ordch_01JWR51E1YZ85E65NDJ44JTM1B	order_01JWR50PZPNHC1R4KTFGX38K7K	3	\N	confirmed	\N	\N	\N	\N	\N	2025-06-02 17:04:45.894+06	\N	\N	\N	\N	\N	\N	2025-06-02 17:04:45.886+06	2025-06-02 17:04:45.897+06	\N	\N	\N	\N	\N
ordch_01JWR580NR6DJWMDJS1S5D8MXK	order_01JWR56X8AP6AP091TMQG56KZJ	2	\N	confirmed	\N	\N	\N	\N	\N	2025-06-02 17:08:21.569+06	\N	\N	\N	\N	\N	\N	2025-06-02 17:08:21.561+06	2025-06-02 17:08:21.574+06	\N	\N	\N	\N	\N
ordch_01JWR583S59D048W8DV6D38ME6	order_01JWR56X8AP6AP091TMQG56KZJ	3	\N	confirmed	\N	\N	\N	\N	\N	2025-06-02 17:08:24.749+06	\N	\N	\N	\N	\N	\N	2025-06-02 17:08:24.741+06	2025-06-02 17:08:24.752+06	\N	\N	\N	\N	\N
ordch_01JWR6H5579091M9VTWGGG4JYX	order_01JWR6GFQY8KPNJD14T7RAS358	2	\N	confirmed	\N	\N	\N	\N	\N	2025-06-02 17:30:49.648+06	\N	\N	\N	\N	\N	\N	2025-06-02 17:30:49.639+06	2025-06-02 17:30:49.652+06	\N	\N	\N	\N	\N
ordch_01JWR6HC7E3PQVW3NV704X7MRC	order_01JWR6GFQY8KPNJD14T7RAS358	3	\N	confirmed	\N	\N	\N	\N	\N	2025-06-02 17:30:56.886+06	\N	\N	\N	\N	\N	\N	2025-06-02 17:30:56.879+06	2025-06-02 17:30:56.889+06	\N	\N	\N	\N	\N
ordch_01JWR6SAQ1EMN9BJDSZXZM83HW	order_01JWR6RRW19APPF46P5VAAF20S	2	\N	confirmed	\N	\N	\N	\N	\N	2025-06-02 17:35:17.482+06	\N	\N	\N	\N	\N	\N	2025-06-02 17:35:17.474+06	2025-06-02 17:35:17.486+06	\N	\N	\N	\N	\N
ordch_01JWR6SERDM05DFZEA3YN8M3W3	order_01JWR6RRW19APPF46P5VAAF20S	3	\N	confirmed	\N	\N	\N	\N	\N	2025-06-02 17:35:21.622+06	\N	\N	\N	\N	\N	\N	2025-06-02 17:35:21.614+06	2025-06-02 17:35:21.626+06	\N	\N	\N	\N	\N
ordch_01JWR7KXK9Q7EJ7JK12AWJ4616	order_01JWR7K96C5TEM16MCTS0WZQMC	2	\N	confirmed	\N	\N	\N	\N	\N	2025-06-02 17:49:48.817+06	\N	\N	\N	\N	\N	\N	2025-06-02 17:49:48.778+06	2025-06-02 17:49:48.827+06	\N	\N	\N	\N	\N
ordch_01JWR7MBZKARCW59VQH3AR7V6C	order_01JWR7K96C5TEM16MCTS0WZQMC	3	\N	confirmed	\N	\N	\N	\N	\N	2025-06-02 17:50:03.515+06	\N	\N	\N	\N	\N	\N	2025-06-02 17:50:03.507+06	2025-06-02 17:50:03.517+06	\N	\N	\N	\N	\N
ordch_01JWR8SEYVNTFER66D6XQ1M4KC	order_01JWR8RSXF37GM0X4W3ARNJ821	2	\N	confirmed	\N	\N	\N	\N	\N	2025-06-02 18:10:18.98+06	\N	\N	\N	\N	\N	\N	2025-06-02 18:10:18.972+06	2025-06-02 18:10:18.983+06	\N	\N	\N	\N	\N
ordch_01JWR8SRX119TD1XF0AWQ7YE7W	order_01JWR8RSXF37GM0X4W3ARNJ821	3	\N	confirmed	\N	\N	\N	\N	\N	2025-06-02 18:10:29.161+06	\N	\N	\N	\N	\N	\N	2025-06-02 18:10:29.153+06	2025-06-02 18:10:29.163+06	\N	\N	\N	\N	\N
\.


--
-- Data for Name: order_change_action; Type: TABLE DATA; Schema: public; Owner: -
--

COPY public.order_change_action (id, order_id, version, ordering, order_change_id, reference, reference_id, action, details, amount, raw_amount, internal_note, applied, created_at, updated_at, deleted_at, return_id, claim_id, exchange_id) FROM stdin;
ordchact_01JMCNPFR9YJ4EMWX7EJ1GGX97	order_01JMCNJAF43DY64PYCHRR9C2M6	2	1	ordch_01JMCNPFR9A8WPRG7Z6N2WTN09	fulfillment	ful_01JMCNPFK0DX8GB1RKEP82VAAM	FULFILL_ITEM	{"quantity": 1, "reference_id": "ordli_01JMCNJAF65E4C4SB1F1YMECS1"}	\N	\N	\N	t	2025-02-18 19:59:25.194+06	2025-02-18 19:59:25.25+06	\N	\N	\N	\N
ordchact_01JMCNPYPB659MTQJ5K8YFB62B	order_01JMCNJAF43DY64PYCHRR9C2M6	3	2	ordch_01JMCNPYPB5MXA39WH47SWBKSB	fulfillment	ful_01JMCNPFK0DX8GB1RKEP82VAAM	DELIVER_ITEM	{"quantity": 1, "reference_id": "ordli_01JMCNJAF65E4C4SB1F1YMECS1"}	\N	\N	\N	t	2025-02-18 19:59:40.491+06	2025-02-18 19:59:40.517+06	\N	\N	\N	\N
ordchact_01JMPQFFJR6P8CRF61AZBX02C1	order_01JMPQDX28SDTY90R92MFNJMXP	2	3	ordch_01JMPQFFJR8GZDJBH85EW7E388	fulfillment	ful_01JMPQFFENZ4MAHTTY796EWBCT	FULFILL_ITEM	{"quantity": 1, "reference_id": "ordli_01JMPQDX28GDVCZQSQA6G45V52"}	\N	\N	\N	t	2025-02-22 17:42:57.114+06	2025-02-22 17:42:57.158+06	\N	\N	\N	\N
ordchact_01JMPQFSE9FJ5XEGCYRYQDTMW6	order_01JMPQDX28SDTY90R92MFNJMXP	3	4	ordch_01JMPQFSE9S9A1BRXT711EK682	fulfillment	ful_01JMPQFFENZ4MAHTTY796EWBCT	SHIP_ITEM	{"quantity": 1, "reference_id": "ordli_01JMPQDX28GDVCZQSQA6G45V52"}	\N	\N	\N	t	2025-02-22 17:43:07.209+06	2025-02-22 17:43:07.244+06	\N	\N	\N	\N
ordchact_01JMPQGDNJR7XZ4SS0CST4YBNV	order_01JMPQDX28SDTY90R92MFNJMXP	4	5	ordch_01JMPQGDNJQB4K03FMPRQNBHG4	fulfillment	ful_01JMPQFFENZ4MAHTTY796EWBCT	DELIVER_ITEM	{"quantity": 1, "reference_id": "ordli_01JMPQDX28GDVCZQSQA6G45V52"}	\N	\N	\N	t	2025-02-22 17:43:27.922+06	2025-02-22 17:43:27.951+06	\N	\N	\N	\N
ordchact_01JMZ3G1HCJSCGCFGYKEGYJSXT	order_01JMZ3F51GG6JAN6H669Q93R3R	2	6	ordch_01JMZ3G1HCRBTN3C83337AYZ09	fulfillment	ful_01JMZ3G1AW3STVE1M1YW8YX2V9	FULFILL_ITEM	{"quantity": 2, "reference_id": "ordli_01JMZ3F51GA7FF9A6BV5D0G5T6"}	\N	\N	\N	t	2025-02-25 23:46:53.872+06	2025-02-25 23:46:53.911+06	\N	\N	\N	\N
ordchact_01JMZ3GBENZEDQBAR4105NXGBQ	order_01JMZ3F51GG6JAN6H669Q93R3R	3	7	ordch_01JMZ3GBENSBTH6AEHVZT9QDCK	fulfillment	ful_01JMZ3G1AW3STVE1M1YW8YX2V9	SHIP_ITEM	{"quantity": 2, "reference_id": "ordli_01JMZ3F51GA7FF9A6BV5D0G5T6"}	\N	\N	\N	t	2025-02-25 23:47:04.022+06	2025-02-25 23:47:04.058+06	\N	\N	\N	\N
ordchact_01JMZ3GE5R5JZKAB4E984HZMHT	order_01JMZ3F51GG6JAN6H669Q93R3R	4	8	ordch_01JMZ3GE5R13464PBE04HVPN48	fulfillment	ful_01JMZ3G1AW3STVE1M1YW8YX2V9	DELIVER_ITEM	{"quantity": 2, "reference_id": "ordli_01JMZ3F51GA7FF9A6BV5D0G5T6"}	\N	\N	\N	t	2025-02-25 23:47:06.809+06	2025-02-25 23:47:06.85+06	\N	\N	\N	\N
ordchact_01JNX67ZTWV3Z0KNW9R2E1NQE6	order_01JNX61R3ZP9763N9G1DRQDJB8	2	9	ordch_01JNX67ZTWM52CRWQRKXR0KBHK	fulfillment	ful_01JNX67ZEBR2C58E1E2Y30SA3Q	FULFILL_ITEM	{"quantity": 1, "reference_id": "ordli_01JNX61R3ZZEMPF1M29CEJ6ZKF"}	\N	\N	\N	t	2025-03-09 16:12:08.669+06	2025-03-09 16:12:08.761+06	\N	\N	\N	\N
ordchact_01JNY2JNAFVHSVNEBC8DHBQEY1	order_01JNX6MZNQ3D0A7WBAYTAQ4W3F	2	10	ordch_01JNY2JN7TKGWWHSYEATPC772Z	payment_collection	pay_col_01JNX6DQNH4E83DRDBC2CPM3WG	CREDIT_LINE_ADD	{}	30	{"value": "30", "precision": 20}	\N	t	2025-03-10 00:27:18.481+06	2025-03-10 00:27:18.644+06	\N	\N	\N	\N
ordchact_01JQE4ZXCB0M8V104BDJ3T76QV	order_01JQ78WM5ZYCAXSMGW7KM020B6	2	11	ordch_01JQE4ZXBR1GWET71XVNAZSJND	payment_collection	pay_col_01JQ78WEWQSD46C318JNDWYTTM	CREDIT_LINE_ADD	{}	600	{"value": "600", "precision": 20}	\N	t	2025-03-28 16:33:02.603+06	2025-03-28 16:33:02.731+06	\N	\N	\N	\N
ordchact_01JQH7GK9BF0MX853QM9CKS8FZ	order_01JQH7D5P2YJWKHEEJPHQHMWNF	2	12	ordch_01JQH7G0Q90NC3Q5PW8J6CM8JP	\N	\N	ITEM_UPDATE	{"quantity": 2, "reference_id": "ordli_01JQH7D5P3CQPSF5RX231EQMHG", "quantity_diff": -3}	\N	\N	\N	t	2025-03-29 21:14:49.772+06	2025-03-29 21:14:56.251+06	\N	\N	\N	\N
ordchact_01JQH7JEG2RYB1Q8SRK17XTS3C	order_01JQH7D5P2YJWKHEEJPHQHMWNF	3	14	ordch_01JQH7JEG2RZ9DYN5QW718DJNG	fulfillment	ful_01JQH7JEENYHVGF6WGJ7GHXPNK	FULFILL_ITEM	{"quantity": 2, "reference_id": "ordli_01JQH7D5P3CQPSF5RX231EQMHG"}	\N	\N	\N	t	2025-03-29 21:15:50.403+06	2025-03-29 21:15:50.438+06	\N	\N	\N	\N
ordchact_01JQH7JVVBEHJATHJJ7TJ9PHZP	order_01JQH7D5P2YJWKHEEJPHQHMWNF	4	15	ordch_01JQH7JVVBCA1JS3GVGRAS53ME	fulfillment	ful_01JQH7JEENYHVGF6WGJ7GHXPNK	SHIP_ITEM	{"quantity": 2, "reference_id": "ordli_01JQH7D5P3CQPSF5RX231EQMHG"}	\N	\N	\N	t	2025-03-29 21:16:04.075+06	2025-03-29 21:16:04.109+06	\N	\N	\N	\N
ordchact_01JQH7K5R7MF2A873HRJACGAZK	order_01JQH7D5P2YJWKHEEJPHQHMWNF	5	16	ordch_01JQH7K5R8XK97VKYP3ADYKWC1	fulfillment	ful_01JQH7JEENYHVGF6WGJ7GHXPNK	DELIVER_ITEM	{"quantity": 2, "reference_id": "ordli_01JQH7D5P3CQPSF5RX231EQMHG"}	\N	\N	\N	t	2025-03-29 21:16:14.216+06	2025-03-29 21:16:14.244+06	\N	\N	\N	\N
ordchact_01JQH7KNN9VSJB0V2VT9AN3484	order_01JQH7D5P2YJWKHEEJPHQHMWNF	6	17	ordch_01JQH7KEFW8Q09NV0G8BRHDT43	return	return_01JQH7KEEZBS6SHF6B6GEAVRV8	RETURN_ITEM	{"quantity": 1, "reference_id": "ordli_01JQH7D5P3CQPSF5RX231EQMHG"}	\N	\N	\N	t	2025-03-29 21:16:30.506+06	2025-03-29 21:16:39.6+06	\N	\N	\N	\N
ordchact_01JQH7KS9PRQC637Z4H39JGC3Y	order_01JQH7D5P2YJWKHEEJPHQHMWNF	6	18	ordch_01JQH7KEFW8Q09NV0G8BRHDT43	order_shipping_method	ordsm_01JQH7KS4WBA8A23J239WCF314	SHIPPING_ADD	{}	50	{"value": "50", "precision": 20}	\N	t	2025-03-29 21:16:34.23+06	2025-03-29 21:16:39.6+06	\N	\N	\N	\N
ordchact_01JQS39Q37S862D26KR73ZHY3K	order_01JQS32NN560VZZ19PGWX2JTAM	3	22	ordch_01JQS39Q371845CNXMHYWX9ZSF	fulfillment	ful_01JQS39G62JP43BGZ84G9S4CVQ	DELIVER_ITEM	{"quantity": 5, "reference_id": "ordli_01JQS32NN9V5MZD5M87P3PMG33"}	\N	\N	\N	t	2025-04-01 22:35:05.448+06	2025-04-01 22:35:05.541+06	\N	\N	\N	\N
ordchact_01JQH7M14J1KA2312XWB7N7QDA	order_01JQH7D5P2YJWKHEEJPHQHMWNF	7	19	ordch_01JQH7M0ZX8008MYKEB1R6SHJJ	return	return_01JQH7KEEZBS6SHF6B6GEAVRV8	RECEIVE_RETURN_ITEM	{"quantity": 1, "reference_id": "ordli_01JQH7D5P3CQPSF5RX231EQMHG"}	\N	\N	\N	t	2025-03-29 21:16:42.258+06	2025-03-29 21:17:00.688+06	\N	\N	\N	\N
ordchact_01JQS39GDKQ7GH1J0DA8V6MT1W	order_01JQS32NN560VZZ19PGWX2JTAM	2	21	ordch_01JQS39GDM21XJRSB1CHPH5CNM	fulfillment	ful_01JQS39G62JP43BGZ84G9S4CVQ	FULFILL_ITEM	{"quantity": 5, "reference_id": "ordli_01JQS32NN9V5MZD5M87P3PMG33"}	\N	\N	\N	t	2025-04-01 22:34:58.616+06	2025-04-01 22:34:58.791+06	\N	\N	\N	\N
ordchact_01JVAG6RA2Y7RX5AWDT93ANJPW	order_01JVAG3CT1EDCTN2FVTR1EWW9P	2	23	ordch_01JVAG6RA3KS9PW7NYC546GHVH	fulfillment	ful_01JVAG6R450QN1YNZ4GRWKEEAQ	FULFILL_ITEM	{"quantity": 1, "reference_id": "ordli_01JVAG3CT4XG4N73R5VG6R7PR8"}	\N	\N	\N	t	2025-05-15 23:34:50.692+06	2025-05-15 23:34:50.77+06	\N	\N	\N	\N
ordchact_01JVAG6RA2FQ0P8TT4FXKJPGJY	order_01JVAG3CT1EDCTN2FVTR1EWW9P	2	24	ordch_01JVAG6RA3KS9PW7NYC546GHVH	fulfillment	ful_01JVAG6R450QN1YNZ4GRWKEEAQ	FULFILL_ITEM	{"quantity": 1, "reference_id": "ordli_01JVAG3CT54FYVZYK9JM2TGRM1"}	\N	\N	\N	t	2025-05-15 23:34:50.693+06	2025-05-15 23:34:50.77+06	\N	\N	\N	\N
ordchact_01JVAG8CHBSF6GMGBKH5K3RRB3	order_01JVAG3CT1EDCTN2FVTR1EWW9P	3	25	ordch_01JVAG8CHC5156SKB5ECEEKHGN	fulfillment	ful_01JVAG6R450QN1YNZ4GRWKEEAQ	DELIVER_ITEM	{"quantity": 1, "reference_id": "ordli_01JVAG3CT4XG4N73R5VG6R7PR8"}	\N	\N	\N	t	2025-05-15 23:35:44.173+06	2025-05-15 23:35:44.245+06	\N	\N	\N	\N
ordchact_01JVAG8CHCRED8WYDRK7SJ1ZVR	order_01JVAG3CT1EDCTN2FVTR1EWW9P	3	26	ordch_01JVAG8CHC5156SKB5ECEEKHGN	fulfillment	ful_01JVAG6R450QN1YNZ4GRWKEEAQ	DELIVER_ITEM	{"quantity": 1, "reference_id": "ordli_01JVAG3CT54FYVZYK9JM2TGRM1"}	\N	\N	\N	t	2025-05-15 23:35:44.173+06	2025-05-15 23:35:44.245+06	\N	\N	\N	\N
ordchact_01JVAMJG4PEDZFFZRH47G39XJS	order_01JV2HYT3XH54EQY7M4H1RVHPS	1	36	ordch_01JVAMJG4PKA40SY3SVS3RT55X	\N	\N	UPDATE_ORDER_PROPERTIES	{"new": "kmosabbir@gmail.com", "old": "mosabbir.fwd@gmail.com", "type": "email"}	\N	\N	\N	t	2025-05-16 00:51:09.847+06	2025-05-16 00:51:09.847+06	\N	\N	\N	\N
ordchact_01JVAMZDPSXH7Y6VZ4WAJJ5S3A	order_01JTZ2G9V4C7WWBRYAV57CX1R8	1	37	ordch_01JVAMZDPWK3NDYXNHWASK41KQ	\N	\N	UPDATE_ORDER_PROPERTIES	{"new": "kmosabbir@gmail.com", "old": "mosabbir.fwd@gmail.com", "type": "email"}	\N	\N	\N	t	2025-05-16 00:58:13.343+06	2025-05-16 00:58:13.343+06	\N	\N	\N	\N
ordchact_01JVAGB8C1KV281C9Y1B6ZX7QS	order_01JVAG3CT1EDCTN2FVTR1EWW9P	4	27	ordch_01JVAGB8C258DH403TK0JFXDDJ	fulfillment	ful_01JVAG6R450QN1YNZ4GRWKEEAQ	CANCEL_ITEM_FULFILLMENT	{"quantity": 1, "reference_id": "ordli_01JVAG3CT4XG4N73R5VG6R7PR8"}	\N	\N	\N	t	2025-05-15 23:37:18.211+06	2025-05-15 23:37:18.383+06	2025-05-15 23:37:18.365+06	\N	\N	\N
ordchact_01JVAGB8C2B133BWBMJ7F41JZ6	order_01JVAG3CT1EDCTN2FVTR1EWW9P	4	28	ordch_01JVAGB8C258DH403TK0JFXDDJ	fulfillment	ful_01JVAG6R450QN1YNZ4GRWKEEAQ	CANCEL_ITEM_FULFILLMENT	{"quantity": 1, "reference_id": "ordli_01JVAG3CT54FYVZYK9JM2TGRM1"}	\N	\N	\N	t	2025-05-15 23:37:18.211+06	2025-05-15 23:37:18.383+06	2025-05-15 23:37:18.365+06	\N	\N	\N
ordchact_01JVAH76R000NXM1YM0HWBQGPT	order_01JVAH3NBW3R5W8TS70XPF2XD1	2	29	ordch_01JVAH76R1C8RK6WJAXGG8CHRF	fulfillment	ful_01JVAH76N2SMPG5BD4MHPH8XMN	FULFILL_ITEM	{"quantity": 1, "reference_id": "ordli_01JVAH3NBYHEXT291KFYK2TWT8"}	\N	\N	\N	t	2025-05-15 23:52:34.052+06	2025-05-15 23:52:34.122+06	\N	\N	\N	\N
ordchact_01JVAH7P7DZPD3YVJ7A36B88KV	order_01JVAH3NBW3R5W8TS70XPF2XD1	3	30	ordch_01JVAH7P7D4NRNXPJD9HT1EW0K	fulfillment	ful_01JVAH76N2SMPG5BD4MHPH8XMN	SHIP_ITEM	{"quantity": 1, "reference_id": "ordli_01JVAH3NBYHEXT291KFYK2TWT8"}	\N	\N	\N	t	2025-05-15 23:52:49.902+06	2025-05-15 23:52:49.96+06	\N	\N	\N	\N
ordchact_01JVAH8BHP7MSSWH2VJQW5NWK0	order_01JVAH3NBW3R5W8TS70XPF2XD1	4	31	ordch_01JVAH8BHPV78C28GA8WTN6DAN	fulfillment	ful_01JVAH76N2SMPG5BD4MHPH8XMN	DELIVER_ITEM	{"quantity": 1, "reference_id": "ordli_01JVAH3NBYHEXT291KFYK2TWT8"}	\N	\N	\N	t	2025-05-15 23:53:11.735+06	2025-05-15 23:53:11.803+06	\N	\N	\N	\N
ordchact_01JVAKCWK25K4WGRJJ4VE1AZWK	order_01JV85G46PC72YT56WCSYV08TF	2	32	ordch_01JVAKCWGSN2PSPJ72D9HQ0XWG	payment_collection	pay_col_01JV85G2R89GSTYD2EBK0VQ8HN	CREDIT_LINE_ADD	{}	200	{"value": "200", "precision": 20}	\N	t	2025-05-16 00:30:37.41+06	2025-05-16 00:30:37.56+06	\N	\N	\N	\N
ordchact_01JVAKN54ASRMS82XJ54G260A1	order_01JV85E244W709HK2DCVRVKW4H	2	33	ordch_01JVAKN53BFFE92NMDXTGVXJK8	payment_collection	pay_col_01JV85C50PNPC51HAXYHSK6Z8E	CREDIT_LINE_ADD	{}	200	{"value": "200", "precision": 20}	\N	t	2025-05-16 00:35:08.298+06	2025-05-16 00:35:08.901+06	\N	\N	\N	\N
ordchact_01JVAKS7HW4CS759T528EQTBDF	order_01JVAKPTP9ZN9BVPZHCV3PZYNV	2	34	ordch_01JVAKS7HWWFN5PMYFMHJW3PWH	fulfillment	ful_01JVAKS7FHT30KMG15ER96VHQJ	FULFILL_ITEM	{"quantity": 1, "reference_id": "ordli_01JVAKPTPAM6H9A5C9413PMFPF"}	\N	\N	\N	t	2025-05-16 00:37:21.854+06	2025-05-16 00:37:21.906+06	\N	\N	\N	\N
ordchact_01JVAM6964S928V5ZNNPE3BSJ5	order_01JV6SRJFJFKCC0YB8F1S9YNV7	1	35	ordch_01JVAM6965ZB25E2AD5T4SMACY	\N	\N	UPDATE_ORDER_PROPERTIES	{"new": "kmosabbir@gmail.com", "old": "mosabbir.fwd@gmail.com", "type": "email"}	\N	\N	\N	t	2025-05-16 00:44:29.51+06	2025-05-16 00:44:29.51+06	\N	\N	\N	\N
ordchact_01JVANQ4V33ETF35TVEW0X67XR	order_01JVANPD30B3X8HRRTD8ZBY410	2	38	ordch_01JVANQ4V3499ZQTZG1QCCRPDK	fulfillment	ful_01JVANQ4Q6DBDRZJ6B5DH5RTQX	FULFILL_ITEM	{"quantity": 1, "reference_id": "ordli_01JVANPD34XTZSNPR8W2SDETJ5"}	\N	\N	\N	t	2025-05-16 01:11:10.693+06	2025-05-16 01:11:10.746+06	\N	\N	\N	\N
ordchact_01JVAQ1KKC74PHQR3ARETQW7K2	order_01JVANPD30B3X8HRRTD8ZBY410	3	39	ordch_01JVAQ1KKC15HM4JGRPFD8EPRM	fulfillment	ful_01JVANQ4Q6DBDRZJ6B5DH5RTQX	DELIVER_ITEM	{"quantity": 1, "reference_id": "ordli_01JVANPD34XTZSNPR8W2SDETJ5"}	\N	\N	\N	t	2025-05-16 01:34:22.062+06	2025-05-16 01:34:22.143+06	\N	\N	\N	\N
ordchact_01JVAQ42EKFC1PK74E3ZZNE787	order_01JTYC3RCZQ9TK5KCGM8ERR5A7	1	40	ordch_01JVAQ42EMR1ZK22PR5PZ27Z3B	\N	\N	UPDATE_ORDER_PROPERTIES	{"new": "kmosabbir@gmail.com", "old": "mosabbir.fwd@gmail.com", "type": "email"}	\N	\N	\N	t	2025-05-16 01:35:42.806+06	2025-05-16 01:35:42.806+06	\N	\N	\N	\N
ordchact_01JVAQFSZFY9Z2CHCNHGZMTM26	order_01JVAQF3C52QS4VW561RB2E9RW	2	41	ordch_01JVAQFSZGZGXEZQ6KXACWZ6N3	fulfillment	ful_01JVAQFSVD33PSCSZ6B1PTQFBC	FULFILL_ITEM	{"quantity": 1, "reference_id": "ordli_01JVAQF3C6NM006WESZRJ2XE05"}	\N	\N	\N	t	2025-05-16 01:42:07.344+06	2025-05-16 01:42:07.391+06	\N	\N	\N	\N
ordchact_01JVAQG261KPM6SDSY45QZ9S5R	order_01JVAQF3C52QS4VW561RB2E9RW	3	42	ordch_01JVAQG262VTQQNJZVCJS158TZ	fulfillment	ful_01JVAQFSVD33PSCSZ6B1PTQFBC	SHIP_ITEM	{"quantity": 1, "reference_id": "ordli_01JVAQF3C6NM006WESZRJ2XE05"}	\N	\N	\N	t	2025-05-16 01:42:15.746+06	2025-05-16 01:42:15.801+06	\N	\N	\N	\N
ordchact_01JVAQG4QQEZZZ54K6M860W1ZV	order_01JVAQF3C52QS4VW561RB2E9RW	4	43	ordch_01JVAQG4QQS5FVM1AQ75F9Q0W0	fulfillment	ful_01JVAQFSVD33PSCSZ6B1PTQFBC	DELIVER_ITEM	{"quantity": 1, "reference_id": "ordli_01JVAQF3C6NM006WESZRJ2XE05"}	\N	\N	\N	t	2025-05-16 01:42:18.36+06	2025-05-16 01:42:18.4+06	\N	\N	\N	\N
ordchact_01JVAQQNCH2YWW6EMT37RAJFBB	order_01JVAQNHXEZXSWY4JSBH61N891	2	44	ordch_01JVAQQNCJCB9PA9KMVA4XF9KJ	fulfillment	ful_01JVAQQNA30VWB83NX023FT8D2	FULFILL_ITEM	{"quantity": 1, "reference_id": "ordli_01JVAQNHXHZZ1XSPH7KT8C19F9"}	\N	\N	\N	t	2025-05-16 01:46:24.787+06	2025-05-16 01:46:24.852+06	\N	\N	\N	\N
ordchact_01JVAQRPGT3T3TNMWVB5VYSEQ9	order_01JVAQNHXEZXSWY4JSBH61N891	3	45	ordch_01JVAQRPGVC9WGMGHSG0JHR7RY	fulfillment	ful_01JVAQQNA30VWB83NX023FT8D2	SHIP_ITEM	{"quantity": 1, "reference_id": "ordli_01JVAQNHXHZZ1XSPH7KT8C19F9"}	\N	\N	\N	t	2025-05-16 01:46:58.716+06	2025-05-16 01:46:58.8+06	\N	\N	\N	\N
ordchact_01JVAQRYAQ93KPEZ37DTF371NB	order_01JVAQNHXEZXSWY4JSBH61N891	4	46	ordch_01JVAQRYARENN015KRWPN288WR	fulfillment	ful_01JVAQQNA30VWB83NX023FT8D2	DELIVER_ITEM	{"quantity": 1, "reference_id": "ordli_01JVAQNHXHZZ1XSPH7KT8C19F9"}	\N	\N	\N	t	2025-05-16 01:47:06.712+06	2025-05-16 01:47:06.765+06	\N	\N	\N	\N
ordchact_01JVCBHRCTNMYX9GKJACZHCX8Q	order_01JVC7YPNK7PDQAB205SW239Q4	2	47	ordch_01JVCBHQY9TV4Q09G2WGHJ8F0X	payment_collection	pay_col_01JVC7YMSVXX0PZDCGGW1TN8P6	CREDIT_LINE_ADD	{}	200	{"value": "200", "precision": 20}	\N	t	2025-05-16 16:51:57.21+06	2025-05-16 16:51:57.315+06	\N	\N	\N	\N
ordchact_01JVCBN1F0QGKR1TFBS8YDGZ1R	order_01JVB15R2Z563128FR18320R0Z	2	48	ordch_01JVCBN1EK760PG2TKCHPF0DRS	payment_collection	pay_col_01JVB15P5RQ324EJAJFRQVGNK1	CREDIT_LINE_ADD	{}	200	{"value": "200", "precision": 20}	\N	t	2025-05-16 16:53:44.801+06	2025-05-16 16:53:45.139+06	\N	\N	\N	\N
ordchact_01JWBDH0R44D54F282BAA5PRXF	order_01JMCNJAF43DY64PYCHRR9C2M6	4	49	ordch_01JWBDH0PZ2KB707JHM2D5HC9S	customer	cus_01JMPQ9K7R3BKEMBVG59BHS2MY	TRANSFER_CUSTOMER	{"token": "2fc2a748-69d2-4d46-8c02-2a345155227d", "original_email": "kmosabbir@gmail.com"}	\N	\N	\N	f	2025-05-28 18:22:57.542+06	2025-05-28 18:22:57.542+06	\N	\N	\N	\N
ordchact_01JWPATD677ZQ5YZVG166Y803Q	order_01JWPASAM75KJVXA6B04A4MKBX	2	50	ordch_01JWPATD67NEQ9BJJMZTBYWHSP	fulfillment	ful_01JWPATD1WF8J3WVZ7BW772P15	FULFILL_ITEM	{"quantity": 10, "reference_id": "ordli_01JWPASAM7B9ZWB0R2F0ERMY7P"}	\N	\N	\N	t	2025-06-02 00:07:18.216+06	2025-06-02 00:07:18.322+06	\N	\N	\N	\N
ordchact_01JWPATNVKB27P25GRD6E1N6J1	order_01JWPASAM75KJVXA6B04A4MKBX	3	51	ordch_01JWPATNVK2548FQZZPR9X1N9R	fulfillment	ful_01JWPATD1WF8J3WVZ7BW772P15	SHIP_ITEM	{"quantity": 10, "reference_id": "ordli_01JWPASAM7B9ZWB0R2F0ERMY7P"}	\N	\N	\N	t	2025-06-02 00:07:27.092+06	2025-06-02 00:07:27.133+06	\N	\N	\N	\N
ordchact_01JWPATRRS7K21BKZK8TSK3QQ7	order_01JWPASAM75KJVXA6B04A4MKBX	4	52	ordch_01JWPATRRSFGEJ2P2Z4DV89WYV	fulfillment	ful_01JWPATD1WF8J3WVZ7BW772P15	DELIVER_ITEM	{"quantity": 10, "reference_id": "ordli_01JWPASAM7B9ZWB0R2F0ERMY7P"}	\N	\N	\N	t	2025-06-02 00:07:30.073+06	2025-06-02 00:07:30.098+06	\N	\N	\N	\N
ordchact_01JWPBG3SZAQMWAYFFSJ8WWD9R	order_01JWPBFFCZ1YTX20D62N4E76EE	2	53	ordch_01JWPBG3SZG7SHPRYK6KD8RKP8	fulfillment	ful_01JWPBG3P9277JDFJ1DWXG7YCN	FULFILL_ITEM	{"quantity": 1, "reference_id": "ordli_01JWPBFFD1JS5VPEB3D2XS91XX"}	\N	\N	\N	t	2025-06-02 00:19:09.504+06	2025-06-02 00:19:09.536+06	\N	\N	\N	\N
ordchact_01JWPBG7W1RA9DYEWCZ961X99W	order_01JWPBFFCZ1YTX20D62N4E76EE	3	54	ordch_01JWPBG7W1NJNPZPANZTDETZDJ	fulfillment	ful_01JWPBG3P9277JDFJ1DWXG7YCN	SHIP_ITEM	{"quantity": 1, "reference_id": "ordli_01JWPBFFD1JS5VPEB3D2XS91XX"}	\N	\N	\N	t	2025-06-02 00:19:13.665+06	2025-06-02 00:19:13.699+06	\N	\N	\N	\N
ordchact_01JWR1J9JACX70BDMPP9AP99PJ	order_01JWR1HKJ5CN4ZV00BV7STZSJQ	2	55	ordch_01JWR1J9JAH9VE3H7FCY0324MZ	fulfillment	ful_01JWR1J9B7ZD6MNH6NXSC6HQ2W	FULFILL_ITEM	{"quantity": 1, "reference_id": "ordli_01JWR1HKJ6BQ3M4VR581Q5PY42"}	\N	\N	\N	t	2025-06-02 16:04:04.043+06	2025-06-02 16:04:04.109+06	\N	\N	\N	\N
ordchact_01JWR1JP7J1SG4JW78R2NDE45D	order_01JWR1HKJ5CN4ZV00BV7STZSJQ	3	56	ordch_01JWR1JP7JF9224PV25W71H326	fulfillment	ful_01JWR1J9B7ZD6MNH6NXSC6HQ2W	DELIVER_ITEM	{"quantity": 1, "reference_id": "ordli_01JWR1HKJ6BQ3M4VR581Q5PY42"}	\N	\N	\N	t	2025-06-02 16:04:17.01+06	2025-06-02 16:04:17.039+06	\N	\N	\N	\N
ordchact_01JWR3WCH2Q807HQH7HJENEAQJ	order_01JWR1GJR2GA5WVRGNS1Q6TABW	2	57	ordch_01JWR3WCH2TQWE9WVCNJC92T9X	fulfillment	ful_01JWR3WCF8S2GDAJ7J8VAX6WPA	FULFILL_ITEM	{"quantity": 1, "reference_id": "ordli_01JWR1GJR31TJC37CP90YR8QXP"}	\N	\N	\N	t	2025-06-02 16:44:31.907+06	2025-06-02 16:44:31.953+06	\N	\N	\N	\N
ordchact_01JWR3WCH2FQ0FHB2GW9RJ0HPG	order_01JWR1GJR2GA5WVRGNS1Q6TABW	2	58	ordch_01JWR3WCH2TQWE9WVCNJC92T9X	fulfillment	ful_01JWR3WCF8S2GDAJ7J8VAX6WPA	FULFILL_ITEM	{"quantity": 3, "reference_id": "ordli_01JWR1GJR3N5ZKA49EMFVD49AS"}	\N	\N	\N	t	2025-06-02 16:44:31.907+06	2025-06-02 16:44:31.953+06	\N	\N	\N	\N
ordchact_01JWR3WFW8XQNP5G0WCZ77QDE5	order_01JWR1GJR2GA5WVRGNS1Q6TABW	3	59	ordch_01JWR3WFW8WN4CMXFPMTHEAJR0	fulfillment	ful_01JWR3WCF8S2GDAJ7J8VAX6WPA	DELIVER_ITEM	{"quantity": 1, "reference_id": "ordli_01JWR1GJR31TJC37CP90YR8QXP"}	\N	\N	\N	t	2025-06-02 16:44:35.336+06	2025-06-02 16:44:35.368+06	\N	\N	\N	\N
ordchact_01JWR3WFW8K7PYVDYM28V3GQ34	order_01JWR1GJR2GA5WVRGNS1Q6TABW	3	60	ordch_01JWR3WFW8WN4CMXFPMTHEAJR0	fulfillment	ful_01JWR3WCF8S2GDAJ7J8VAX6WPA	DELIVER_ITEM	{"quantity": 3, "reference_id": "ordli_01JWR1GJR3N5ZKA49EMFVD49AS"}	\N	\N	\N	t	2025-06-02 16:44:35.336+06	2025-06-02 16:44:35.368+06	\N	\N	\N	\N
ordchact_01JWR43AZXTH93H4TWG6YTR1YK	order_01JWR42N971AWR051NQJ7KPQQF	2	61	ordch_01JWR43AZXEBHHSXPF2SMRYA4E	fulfillment	ful_01JWR43AXB7KVT0EWSVWHYYE19	FULFILL_ITEM	{"quantity": 1, "reference_id": "ordli_01JWR42N970NN0780JJKKAGK1H"}	\N	\N	\N	t	2025-06-02 16:48:19.71+06	2025-06-02 16:48:19.743+06	\N	\N	\N	\N
ordchact_01JWR43DTDTVXPYQ3TERBRB2Z1	order_01JWR42N971AWR051NQJ7KPQQF	3	62	ordch_01JWR43DTDRRBHB2JKCQWVNBWD	fulfillment	ful_01JWR43AXB7KVT0EWSVWHYYE19	DELIVER_ITEM	{"quantity": 1, "reference_id": "ordli_01JWR42N970NN0780JJKKAGK1H"}	\N	\N	\N	t	2025-06-02 16:48:22.606+06	2025-06-02 16:48:22.632+06	\N	\N	\N	\N
ordchact_01JWR4CCBEX1004B8SE5T7SKTC	order_01JWR48BMKQGNCY5K5FZFVSNXM	2	63	ordch_01JWR4CCBEN2PVTPABFG00CNWT	fulfillment	ful_01JWR4CC8GDZ6A72NQTTJKV0MF	FULFILL_ITEM	{"quantity": 1, "reference_id": "ordli_01JWR48BMMJ5VCZGYT9FF55Q2R"}	\N	\N	\N	t	2025-06-02 16:53:16.015+06	2025-06-02 16:53:16.061+06	\N	\N	\N	\N
ordchact_01JWR4CSH1V0PWCT7TBMJ067W8	order_01JWR48BMKQGNCY5K5FZFVSNXM	3	64	ordch_01JWR4CSH1R1Z322T4ST8FST16	fulfillment	ful_01JWR4CC8GDZ6A72NQTTJKV0MF	DELIVER_ITEM	{"quantity": 1, "reference_id": "ordli_01JWR48BMMJ5VCZGYT9FF55Q2R"}	\N	\N	\N	t	2025-06-02 16:53:29.505+06	2025-06-02 16:53:29.537+06	\N	\N	\N	\N
ordchact_01JWR51E1Y569BZ40W4SXMKQ4A	order_01JWR50PZPNHC1R4KTFGX38K7K	3	67	ordch_01JWR51E1YZ85E65NDJ44JTM1B	fulfillment	ful_01JWR51BAAZ4W29EGCFEGP6KGR	DELIVER_ITEM	{"quantity": 1, "reference_id": "ordli_01JWR50PZP2MASGZJ28TN0KP89"}	\N	\N	\N	t	2025-06-02 17:04:45.886+06	2025-06-02 17:04:45.913+06	\N	\N	\N	\N
ordchact_01JWR4DAJYNTECH18KRPBEYQM4	order_01JWR48BMKQGNCY5K5FZFVSNXM	4	65	ordch_01JWR4DAJYEY11W3EDAM29G18K	fulfillment	ful_01JWR4CC8GDZ6A72NQTTJKV0MF	CANCEL_ITEM_FULFILLMENT	{"quantity": 1, "reference_id": "ordli_01JWR48BMMJ5VCZGYT9FF55Q2R"}	\N	\N	\N	t	2025-06-02 16:53:46.974+06	2025-06-02 16:53:47.143+06	2025-06-02 16:53:47.13+06	\N	\N	\N
ordchact_01JWR51BBT3SDN9MCKTH05AS2E	order_01JWR50PZPNHC1R4KTFGX38K7K	2	66	ordch_01JWR51BBTJCPTW91SFA44B86J	fulfillment	ful_01JWR51BAAZ4W29EGCFEGP6KGR	FULFILL_ITEM	{"quantity": 1, "reference_id": "ordli_01JWR50PZP2MASGZJ28TN0KP89"}	\N	\N	\N	t	2025-06-02 17:04:43.132+06	2025-06-02 17:04:43.166+06	\N	\N	\N	\N
ordchact_01JWR580NQYP5MJANW6Y5566S4	order_01JWR56X8AP6AP091TMQG56KZJ	2	68	ordch_01JWR580NR6DJWMDJS1S5D8MXK	fulfillment	ful_01JWR580M0XF5R829J5QJWRS1N	FULFILL_ITEM	{"quantity": 1, "reference_id": "ordli_01JWR56X8C0DF7PQVZ8MXD4C1F"}	\N	\N	\N	t	2025-06-02 17:08:21.561+06	2025-06-02 17:08:21.596+06	\N	\N	\N	\N
ordchact_01JWR583S5Q908KTFCEV7539PP	order_01JWR56X8AP6AP091TMQG56KZJ	3	69	ordch_01JWR583S59D048W8DV6D38ME6	fulfillment	ful_01JWR580M0XF5R829J5QJWRS1N	DELIVER_ITEM	{"quantity": 1, "reference_id": "ordli_01JWR56X8C0DF7PQVZ8MXD4C1F"}	\N	\N	\N	t	2025-06-02 17:08:24.741+06	2025-06-02 17:08:24.768+06	\N	\N	\N	\N
ordchact_01JWR6H556ATP3DM3KZR4ZVXRN	order_01JWR6GFQY8KPNJD14T7RAS358	2	70	ordch_01JWR6H5579091M9VTWGGG4JYX	fulfillment	ful_01JWR6H53QSQSA65T8BEEMJN2J	FULFILL_ITEM	{"quantity": 1, "reference_id": "ordli_01JWR6GFQZ9NWW57RGKH612GDY"}	\N	\N	\N	t	2025-06-02 17:30:49.64+06	2025-06-02 17:30:49.671+06	\N	\N	\N	\N
ordchact_01JWR6HC7EJK51H6TXDDYGF7SW	order_01JWR6GFQY8KPNJD14T7RAS358	3	71	ordch_01JWR6HC7E3PQVW3NV704X7MRC	fulfillment	ful_01JWR6H53QSQSA65T8BEEMJN2J	DELIVER_ITEM	{"quantity": 1, "reference_id": "ordli_01JWR6GFQZ9NWW57RGKH612GDY"}	\N	\N	\N	t	2025-06-02 17:30:56.879+06	2025-06-02 17:30:56.904+06	\N	\N	\N	\N
ordchact_01JWR6SAQ1WQBCNY2BRYQFJPWY	order_01JWR6RRW19APPF46P5VAAF20S	2	72	ordch_01JWR6SAQ1EMN9BJDSZXZM83HW	fulfillment	ful_01JWR6SANPFWKPZ30JA12FT9SK	FULFILL_ITEM	{"quantity": 1, "reference_id": "ordli_01JWR6RRW3PG8571K782V5CF8N"}	\N	\N	\N	t	2025-06-02 17:35:17.474+06	2025-06-02 17:35:17.505+06	\N	\N	\N	\N
ordchact_01JWR6SERDW34J7RH9GEQKDWVZ	order_01JWR6RRW19APPF46P5VAAF20S	3	73	ordch_01JWR6SERDM05DFZEA3YN8M3W3	fulfillment	ful_01JWR6SANPFWKPZ30JA12FT9SK	DELIVER_ITEM	{"quantity": 1, "reference_id": "ordli_01JWR6RRW3PG8571K782V5CF8N"}	\N	\N	\N	t	2025-06-02 17:35:21.614+06	2025-06-02 17:35:21.642+06	\N	\N	\N	\N
ordchact_01JWR7KXK92ABDBBNSY05MH2XB	order_01JWR7K96C5TEM16MCTS0WZQMC	2	74	ordch_01JWR7KXK9Q7EJ7JK12AWJ4616	fulfillment	ful_01JWR7KXGPDCQ7RJ8581CFP54N	FULFILL_ITEM	{"quantity": 1, "reference_id": "ordli_01JWR7K96DKQR3JBA8YCK82M6E"}	\N	\N	\N	t	2025-06-02 17:49:48.779+06	2025-06-02 17:49:48.866+06	\N	\N	\N	\N
ordchact_01JWR7MBZKV7ZK8506SSSZH2K7	order_01JWR7K96C5TEM16MCTS0WZQMC	3	75	ordch_01JWR7MBZKARCW59VQH3AR7V6C	fulfillment	ful_01JWR7KXGPDCQ7RJ8581CFP54N	DELIVER_ITEM	{"quantity": 1, "reference_id": "ordli_01JWR7K96DKQR3JBA8YCK82M6E"}	\N	\N	\N	t	2025-06-02 17:50:03.507+06	2025-06-02 17:50:03.535+06	\N	\N	\N	\N
ordchact_01JWR8SEYVZ68NRND32P2E9DPP	order_01JWR8RSXF37GM0X4W3ARNJ821	2	76	ordch_01JWR8SEYVNTFER66D6XQ1M4KC	fulfillment	ful_01JWR8SEX7K1PPZZYFYH2P1RV9	FULFILL_ITEM	{"quantity": 1, "reference_id": "ordli_01JWR8RSXHQC17NFHZ5EERV6HB"}	\N	\N	\N	t	2025-06-02 18:10:18.972+06	2025-06-02 18:10:19.004+06	\N	\N	\N	\N
ordchact_01JWR8SRX1QE6XJVC1ZQ7HSRXV	order_01JWR8RSXF37GM0X4W3ARNJ821	3	77	ordch_01JWR8SRX119TD1XF0AWQ7YE7W	fulfillment	ful_01JWR8SEX7K1PPZZYFYH2P1RV9	DELIVER_ITEM	{"quantity": 1, "reference_id": "ordli_01JWR8RSXHQC17NFHZ5EERV6HB"}	\N	\N	\N	t	2025-06-02 18:10:29.153+06	2025-06-02 18:10:29.18+06	\N	\N	\N	\N
\.


--
-- Data for Name: order_claim; Type: TABLE DATA; Schema: public; Owner: -
--

COPY public.order_claim (id, order_id, return_id, order_version, display_id, type, no_notification, refund_amount, raw_refund_amount, metadata, created_at, updated_at, deleted_at, canceled_at, created_by) FROM stdin;
claim_01JVAGA8JR5VYBTWTFH5AV5602	order_01JVAG3CT1EDCTN2FVTR1EWW9P	\N	3	1	replace	\N	\N	\N	\N	2025-05-15 23:36:45.658+06	2025-05-15 23:37:00.14+06	2025-05-15 23:37:00.139+06	\N	user_01JM74YSND8H3N5XK89DEPJENG
\.


--
-- Data for Name: order_claim_item; Type: TABLE DATA; Schema: public; Owner: -
--

COPY public.order_claim_item (id, claim_id, item_id, is_additional_item, reason, quantity, raw_quantity, note, metadata, created_at, updated_at, deleted_at) FROM stdin;
\.


--
-- Data for Name: order_claim_item_image; Type: TABLE DATA; Schema: public; Owner: -
--

COPY public.order_claim_item_image (id, claim_item_id, url, metadata, created_at, updated_at, deleted_at) FROM stdin;
\.


--
-- Data for Name: order_credit_line; Type: TABLE DATA; Schema: public; Owner: -
--

COPY public.order_credit_line (id, order_id, reference, reference_id, amount, raw_amount, metadata, created_at, updated_at, deleted_at) FROM stdin;
\.


--
-- Data for Name: order_exchange; Type: TABLE DATA; Schema: public; Owner: -
--

COPY public.order_exchange (id, order_id, return_id, order_version, display_id, no_notification, allow_backorder, difference_due, raw_difference_due, metadata, created_at, updated_at, deleted_at, canceled_at, created_by) FROM stdin;
\.


--
-- Data for Name: order_exchange_item; Type: TABLE DATA; Schema: public; Owner: -
--

COPY public.order_exchange_item (id, exchange_id, item_id, quantity, raw_quantity, note, metadata, created_at, updated_at, deleted_at) FROM stdin;
\.


--
-- Data for Name: order_fulfillment; Type: TABLE DATA; Schema: public; Owner: -
--

COPY public.order_fulfillment (order_id, fulfillment_id, id, created_at, updated_at, deleted_at) FROM stdin;
order_01JMCNJAF43DY64PYCHRR9C2M6	ful_01JMCNPFK0DX8GB1RKEP82VAAM	ordful_01JMCNPFQHR9PJ7V7FQRAB648C	2025-02-18 19:59:25.163697+06	2025-02-18 19:59:25.163697+06	\N
order_01JMPQDX28SDTY90R92MFNJMXP	ful_01JMPQFFENZ4MAHTTY796EWBCT	ordful_01JMPQFFJ2AMHBAAZDHKKEQG60	2025-02-22 17:42:57.086405+06	2025-02-22 17:42:57.086405+06	\N
order_01JMZ3F51GG6JAN6H669Q93R3R	ful_01JMZ3G1AW3STVE1M1YW8YX2V9	ordful_01JMZ3G1GV9N3NYT7DHVFK5R4G	2025-02-25 23:46:53.847213+06	2025-02-25 23:46:53.847213+06	\N
order_01JNX61R3ZP9763N9G1DRQDJB8	ful_01JNX67ZEBR2C58E1E2Y30SA3Q	ordful_01JNX67ZSTJTG1XPT0WQW3D2WE	2025-03-09 16:12:08.61833+06	2025-03-09 16:12:08.61833+06	\N
order_01JQH7D5P2YJWKHEEJPHQHMWNF	ful_01JQH7J1XM5ZVTRSNCBX954J1T	ordful_01JQH7J1YXNVM7X8CXBEEFMY78	2025-03-29 21:15:37.560368+06	2025-03-29 21:15:37.695+06	2025-03-29 21:15:37.695+06
order_01JQH7D5P2YJWKHEEJPHQHMWNF	ful_01JQH7JEENYHVGF6WGJ7GHXPNK	ordful_01JQH7JEFNRBMJXRHNTYDB2FEY	2025-03-29 21:15:50.385984+06	2025-03-29 21:15:50.385984+06	\N
order_01JQS32NN560VZZ19PGWX2JTAM	ful_01JQS39G62JP43BGZ84G9S4CVQ	ordful_01JQS39GB2MC3MY92NXNREK4P8	2025-04-01 22:34:58.512384+06	2025-04-01 22:34:58.512384+06	\N
order_01JVAG3CT1EDCTN2FVTR1EWW9P	ful_01JVAG6R450QN1YNZ4GRWKEEAQ	ordful_01JVAG6R95XRSTD4HWGVQV30DZ	2025-05-15 23:34:50.654981+06	2025-05-15 23:34:50.654981+06	\N
order_01JVAH3NBW3R5W8TS70XPF2XD1	ful_01JVAH76N2SMPG5BD4MHPH8XMN	ordful_01JVAH76PY42TBC28ZM5T2ADBB	2025-05-15 23:52:34.007099+06	2025-05-15 23:52:34.007099+06	\N
order_01JVAKPTP9ZN9BVPZHCV3PZYNV	ful_01JVAKS7FHT30KMG15ER96VHQJ	ordful_01JVAKS7H5HMTNEKCX5V5PA2V7	2025-05-16 00:37:21.822169+06	2025-05-16 00:37:21.822169+06	\N
order_01JV6SRJFJFKCC0YB8F1S9YNV7	ful_01JVAM7TBDZJWX5PBTZYMBZ8MW	ordful_01JVAM7TDCJ646B0VVMGJ1BWZT	2025-05-16 00:45:19.908136+06	2025-05-16 00:45:19.908136+06	\N
order_01JV6SRJFJFKCC0YB8F1S9YNV7	ful_01JVAMD93AB2RP25XCEYWC2TFQ	ordful_01JVAMD953043V07DPN7QV8FPV	2025-05-16 00:48:18.840779+06	2025-05-16 00:48:18.840779+06	\N
order_01JV2HYT3XH54EQY7M4H1RVHPS	ful_01JVAMK7T2Y1KKDP52KV8568Y7	ordful_01JVAMK7WRRFEQDKXD1R1HHKJA	2025-05-16 00:51:34.158467+06	2025-05-16 00:51:34.158467+06	\N
order_01JTZ2G9V4C7WWBRYAV57CX1R8	ful_01JVAN452PFP3849WNYS84ZSP7	ordful_01JVAN454HBYMKJGSH4QPYTT2N	2025-05-16 01:00:48.392954+06	2025-05-16 01:00:48.392954+06	\N
order_01JTZ2G9V4C7WWBRYAV57CX1R8	ful_01JVAN56VFBGVWEKWB5FKQJFBC	ordful_01JVAN56X3HM7EZKA6ZCEV055S	2025-05-16 01:01:22.970396+06	2025-05-16 01:01:22.970396+06	\N
order_01JVANPD30B3X8HRRTD8ZBY410	ful_01JVANQ4Q6DBDRZJ6B5DH5RTQX	ordful_01JVANQ4T7J8YVKGS0DRSMAJZ3	2025-05-16 01:11:10.654801+06	2025-05-16 01:11:10.654801+06	\N
order_01JTYC3RCZQ9TK5KCGM8ERR5A7	ful_01JVAQ48V7W79YEWRPCP3MHN7S	ordful_01JVAQ48WTES7ME7DRJ5JKT2YF	2025-05-16 01:35:49.395411+06	2025-05-16 01:35:49.395411+06	\N
order_01JTYC3RCZQ9TK5KCGM8ERR5A7	ful_01JVAQD4MC8M58MCHJZYJYEMF8	ordful_01JVAQD4NGC3NFHXHXT50P613J	2025-05-16 01:40:39.979212+06	2025-05-16 01:40:39.979212+06	\N
order_01JVAQF3C52QS4VW561RB2E9RW	ful_01JVAQFSVD33PSCSZ6B1PTQFBC	ordful_01JVAQFSYSXSEJDYAFT2CJAGHQ	2025-05-16 01:42:07.316049+06	2025-05-16 01:42:07.316049+06	\N
order_01JVAQNHXEZXSWY4JSBH61N891	ful_01JVAQQNA30VWB83NX023FT8D2	ordful_01JVAQQNBNM0FVTW0GB8BAD6NX	2025-05-16 01:46:24.749041+06	2025-05-16 01:46:24.749041+06	\N
order_01JWPASAM75KJVXA6B04A4MKBX	ful_01JWPATD1WF8J3WVZ7BW772P15	ordful_01JWPATD5QZ01TWCJNYJCA1JQZ	2025-06-02 00:07:18.192067+06	2025-06-02 00:07:18.192067+06	\N
order_01JWPBFFCZ1YTX20D62N4E76EE	ful_01JWPBG3P9277JDFJ1DWXG7YCN	ordful_01JWPBG3S9KZYHXGWC8BP264ZY	2025-06-02 00:19:09.473901+06	2025-06-02 00:19:09.473901+06	\N
order_01JWR1HKJ5CN4ZV00BV7STZSJQ	ful_01JWR1J9B7ZD6MNH6NXSC6HQ2W	ordful_01JWR1J9HGJ2T43STWDZH1GE7Y	2025-06-02 16:04:04.004936+06	2025-06-02 16:04:04.004936+06	\N
order_01JWR1GJR2GA5WVRGNS1Q6TABW	ful_01JWR3WCF8S2GDAJ7J8VAX6WPA	ordful_01JWR3WCGF4VH8EZHMKAJDZ2MH	2025-06-02 16:44:31.881905+06	2025-06-02 16:44:31.881905+06	\N
order_01JWR42N971AWR051NQJ7KPQQF	ful_01JWR43AXB7KVT0EWSVWHYYE19	ordful_01JWR43AZAHMY8AH4V782RW8E1	2025-06-02 16:48:19.683779+06	2025-06-02 16:48:19.683779+06	\N
order_01JWR48BMKQGNCY5K5FZFVSNXM	ful_01JWR4CC8GDZ6A72NQTTJKV0MF	ordful_01JWR4CCAX2BTNSJBHEGGV5VPV	2025-06-02 16:53:15.992625+06	2025-06-02 16:53:15.992625+06	\N
order_01JWR50PZPNHC1R4KTFGX38K7K	ful_01JWR51BAAZ4W29EGCFEGP6KGR	ordful_01JWR51BB9X0SBEEMACZ7DD02Q	2025-06-02 17:04:43.1094+06	2025-06-02 17:04:43.1094+06	\N
order_01JWR56X8AP6AP091TMQG56KZJ	ful_01JWR580M0XF5R829J5QJWRS1N	ordful_01JWR580N7MSMQ64WG2F4HG8Q0	2025-06-02 17:08:21.539859+06	2025-06-02 17:08:21.539859+06	\N
order_01JWR6GFQY8KPNJD14T7RAS358	ful_01JWR6H53QSQSA65T8BEEMJN2J	ordful_01JWR6H54S1XRKFJV4CP8CVE11	2025-06-02 17:30:49.62027+06	2025-06-02 17:30:49.62027+06	\N
order_01JWR6RRW19APPF46P5VAAF20S	ful_01JWR6SANPFWKPZ30JA12FT9SK	ordful_01JWR6SAPFQC4Y77VKHFJMSMS8	2025-06-02 17:35:17.452923+06	2025-06-02 17:35:17.452923+06	\N
order_01JWR7K96C5TEM16MCTS0WZQMC	ful_01JWR7KXGPDCQ7RJ8581CFP54N	ordful_01JWR7KXJP6X0SW2QTP3FXR9E4	2025-06-02 17:49:48.753564+06	2025-06-02 17:49:48.753564+06	\N
order_01JWR8RSXF37GM0X4W3ARNJ821	ful_01JWR8SEX7K1PPZZYFYH2P1RV9	ordful_01JWR8SEYASBQYD120496Z0WXF	2025-06-02 18:10:18.951876+06	2025-06-02 18:10:18.951876+06	\N
\.


--
-- Data for Name: order_item; Type: TABLE DATA; Schema: public; Owner: -
--

COPY public.order_item (id, order_id, version, item_id, quantity, raw_quantity, fulfilled_quantity, raw_fulfilled_quantity, shipped_quantity, raw_shipped_quantity, return_requested_quantity, raw_return_requested_quantity, return_received_quantity, raw_return_received_quantity, return_dismissed_quantity, raw_return_dismissed_quantity, written_off_quantity, raw_written_off_quantity, metadata, created_at, updated_at, deleted_at, delivered_quantity, raw_delivered_quantity, unit_price, raw_unit_price, compare_at_unit_price, raw_compare_at_unit_price) FROM stdin;
orditem_01JMCNJAF75F2JB8BBHRZYZ30Z	order_01JMCNJAF43DY64PYCHRR9C2M6	1	ordli_01JMCNJAF65E4C4SB1F1YMECS1	1	{"value": "1", "precision": 20}	0	{"value": "0", "precision": 20}	0	{"value": "0", "precision": 20}	0	{"value": "0", "precision": 20}	0	{"value": "0", "precision": 20}	0	{"value": "0", "precision": 20}	0	{"value": "0", "precision": 20}	\N	2025-02-18 19:57:08.714+06	2025-02-18 19:57:08.714+06	\N	0	{"value": "0", "precision": 20}	\N	\N	\N	\N
orditem_01JMCNPFSX7N4M5KVWWDZVAW3G	order_01JMCNJAF43DY64PYCHRR9C2M6	2	ordli_01JMCNJAF65E4C4SB1F1YMECS1	1	{"value": "1", "precision": 20}	1	{"value": "1", "precision": 20}	0	{"value": "0", "precision": 20}	0	{"value": "0", "precision": 20}	0	{"value": "0", "precision": 20}	0	{"value": "0", "precision": 20}	0	{"value": "0", "precision": 20}	\N	2025-02-18 19:59:25.25+06	2025-02-18 19:59:25.25+06	\N	0	{"value": "0", "precision": 20}	10	{"value": "10", "precision": 20}	\N	\N
orditem_01JMCNPYQ0SG1DZAZ8E38D0RM3	order_01JMCNJAF43DY64PYCHRR9C2M6	3	ordli_01JMCNJAF65E4C4SB1F1YMECS1	1	{"value": "1", "precision": 20}	1	{"value": "1", "precision": 20}	0	{"value": "0", "precision": 20}	0	{"value": "0", "precision": 20}	0	{"value": "0", "precision": 20}	0	{"value": "0", "precision": 20}	0	{"value": "0", "precision": 20}	\N	2025-02-18 19:59:40.517+06	2025-02-18 19:59:40.517+06	\N	1	{"value": "1", "precision": 20}	10	{"value": "10", "precision": 20}	\N	\N
orditem_01JMPQDX297YH6Q3VBH57XCMZG	order_01JMPQDX28SDTY90R92MFNJMXP	1	ordli_01JMPQDX28GDVCZQSQA6G45V52	1	{"value": "1", "precision": 20}	0	{"value": "0", "precision": 20}	0	{"value": "0", "precision": 20}	0	{"value": "0", "precision": 20}	0	{"value": "0", "precision": 20}	0	{"value": "0", "precision": 20}	0	{"value": "0", "precision": 20}	\N	2025-02-22 17:42:05.386+06	2025-02-22 17:42:05.386+06	\N	0	{"value": "0", "precision": 20}	\N	\N	\N	\N
orditem_01JMPQFFKY565Y0QJZXMNCYBX8	order_01JMPQDX28SDTY90R92MFNJMXP	2	ordli_01JMPQDX28GDVCZQSQA6G45V52	1	{"value": "1", "precision": 20}	1	{"value": "1", "precision": 20}	0	{"value": "0", "precision": 20}	0	{"value": "0", "precision": 20}	0	{"value": "0", "precision": 20}	0	{"value": "0", "precision": 20}	0	{"value": "0", "precision": 20}	\N	2025-02-22 17:42:57.158+06	2025-02-22 17:42:57.158+06	\N	0	{"value": "0", "precision": 20}	10	{"value": "10", "precision": 20}	\N	\N
orditem_01JMPQFSF6EYHMFQ85QAXR5ZAE	order_01JMPQDX28SDTY90R92MFNJMXP	3	ordli_01JMPQDX28GDVCZQSQA6G45V52	1	{"value": "1", "precision": 20}	1	{"value": "1", "precision": 20}	1	{"value": "1", "precision": 20}	0	{"value": "0", "precision": 20}	0	{"value": "0", "precision": 20}	0	{"value": "0", "precision": 20}	0	{"value": "0", "precision": 20}	\N	2025-02-22 17:43:07.244+06	2025-02-22 17:43:07.244+06	\N	0	{"value": "0", "precision": 20}	10	{"value": "10", "precision": 20}	\N	\N
orditem_01JMPQGDP9WBYRFRNCQYMMF0D6	order_01JMPQDX28SDTY90R92MFNJMXP	4	ordli_01JMPQDX28GDVCZQSQA6G45V52	1	{"value": "1", "precision": 20}	1	{"value": "1", "precision": 20}	1	{"value": "1", "precision": 20}	0	{"value": "0", "precision": 20}	0	{"value": "0", "precision": 20}	0	{"value": "0", "precision": 20}	0	{"value": "0", "precision": 20}	\N	2025-02-22 17:43:27.95+06	2025-02-22 17:43:27.95+06	\N	1	{"value": "1", "precision": 20}	10	{"value": "10", "precision": 20}	\N	\N
orditem_01JMZ3F51GYEEP46M9772BEB49	order_01JMZ3F51GG6JAN6H669Q93R3R	1	ordli_01JMZ3F51GA7FF9A6BV5D0G5T6	2	{"value": "2", "precision": 20}	0	{"value": "0", "precision": 20}	0	{"value": "0", "precision": 20}	0	{"value": "0", "precision": 20}	0	{"value": "0", "precision": 20}	0	{"value": "0", "precision": 20}	0	{"value": "0", "precision": 20}	\N	2025-02-25 23:46:24.69+06	2025-02-25 23:46:24.69+06	\N	0	{"value": "0", "precision": 20}	\N	\N	\N	\N
orditem_01JMZ3G1JHHG8RFWN9AH7YVVY2	order_01JMZ3F51GG6JAN6H669Q93R3R	2	ordli_01JMZ3F51GA7FF9A6BV5D0G5T6	2	{"value": "2", "precision": 20}	2	{"value": "2", "precision": 20}	0	{"value": "0", "precision": 20}	0	{"value": "0", "precision": 20}	0	{"value": "0", "precision": 20}	0	{"value": "0", "precision": 20}	0	{"value": "0", "precision": 20}	\N	2025-02-25 23:46:53.91+06	2025-02-25 23:46:53.91+06	\N	0	{"value": "0", "precision": 20}	10	{"value": "10", "precision": 20}	\N	\N
orditem_01JMZ3GBFJ9SG0X0SVA7T40ZSA	order_01JMZ3F51GG6JAN6H669Q93R3R	3	ordli_01JMZ3F51GA7FF9A6BV5D0G5T6	2	{"value": "2", "precision": 20}	2	{"value": "2", "precision": 20}	2	{"value": "2", "precision": 20}	0	{"value": "0", "precision": 20}	0	{"value": "0", "precision": 20}	0	{"value": "0", "precision": 20}	0	{"value": "0", "precision": 20}	\N	2025-02-25 23:47:04.058+06	2025-02-25 23:47:04.058+06	\N	0	{"value": "0", "precision": 20}	10	{"value": "10", "precision": 20}	\N	\N
orditem_01JMZ3GE6TP6VWAJ2GXX3042Q5	order_01JMZ3F51GG6JAN6H669Q93R3R	4	ordli_01JMZ3F51GA7FF9A6BV5D0G5T6	2	{"value": "2", "precision": 20}	2	{"value": "2", "precision": 20}	2	{"value": "2", "precision": 20}	0	{"value": "0", "precision": 20}	0	{"value": "0", "precision": 20}	0	{"value": "0", "precision": 20}	0	{"value": "0", "precision": 20}	\N	2025-02-25 23:47:06.85+06	2025-02-25 23:47:06.85+06	\N	2	{"value": "2", "precision": 20}	10	{"value": "10", "precision": 20}	\N	\N
orditem_01JNX61R3Z7DWP4T1E0GJKN6QP	order_01JNX61R3ZP9763N9G1DRQDJB8	1	ordli_01JNX61R3ZZEMPF1M29CEJ6ZKF	1	{"value": "1", "precision": 20}	0	{"value": "0", "precision": 20}	0	{"value": "0", "precision": 20}	0	{"value": "0", "precision": 20}	0	{"value": "0", "precision": 20}	0	{"value": "0", "precision": 20}	0	{"value": "0", "precision": 20}	\N	2025-03-09 16:08:44.16+06	2025-03-09 16:08:44.16+06	\N	0	{"value": "0", "precision": 20}	\N	\N	\N	\N
orditem_01JNX67ZXJS682Q1X6026R494K	order_01JNX61R3ZP9763N9G1DRQDJB8	2	ordli_01JNX61R3ZZEMPF1M29CEJ6ZKF	1	{"value": "1", "precision": 20}	1	{"value": "1", "precision": 20}	0	{"value": "0", "precision": 20}	0	{"value": "0", "precision": 20}	0	{"value": "0", "precision": 20}	0	{"value": "0", "precision": 20}	0	{"value": "0", "precision": 20}	\N	2025-03-09 16:12:08.761+06	2025-03-09 16:12:08.761+06	\N	0	{"value": "0", "precision": 20}	10	{"value": "10", "precision": 20}	\N	\N
orditem_01JNX6MZNQYRWP8FNXF8CZD0NG	order_01JNX6MZNQ3D0A7WBAYTAQ4W3F	1	ordli_01JNX6MZNQA5Z5N0DTQ70KYXYE	1	{"value": "1", "precision": 20}	0	{"value": "0", "precision": 20}	0	{"value": "0", "precision": 20}	0	{"value": "0", "precision": 20}	0	{"value": "0", "precision": 20}	0	{"value": "0", "precision": 20}	0	{"value": "0", "precision": 20}	\N	2025-03-09 16:19:14.488+06	2025-03-09 16:19:14.488+06	\N	0	{"value": "0", "precision": 20}	\N	\N	\N	\N
orditem_01JNX6MZNQCB5R5037B5B8SKK5	order_01JNX6MZNQ3D0A7WBAYTAQ4W3F	1	ordli_01JNX6MZNQ1375BCZ9KZRE1T1D	1	{"value": "1", "precision": 20}	0	{"value": "0", "precision": 20}	0	{"value": "0", "precision": 20}	0	{"value": "0", "precision": 20}	0	{"value": "0", "precision": 20}	0	{"value": "0", "precision": 20}	0	{"value": "0", "precision": 20}	\N	2025-03-09 16:19:14.488+06	2025-03-09 16:19:14.488+06	\N	0	{"value": "0", "precision": 20}	\N	\N	\N	\N
orditem_01JNY2JNFF5JK5PWBVVZJC8WEX	order_01JNX6MZNQ3D0A7WBAYTAQ4W3F	2	ordli_01JNX6MZNQ1375BCZ9KZRE1T1D	1	{"value": "1", "precision": 20}	0	{"value": "0", "precision": 20}	0	{"value": "0", "precision": 20}	0	{"value": "0", "precision": 20}	0	{"value": "0", "precision": 20}	0	{"value": "0", "precision": 20}	0	{"value": "0", "precision": 20}	\N	2025-03-10 00:27:18.641+06	2025-03-10 00:27:18.641+06	\N	0	{"value": "0", "precision": 20}	10	{"value": "10", "precision": 20}	\N	\N
orditem_01JNY2JNFG2EW8ZJ12E2T6A7AB	order_01JNX6MZNQ3D0A7WBAYTAQ4W3F	2	ordli_01JNX6MZNQA5Z5N0DTQ70KYXYE	1	{"value": "1", "precision": 20}	0	{"value": "0", "precision": 20}	0	{"value": "0", "precision": 20}	0	{"value": "0", "precision": 20}	0	{"value": "0", "precision": 20}	0	{"value": "0", "precision": 20}	0	{"value": "0", "precision": 20}	\N	2025-03-10 00:27:18.641+06	2025-03-10 00:27:18.641+06	\N	0	{"value": "0", "precision": 20}	10	{"value": "10", "precision": 20}	\N	\N
orditem_01JQ78WM6GBRHSV27P33EJK99N	order_01JQ78WM5ZYCAXSMGW7KM020B6	1	ordli_01JQ78WM6FH26HBXCNRS63D9KX	1	{"value": "1", "precision": 20}	0	{"value": "0", "precision": 20}	0	{"value": "0", "precision": 20}	0	{"value": "0", "precision": 20}	0	{"value": "0", "precision": 20}	0	{"value": "0", "precision": 20}	0	{"value": "0", "precision": 20}	\N	2025-03-26 00:26:28.191+06	2025-03-26 00:26:28.191+06	\N	0	{"value": "0", "precision": 20}	\N	\N	\N	\N
orditem_01JQE4ZXG699VWBQC3CB9SY7C2	order_01JQ78WM5ZYCAXSMGW7KM020B6	2	ordli_01JQ78WM6FH26HBXCNRS63D9KX	1	{"value": "1", "precision": 20}	0	{"value": "0", "precision": 20}	0	{"value": "0", "precision": 20}	0	{"value": "0", "precision": 20}	0	{"value": "0", "precision": 20}	0	{"value": "0", "precision": 20}	0	{"value": "0", "precision": 20}	\N	2025-03-28 16:33:02.727+06	2025-03-28 16:33:02.727+06	\N	0	{"value": "0", "precision": 20}	500	{"value": "500", "precision": 20}	\N	\N
orditem_01JQH7D5P4D47YSAYDC5WZR7FC	order_01JQH7D5P2YJWKHEEJPHQHMWNF	1	ordli_01JQH7D5P3CQPSF5RX231EQMHG	5	{"value": "5", "precision": 20}	0	{"value": "0", "precision": 20}	0	{"value": "0", "precision": 20}	0	{"value": "0", "precision": 20}	0	{"value": "0", "precision": 20}	0	{"value": "0", "precision": 20}	0	{"value": "0", "precision": 20}	\N	2025-03-29 21:12:57.542+06	2025-03-29 21:12:57.542+06	\N	0	{"value": "0", "precision": 20}	\N	\N	\N	\N
orditem_01JQH7GSM31GDRKE4CKRK3TTHF	order_01JQH7D5P2YJWKHEEJPHQHMWNF	2	ordli_01JQH7D5P3CQPSF5RX231EQMHG	2	{"value": "2", "precision": 20}	0	{"value": "0", "precision": 20}	0	{"value": "0", "precision": 20}	0	{"value": "0", "precision": 20}	0	{"value": "0", "precision": 20}	0	{"value": "0", "precision": 20}	0	{"value": "0", "precision": 20}	\N	2025-03-29 21:14:56.26+06	2025-03-29 21:14:56.26+06	\N	0	{"value": "0", "precision": 20}	500	{"value": "500", "precision": 20}	\N	\N
orditem_01JQH7JEGZF35TMVDT68P9YZD4	order_01JQH7D5P2YJWKHEEJPHQHMWNF	3	ordli_01JQH7D5P3CQPSF5RX231EQMHG	2	{"value": "2", "precision": 20}	2	{"value": "2", "precision": 20}	0	{"value": "0", "precision": 20}	0	{"value": "0", "precision": 20}	0	{"value": "0", "precision": 20}	0	{"value": "0", "precision": 20}	0	{"value": "0", "precision": 20}	\N	2025-03-29 21:15:50.438+06	2025-03-29 21:15:50.438+06	\N	0	{"value": "0", "precision": 20}	500	{"value": "500", "precision": 20}	\N	\N
orditem_01JQH7JVW69E4YDWJKHFEDJP4W	order_01JQH7D5P2YJWKHEEJPHQHMWNF	4	ordli_01JQH7D5P3CQPSF5RX231EQMHG	2	{"value": "2", "precision": 20}	2	{"value": "2", "precision": 20}	2	{"value": "2", "precision": 20}	0	{"value": "0", "precision": 20}	0	{"value": "0", "precision": 20}	0	{"value": "0", "precision": 20}	0	{"value": "0", "precision": 20}	\N	2025-03-29 21:16:04.109+06	2025-03-29 21:16:04.109+06	\N	0	{"value": "0", "precision": 20}	500	{"value": "500", "precision": 20}	\N	\N
orditem_01JQH7K5RZRV1QT5TT3BNNTKFV	order_01JQH7D5P2YJWKHEEJPHQHMWNF	5	ordli_01JQH7D5P3CQPSF5RX231EQMHG	2	{"value": "2", "precision": 20}	2	{"value": "2", "precision": 20}	2	{"value": "2", "precision": 20}	0	{"value": "0", "precision": 20}	0	{"value": "0", "precision": 20}	0	{"value": "0", "precision": 20}	0	{"value": "0", "precision": 20}	\N	2025-03-29 21:16:14.244+06	2025-03-29 21:16:14.244+06	\N	2	{"value": "2", "precision": 20}	500	{"value": "500", "precision": 20}	\N	\N
orditem_01JQH7KYHQ2WN9K3QSD1X51BCQ	order_01JQH7D5P2YJWKHEEJPHQHMWNF	6	ordli_01JQH7D5P3CQPSF5RX231EQMHG	2	{"value": "2", "precision": 20}	2	{"value": "2", "precision": 20}	2	{"value": "2", "precision": 20}	1	{"value": "1", "precision": 20}	0	{"value": "0", "precision": 20}	0	{"value": "0", "precision": 20}	0	{"value": "0", "precision": 20}	\N	2025-03-29 21:16:39.608+06	2025-03-29 21:16:39.608+06	\N	2	{"value": "2", "precision": 20}	500	{"value": "500", "precision": 20}	\N	\N
orditem_01JQH7MK4A8T19SAPJAMRFD7SN	order_01JQH7D5P2YJWKHEEJPHQHMWNF	7	ordli_01JQH7D5P3CQPSF5RX231EQMHG	2	{"value": "2", "precision": 20}	2	{"value": "2", "precision": 20}	2	{"value": "2", "precision": 20}	0	{"value": "0", "precision": 20}	1	{"value": "1", "precision": 20}	0	{"value": "0", "precision": 20}	0	{"value": "0", "precision": 20}	\N	2025-03-29 21:17:00.683+06	2025-03-29 21:17:00.683+06	\N	2	{"value": "2", "precision": 20}	500	{"value": "500", "precision": 20}	\N	\N
orditem_01JQS32NNCJBVAV0KXB07MHCGQ	order_01JQS32NN560VZZ19PGWX2JTAM	1	ordli_01JQS32NN9V5MZD5M87P3PMG33	5	{"value": "5", "precision": 20}	0	{"value": "0", "precision": 20}	0	{"value": "0", "precision": 20}	0	{"value": "0", "precision": 20}	0	{"value": "0", "precision": 20}	0	{"value": "0", "precision": 20}	0	{"value": "0", "precision": 20}	\N	2025-04-01 22:31:14.608+06	2025-04-01 22:31:14.608+06	\N	0	{"value": "0", "precision": 20}	\N	\N	\N	\N
orditem_01JQS39GJ5R8XSFP3Q05CHP0E7	order_01JQS32NN560VZZ19PGWX2JTAM	2	ordli_01JQS32NN9V5MZD5M87P3PMG33	5	{"value": "5", "precision": 20}	5	{"value": "5", "precision": 20}	0	{"value": "0", "precision": 20}	0	{"value": "0", "precision": 20}	0	{"value": "0", "precision": 20}	0	{"value": "0", "precision": 20}	0	{"value": "0", "precision": 20}	\N	2025-04-01 22:34:58.789+06	2025-04-01 22:34:58.789+06	\N	0	{"value": "0", "precision": 20}	500	{"value": "500", "precision": 20}	\N	\N
orditem_01JQS39Q5QWFKFC7CR02AN1WAW	order_01JQS32NN560VZZ19PGWX2JTAM	3	ordli_01JQS32NN9V5MZD5M87P3PMG33	5	{"value": "5", "precision": 20}	5	{"value": "5", "precision": 20}	0	{"value": "0", "precision": 20}	0	{"value": "0", "precision": 20}	0	{"value": "0", "precision": 20}	0	{"value": "0", "precision": 20}	0	{"value": "0", "precision": 20}	\N	2025-04-01 22:35:05.539+06	2025-04-01 22:35:05.539+06	\N	5	{"value": "5", "precision": 20}	500	{"value": "500", "precision": 20}	\N	\N
orditem_01JTYC3RD02M92C3J8CKR4200S	order_01JTYC3RCZQ9TK5KCGM8ERR5A7	1	ordli_01JTYC3RD0ACKJYG7MSZNRNWD8	1	{"value": "1", "precision": 20}	0	{"value": "0", "precision": 20}	0	{"value": "0", "precision": 20}	0	{"value": "0", "precision": 20}	0	{"value": "0", "precision": 20}	0	{"value": "0", "precision": 20}	0	{"value": "0", "precision": 20}	\N	2025-05-11 06:32:24.993+06	2025-05-11 06:32:24.993+06	\N	0	{"value": "0", "precision": 20}	\N	\N	\N	\N
orditem_01JTZ2G9V6C2NR4TRA6WVTA1XF	order_01JTZ2G9V4C7WWBRYAV57CX1R8	1	ordli_01JTZ2G9V54V3E0DDWQVATNYM8	1	{"value": "1", "precision": 20}	0	{"value": "0", "precision": 20}	0	{"value": "0", "precision": 20}	0	{"value": "0", "precision": 20}	0	{"value": "0", "precision": 20}	0	{"value": "0", "precision": 20}	0	{"value": "0", "precision": 20}	\N	2025-05-11 13:03:44.743+06	2025-05-11 13:03:44.743+06	\N	0	{"value": "0", "precision": 20}	\N	\N	\N	\N
orditem_01JV2HYT3ZBRWF7J76RVKFWB78	order_01JV2HYT3XH54EQY7M4H1RVHPS	1	ordli_01JV2HYT3YWVBGPWJBCBHB2JNQ	1	{"value": "1", "precision": 20}	0	{"value": "0", "precision": 20}	0	{"value": "0", "precision": 20}	0	{"value": "0", "precision": 20}	0	{"value": "0", "precision": 20}	0	{"value": "0", "precision": 20}	0	{"value": "0", "precision": 20}	\N	2025-05-12 21:31:32.097+06	2025-05-12 21:31:32.097+06	\N	0	{"value": "0", "precision": 20}	\N	\N	\N	\N
orditem_01JV6SRJFQ8W93TMPWNWEH1PTW	order_01JV6SRJFJFKCC0YB8F1S9YNV7	1	ordli_01JV6SRJFNZDEASNNPK60M8T3Q	1	{"value": "1", "precision": 20}	0	{"value": "0", "precision": 20}	0	{"value": "0", "precision": 20}	0	{"value": "0", "precision": 20}	0	{"value": "0", "precision": 20}	0	{"value": "0", "precision": 20}	0	{"value": "0", "precision": 20}	\N	2025-05-14 13:04:54.01+06	2025-05-14 13:04:54.01+06	\N	0	{"value": "0", "precision": 20}	\N	\N	\N	\N
orditem_01JV85E2455DHN69QBHSY9MR9T	order_01JV85E244W709HK2DCVRVKW4H	1	ordli_01JV85E2453ZH8JJ3DQN0ANH99	1	{"value": "1", "precision": 20}	0	{"value": "0", "precision": 20}	0	{"value": "0", "precision": 20}	0	{"value": "0", "precision": 20}	0	{"value": "0", "precision": 20}	0	{"value": "0", "precision": 20}	0	{"value": "0", "precision": 20}	\N	2025-05-15 01:48:06.919+06	2025-05-15 01:48:06.919+06	\N	0	{"value": "0", "precision": 20}	\N	\N	\N	\N
orditem_01JV85G46SGS9T8Z6CDAG3BVQH	order_01JV85G46PC72YT56WCSYV08TF	1	ordli_01JV85G46REN6AA0S0VYNQHK3F	1	{"value": "1", "precision": 20}	0	{"value": "0", "precision": 20}	0	{"value": "0", "precision": 20}	0	{"value": "0", "precision": 20}	0	{"value": "0", "precision": 20}	0	{"value": "0", "precision": 20}	0	{"value": "0", "precision": 20}	\N	2025-05-15 01:49:14.587+06	2025-05-15 01:49:14.587+06	\N	0	{"value": "0", "precision": 20}	\N	\N	\N	\N
orditem_01JVAG3CT7RE7FK4SF31RT2AN4	order_01JVAG3CT1EDCTN2FVTR1EWW9P	1	ordli_01JVAG3CT4XG4N73R5VG6R7PR8	1	{"value": "1", "precision": 20}	0	{"value": "0", "precision": 20}	0	{"value": "0", "precision": 20}	0	{"value": "0", "precision": 20}	0	{"value": "0", "precision": 20}	0	{"value": "0", "precision": 20}	0	{"value": "0", "precision": 20}	\N	2025-05-15 23:33:00.618+06	2025-05-15 23:33:00.618+06	\N	0	{"value": "0", "precision": 20}	\N	\N	\N	\N
orditem_01JVAG3CT81W32JRKXRTXHAM4P	order_01JVAG3CT1EDCTN2FVTR1EWW9P	1	ordli_01JVAG3CT54FYVZYK9JM2TGRM1	1	{"value": "1", "precision": 20}	0	{"value": "0", "precision": 20}	0	{"value": "0", "precision": 20}	0	{"value": "0", "precision": 20}	0	{"value": "0", "precision": 20}	0	{"value": "0", "precision": 20}	0	{"value": "0", "precision": 20}	\N	2025-05-15 23:33:00.619+06	2025-05-15 23:33:00.619+06	\N	0	{"value": "0", "precision": 20}	\N	\N	\N	\N
orditem_01JVAG6RC3FXZ1JGR8KS4P6V0D	order_01JVAG3CT1EDCTN2FVTR1EWW9P	2	ordli_01JVAG3CT4XG4N73R5VG6R7PR8	1	{"value": "1", "precision": 20}	1	{"value": "1", "precision": 20}	0	{"value": "0", "precision": 20}	0	{"value": "0", "precision": 20}	0	{"value": "0", "precision": 20}	0	{"value": "0", "precision": 20}	0	{"value": "0", "precision": 20}	\N	2025-05-15 23:34:50.769+06	2025-05-15 23:34:50.769+06	\N	0	{"value": "0", "precision": 20}	100	{"value": "100", "precision": 20}	\N	\N
orditem_01JVAG6RC3GXV14YRJCKY8Q29K	order_01JVAG3CT1EDCTN2FVTR1EWW9P	2	ordli_01JVAG3CT54FYVZYK9JM2TGRM1	1	{"value": "1", "precision": 20}	1	{"value": "1", "precision": 20}	0	{"value": "0", "precision": 20}	0	{"value": "0", "precision": 20}	0	{"value": "0", "precision": 20}	0	{"value": "0", "precision": 20}	0	{"value": "0", "precision": 20}	\N	2025-05-15 23:34:50.769+06	2025-05-15 23:34:50.769+06	\N	0	{"value": "0", "precision": 20}	100	{"value": "100", "precision": 20}	\N	\N
orditem_01JVAG8CK7N531N0780JQF2JBA	order_01JVAG3CT1EDCTN2FVTR1EWW9P	3	ordli_01JVAG3CT4XG4N73R5VG6R7PR8	1	{"value": "1", "precision": 20}	1	{"value": "1", "precision": 20}	0	{"value": "0", "precision": 20}	0	{"value": "0", "precision": 20}	0	{"value": "0", "precision": 20}	0	{"value": "0", "precision": 20}	0	{"value": "0", "precision": 20}	\N	2025-05-15 23:35:44.244+06	2025-05-15 23:35:44.244+06	\N	1	{"value": "1", "precision": 20}	100	{"value": "100", "precision": 20}	\N	\N
orditem_01JVAG8CK8GFAKMKDNGENHWSDD	order_01JVAG3CT1EDCTN2FVTR1EWW9P	3	ordli_01JVAG3CT54FYVZYK9JM2TGRM1	1	{"value": "1", "precision": 20}	1	{"value": "1", "precision": 20}	0	{"value": "0", "precision": 20}	0	{"value": "0", "precision": 20}	0	{"value": "0", "precision": 20}	0	{"value": "0", "precision": 20}	0	{"value": "0", "precision": 20}	\N	2025-05-15 23:35:44.245+06	2025-05-15 23:35:44.245+06	\N	1	{"value": "1", "precision": 20}	100	{"value": "100", "precision": 20}	\N	\N
orditem_01JVAGB8D9VTZWE0JB0725BWS5	order_01JVAG3CT1EDCTN2FVTR1EWW9P	4	ordli_01JVAG3CT4XG4N73R5VG6R7PR8	1	{"value": "1", "precision": 20}	0	{"value": "0", "precision": 20}	0	{"value": "0", "precision": 20}	0	{"value": "0", "precision": 20}	0	{"value": "0", "precision": 20}	0	{"value": "0", "precision": 20}	0	{"value": "0", "precision": 20}	\N	2025-05-15 23:37:18.261+06	2025-05-15 23:37:18.406+06	2025-05-15 23:37:18.406+06	1	{"value": "1", "precision": 20}	100	{"value": "100", "precision": 20}	\N	\N
orditem_01JVAGB8DAFDM49TXWQZNQ0MJG	order_01JVAG3CT1EDCTN2FVTR1EWW9P	4	ordli_01JVAG3CT54FYVZYK9JM2TGRM1	1	{"value": "1", "precision": 20}	0	{"value": "0", "precision": 20}	0	{"value": "0", "precision": 20}	0	{"value": "0", "precision": 20}	0	{"value": "0", "precision": 20}	0	{"value": "0", "precision": 20}	0	{"value": "0", "precision": 20}	\N	2025-05-15 23:37:18.262+06	2025-05-15 23:37:18.406+06	2025-05-15 23:37:18.406+06	1	{"value": "1", "precision": 20}	100	{"value": "100", "precision": 20}	\N	\N
orditem_01JVAH3NBY8E3NKBRX7K8PQ84H	order_01JVAH3NBW3R5W8TS70XPF2XD1	1	ordli_01JVAH3NBYHEXT291KFYK2TWT8	1	{"value": "1", "precision": 20}	0	{"value": "0", "precision": 20}	0	{"value": "0", "precision": 20}	0	{"value": "0", "precision": 20}	0	{"value": "0", "precision": 20}	0	{"value": "0", "precision": 20}	0	{"value": "0", "precision": 20}	\N	2025-05-15 23:50:37.953+06	2025-05-15 23:50:37.953+06	\N	0	{"value": "0", "precision": 20}	\N	\N	\N	\N
orditem_01JVAH76SYY2YCYWB0ME9XVQ4H	order_01JVAH3NBW3R5W8TS70XPF2XD1	2	ordli_01JVAH3NBYHEXT291KFYK2TWT8	1	{"value": "1", "precision": 20}	1	{"value": "1", "precision": 20}	0	{"value": "0", "precision": 20}	0	{"value": "0", "precision": 20}	0	{"value": "0", "precision": 20}	0	{"value": "0", "precision": 20}	0	{"value": "0", "precision": 20}	\N	2025-05-15 23:52:34.122+06	2025-05-15 23:52:34.122+06	\N	0	{"value": "0", "precision": 20}	100	{"value": "100", "precision": 20}	\N	\N
orditem_01JVAH7P8YWM6NCRASA28TE96Z	order_01JVAH3NBW3R5W8TS70XPF2XD1	3	ordli_01JVAH3NBYHEXT291KFYK2TWT8	1	{"value": "1", "precision": 20}	1	{"value": "1", "precision": 20}	1	{"value": "1", "precision": 20}	0	{"value": "0", "precision": 20}	0	{"value": "0", "precision": 20}	0	{"value": "0", "precision": 20}	0	{"value": "0", "precision": 20}	\N	2025-05-15 23:52:49.96+06	2025-05-15 23:52:49.96+06	\N	0	{"value": "0", "precision": 20}	100	{"value": "100", "precision": 20}	\N	\N
orditem_01JVAH8BKF8V1R3TY175VDEY3Q	order_01JVAH3NBW3R5W8TS70XPF2XD1	4	ordli_01JVAH3NBYHEXT291KFYK2TWT8	1	{"value": "1", "precision": 20}	1	{"value": "1", "precision": 20}	1	{"value": "1", "precision": 20}	0	{"value": "0", "precision": 20}	0	{"value": "0", "precision": 20}	0	{"value": "0", "precision": 20}	0	{"value": "0", "precision": 20}	\N	2025-05-15 23:53:11.802+06	2025-05-15 23:53:11.802+06	\N	1	{"value": "1", "precision": 20}	100	{"value": "100", "precision": 20}	\N	\N
orditem_01JVAKCWQM5JYSB6FBGYD4C2PJ	order_01JV85G46PC72YT56WCSYV08TF	2	ordli_01JV85G46REN6AA0S0VYNQHK3F	1	{"value": "1", "precision": 20}	0	{"value": "0", "precision": 20}	0	{"value": "0", "precision": 20}	0	{"value": "0", "precision": 20}	0	{"value": "0", "precision": 20}	0	{"value": "0", "precision": 20}	0	{"value": "0", "precision": 20}	\N	2025-05-16 00:30:37.557+06	2025-05-16 00:30:37.557+06	\N	0	{"value": "0", "precision": 20}	100	{"value": "100", "precision": 20}	\N	\N
orditem_01JVAKN5PVXE9EQAMY1D4QTK7M	order_01JV85E244W709HK2DCVRVKW4H	2	ordli_01JV85E2453ZH8JJ3DQN0ANH99	1	{"value": "1", "precision": 20}	0	{"value": "0", "precision": 20}	0	{"value": "0", "precision": 20}	0	{"value": "0", "precision": 20}	0	{"value": "0", "precision": 20}	0	{"value": "0", "precision": 20}	0	{"value": "0", "precision": 20}	\N	2025-05-16 00:35:08.892+06	2025-05-16 00:35:08.892+06	\N	0	{"value": "0", "precision": 20}	100	{"value": "100", "precision": 20}	\N	\N
orditem_01JVAKPTPBGPFXQZD6GR6R2CWS	order_01JVAKPTP9ZN9BVPZHCV3PZYNV	1	ordli_01JVAKPTPAM6H9A5C9413PMFPF	1	{"value": "1", "precision": 20}	0	{"value": "0", "precision": 20}	0	{"value": "0", "precision": 20}	0	{"value": "0", "precision": 20}	0	{"value": "0", "precision": 20}	0	{"value": "0", "precision": 20}	0	{"value": "0", "precision": 20}	\N	2025-05-16 00:36:03.149+06	2025-05-16 00:36:03.149+06	\N	0	{"value": "0", "precision": 20}	\N	\N	\N	\N
orditem_01JVAKS7K8WAFP69QX50QZQ2CG	order_01JVAKPTP9ZN9BVPZHCV3PZYNV	2	ordli_01JVAKPTPAM6H9A5C9413PMFPF	1	{"value": "1", "precision": 20}	1	{"value": "1", "precision": 20}	0	{"value": "0", "precision": 20}	0	{"value": "0", "precision": 20}	0	{"value": "0", "precision": 20}	0	{"value": "0", "precision": 20}	0	{"value": "0", "precision": 20}	\N	2025-05-16 00:37:21.906+06	2025-05-16 00:37:21.906+06	\N	0	{"value": "0", "precision": 20}	100	{"value": "100", "precision": 20}	\N	\N
orditem_01JVANPD36H5Y37CX5HZ5AM12F	order_01JVANPD30B3X8HRRTD8ZBY410	1	ordli_01JVANPD34XTZSNPR8W2SDETJ5	1	{"value": "1", "precision": 20}	0	{"value": "0", "precision": 20}	0	{"value": "0", "precision": 20}	0	{"value": "0", "precision": 20}	0	{"value": "0", "precision": 20}	0	{"value": "0", "precision": 20}	0	{"value": "0", "precision": 20}	\N	2025-05-16 01:10:46.377+06	2025-05-16 01:10:46.377+06	\N	0	{"value": "0", "precision": 20}	\N	\N	\N	\N
orditem_01JVANQ4WGF24DEVAFMYXCSFWM	order_01JVANPD30B3X8HRRTD8ZBY410	2	ordli_01JVANPD34XTZSNPR8W2SDETJ5	1	{"value": "1", "precision": 20}	1	{"value": "1", "precision": 20}	0	{"value": "0", "precision": 20}	0	{"value": "0", "precision": 20}	0	{"value": "0", "precision": 20}	0	{"value": "0", "precision": 20}	0	{"value": "0", "precision": 20}	\N	2025-05-16 01:11:10.745+06	2025-05-16 01:11:10.745+06	\N	0	{"value": "0", "precision": 20}	100	{"value": "100", "precision": 20}	\N	\N
orditem_01JVAQ1KNMMQFN4W4QB3BSZ601	order_01JVANPD30B3X8HRRTD8ZBY410	3	ordli_01JVANPD34XTZSNPR8W2SDETJ5	1	{"value": "1", "precision": 20}	1	{"value": "1", "precision": 20}	0	{"value": "0", "precision": 20}	0	{"value": "0", "precision": 20}	0	{"value": "0", "precision": 20}	0	{"value": "0", "precision": 20}	0	{"value": "0", "precision": 20}	\N	2025-05-16 01:34:22.141+06	2025-05-16 01:34:22.141+06	\N	1	{"value": "1", "precision": 20}	100	{"value": "100", "precision": 20}	\N	\N
orditem_01JVAQF3C6YW9HSM790JV9MPX7	order_01JVAQF3C52QS4VW561RB2E9RW	1	ordli_01JVAQF3C6NM006WESZRJ2XE05	1	{"value": "1", "precision": 20}	0	{"value": "0", "precision": 20}	0	{"value": "0", "precision": 20}	0	{"value": "0", "precision": 20}	0	{"value": "0", "precision": 20}	0	{"value": "0", "precision": 20}	0	{"value": "0", "precision": 20}	\N	2025-05-16 01:41:44.2+06	2025-05-16 01:41:44.2+06	\N	0	{"value": "0", "precision": 20}	\N	\N	\N	\N
orditem_01JVAQFT0P1ANWDPZNKP8P0ENV	order_01JVAQF3C52QS4VW561RB2E9RW	2	ordli_01JVAQF3C6NM006WESZRJ2XE05	1	{"value": "1", "precision": 20}	1	{"value": "1", "precision": 20}	0	{"value": "0", "precision": 20}	0	{"value": "0", "precision": 20}	0	{"value": "0", "precision": 20}	0	{"value": "0", "precision": 20}	0	{"value": "0", "precision": 20}	\N	2025-05-16 01:42:07.39+06	2025-05-16 01:42:07.39+06	\N	0	{"value": "0", "precision": 20}	100	{"value": "100", "precision": 20}	\N	\N
orditem_01JVAQG27G2M5JKNTEJGHZN8MB	order_01JVAQF3C52QS4VW561RB2E9RW	3	ordli_01JVAQF3C6NM006WESZRJ2XE05	1	{"value": "1", "precision": 20}	1	{"value": "1", "precision": 20}	1	{"value": "1", "precision": 20}	0	{"value": "0", "precision": 20}	0	{"value": "0", "precision": 20}	0	{"value": "0", "precision": 20}	0	{"value": "0", "precision": 20}	\N	2025-05-16 01:42:15.801+06	2025-05-16 01:42:15.801+06	\N	0	{"value": "0", "precision": 20}	100	{"value": "100", "precision": 20}	\N	\N
orditem_01JVAQG4RSAAZDY6ASRXWGBSJV	order_01JVAQF3C52QS4VW561RB2E9RW	4	ordli_01JVAQF3C6NM006WESZRJ2XE05	1	{"value": "1", "precision": 20}	1	{"value": "1", "precision": 20}	1	{"value": "1", "precision": 20}	0	{"value": "0", "precision": 20}	0	{"value": "0", "precision": 20}	0	{"value": "0", "precision": 20}	0	{"value": "0", "precision": 20}	\N	2025-05-16 01:42:18.4+06	2025-05-16 01:42:18.4+06	\N	1	{"value": "1", "precision": 20}	100	{"value": "100", "precision": 20}	\N	\N
orditem_01JVAQNHXKW08Y2FKZKZF17X89	order_01JVAQNHXEZXSWY4JSBH61N891	1	ordli_01JVAQNHXHZZ1XSPH7KT8C19F9	1	{"value": "1", "precision": 20}	0	{"value": "0", "precision": 20}	0	{"value": "0", "precision": 20}	0	{"value": "0", "precision": 20}	0	{"value": "0", "precision": 20}	0	{"value": "0", "precision": 20}	0	{"value": "0", "precision": 20}	\N	2025-05-16 01:45:15.702+06	2025-05-16 01:45:15.702+06	\N	0	{"value": "0", "precision": 20}	\N	\N	\N	\N
orditem_01JVAQQNE7M105NFVH67GVC1ZG	order_01JVAQNHXEZXSWY4JSBH61N891	2	ordli_01JVAQNHXHZZ1XSPH7KT8C19F9	1	{"value": "1", "precision": 20}	1	{"value": "1", "precision": 20}	0	{"value": "0", "precision": 20}	0	{"value": "0", "precision": 20}	0	{"value": "0", "precision": 20}	0	{"value": "0", "precision": 20}	0	{"value": "0", "precision": 20}	\N	2025-05-16 01:46:24.852+06	2025-05-16 01:46:24.852+06	\N	0	{"value": "0", "precision": 20}	100	{"value": "100", "precision": 20}	\N	\N
orditem_01JVAQRPK3E0Z82CDCN5AF0RB4	order_01JVAQNHXEZXSWY4JSBH61N891	3	ordli_01JVAQNHXHZZ1XSPH7KT8C19F9	1	{"value": "1", "precision": 20}	1	{"value": "1", "precision": 20}	1	{"value": "1", "precision": 20}	0	{"value": "0", "precision": 20}	0	{"value": "0", "precision": 20}	0	{"value": "0", "precision": 20}	0	{"value": "0", "precision": 20}	\N	2025-05-16 01:46:58.799+06	2025-05-16 01:46:58.799+06	\N	0	{"value": "0", "precision": 20}	100	{"value": "100", "precision": 20}	\N	\N
orditem_01JVAQRYC4XSYPPD24A485XX18	order_01JVAQNHXEZXSWY4JSBH61N891	4	ordli_01JVAQNHXHZZ1XSPH7KT8C19F9	1	{"value": "1", "precision": 20}	1	{"value": "1", "precision": 20}	1	{"value": "1", "precision": 20}	0	{"value": "0", "precision": 20}	0	{"value": "0", "precision": 20}	0	{"value": "0", "precision": 20}	0	{"value": "0", "precision": 20}	\N	2025-05-16 01:47:06.765+06	2025-05-16 01:47:06.765+06	\N	1	{"value": "1", "precision": 20}	100	{"value": "100", "precision": 20}	\N	\N
orditem_01JVB15R33MZGHKX8S9DBCGHG9	order_01JVB15R2Z563128FR18320R0Z	1	ordli_01JVB15R31481WFNDSRFB2PZ7A	1	{"value": "1", "precision": 20}	0	{"value": "0", "precision": 20}	0	{"value": "0", "precision": 20}	0	{"value": "0", "precision": 20}	0	{"value": "0", "precision": 20}	0	{"value": "0", "precision": 20}	0	{"value": "0", "precision": 20}	\N	2025-05-16 04:31:23.493+06	2025-05-16 04:31:23.493+06	\N	0	{"value": "0", "precision": 20}	\N	\N	\N	\N
orditem_01JVC7YPNT0JS9S6RFWJ0QWPS6	order_01JVC7YPNK7PDQAB205SW239Q4	1	ordli_01JVC7YPNRSKGKPDYXYMR32X7E	1	{"value": "1", "precision": 20}	0	{"value": "0", "precision": 20}	0	{"value": "0", "precision": 20}	0	{"value": "0", "precision": 20}	0	{"value": "0", "precision": 20}	0	{"value": "0", "precision": 20}	0	{"value": "0", "precision": 20}	\N	2025-05-16 15:49:07.132+06	2025-05-16 15:49:07.132+06	\N	0	{"value": "0", "precision": 20}	\N	\N	\N	\N
orditem_01JVCBHRFY97K1P91Y8855NMV9	order_01JVC7YPNK7PDQAB205SW239Q4	2	ordli_01JVC7YPNRSKGKPDYXYMR32X7E	1	{"value": "1", "precision": 20}	0	{"value": "0", "precision": 20}	0	{"value": "0", "precision": 20}	0	{"value": "0", "precision": 20}	0	{"value": "0", "precision": 20}	0	{"value": "0", "precision": 20}	0	{"value": "0", "precision": 20}	\N	2025-05-16 16:51:57.311+06	2025-05-16 16:51:57.311+06	\N	0	{"value": "0", "precision": 20}	100	{"value": "100", "precision": 20}	\N	\N
orditem_01JVCBN1SBQ7XG4746XPKVA0DP	order_01JVB15R2Z563128FR18320R0Z	2	ordli_01JVB15R31481WFNDSRFB2PZ7A	1	{"value": "1", "precision": 20}	0	{"value": "0", "precision": 20}	0	{"value": "0", "precision": 20}	0	{"value": "0", "precision": 20}	0	{"value": "0", "precision": 20}	0	{"value": "0", "precision": 20}	0	{"value": "0", "precision": 20}	\N	2025-05-16 16:53:45.132+06	2025-05-16 16:53:45.132+06	\N	0	{"value": "0", "precision": 20}	100	{"value": "100", "precision": 20}	\N	\N
orditem_01JWPASAM78XRJN47ENABVR6SK	order_01JWPASAM75KJVXA6B04A4MKBX	1	ordli_01JWPASAM7B9ZWB0R2F0ERMY7P	10	{"value": "10", "precision": 20}	0	{"value": "0", "precision": 20}	0	{"value": "0", "precision": 20}	0	{"value": "0", "precision": 20}	0	{"value": "0", "precision": 20}	0	{"value": "0", "precision": 20}	0	{"value": "0", "precision": 20}	\N	2025-06-02 00:06:42.825+06	2025-06-02 00:06:42.825+06	\N	0	{"value": "0", "precision": 20}	\N	\N	\N	\N
orditem_01JWPATD99ZVCPQJGHH4ARJSHP	order_01JWPASAM75KJVXA6B04A4MKBX	2	ordli_01JWPASAM7B9ZWB0R2F0ERMY7P	10	{"value": "10", "precision": 20}	10	{"value": "10", "precision": 20}	0	{"value": "0", "precision": 20}	0	{"value": "0", "precision": 20}	0	{"value": "0", "precision": 20}	0	{"value": "0", "precision": 20}	0	{"value": "0", "precision": 20}	\N	2025-06-02 00:07:18.322+06	2025-06-02 00:07:18.322+06	\N	0	{"value": "0", "precision": 20}	100	{"value": "100", "precision": 20}	\N	\N
orditem_01JWPATNWJNENNCAW5N5FPDS3Y	order_01JWPASAM75KJVXA6B04A4MKBX	3	ordli_01JWPASAM7B9ZWB0R2F0ERMY7P	10	{"value": "10", "precision": 20}	10	{"value": "10", "precision": 20}	10	{"value": "10", "precision": 20}	0	{"value": "0", "precision": 20}	0	{"value": "0", "precision": 20}	0	{"value": "0", "precision": 20}	0	{"value": "0", "precision": 20}	\N	2025-06-02 00:07:27.132+06	2025-06-02 00:07:27.132+06	\N	0	{"value": "0", "precision": 20}	100	{"value": "100", "precision": 20}	\N	\N
orditem_01JWPATRSEJC8WSQF8B48R3AC2	order_01JWPASAM75KJVXA6B04A4MKBX	4	ordli_01JWPASAM7B9ZWB0R2F0ERMY7P	10	{"value": "10", "precision": 20}	10	{"value": "10", "precision": 20}	10	{"value": "10", "precision": 20}	0	{"value": "0", "precision": 20}	0	{"value": "0", "precision": 20}	0	{"value": "0", "precision": 20}	0	{"value": "0", "precision": 20}	\N	2025-06-02 00:07:30.098+06	2025-06-02 00:07:30.098+06	\N	10	{"value": "10", "precision": 20}	100	{"value": "100", "precision": 20}	\N	\N
orditem_01JWPBFFD2HX4A3BXACF21Q5XE	order_01JWPBFFCZ1YTX20D62N4E76EE	1	ordli_01JWPBFFD1JS5VPEB3D2XS91XX	1	{"value": "1", "precision": 20}	0	{"value": "0", "precision": 20}	0	{"value": "0", "precision": 20}	0	{"value": "0", "precision": 20}	0	{"value": "0", "precision": 20}	0	{"value": "0", "precision": 20}	0	{"value": "0", "precision": 20}	\N	2025-06-02 00:18:48.612+06	2025-06-02 00:18:48.612+06	\N	0	{"value": "0", "precision": 20}	\N	\N	\N	\N
orditem_01JWPBG3TTCXZ9MN5XKM1FPQ77	order_01JWPBFFCZ1YTX20D62N4E76EE	2	ordli_01JWPBFFD1JS5VPEB3D2XS91XX	1	{"value": "1", "precision": 20}	1	{"value": "1", "precision": 20}	0	{"value": "0", "precision": 20}	0	{"value": "0", "precision": 20}	0	{"value": "0", "precision": 20}	0	{"value": "0", "precision": 20}	0	{"value": "0", "precision": 20}	\N	2025-06-02 00:19:09.535+06	2025-06-02 00:19:09.535+06	\N	0	{"value": "0", "precision": 20}	100	{"value": "100", "precision": 20}	\N	\N
orditem_01JWPBG7WXG4XDEMBDYSFF568F	order_01JWPBFFCZ1YTX20D62N4E76EE	3	ordli_01JWPBFFD1JS5VPEB3D2XS91XX	1	{"value": "1", "precision": 20}	1	{"value": "1", "precision": 20}	1	{"value": "1", "precision": 20}	0	{"value": "0", "precision": 20}	0	{"value": "0", "precision": 20}	0	{"value": "0", "precision": 20}	0	{"value": "0", "precision": 20}	\N	2025-06-02 00:19:13.699+06	2025-06-02 00:19:13.699+06	\N	0	{"value": "0", "precision": 20}	100	{"value": "100", "precision": 20}	\N	\N
orditem_01JWR1GJR4T6HVE09KW2JYYTFJ	order_01JWR1GJR2GA5WVRGNS1Q6TABW	1	ordli_01JWR1GJR3N5ZKA49EMFVD49AS	3	{"value": "3", "precision": 20}	0	{"value": "0", "precision": 20}	0	{"value": "0", "precision": 20}	0	{"value": "0", "precision": 20}	0	{"value": "0", "precision": 20}	0	{"value": "0", "precision": 20}	0	{"value": "0", "precision": 20}	\N	2025-06-02 16:03:07.91+06	2025-06-02 16:03:07.91+06	\N	0	{"value": "0", "precision": 20}	\N	\N	\N	\N
orditem_01JWR1GJR4Q4BZ5NE2Z90PM2ET	order_01JWR1GJR2GA5WVRGNS1Q6TABW	1	ordli_01JWR1GJR31TJC37CP90YR8QXP	1	{"value": "1", "precision": 20}	0	{"value": "0", "precision": 20}	0	{"value": "0", "precision": 20}	0	{"value": "0", "precision": 20}	0	{"value": "0", "precision": 20}	0	{"value": "0", "precision": 20}	0	{"value": "0", "precision": 20}	\N	2025-06-02 16:03:07.91+06	2025-06-02 16:03:07.91+06	\N	0	{"value": "0", "precision": 20}	\N	\N	\N	\N
orditem_01JWR1HKJ6VXGQXHTSB4P84X3W	order_01JWR1HKJ5CN4ZV00BV7STZSJQ	1	ordli_01JWR1HKJ6BQ3M4VR581Q5PY42	1	{"value": "1", "precision": 20}	0	{"value": "0", "precision": 20}	0	{"value": "0", "precision": 20}	0	{"value": "0", "precision": 20}	0	{"value": "0", "precision": 20}	0	{"value": "0", "precision": 20}	0	{"value": "0", "precision": 20}	\N	2025-06-02 16:03:41.511+06	2025-06-02 16:03:41.511+06	\N	0	{"value": "0", "precision": 20}	\N	\N	\N	\N
orditem_01JWR1J9M7X14V5WKW6WGS6QB7	order_01JWR1HKJ5CN4ZV00BV7STZSJQ	2	ordli_01JWR1HKJ6BQ3M4VR581Q5PY42	1	{"value": "1", "precision": 20}	1	{"value": "1", "precision": 20}	0	{"value": "0", "precision": 20}	0	{"value": "0", "precision": 20}	0	{"value": "0", "precision": 20}	0	{"value": "0", "precision": 20}	0	{"value": "0", "precision": 20}	\N	2025-06-02 16:04:04.108+06	2025-06-02 16:04:04.108+06	\N	0	{"value": "0", "precision": 20}	100	{"value": "100", "precision": 20}	\N	\N
orditem_01JWR1JP8AKMEVF8PRMVM8ATK4	order_01JWR1HKJ5CN4ZV00BV7STZSJQ	3	ordli_01JWR1HKJ6BQ3M4VR581Q5PY42	1	{"value": "1", "precision": 20}	1	{"value": "1", "precision": 20}	0	{"value": "0", "precision": 20}	0	{"value": "0", "precision": 20}	0	{"value": "0", "precision": 20}	0	{"value": "0", "precision": 20}	0	{"value": "0", "precision": 20}	\N	2025-06-02 16:04:17.039+06	2025-06-02 16:04:17.039+06	\N	1	{"value": "1", "precision": 20}	100	{"value": "100", "precision": 20}	\N	\N
orditem_01JWR3WCJ6T5EAKMQ3XRSJZ5YS	order_01JWR1GJR2GA5WVRGNS1Q6TABW	2	ordli_01JWR1GJR31TJC37CP90YR8QXP	1	{"value": "1", "precision": 20}	1	{"value": "1", "precision": 20}	0	{"value": "0", "precision": 20}	0	{"value": "0", "precision": 20}	0	{"value": "0", "precision": 20}	0	{"value": "0", "precision": 20}	0	{"value": "0", "precision": 20}	\N	2025-06-02 16:44:31.952+06	2025-06-02 16:44:31.952+06	\N	0	{"value": "0", "precision": 20}	100	{"value": "100", "precision": 20}	\N	\N
orditem_01JWR56X8DZ5V26T3EBS125Q9B	order_01JWR56X8AP6AP091TMQG56KZJ	1	ordli_01JWR56X8C0DF7PQVZ8MXD4C1F	1	{"value": "1", "precision": 20}	0	{"value": "0", "precision": 20}	0	{"value": "0", "precision": 20}	0	{"value": "0", "precision": 20}	0	{"value": "0", "precision": 20}	0	{"value": "0", "precision": 20}	0	{"value": "0", "precision": 20}	\N	2025-06-02 17:07:45.295+06	2025-06-02 17:07:45.295+06	\N	0	{"value": "0", "precision": 20}	\N	\N	\N	\N
orditem_01JWR3WCJ6N0WGD0YJ50TMDQQE	order_01JWR1GJR2GA5WVRGNS1Q6TABW	2	ordli_01JWR1GJR3N5ZKA49EMFVD49AS	3	{"value": "3", "precision": 20}	3	{"value": "3", "precision": 20}	0	{"value": "0", "precision": 20}	0	{"value": "0", "precision": 20}	0	{"value": "0", "precision": 20}	0	{"value": "0", "precision": 20}	0	{"value": "0", "precision": 20}	\N	2025-06-02 16:44:31.953+06	2025-06-02 16:44:31.953+06	\N	0	{"value": "0", "precision": 20}	100	{"value": "100", "precision": 20}	\N	\N
orditem_01JWR3WFX1YCQ10RDHWQQQE1M7	order_01JWR1GJR2GA5WVRGNS1Q6TABW	3	ordli_01JWR1GJR31TJC37CP90YR8QXP	1	{"value": "1", "precision": 20}	1	{"value": "1", "precision": 20}	0	{"value": "0", "precision": 20}	0	{"value": "0", "precision": 20}	0	{"value": "0", "precision": 20}	0	{"value": "0", "precision": 20}	0	{"value": "0", "precision": 20}	\N	2025-06-02 16:44:35.368+06	2025-06-02 16:44:35.368+06	\N	1	{"value": "1", "precision": 20}	100	{"value": "100", "precision": 20}	\N	\N
orditem_01JWR3WFX1PXS3FRAC2N28WD6W	order_01JWR1GJR2GA5WVRGNS1Q6TABW	3	ordli_01JWR1GJR3N5ZKA49EMFVD49AS	3	{"value": "3", "precision": 20}	3	{"value": "3", "precision": 20}	0	{"value": "0", "precision": 20}	0	{"value": "0", "precision": 20}	0	{"value": "0", "precision": 20}	0	{"value": "0", "precision": 20}	0	{"value": "0", "precision": 20}	\N	2025-06-02 16:44:35.368+06	2025-06-02 16:44:35.368+06	\N	3	{"value": "3", "precision": 20}	100	{"value": "100", "precision": 20}	\N	\N
orditem_01JWR42N98EKNVZFDGC3ZK4WPJ	order_01JWR42N971AWR051NQJ7KPQQF	1	ordli_01JWR42N970NN0780JJKKAGK1H	1	{"value": "1", "precision": 20}	0	{"value": "0", "precision": 20}	0	{"value": "0", "precision": 20}	0	{"value": "0", "precision": 20}	0	{"value": "0", "precision": 20}	0	{"value": "0", "precision": 20}	0	{"value": "0", "precision": 20}	\N	2025-06-02 16:47:57.481+06	2025-06-02 16:47:57.481+06	\N	0	{"value": "0", "precision": 20}	\N	\N	\N	\N
orditem_01JWR43B0RYH3XWCZTYNMD13DJ	order_01JWR42N971AWR051NQJ7KPQQF	2	ordli_01JWR42N970NN0780JJKKAGK1H	1	{"value": "1", "precision": 20}	1	{"value": "1", "precision": 20}	0	{"value": "0", "precision": 20}	0	{"value": "0", "precision": 20}	0	{"value": "0", "precision": 20}	0	{"value": "0", "precision": 20}	0	{"value": "0", "precision": 20}	\N	2025-06-02 16:48:19.742+06	2025-06-02 16:48:19.742+06	\N	0	{"value": "0", "precision": 20}	100	{"value": "100", "precision": 20}	\N	\N
orditem_01JWR43DV4FJPX8Y0WJ3YRJCRZ	order_01JWR42N971AWR051NQJ7KPQQF	3	ordli_01JWR42N970NN0780JJKKAGK1H	1	{"value": "1", "precision": 20}	1	{"value": "1", "precision": 20}	0	{"value": "0", "precision": 20}	0	{"value": "0", "precision": 20}	0	{"value": "0", "precision": 20}	0	{"value": "0", "precision": 20}	0	{"value": "0", "precision": 20}	\N	2025-06-02 16:48:22.632+06	2025-06-02 16:48:22.632+06	\N	1	{"value": "1", "precision": 20}	100	{"value": "100", "precision": 20}	\N	\N
orditem_01JWR48BMMKFTYP5ATFVF36W7N	order_01JWR48BMKQGNCY5K5FZFVSNXM	1	ordli_01JWR48BMMJ5VCZGYT9FF55Q2R	1	{"value": "1", "precision": 20}	0	{"value": "0", "precision": 20}	0	{"value": "0", "precision": 20}	0	{"value": "0", "precision": 20}	0	{"value": "0", "precision": 20}	0	{"value": "0", "precision": 20}	0	{"value": "0", "precision": 20}	\N	2025-06-02 16:51:04.213+06	2025-06-02 16:51:04.213+06	\N	0	{"value": "0", "precision": 20}	\N	\N	\N	\N
orditem_01JWR4CCCNQ1WZAY27MA77AM6Z	order_01JWR48BMKQGNCY5K5FZFVSNXM	2	ordli_01JWR48BMMJ5VCZGYT9FF55Q2R	1	{"value": "1", "precision": 20}	1	{"value": "1", "precision": 20}	0	{"value": "0", "precision": 20}	0	{"value": "0", "precision": 20}	0	{"value": "0", "precision": 20}	0	{"value": "0", "precision": 20}	0	{"value": "0", "precision": 20}	\N	2025-06-02 16:53:16.061+06	2025-06-02 16:53:16.061+06	\N	0	{"value": "0", "precision": 20}	100	{"value": "100", "precision": 20}	\N	\N
orditem_01JWR4CSHVXY6MJVM3237FCTBK	order_01JWR48BMKQGNCY5K5FZFVSNXM	3	ordli_01JWR48BMMJ5VCZGYT9FF55Q2R	1	{"value": "1", "precision": 20}	1	{"value": "1", "precision": 20}	0	{"value": "0", "precision": 20}	0	{"value": "0", "precision": 20}	0	{"value": "0", "precision": 20}	0	{"value": "0", "precision": 20}	0	{"value": "0", "precision": 20}	\N	2025-06-02 16:53:29.537+06	2025-06-02 16:53:29.537+06	\N	1	{"value": "1", "precision": 20}	100	{"value": "100", "precision": 20}	\N	\N
orditem_01JWR4DAKQ88EAXGTSHCNK6Z7Y	order_01JWR48BMKQGNCY5K5FZFVSNXM	4	ordli_01JWR48BMMJ5VCZGYT9FF55Q2R	1	{"value": "1", "precision": 20}	0	{"value": "0", "precision": 20}	0	{"value": "0", "precision": 20}	0	{"value": "0", "precision": 20}	0	{"value": "0", "precision": 20}	0	{"value": "0", "precision": 20}	0	{"value": "0", "precision": 20}	\N	2025-06-02 16:53:47.005+06	2025-06-02 16:53:47.166+06	2025-06-02 16:53:47.165+06	1	{"value": "1", "precision": 20}	100	{"value": "100", "precision": 20}	\N	\N
orditem_01JWR50PZP8J2FXMT3JW5CYQRX	order_01JWR50PZPNHC1R4KTFGX38K7K	1	ordli_01JWR50PZP2MASGZJ28TN0KP89	1	{"value": "1", "precision": 20}	0	{"value": "0", "precision": 20}	0	{"value": "0", "precision": 20}	0	{"value": "0", "precision": 20}	0	{"value": "0", "precision": 20}	0	{"value": "0", "precision": 20}	0	{"value": "0", "precision": 20}	\N	2025-06-02 17:04:22.263+06	2025-06-02 17:04:22.263+06	\N	0	{"value": "0", "precision": 20}	\N	\N	\N	\N
orditem_01JWR51BCRFENFXE8BQEZ3PGX1	order_01JWR50PZPNHC1R4KTFGX38K7K	2	ordli_01JWR50PZP2MASGZJ28TN0KP89	1	{"value": "1", "precision": 20}	1	{"value": "1", "precision": 20}	0	{"value": "0", "precision": 20}	0	{"value": "0", "precision": 20}	0	{"value": "0", "precision": 20}	0	{"value": "0", "precision": 20}	0	{"value": "0", "precision": 20}	\N	2025-06-02 17:04:43.165+06	2025-06-02 17:04:43.165+06	\N	0	{"value": "0", "precision": 20}	100	{"value": "100", "precision": 20}	\N	\N
orditem_01JWR51E2N1JTCVMR9K97J1PC6	order_01JWR50PZPNHC1R4KTFGX38K7K	3	ordli_01JWR50PZP2MASGZJ28TN0KP89	1	{"value": "1", "precision": 20}	1	{"value": "1", "precision": 20}	0	{"value": "0", "precision": 20}	0	{"value": "0", "precision": 20}	0	{"value": "0", "precision": 20}	0	{"value": "0", "precision": 20}	0	{"value": "0", "precision": 20}	\N	2025-06-02 17:04:45.913+06	2025-06-02 17:04:45.913+06	\N	1	{"value": "1", "precision": 20}	100	{"value": "100", "precision": 20}	\N	\N
orditem_01JWR580PPNWPRXM5T0ZESN28G	order_01JWR56X8AP6AP091TMQG56KZJ	2	ordli_01JWR56X8C0DF7PQVZ8MXD4C1F	1	{"value": "1", "precision": 20}	1	{"value": "1", "precision": 20}	0	{"value": "0", "precision": 20}	0	{"value": "0", "precision": 20}	0	{"value": "0", "precision": 20}	0	{"value": "0", "precision": 20}	0	{"value": "0", "precision": 20}	\N	2025-06-02 17:08:21.596+06	2025-06-02 17:08:21.596+06	\N	0	{"value": "0", "precision": 20}	100	{"value": "100", "precision": 20}	\N	\N
orditem_01JWR583SVC0N9RYNH6G1G0H2P	order_01JWR56X8AP6AP091TMQG56KZJ	3	ordli_01JWR56X8C0DF7PQVZ8MXD4C1F	1	{"value": "1", "precision": 20}	1	{"value": "1", "precision": 20}	0	{"value": "0", "precision": 20}	0	{"value": "0", "precision": 20}	0	{"value": "0", "precision": 20}	0	{"value": "0", "precision": 20}	0	{"value": "0", "precision": 20}	\N	2025-06-02 17:08:24.768+06	2025-06-02 17:08:24.768+06	\N	1	{"value": "1", "precision": 20}	100	{"value": "100", "precision": 20}	\N	\N
orditem_01JWR6GFR0NP9KDBND89CVDGDZ	order_01JWR6GFQY8KPNJD14T7RAS358	1	ordli_01JWR6GFQZ9NWW57RGKH612GDY	1	{"value": "1", "precision": 20}	0	{"value": "0", "precision": 20}	0	{"value": "0", "precision": 20}	0	{"value": "0", "precision": 20}	0	{"value": "0", "precision": 20}	0	{"value": "0", "precision": 20}	0	{"value": "0", "precision": 20}	\N	2025-06-02 17:30:27.713+06	2025-06-02 17:30:27.713+06	\N	0	{"value": "0", "precision": 20}	\N	\N	\N	\N
orditem_01JWR6H5611N0PEQDCXHRSNR85	order_01JWR6GFQY8KPNJD14T7RAS358	2	ordli_01JWR6GFQZ9NWW57RGKH612GDY	1	{"value": "1", "precision": 20}	1	{"value": "1", "precision": 20}	0	{"value": "0", "precision": 20}	0	{"value": "0", "precision": 20}	0	{"value": "0", "precision": 20}	0	{"value": "0", "precision": 20}	0	{"value": "0", "precision": 20}	\N	2025-06-02 17:30:49.67+06	2025-06-02 17:30:49.67+06	\N	0	{"value": "0", "precision": 20}	100	{"value": "100", "precision": 20}	\N	\N
orditem_01JWR6HC83385BSV8BSNSN2BDK	order_01JWR6GFQY8KPNJD14T7RAS358	3	ordli_01JWR6GFQZ9NWW57RGKH612GDY	1	{"value": "1", "precision": 20}	1	{"value": "1", "precision": 20}	0	{"value": "0", "precision": 20}	0	{"value": "0", "precision": 20}	0	{"value": "0", "precision": 20}	0	{"value": "0", "precision": 20}	0	{"value": "0", "precision": 20}	\N	2025-06-02 17:30:56.903+06	2025-06-02 17:30:56.903+06	\N	1	{"value": "1", "precision": 20}	100	{"value": "100", "precision": 20}	\N	\N
orditem_01JWR6RRW3FEFNXVCCPGS9A95G	order_01JWR6RRW19APPF46P5VAAF20S	1	ordli_01JWR6RRW3PG8571K782V5CF8N	1	{"value": "1", "precision": 20}	0	{"value": "0", "precision": 20}	0	{"value": "0", "precision": 20}	0	{"value": "0", "precision": 20}	0	{"value": "0", "precision": 20}	0	{"value": "0", "precision": 20}	0	{"value": "0", "precision": 20}	\N	2025-06-02 17:34:59.205+06	2025-06-02 17:34:59.205+06	\N	0	{"value": "0", "precision": 20}	\N	\N	\N	\N
orditem_01JWR6SAQWEF2ARXMPN9DRGQWA	order_01JWR6RRW19APPF46P5VAAF20S	2	ordli_01JWR6RRW3PG8571K782V5CF8N	1	{"value": "1", "precision": 20}	1	{"value": "1", "precision": 20}	0	{"value": "0", "precision": 20}	0	{"value": "0", "precision": 20}	0	{"value": "0", "precision": 20}	0	{"value": "0", "precision": 20}	0	{"value": "0", "precision": 20}	\N	2025-06-02 17:35:17.505+06	2025-06-02 17:35:17.505+06	\N	0	{"value": "0", "precision": 20}	100	{"value": "100", "precision": 20}	\N	\N
orditem_01JWR6SES6EJ9VSJTHB4GW6YCD	order_01JWR6RRW19APPF46P5VAAF20S	3	ordli_01JWR6RRW3PG8571K782V5CF8N	1	{"value": "1", "precision": 20}	1	{"value": "1", "precision": 20}	0	{"value": "0", "precision": 20}	0	{"value": "0", "precision": 20}	0	{"value": "0", "precision": 20}	0	{"value": "0", "precision": 20}	0	{"value": "0", "precision": 20}	\N	2025-06-02 17:35:21.642+06	2025-06-02 17:35:21.642+06	\N	1	{"value": "1", "precision": 20}	100	{"value": "100", "precision": 20}	\N	\N
orditem_01JWR7K96E913VYKXSXP7NWKZ4	order_01JWR7K96C5TEM16MCTS0WZQMC	1	ordli_01JWR7K96DKQR3JBA8YCK82M6E	1	{"value": "1", "precision": 20}	0	{"value": "0", "precision": 20}	0	{"value": "0", "precision": 20}	0	{"value": "0", "precision": 20}	0	{"value": "0", "precision": 20}	0	{"value": "0", "precision": 20}	0	{"value": "0", "precision": 20}	\N	2025-06-02 17:49:27.888+06	2025-06-02 17:49:27.888+06	\N	0	{"value": "0", "precision": 20}	\N	\N	\N	\N
orditem_01JWR7KXNWZTGEZK9DSYSA5YPN	order_01JWR7K96C5TEM16MCTS0WZQMC	2	ordli_01JWR7K96DKQR3JBA8YCK82M6E	1	{"value": "1", "precision": 20}	1	{"value": "1", "precision": 20}	0	{"value": "0", "precision": 20}	0	{"value": "0", "precision": 20}	0	{"value": "0", "precision": 20}	0	{"value": "0", "precision": 20}	0	{"value": "0", "precision": 20}	\N	2025-06-02 17:49:48.866+06	2025-06-02 17:49:48.866+06	\N	0	{"value": "0", "precision": 20}	100	{"value": "100", "precision": 20}	\N	\N
orditem_01JWR7MC0AWVAW87YPMR92QVR3	order_01JWR7K96C5TEM16MCTS0WZQMC	3	ordli_01JWR7K96DKQR3JBA8YCK82M6E	1	{"value": "1", "precision": 20}	1	{"value": "1", "precision": 20}	0	{"value": "0", "precision": 20}	0	{"value": "0", "precision": 20}	0	{"value": "0", "precision": 20}	0	{"value": "0", "precision": 20}	0	{"value": "0", "precision": 20}	\N	2025-06-02 17:50:03.534+06	2025-06-02 17:50:03.534+06	\N	1	{"value": "1", "precision": 20}	100	{"value": "100", "precision": 20}	\N	\N
orditem_01JWR8RSXJ440VFT4QFRHEZWE0	order_01JWR8RSXF37GM0X4W3ARNJ821	1	ordli_01JWR8RSXHQC17NFHZ5EERV6HB	1	{"value": "1", "precision": 20}	0	{"value": "0", "precision": 20}	0	{"value": "0", "precision": 20}	0	{"value": "0", "precision": 20}	0	{"value": "0", "precision": 20}	0	{"value": "0", "precision": 20}	0	{"value": "0", "precision": 20}	\N	2025-06-02 18:09:57.428+06	2025-06-02 18:09:57.428+06	\N	0	{"value": "0", "precision": 20}	\N	\N	\N	\N
orditem_01JWR8SEZPBJW79EZ824CY2E1X	order_01JWR8RSXF37GM0X4W3ARNJ821	2	ordli_01JWR8RSXHQC17NFHZ5EERV6HB	1	{"value": "1", "precision": 20}	1	{"value": "1", "precision": 20}	0	{"value": "0", "precision": 20}	0	{"value": "0", "precision": 20}	0	{"value": "0", "precision": 20}	0	{"value": "0", "precision": 20}	0	{"value": "0", "precision": 20}	\N	2025-06-02 18:10:19.004+06	2025-06-02 18:10:19.004+06	\N	0	{"value": "0", "precision": 20}	100	{"value": "100", "precision": 20}	\N	\N
orditem_01JWR8SRXQ0VQH3RVPJ355B7HE	order_01JWR8RSXF37GM0X4W3ARNJ821	3	ordli_01JWR8RSXHQC17NFHZ5EERV6HB	1	{"value": "1", "precision": 20}	1	{"value": "1", "precision": 20}	0	{"value": "0", "precision": 20}	0	{"value": "0", "precision": 20}	0	{"value": "0", "precision": 20}	0	{"value": "0", "precision": 20}	0	{"value": "0", "precision": 20}	\N	2025-06-02 18:10:29.18+06	2025-06-02 18:10:29.18+06	\N	1	{"value": "1", "precision": 20}	100	{"value": "100", "precision": 20}	\N	\N
orditem_01JY1QN8MJ4J0P02HMKMW4RXDP	order_01JY1QN8MJ41FWMFHKHVWZ62EC	1	ordli_01JY1QN8MJH7YJRHDEW3QDDJFX	1	{"value": "1", "precision": 20}	0	{"value": "0", "precision": 20}	0	{"value": "0", "precision": 20}	0	{"value": "0", "precision": 20}	0	{"value": "0", "precision": 20}	0	{"value": "0", "precision": 20}	0	{"value": "0", "precision": 20}	\N	2025-06-18 20:39:01.78+06	2025-06-18 20:39:01.78+06	\N	0	{"value": "0", "precision": 20}	\N	\N	\N	\N
\.


--
-- Data for Name: order_line_item; Type: TABLE DATA; Schema: public; Owner: -
--

COPY public.order_line_item (id, totals_id, title, subtitle, thumbnail, variant_id, product_id, product_title, product_description, product_subtitle, product_type, product_collection, product_handle, variant_sku, variant_barcode, variant_title, variant_option_values, requires_shipping, is_discountable, is_tax_inclusive, compare_at_unit_price, raw_compare_at_unit_price, unit_price, raw_unit_price, metadata, created_at, updated_at, deleted_at, is_custom_price, product_type_id) FROM stdin;
ordli_01JMCNJAF65E4C4SB1F1YMECS1	\N	XL	Medusa Sweatshirt	https://medusa-public-images.s3.eu-west-1.amazonaws.com/sweatshirt-vintage-front.png	variant_01JM74X8V1DQ32B5MB7C6FTMFH	prod_01JM74X8PX4BA4QCWJKEXVGDK9	Medusa Sweatshirt	Reimagine the feeling of a classic sweatshirt. With our cotton sweatshirt, everyday essentials no longer have to be ordinary.	\N	\N	\N	sweatshirt	SWEATSHIRT-XL	\N	XL	\N	t	t	f	\N	\N	10	{"value": "10", "precision": 20}	{}	2025-02-18 19:57:08.713+06	2025-02-18 19:57:08.714+06	\N	f	\N
ordli_01JMPQDX28GDVCZQSQA6G45V52	\N	M / Black	Medusa T-Shirt	https://medusa-public-images.s3.eu-west-1.amazonaws.com/tee-black-front.png	variant_01JM74X8V02QY0K09JMJ9HQST7	prod_01JM74X8PXPNNP7KX16T389S1A	Medusa T-Shirt	Reimagine the feeling of a classic T-shirt. With our cotton T-shirts, everyday essentials no longer have to be ordinary.	\N	\N	\N	t-shirt	SHIRT-M-BLACK	\N	M / Black	\N	t	t	f	\N	\N	10	{"value": "10", "precision": 20}	{}	2025-02-22 17:42:05.386+06	2025-02-22 17:42:05.386+06	\N	f	\N
ordli_01JMZ3F51GA7FF9A6BV5D0G5T6	\N	XL / Black	Medusa T-Shirt	https://medusa-public-images.s3.eu-west-1.amazonaws.com/tee-black-front.png	variant_01JM74X8V1FM7N1DHEGKHXGF23	prod_01JM74X8PXPNNP7KX16T389S1A	Medusa T-Shirt	Reimagine the feeling of a classic T-shirt. With our cotton T-shirts, everyday essentials no longer have to be ordinary.	\N	\N	\N	t-shirt	SHIRT-XL-BLACK	\N	XL / Black	\N	t	t	f	\N	\N	10	{"value": "10", "precision": 20}	{}	2025-02-25 23:46:24.689+06	2025-02-25 23:46:24.689+06	\N	f	\N
ordli_01JNX61R3ZZEMPF1M29CEJ6ZKF	\N	No	Choco Choco Choclate	http://localhost:9000/static/1740505438444-alex-mccarthy-v-Kh2HYl_Cc-unsplash.jpg	variant_01JMZ3APMTZ5JPRKSFR681D7ZW	prod_01JMZ3APAAENMATTTNZGG3CX3Q	Choco Choco Choclate	the sflkiasdfkl sadlkfjsdlkf lksadfl dkf asd asldkjflksdjfsdf	-_-	\N	\N	pihta-2	\N	\N	No	\N	t	t	f	\N	\N	10	{"value": "10", "precision": 20}	{}	2025-03-09 16:08:44.16+06	2025-03-09 16:08:44.16+06	\N	f	\N
ordli_01JNX6MZNQA5Z5N0DTQ70KYXYE	\N	M	Medusa Sweatshirt	https://medusa-public-images.s3.eu-west-1.amazonaws.com/sweatshirt-vintage-front.png	variant_01JM74X8V1HMZ5XSM361FSQEDJ	prod_01JM74X8PX4BA4QCWJKEXVGDK9	Medusa Sweatshirt	Reimagine the feeling of a classic sweatshirt. With our cotton sweatshirt, everyday essentials no longer have to be ordinary.	\N	\N	\N	sweatshirt	SWEATSHIRT-M	\N	M	\N	t	t	f	\N	\N	10	{"value": "10", "precision": 20}	{}	2025-03-09 16:19:14.488+06	2025-03-09 16:19:14.488+06	\N	f	\N
ordli_01JNX6MZNQ1375BCZ9KZRE1T1D	\N	Yes	Choco Choco Choclate	http://localhost:9000/static/1740505438444-alex-mccarthy-v-Kh2HYl_Cc-unsplash.jpg	variant_01JMZ3APMSFAGJPFXH5EY9Q32D	prod_01JMZ3APAAENMATTTNZGG3CX3Q	Choco Choco Choclate	the sflkiasdfkl sadlkfjsdlkf lksadfl dkf asd asldkjflksdjfsdf	-_-	\N	\N	pihta-2	\N	\N	Yes	\N	t	t	f	\N	\N	10	{"value": "10", "precision": 20}	{}	2025-03-09 16:19:14.488+06	2025-03-09 16:19:14.488+06	\N	f	\N
ordli_01JQ78WM6FH26HBXCNRS63D9KX	\N	Omit Almonds / Omit oney	Bhapa Pitha	http://localhost:9000/static/1741547834316-bhapa.pitha.3.recipe.jpg	variant_01JNY5E35MC00804KQJEPY5V7C	prod_01JNY5E2ZBH7WKY4FT94Z7DYG4	Bhapa Pitha	General Description\nBhapa Pitha is a beloved winter delicacy in Bangladesh, known for its soft, fluffy texture and the rich sweetness of date palm jaggery (patali gur). It is a steamed rice cake that brings warmth and nostalgia, often prepared in early mornings during winter. The combination of fragrant rice flour, caramel-like jaggery, and fresh coconut creates a comforting and wholesome treat. Traditionally, it is made using a clay pot and a piece of cloth to achieve the perfect steam.\n\nIngredients & Measurements\nRice Flour  2 cups\nDate Palm Jaggery (Patali Gur)   cup (grated)\nFreshly Grated Coconut   cup\nSalt   tsp\nWater  As needed (to create a moist, crumbly flour texture)\nBenefits\n Nutritious  Made with rice flour and jaggery, providing energy and warmth.\n Natural Sweetener  Uses date palm jaggery, which is rich in iron and minerals.\n Gluten-Free  Ideal for those with gluten sensitivity.\n Cultural Heritage  A symbol of traditional Bangladeshi winter cuisine.	A steamed rice cake filled with jaggery (gur) and coconut.	Pitha	Food	bhapa-pihta	\N	\N	Omit Almonds / Omit oney	\N	t	t	f	\N	\N	500	{"value": "500", "precision": 20}	{}	2025-03-26 00:26:28.191+06	2025-03-26 00:26:28.191+06	\N	f	ptyp_01JNX87TA227NBFF63VMQE8GNR
ordli_01JQH7D5P3CQPSF5RX231EQMHG	\N	Include Almonds / Include Honey	Bhapa Pitha	http://localhost:9000/static/1741547834316-bhapa.pitha.3.recipe.jpg	variant_01JNY5E35JDMNVQ8X1DPG93H72	prod_01JNY5E2ZBH7WKY4FT94Z7DYG4	Bhapa Pitha	General Description\nBhapa Pitha is a beloved winter delicacy in Bangladesh, known for its soft, fluffy texture and the rich sweetness of date palm jaggery (patali gur). It is a steamed rice cake that brings warmth and nostalgia, often prepared in early mornings during winter. The combination of fragrant rice flour, caramel-like jaggery, and fresh coconut creates a comforting and wholesome treat. Traditionally, it is made using a clay pot and a piece of cloth to achieve the perfect steam.\n\nIngredients & Measurements\nRice Flour  2 cups\nDate Palm Jaggery (Patali Gur)   cup (grated)\nFreshly Grated Coconut   cup\nSalt   tsp\nWater  As needed (to create a moist, crumbly flour texture)\nBenefits\n Nutritious  Made with rice flour and jaggery, providing energy and warmth.\n Natural Sweetener  Uses date palm jaggery, which is rich in iron and minerals.\n Gluten-Free  Ideal for those with gluten sensitivity.\n Cultural Heritage  A symbol of traditional Bangladeshi winter cuisine.	A steamed rice cake filled with jaggery (gur) and coconut.	Pitha	Food	bhapa-pihta	\N	\N	Include Almonds / Include Honey	\N	t	t	f	\N	\N	500	{"value": "500", "precision": 20}	{}	2025-03-29 21:12:57.542+06	2025-03-29 21:12:57.542+06	\N	f	ptyp_01JNX87TA227NBFF63VMQE8GNR
ordli_01JQS32NN9V5MZD5M87P3PMG33	\N	Omit Almonds / Include Honey	Bhapa Pitha	http://localhost:9000/static/1741547834316-th.jpeg	variant_01JNY5E35KZF2NM3AAS3HE2NK8	prod_01JNY5E2ZBH7WKY4FT94Z7DYG4	Bhapa Pitha	General Description\nBhapa Pitha is a beloved winter delicacy in Bangladesh, known for its soft, fluffy texture and the rich sweetness of date palm jaggery (patali gur). It is a steamed rice cake that brings warmth and nostalgia, often prepared in early mornings during winter. The combination of fragrant rice flour, caramel-like jaggery, and fresh coconut creates a comforting and wholesome treat. Traditionally, it is made using a clay pot and a piece of cloth to achieve the perfect steam.\n\nIngredients & Measurements\nRice Flour  2 cups\nDate Palm Jaggery (Patali Gur)   cup (grated)\nFreshly Grated Coconut   cup\nSalt   tsp\nWater  As needed (to create a moist, crumbly flour texture)\nBenefits\n Nutritious  Made with rice flour and jaggery, providing energy and warmth.\n Natural Sweetener  Uses date palm jaggery, which is rich in iron and minerals.\n Gluten-Free  Ideal for those with gluten sensitivity.\n Cultural Heritage  A symbol of traditional Bangladeshi winter cuisine.	A steamed rice cake filled with jaggery (gur) and coconut.	Pitha	Food	bhapa-pihta	\N	\N	Omit Almonds / Include Honey	\N	t	t	f	\N	\N	500	{"value": "500", "precision": 20}	{}	2025-04-01 22:31:14.608+06	2025-04-01 22:31:14.608+06	\N	f	ptyp_01JNX87TA227NBFF63VMQE8GNR
ordli_01JVAG3CT54FYVZYK9JM2TGRM1	\N	Default variant	Pokmeon	http://localhost:9000/static/1747251920117-Screenshot%20from%202025-01-07%2009-10-30.png	variant_01JV858ZVBMGKNNRBHCM8YYVX7	prod_01JV858ZAE63830RPWDNTVEYEJ	Pokmeon	sdfsdfs	A steamed rice cake filled with jaggery (gur) and coconut.	Pitha	Food	pihta	\N	\N	Default variant	\N	t	t	f	\N	\N	100	{"value": "100", "precision": 20}	{"ingredients": []}	2025-05-15 23:33:00.618+06	2025-05-15 23:33:00.618+06	\N	f	ptyp_01JNX87TA227NBFF63VMQE8GNR
ordli_01JTYC3RD0ACKJYG7MSZNRNWD8	\N	Include Almonds / Include Honey	Bhapa Pitha	http://localhost:9000/static/1741547834316-th.jpeg	variant_01JNY5E35JDMNVQ8X1DPG93H72	prod_01JNY5E2ZBH7WKY4FT94Z7DYG4	Bhapa Pitha	General Description\nBhapa Pitha is a beloved winter delicacy in Bangladesh, known for its soft, fluffy texture and the rich sweetness of date palm jaggery (patali gur). It is a steamed rice cake that brings warmth and nostalgia, often prepared in early mornings during winter. The combination of fragrant rice flour, caramel-like jaggery, and fresh coconut creates a comforting and wholesome treat. Traditionally, it is made using a clay pot and a piece of cloth to achieve the perfect steam.\n\nIngredients & Measurements\nRice Flour  2 cups\nDate Palm Jaggery (Patali Gur)   cup (grated)\nFreshly Grated Coconut   cup\nSalt   tsp\nWater  As needed (to create a moist, crumbly flour texture)\nBenefits\n Nutritious  Made with rice flour and jaggery, providing energy and warmth.\n Natural Sweetener  Uses date palm jaggery, which is rich in iron and minerals.\n Gluten-Free  Ideal for those with gluten sensitivity.\n Cultural Heritage  A symbol of traditional Bangladeshi winter cuisine.	A steamed rice cake filled with jaggery (gur) and coconut.	Pitha	Food	bhapa-pihta	\N	\N	Include Almonds / Include Honey	\N	t	t	f	\N	\N	500	{"value": "500", "precision": 20}	{}	2025-05-11 06:32:24.993+06	2025-05-11 06:32:24.993+06	\N	f	ptyp_01JNX87TA227NBFF63VMQE8GNR
ordli_01JTZ2G9V54V3E0DDWQVATNYM8	\N	Include Almonds / Omit oney	Bhapa Pitha	http://localhost:9000/static/1741547834316-th.jpeg	variant_01JNY5E35MNADZMWQKW5HE2TJD	prod_01JNY5E2ZBH7WKY4FT94Z7DYG4	Bhapa Pitha	General Description\nBhapa Pitha is a beloved winter delicacy in Bangladesh, known for its soft, fluffy texture and the rich sweetness of date palm jaggery (patali gur). It is a steamed rice cake that brings warmth and nostalgia, often prepared in early mornings during winter. The combination of fragrant rice flour, caramel-like jaggery, and fresh coconut creates a comforting and wholesome treat. Traditionally, it is made using a clay pot and a piece of cloth to achieve the perfect steam.\n\nIngredients & Measurements\nRice Flour  2 cups\nDate Palm Jaggery (Patali Gur)   cup (grated)\nFreshly Grated Coconut   cup\nSalt   tsp\nWater  As needed (to create a moist, crumbly flour texture)\nBenefits\n Nutritious  Made with rice flour and jaggery, providing energy and warmth.\n Natural Sweetener  Uses date palm jaggery, which is rich in iron and minerals.\n Gluten-Free  Ideal for those with gluten sensitivity.\n Cultural Heritage  A symbol of traditional Bangladeshi winter cuisine.	A steamed rice cake filled with jaggery (gur) and coconut.	Pitha	Food	bhapa-pihta	\N	\N	Include Almonds / Omit oney	\N	t	t	f	\N	\N	500	{"value": "500", "precision": 20}	{}	2025-05-11 13:03:44.743+06	2025-05-11 13:03:44.743+06	\N	f	ptyp_01JNX87TA227NBFF63VMQE8GNR
ordli_01JV2HYT3YWVBGPWJBCBHB2JNQ	\N	Include Almonds / Omit oney	Bhapa Pitha	http://localhost:9000/static/1741547834316-th.jpeg	variant_01JNY5E35MNADZMWQKW5HE2TJD	prod_01JNY5E2ZBH7WKY4FT94Z7DYG4	Bhapa Pitha	General Description\nBhapa Pitha is a beloved winter delicacy in Bangladesh, known for its soft, fluffy texture and the rich sweetness of date palm jaggery (patali gur). It is a steamed rice cake that brings warmth and nostalgia, often prepared in early mornings during winter. The combination of fragrant rice flour, caramel-like jaggery, and fresh coconut creates a comforting and wholesome treat. Traditionally, it is made using a clay pot and a piece of cloth to achieve the perfect steam.\n\nIngredients & Measurements\nRice Flour  2 cups\nDate Palm Jaggery (Patali Gur)   cup (grated)\nFreshly Grated Coconut   cup\nSalt   tsp\nWater  As needed (to create a moist, crumbly flour texture)\nBenefits\n Nutritious  Made with rice flour and jaggery, providing energy and warmth.\n Natural Sweetener  Uses date palm jaggery, which is rich in iron and minerals.\n Gluten-Free  Ideal for those with gluten sensitivity.\n Cultural Heritage  A symbol of traditional Bangladeshi winter cuisine.	A steamed rice cake filled with jaggery (gur) and coconut.	Pitha	Food	bhapa-pihta	\N	\N	Include Almonds / Omit oney	\N	t	t	f	\N	\N	500	{"value": "500", "precision": 20}	{}	2025-05-12 21:31:32.097+06	2025-05-12 21:31:32.097+06	\N	f	ptyp_01JNX87TA227NBFF63VMQE8GNR
ordli_01JV6SRJFNZDEASNNPK60M8T3Q	\N	Include Almonds / Include Honey	Bhapa Pitha	http://localhost:9000/static/1741547834316-th.jpeg	variant_01JNY5E35JDMNVQ8X1DPG93H72	prod_01JNY5E2ZBH7WKY4FT94Z7DYG4	Bhapa Pitha	General Description\nBhapa Pitha is a beloved winter delicacy in Bangladesh, known for its soft, fluffy texture and the rich sweetness of date palm jaggery (patali gur). It is a steamed rice cake that brings warmth and nostalgia, often prepared in early mornings during winter. The combination of fragrant rice flour, caramel-like jaggery, and fresh coconut creates a comforting and wholesome treat. Traditionally, it is made using a clay pot and a piece of cloth to achieve the perfect steam.\n\nIngredients & Measurements\nRice Flour  2 cups\nDate Palm Jaggery (Patali Gur)   cup (grated)\nFreshly Grated Coconut   cup\nSalt   tsp\nWater  As needed (to create a moist, crumbly flour texture)\nBenefits\n Nutritious  Made with rice flour and jaggery, providing energy and warmth.\n Natural Sweetener  Uses date palm jaggery, which is rich in iron and minerals.\n Gluten-Free  Ideal for those with gluten sensitivity.\n Cultural Heritage  A symbol of traditional Bangladeshi winter cuisine.	A steamed rice cake filled with jaggery (gur) and coconut.	Pitha	Food	bhapa-pihta	\N	\N	Include Almonds / Include Honey	\N	t	t	f	\N	\N	500	{"value": "500", "precision": 20}	{"ingredients": [{"id": "fea2774c-5d54-49c2-91b2-c948ee15d367", "name": "Sugar"}, {"id": "558c6103-8402-49ba-8395-f88c6e595a1e", "name": "Honey"}, {"id": "482846de-6ace-48d2-aef8-f55d42324d8f", "name": "Mosabbir"}]}	2025-05-14 13:04:54.01+06	2025-05-14 13:04:54.01+06	\N	f	ptyp_01JNX87TA227NBFF63VMQE8GNR
ordli_01JV85E2453ZH8JJ3DQN0ANH99	\N	Default variant	Pokmeon	http://localhost:9000/static/1747251920117-Screenshot%20from%202025-01-07%2009-10-30.png	variant_01JV858ZVBMGKNNRBHCM8YYVX7	prod_01JV858ZAE63830RPWDNTVEYEJ	Pokmeon	sdfsdfs	A steamed rice cake filled with jaggery (gur) and coconut.	Pitha	Food	pihta	\N	\N	Default variant	\N	t	t	f	\N	\N	100	{"value": "100", "precision": 20}	{"ingredients": [{"id": "d3de53c4-2ba5-4068-85ef-0959080b97a5", "name": "123"}]}	2025-05-15 01:48:06.919+06	2025-05-15 01:48:06.919+06	\N	f	ptyp_01JNX87TA227NBFF63VMQE8GNR
ordli_01JV85G46REN6AA0S0VYNQHK3F	\N	Default variant	Pokmeon	http://localhost:9000/static/1747251920117-Screenshot%20from%202025-01-07%2009-10-30.png	variant_01JV858ZVBMGKNNRBHCM8YYVX7	prod_01JV858ZAE63830RPWDNTVEYEJ	Pokmeon	sdfsdfs	A steamed rice cake filled with jaggery (gur) and coconut.	Pitha	Food	pihta	\N	\N	Default variant	\N	t	t	f	\N	\N	100	{"value": "100", "precision": 20}	{"ingredients": []}	2025-05-15 01:49:14.587+06	2025-05-15 01:49:14.587+06	\N	f	ptyp_01JNX87TA227NBFF63VMQE8GNR
ordli_01JVAG3CT4XG4N73R5VG6R7PR8	\N	Default variant	Pokmeon	http://localhost:9000/static/1747251920117-Screenshot%20from%202025-01-07%2009-10-30.png	variant_01JV858ZVBMGKNNRBHCM8YYVX7	prod_01JV858ZAE63830RPWDNTVEYEJ	Pokmeon	sdfsdfs	A steamed rice cake filled with jaggery (gur) and coconut.	Pitha	Food	pihta	\N	\N	Default variant	\N	t	t	f	\N	\N	100	{"value": "100", "precision": 20}	{"ingredients": [{"id": "d3de53c4-2ba5-4068-85ef-0959080b97a5", "name": "123"}]}	2025-05-15 23:33:00.618+06	2025-05-15 23:33:00.618+06	\N	f	ptyp_01JNX87TA227NBFF63VMQE8GNR
ordli_01JVAH3NBYHEXT291KFYK2TWT8	\N	Default variant	Pokmeon	http://localhost:9000/static/1747251920117-Screenshot%20from%202025-01-07%2009-10-30.png	variant_01JV858ZVBMGKNNRBHCM8YYVX7	prod_01JV858ZAE63830RPWDNTVEYEJ	Pokmeon	sdfsdfs	A steamed rice cake filled with jaggery (gur) and coconut.	Pitha	Food	pihta	\N	\N	Default variant	\N	t	t	f	\N	\N	100	{"value": "100", "precision": 20}	{"ingredients": [{"id": "d3de53c4-2ba5-4068-85ef-0959080b97a5", "name": "123"}]}	2025-05-15 23:50:37.953+06	2025-05-15 23:50:37.953+06	\N	f	ptyp_01JNX87TA227NBFF63VMQE8GNR
ordli_01JVAKPTPAM6H9A5C9413PMFPF	\N	Default variant	Pokmeon	http://localhost:9000/static/1747251920117-Screenshot%20from%202025-01-07%2009-10-30.png	variant_01JV858ZVBMGKNNRBHCM8YYVX7	prod_01JV858ZAE63830RPWDNTVEYEJ	Pokmeon	sdfsdfs	A steamed rice cake filled with jaggery (gur) and coconut.	Pitha	Food	pihta	\N	\N	Default variant	\N	t	t	f	\N	\N	100	{"value": "100", "precision": 20}	{"ingredients": [{"id": "d3de53c4-2ba5-4068-85ef-0959080b97a5", "name": "123"}]}	2025-05-16 00:36:03.149+06	2025-05-16 00:36:03.149+06	\N	f	ptyp_01JNX87TA227NBFF63VMQE8GNR
ordli_01JVANPD34XTZSNPR8W2SDETJ5	\N	Default variant	Pokmeon	http://localhost:9000/static/1747251920117-Screenshot%20from%202025-01-07%2009-10-30.png	variant_01JV858ZVBMGKNNRBHCM8YYVX7	prod_01JV858ZAE63830RPWDNTVEYEJ	Pokmeon	sdfsdfs	A steamed rice cake filled with jaggery (gur) and coconut.	Pitha	Food	pihta	\N	\N	Default variant	\N	t	t	f	\N	\N	100	{"value": "100", "precision": 20}	{"ingredients": [{"id": "d3de53c4-2ba5-4068-85ef-0959080b97a5", "name": "123"}]}	2025-05-16 01:10:46.377+06	2025-05-16 01:10:46.377+06	\N	f	ptyp_01JNX87TA227NBFF63VMQE8GNR
ordli_01JVAQF3C6NM006WESZRJ2XE05	\N	Default variant	Pokmeon	http://localhost:9000/static/1747251920117-Screenshot%20from%202025-01-07%2009-10-30.png	variant_01JV858ZVBMGKNNRBHCM8YYVX7	prod_01JV858ZAE63830RPWDNTVEYEJ	Pokmeon	sdfsdfs	A steamed rice cake filled with jaggery (gur) and coconut.	Pitha	Food	pihta	\N	\N	Default variant	\N	t	t	f	\N	\N	100	{"value": "100", "precision": 20}	{"ingredients": [{"id": "d3de53c4-2ba5-4068-85ef-0959080b97a5", "name": "123"}]}	2025-05-16 01:41:44.2+06	2025-05-16 01:41:44.2+06	\N	f	ptyp_01JNX87TA227NBFF63VMQE8GNR
ordli_01JVAQNHXHZZ1XSPH7KT8C19F9	\N	Default variant	Pokmeon	http://localhost:9000/static/1747251920117-Screenshot%20from%202025-01-07%2009-10-30.png	variant_01JV858ZVBMGKNNRBHCM8YYVX7	prod_01JV858ZAE63830RPWDNTVEYEJ	Pokmeon	sdfsdfs	A steamed rice cake filled with jaggery (gur) and coconut.	Pitha	Food	pihta	\N	\N	Default variant	\N	t	t	f	\N	\N	100	{"value": "100", "precision": 20}	{"ingredients": [{"id": "d3de53c4-2ba5-4068-85ef-0959080b97a5", "name": "123"}]}	2025-05-16 01:45:15.702+06	2025-05-16 01:45:15.702+06	\N	f	ptyp_01JNX87TA227NBFF63VMQE8GNR
ordli_01JVB15R31481WFNDSRFB2PZ7A	\N	Default variant	Pokmeon	http://localhost:9000/static/1747251920117-Screenshot%20from%202025-01-07%2009-10-30.png	variant_01JV858ZVBMGKNNRBHCM8YYVX7	prod_01JV858ZAE63830RPWDNTVEYEJ	Pokmeon	sdfsdfs	A steamed rice cake filled with jaggery (gur) and coconut.	Pitha	featured	pihta	\N	\N	Default variant	\N	t	t	f	\N	\N	100	{"value": "100", "precision": 20}	{"ingredients": [{"id": "d3de53c4-2ba5-4068-85ef-0959080b97a5", "name": "123"}]}	2025-05-16 04:31:23.493+06	2025-05-16 04:31:23.493+06	\N	f	ptyp_01JNX87TA227NBFF63VMQE8GNR
ordli_01JVC7YPNRSKGKPDYXYMR32X7E	\N	Default variant	Pokmeon	http://localhost:9000/static/1747251920117-Screenshot%20from%202025-01-07%2009-10-30.png	variant_01JV858ZVBMGKNNRBHCM8YYVX7	prod_01JV858ZAE63830RPWDNTVEYEJ	Pokmeon	sdfsdfs	A steamed rice cake filled with jaggery (gur) and coconut.	Pitha	featured	pihta	\N	\N	Default variant	\N	t	t	f	\N	\N	100	{"value": "100", "precision": 20}	{"ingredients": [{"id": "d3de53c4-2ba5-4068-85ef-0959080b97a5", "name": "123"}]}	2025-05-16 15:49:07.132+06	2025-05-16 15:49:07.132+06	\N	f	ptyp_01JNX87TA227NBFF63VMQE8GNR
ordli_01JWPASAM7B9ZWB0R2F0ERMY7P	\N	Default variant	123	https://vmalvylbpzudqhkvpcqj.supabase.co/storage/v1/object/public/nufatahs//1-01JVSVCSPN2QQ2WX5XA8JSRBYF.png	variant_01JVSVCX65K1ZKGAP91W2MYPWK	prod_01JVSVCWS8G20WMS32E5SJ9Q1R	123	wsfasdfdsafsadfsa	\N	Pitha	\N	123	\N	\N	Default variant	\N	t	t	f	\N	\N	100	{"value": "100", "precision": 20}	{"ingredients": [{"id": "752decf4-943c-4160-ab7c-5c77a8875761", "name": "Nuts"}, {"id": "9616de63-ea77-43a5-9c41-c1c263a650a7", "name": "Cheese"}]}	2025-06-02 00:06:42.824+06	2025-06-02 00:06:42.824+06	\N	f	ptyp_01JNX87TA227NBFF63VMQE8GNR
ordli_01JWPBFFD1JS5VPEB3D2XS91XX	\N	Default variant	123	https://vmalvylbpzudqhkvpcqj.supabase.co/storage/v1/object/public/nufatahs//1-01JVSVCSPN2QQ2WX5XA8JSRBYF.png	variant_01JVSVCX65K1ZKGAP91W2MYPWK	prod_01JVSVCWS8G20WMS32E5SJ9Q1R	123	wsfasdfdsafsadfsa	\N	Pitha	\N	123	\N	\N	Default variant	\N	t	t	f	\N	\N	100	{"value": "100", "precision": 20}	{"ingredients": [{"id": "752decf4-943c-4160-ab7c-5c77a8875761", "name": "Nuts"}, {"id": "9616de63-ea77-43a5-9c41-c1c263a650a7", "name": "Cheese"}]}	2025-06-02 00:18:48.612+06	2025-06-02 00:18:48.612+06	\N	f	ptyp_01JNX87TA227NBFF63VMQE8GNR
ordli_01JWR1GJR3N5ZKA49EMFVD49AS	\N	Default variant	123	https://vmalvylbpzudqhkvpcqj.supabase.co/storage/v1/object/public/nufatahs//1-01JVSVCSPN2QQ2WX5XA8JSRBYF.png	variant_01JVSVCX65K1ZKGAP91W2MYPWK	prod_01JVSVCWS8G20WMS32E5SJ9Q1R	123	wsfasdfdsafsadfsa	\N	Pitha	\N	123	\N	\N	Default variant	\N	t	t	f	\N	\N	100	{"value": "100", "precision": 20}	{"ingredients": [{"id": "752decf4-943c-4160-ab7c-5c77a8875761", "name": "Nuts"}, {"id": "9616de63-ea77-43a5-9c41-c1c263a650a7", "name": "Cheese"}]}	2025-06-02 16:03:07.91+06	2025-06-02 16:03:07.91+06	\N	f	ptyp_01JNX87TA227NBFF63VMQE8GNR
ordli_01JWR1GJR31TJC37CP90YR8QXP	\N	Default variant	123	https://vmalvylbpzudqhkvpcqj.supabase.co/storage/v1/object/public/nufatahs//1-01JVSVCSPN2QQ2WX5XA8JSRBYF.png	variant_01JVSVCX65K1ZKGAP91W2MYPWK	prod_01JVSVCWS8G20WMS32E5SJ9Q1R	123	wsfasdfdsafsadfsa	\N	Pitha	\N	123	\N	\N	Default variant	\N	t	t	f	\N	\N	100	{"value": "100", "precision": 20}	{"ingredients": [{"id": "9616de63-ea77-43a5-9c41-c1c263a650a7", "name": "Cheese"}]}	2025-06-02 16:03:07.91+06	2025-06-02 16:03:07.91+06	\N	f	ptyp_01JNX87TA227NBFF63VMQE8GNR
ordli_01JWR1HKJ6BQ3M4VR581Q5PY42	\N	Default variant	123	https://vmalvylbpzudqhkvpcqj.supabase.co/storage/v1/object/public/nufatahs//1-01JVSVCSPN2QQ2WX5XA8JSRBYF.png	variant_01JVSVCX65K1ZKGAP91W2MYPWK	prod_01JVSVCWS8G20WMS32E5SJ9Q1R	123	wsfasdfdsafsadfsa	\N	Pitha	\N	123	\N	\N	Default variant	\N	t	t	f	\N	\N	100	{"value": "100", "precision": 20}	{"ingredients": [{"id": "9616de63-ea77-43a5-9c41-c1c263a650a7", "name": "Cheese"}]}	2025-06-02 16:03:41.511+06	2025-06-02 16:03:41.511+06	\N	f	ptyp_01JNX87TA227NBFF63VMQE8GNR
ordli_01JWR42N970NN0780JJKKAGK1H	\N	Default variant	123	https://vmalvylbpzudqhkvpcqj.supabase.co/storage/v1/object/public/nufatahs//1-01JVSVCSPN2QQ2WX5XA8JSRBYF.png	variant_01JVSVCX65K1ZKGAP91W2MYPWK	prod_01JVSVCWS8G20WMS32E5SJ9Q1R	123	wsfasdfdsafsadfsa	\N	Pitha	\N	123	\N	\N	Default variant	\N	t	t	f	\N	\N	100	{"value": "100", "precision": 20}	{"ingredients": [{"id": "752decf4-943c-4160-ab7c-5c77a8875761", "name": "Nuts"}, {"id": "9616de63-ea77-43a5-9c41-c1c263a650a7", "name": "Cheese"}]}	2025-06-02 16:47:57.481+06	2025-06-02 16:47:57.481+06	\N	f	ptyp_01JNX87TA227NBFF63VMQE8GNR
ordli_01JWR48BMMJ5VCZGYT9FF55Q2R	\N	Default variant	123	https://vmalvylbpzudqhkvpcqj.supabase.co/storage/v1/object/public/nufatahs//1-01JVSVCSPN2QQ2WX5XA8JSRBYF.png	variant_01JVSVCX65K1ZKGAP91W2MYPWK	prod_01JVSVCWS8G20WMS32E5SJ9Q1R	123	wsfasdfdsafsadfsa	\N	Pitha	\N	123	\N	\N	Default variant	\N	t	t	f	\N	\N	100	{"value": "100", "precision": 20}	{"ingredients": [{"id": "752decf4-943c-4160-ab7c-5c77a8875761", "name": "Nuts"}, {"id": "9616de63-ea77-43a5-9c41-c1c263a650a7", "name": "Cheese"}]}	2025-06-02 16:51:04.213+06	2025-06-02 16:51:04.213+06	\N	f	ptyp_01JNX87TA227NBFF63VMQE8GNR
ordli_01JWR50PZP2MASGZJ28TN0KP89	\N	Default variant	123	https://vmalvylbpzudqhkvpcqj.supabase.co/storage/v1/object/public/nufatahs//1-01JVSVCSPN2QQ2WX5XA8JSRBYF.png	variant_01JVSVCX65K1ZKGAP91W2MYPWK	prod_01JVSVCWS8G20WMS32E5SJ9Q1R	123	wsfasdfdsafsadfsa	\N	Pitha	\N	123	\N	\N	Default variant	\N	t	t	f	\N	\N	100	{"value": "100", "precision": 20}	{"ingredients": [{"id": "752decf4-943c-4160-ab7c-5c77a8875761", "name": "Nuts"}, {"id": "9616de63-ea77-43a5-9c41-c1c263a650a7", "name": "Cheese"}]}	2025-06-02 17:04:22.263+06	2025-06-02 17:04:22.263+06	\N	f	ptyp_01JNX87TA227NBFF63VMQE8GNR
ordli_01JWR56X8C0DF7PQVZ8MXD4C1F	\N	Default variant	123	https://vmalvylbpzudqhkvpcqj.supabase.co/storage/v1/object/public/nufatahs//1-01JVSVCSPN2QQ2WX5XA8JSRBYF.png	variant_01JVSVCX65K1ZKGAP91W2MYPWK	prod_01JVSVCWS8G20WMS32E5SJ9Q1R	123	wsfasdfdsafsadfsa	\N	Pitha	\N	123	\N	\N	Default variant	\N	t	t	f	\N	\N	100	{"value": "100", "precision": 20}	{"ingredients": [{"id": "752decf4-943c-4160-ab7c-5c77a8875761", "name": "Nuts"}, {"id": "9616de63-ea77-43a5-9c41-c1c263a650a7", "name": "Cheese"}]}	2025-06-02 17:07:45.295+06	2025-06-02 17:07:45.295+06	\N	f	ptyp_01JNX87TA227NBFF63VMQE8GNR
ordli_01JWR6GFQZ9NWW57RGKH612GDY	\N	Default variant	123	https://vmalvylbpzudqhkvpcqj.supabase.co/storage/v1/object/public/nufatahs//1-01JVSVCSPN2QQ2WX5XA8JSRBYF.png	variant_01JVSVCX65K1ZKGAP91W2MYPWK	prod_01JVSVCWS8G20WMS32E5SJ9Q1R	123	wsfasdfdsafsadfsa	\N	Pitha	\N	123	\N	\N	Default variant	\N	t	t	f	\N	\N	100	{"value": "100", "precision": 20}	{"ingredients": [{"id": "752decf4-943c-4160-ab7c-5c77a8875761", "name": "Nuts"}, {"id": "9616de63-ea77-43a5-9c41-c1c263a650a7", "name": "Cheese"}]}	2025-06-02 17:30:27.713+06	2025-06-02 17:30:27.713+06	\N	f	ptyp_01JNX87TA227NBFF63VMQE8GNR
ordli_01JWR6RRW3PG8571K782V5CF8N	\N	Default variant	123	https://vmalvylbpzudqhkvpcqj.supabase.co/storage/v1/object/public/nufatahs//1-01JVSVCSPN2QQ2WX5XA8JSRBYF.png	variant_01JVSVCX65K1ZKGAP91W2MYPWK	prod_01JVSVCWS8G20WMS32E5SJ9Q1R	123	wsfasdfdsafsadfsa	\N	Pitha	\N	123	\N	\N	Default variant	\N	t	t	f	\N	\N	100	{"value": "100", "precision": 20}	{"ingredients": [{"id": "752decf4-943c-4160-ab7c-5c77a8875761", "name": "Nuts"}, {"id": "9616de63-ea77-43a5-9c41-c1c263a650a7", "name": "Cheese"}]}	2025-06-02 17:34:59.205+06	2025-06-02 17:34:59.205+06	\N	f	ptyp_01JNX87TA227NBFF63VMQE8GNR
ordli_01JWR7K96DKQR3JBA8YCK82M6E	\N	Default variant	123	https://vmalvylbpzudqhkvpcqj.supabase.co/storage/v1/object/public/nufatahs//1-01JVSVCSPN2QQ2WX5XA8JSRBYF.png	variant_01JVSVCX65K1ZKGAP91W2MYPWK	prod_01JVSVCWS8G20WMS32E5SJ9Q1R	123	wsfasdfdsafsadfsa	\N	Pitha	\N	123	\N	\N	Default variant	\N	t	t	f	\N	\N	100	{"value": "100", "precision": 20}	{"ingredients": [{"id": "752decf4-943c-4160-ab7c-5c77a8875761", "name": "Nuts"}, {"id": "9616de63-ea77-43a5-9c41-c1c263a650a7", "name": "Cheese"}]}	2025-06-02 17:49:27.888+06	2025-06-02 17:49:27.888+06	\N	f	ptyp_01JNX87TA227NBFF63VMQE8GNR
ordli_01JWR8RSXHQC17NFHZ5EERV6HB	\N	Default variant	123	https://vmalvylbpzudqhkvpcqj.supabase.co/storage/v1/object/public/nufatahs//1-01JVSVCSPN2QQ2WX5XA8JSRBYF.png	variant_01JVSVCX65K1ZKGAP91W2MYPWK	prod_01JVSVCWS8G20WMS32E5SJ9Q1R	123	wsfasdfdsafsadfsa	\N	Pitha	\N	123	\N	\N	Default variant	\N	t	t	f	\N	\N	100	{"value": "100", "precision": 20}	{"ingredients": [{"id": "752decf4-943c-4160-ab7c-5c77a8875761", "name": "Nuts"}, {"id": "9616de63-ea77-43a5-9c41-c1c263a650a7", "name": "Cheese"}]}	2025-06-02 18:09:57.428+06	2025-06-02 18:09:57.428+06	\N	f	ptyp_01JNX87TA227NBFF63VMQE8GNR
ordli_01JY1QN8MJH7YJRHDEW3QDDJFX	\N	Default variant	123	https://vmalvylbpzudqhkvpcqj.supabase.co/storage/v1/object/public/nufatahs//1-01JVSVCSPN2QQ2WX5XA8JSRBYF.png	variant_01JVSVCX65K1ZKGAP91W2MYPWK	prod_01JVSVCWS8G20WMS32E5SJ9Q1R	123	wsfasdfdsafsadfsa	\N	Pitha	featured	123	\N	\N	Default variant	\N	t	t	f	\N	\N	100	{"value": "100", "precision": 20}	{"ingredients": [{"id": "752decf4-943c-4160-ab7c-5c77a8875761", "name": "Nuts"}, {"id": "9616de63-ea77-43a5-9c41-c1c263a650a7", "name": "Cheese"}]}	2025-06-18 20:39:01.78+06	2025-06-18 20:39:01.78+06	\N	f	ptyp_01JNX87TA227NBFF63VMQE8GNR
\.


--
-- Data for Name: order_line_item_adjustment; Type: TABLE DATA; Schema: public; Owner: -
--

COPY public.order_line_item_adjustment (id, description, promotion_id, code, amount, raw_amount, provider_id, created_at, updated_at, item_id, deleted_at) FROM stdin;
\.


--
-- Data for Name: order_line_item_tax_line; Type: TABLE DATA; Schema: public; Owner: -
--

COPY public.order_line_item_tax_line (id, description, tax_rate_id, code, rate, raw_rate, provider_id, created_at, updated_at, item_id, deleted_at) FROM stdin;
ordlitxl_01JQ78WM6EC3YKW16YAWT525GE	Bangladesh	txr_01JNX8H0S9X07PTNVN7PBW3NXB		0	{"value": "0", "precision": 20}	system	2025-03-26 00:26:28.196+06	2025-03-26 00:26:28.196+06	ordli_01JQ78WM6FH26HBXCNRS63D9KX	\N
ordlitxl_01JQH7D5P3P5XWMGA17SR66Y1W	Bangladesh	txr_01JNX8H0S9X07PTNVN7PBW3NXB		0	{"value": "0", "precision": 20}	system	2025-03-29 21:12:57.544+06	2025-03-29 21:12:57.544+06	ordli_01JQH7D5P3CQPSF5RX231EQMHG	\N
ordlitxl_01JQS32NN9KBNFSG7EHVZ9DAE3	Bangladesh	txr_01JNX8H0S9X07PTNVN7PBW3NXB		0	{"value": "0", "precision": 20}	system	2025-04-01 22:31:14.612+06	2025-04-01 22:31:14.612+06	ordli_01JQS32NN9V5MZD5M87P3PMG33	\N
ordlitxl_01JTYC3RD0ZPMD7VM795F3Z55P	Bangladesh	txr_01JNX8H0S9X07PTNVN7PBW3NXB		0	{"value": "0", "precision": 20}	system	2025-05-11 06:32:24.995+06	2025-05-11 06:32:24.995+06	ordli_01JTYC3RD0ACKJYG7MSZNRNWD8	\N
ordlitxl_01JTZ2G9V5MX4K0XD33NQWVK1G	Bangladesh	txr_01JNX8H0S9X07PTNVN7PBW3NXB		0	{"value": "0", "precision": 20}	system	2025-05-11 13:03:44.745+06	2025-05-11 13:03:44.745+06	ordli_01JTZ2G9V54V3E0DDWQVATNYM8	\N
ordlitxl_01JV2HYT3YXX2JD7F41FG7TJ74	Bangladesh	txr_01JNX8H0S9X07PTNVN7PBW3NXB		0	{"value": "0", "precision": 20}	system	2025-05-12 21:31:32.1+06	2025-05-12 21:31:32.1+06	ordli_01JV2HYT3YWVBGPWJBCBHB2JNQ	\N
ordlitxl_01JV6SRJFMHNBHMEKPQDTHPZ29	Bangladesh	txr_01JNX8H0S9X07PTNVN7PBW3NXB		0	{"value": "0", "precision": 20}	system	2025-05-14 13:04:54.012+06	2025-05-14 13:04:54.012+06	ordli_01JV6SRJFNZDEASNNPK60M8T3Q	\N
ordlitxl_01JV85E2451Z12WM0FVA8TA9EJ	Bangladesh	txr_01JNX8H0S9X07PTNVN7PBW3NXB		0	{"value": "0", "precision": 20}	system	2025-05-15 01:48:06.921+06	2025-05-15 01:48:06.921+06	ordli_01JV85E2453ZH8JJ3DQN0ANH99	\N
ordlitxl_01JV85G46RJD5GQKAN4C7W121F	Bangladesh	txr_01JNX8H0S9X07PTNVN7PBW3NXB		0	{"value": "0", "precision": 20}	system	2025-05-15 01:49:14.588+06	2025-05-15 01:49:14.588+06	ordli_01JV85G46REN6AA0S0VYNQHK3F	\N
ordlitxl_01JVAG3CT348Y4VZ05A29XYNA7	Bangladesh	txr_01JNX8H0S9X07PTNVN7PBW3NXB		0	{"value": "0", "precision": 20}	system	2025-05-15 23:33:00.621+06	2025-05-15 23:33:00.621+06	ordli_01JVAG3CT4XG4N73R5VG6R7PR8	\N
ordlitxl_01JVAG3CT4AGEZ7SBRG1RYAM40	Bangladesh	txr_01JNX8H0S9X07PTNVN7PBW3NXB		0	{"value": "0", "precision": 20}	system	2025-05-15 23:33:00.621+06	2025-05-15 23:33:00.621+06	ordli_01JVAG3CT54FYVZYK9JM2TGRM1	\N
ordlitxl_01JVAH3NBY8C3VAEA3MN78XWSY	Bangladesh	txr_01JNX8H0S9X07PTNVN7PBW3NXB		0	{"value": "0", "precision": 20}	system	2025-05-15 23:50:37.955+06	2025-05-15 23:50:37.955+06	ordli_01JVAH3NBYHEXT291KFYK2TWT8	\N
ordlitxl_01JVAKPTPATV73S53QCCAAJSNM	Bangladesh	txr_01JNX8H0S9X07PTNVN7PBW3NXB		0	{"value": "0", "precision": 20}	system	2025-05-16 00:36:03.15+06	2025-05-16 00:36:03.15+06	ordli_01JVAKPTPAM6H9A5C9413PMFPF	\N
ordlitxl_01JVANPD34JSS4ETMSA4ACXHFQ	Bangladesh	txr_01JNX8H0S9X07PTNVN7PBW3NXB		0	{"value": "0", "precision": 20}	system	2025-05-16 01:10:46.379+06	2025-05-16 01:10:46.379+06	ordli_01JVANPD34XTZSNPR8W2SDETJ5	\N
ordlitxl_01JVAQF3C61QB2DSCBEQDDY8DR	Bangladesh	txr_01JNX8H0S9X07PTNVN7PBW3NXB		0	{"value": "0", "precision": 20}	system	2025-05-16 01:41:44.201+06	2025-05-16 01:41:44.201+06	ordli_01JVAQF3C6NM006WESZRJ2XE05	\N
ordlitxl_01JVAQNHXHT9YN24CTYHE6VT62	Bangladesh	txr_01JNX8H0S9X07PTNVN7PBW3NXB		0	{"value": "0", "precision": 20}	system	2025-05-16 01:45:15.704+06	2025-05-16 01:45:15.704+06	ordli_01JVAQNHXHZZ1XSPH7KT8C19F9	\N
ordlitxl_01JVB15R31NYV204FM5Y7ZE2NQ	Bangladesh	txr_01JNX8H0S9X07PTNVN7PBW3NXB		0	{"value": "0", "precision": 20}	system	2025-05-16 04:31:23.495+06	2025-05-16 04:31:23.495+06	ordli_01JVB15R31481WFNDSRFB2PZ7A	\N
ordlitxl_01JVC7YPNQTTS9NFKCK6HHMJB2	Bangladesh	txr_01JNX8H0S9X07PTNVN7PBW3NXB		0	{"value": "0", "precision": 20}	system	2025-05-16 15:49:07.134+06	2025-05-16 15:49:07.134+06	ordli_01JVC7YPNRSKGKPDYXYMR32X7E	\N
ordlitxl_01JWPASAM7HVD85JNVS8X9J2A6	Bangladesh	txr_01JNX8H0S9X07PTNVN7PBW3NXB		0	{"value": "0", "precision": 20}	system	2025-06-02 00:06:42.826+06	2025-06-02 00:06:42.826+06	ordli_01JWPASAM7B9ZWB0R2F0ERMY7P	\N
ordlitxl_01JWPBFFD1WZ6GVHTJ2MKWGS38	Bangladesh	txr_01JNX8H0S9X07PTNVN7PBW3NXB		0	{"value": "0", "precision": 20}	system	2025-06-02 00:18:48.613+06	2025-06-02 00:18:48.613+06	ordli_01JWPBFFD1JS5VPEB3D2XS91XX	\N
ordlitxl_01JWR1GJR355D322XX0K1KT353	Bangladesh	txr_01JNX8H0S9X07PTNVN7PBW3NXB		0	{"value": "0", "precision": 20}	system	2025-06-02 16:03:07.911+06	2025-06-02 16:03:07.911+06	ordli_01JWR1GJR3N5ZKA49EMFVD49AS	\N
ordlitxl_01JWR1GJR3K1M4S36T8VHVFCNZ	Bangladesh	txr_01JNX8H0S9X07PTNVN7PBW3NXB		0	{"value": "0", "precision": 20}	system	2025-06-02 16:03:07.912+06	2025-06-02 16:03:07.912+06	ordli_01JWR1GJR31TJC37CP90YR8QXP	\N
ordlitxl_01JWR1HKJ6FV6YSV8HX5K8B9W8	Bangladesh	txr_01JNX8H0S9X07PTNVN7PBW3NXB		0	{"value": "0", "precision": 20}	system	2025-06-02 16:03:41.511+06	2025-06-02 16:03:41.511+06	ordli_01JWR1HKJ6BQ3M4VR581Q5PY42	\N
ordlitxl_01JWR42N97Y6RW6ZT5GR0BRSCB	Bangladesh	txr_01JNX8H0S9X07PTNVN7PBW3NXB		0	{"value": "0", "precision": 20}	system	2025-06-02 16:47:57.482+06	2025-06-02 16:47:57.482+06	ordli_01JWR42N970NN0780JJKKAGK1H	\N
ordlitxl_01JWR48BMK15YAVBKQ3FSAQYDR	Bangladesh	txr_01JNX8H0S9X07PTNVN7PBW3NXB		0	{"value": "0", "precision": 20}	system	2025-06-02 16:51:04.214+06	2025-06-02 16:51:04.214+06	ordli_01JWR48BMMJ5VCZGYT9FF55Q2R	\N
ordlitxl_01JWR50PZPFE3XWQTXW7DEJYN2	Bangladesh	txr_01JNX8H0S9X07PTNVN7PBW3NXB		0	{"value": "0", "precision": 20}	system	2025-06-02 17:04:22.264+06	2025-06-02 17:04:22.264+06	ordli_01JWR50PZP2MASGZJ28TN0KP89	\N
ordlitxl_01JWR56X8C73QW8EG6RP1Y1C8J	Bangladesh	txr_01JNX8H0S9X07PTNVN7PBW3NXB		0	{"value": "0", "precision": 20}	system	2025-06-02 17:07:45.296+06	2025-06-02 17:07:45.296+06	ordli_01JWR56X8C0DF7PQVZ8MXD4C1F	\N
ordlitxl_01JWR6GFQZBS0MRT880Y6MKKKW	Bangladesh	txr_01JNX8H0S9X07PTNVN7PBW3NXB		0	{"value": "0", "precision": 20}	system	2025-06-02 17:30:27.714+06	2025-06-02 17:30:27.714+06	ordli_01JWR6GFQZ9NWW57RGKH612GDY	\N
ordlitxl_01JWR6RRW241J4WQZ7BACJK0DQ	Bangladesh	txr_01JNX8H0S9X07PTNVN7PBW3NXB		0	{"value": "0", "precision": 20}	system	2025-06-02 17:34:59.206+06	2025-06-02 17:34:59.206+06	ordli_01JWR6RRW3PG8571K782V5CF8N	\N
ordlitxl_01JWR7K96D9G8JDC9R2RZCNST2	Bangladesh	txr_01JNX8H0S9X07PTNVN7PBW3NXB		0	{"value": "0", "precision": 20}	system	2025-06-02 17:49:27.889+06	2025-06-02 17:49:27.889+06	ordli_01JWR7K96DKQR3JBA8YCK82M6E	\N
ordlitxl_01JWR8RSXG8W3YZ6DJ1Y313AQK	Bangladesh	txr_01JNX8H0S9X07PTNVN7PBW3NXB		0	{"value": "0", "precision": 20}	system	2025-06-02 18:09:57.429+06	2025-06-02 18:09:57.429+06	ordli_01JWR8RSXHQC17NFHZ5EERV6HB	\N
ordlitxl_01JY1QN8MJX6NW1KPXCDDW61MY	Bangladesh	txr_01JNX8H0S9X07PTNVN7PBW3NXB		0	{"value": "0", "precision": 20}	system	2025-06-18 20:39:01.781+06	2025-06-18 20:39:01.781+06	ordli_01JY1QN8MJH7YJRHDEW3QDDJFX	\N
\.


--
-- Data for Name: order_payment_collection; Type: TABLE DATA; Schema: public; Owner: -
--

COPY public.order_payment_collection (order_id, payment_collection_id, id, created_at, updated_at, deleted_at) FROM stdin;
order_01JMCNJAF43DY64PYCHRR9C2M6	pay_col_01JMCNJ77GNVMZNR7XEK2ZZRS8	ordpay_01JMCNJASTPZJRM8DEAN8GANZB	2025-02-18 19:57:09.03909+06	2025-02-18 19:57:09.03909+06	\N
order_01JMPQDX28SDTY90R92MFNJMXP	pay_col_01JMPQB8VPXC2NB3TJQQNVRC45	ordpay_01JMPQDX9SWFDP92XJM8ZTPGFM	2025-02-22 17:42:05.611247+06	2025-02-22 17:42:05.611247+06	\N
order_01JMZ3F51GG6JAN6H669Q93R3R	pay_col_01JMZ3F2XQDT5TQG68SJ5JRCCM	ordpay_01JMZ3F58SSKXCRQSZ7FDG6XJT	2025-02-25 23:46:24.888951+06	2025-02-25 23:46:24.888951+06	\N
order_01JNX61R3ZP9763N9G1DRQDJB8	pay_col_01JNX5W6G2ZEX257BWCNW0JZGS	ordpay_01JNX61REQFFMPP3ENNS60Y5NG	2025-03-09 16:08:44.479254+06	2025-03-09 16:08:44.479254+06	\N
order_01JNX6MZNQ3D0A7WBAYTAQ4W3F	pay_col_01JNX6DQNH4E83DRDBC2CPM3WG	ordpay_01JNX6MZRH7RV0FATWHHNTXKXT	2025-03-09 16:19:14.569452+06	2025-03-09 16:19:14.569452+06	\N
order_01JQ78WM5ZYCAXSMGW7KM020B6	pay_col_01JQ78WEWQSD46C318JNDWYTTM	ordpay_01JQ78WMK6XBEZVFYR1DJFCG21	2025-03-26 00:26:28.566095+06	2025-03-26 00:26:28.566095+06	\N
order_01JQH7D5P2YJWKHEEJPHQHMWNF	pay_col_01JQE42VJ3RY3STBVBYMZQN2PS	ordpay_01JQH7D5Y20KJVMMBW02S422YV	2025-03-29 21:12:57.779326+06	2025-03-29 21:12:57.779326+06	\N
order_01JQS32NN560VZZ19PGWX2JTAM	pay_col_01JQS32GJDZQWZ9DAQAZE80EQF	ordpay_01JQS32P5KF36NPGFY6DNDPJ03	2025-04-01 22:31:15.102791+06	2025-04-01 22:31:15.102791+06	\N
order_01JTYC3RCZQ9TK5KCGM8ERR5A7	pay_col_01JTYC3PDRMZ33DMXVMM4AGR8D	ordpay_01JTYC3RZ4BNE4DBZBRGDA0DE2	2025-05-11 06:32:25.554344+06	2025-05-11 06:32:25.554344+06	\N
order_01JTZ2G9V4C7WWBRYAV57CX1R8	pay_col_01JTZ2FYNC064Q5MMTH984QMH4	ordpay_01JTZ2GA60GJ799V2GA868SKZC	2025-05-11 13:03:45.077068+06	2025-05-11 13:03:45.077068+06	\N
order_01JV2HYT3XH54EQY7M4H1RVHPS	pay_col_01JV2HYQSAVQNA2FSRTTJZWK3N	ordpay_01JV2HYTDVTJ6YK2EF8DBRR7FV	2025-05-12 21:31:32.395329+06	2025-05-12 21:31:32.395329+06	\N
order_01JV6SRJFJFKCC0YB8F1S9YNV7	pay_col_01JV6SRFZG1FBWVEECPB2BSQC4	ordpay_01JV6SRJV3NRF8Y45B5AC5VWH7	2025-05-14 13:04:54.35783+06	2025-05-14 13:04:54.35783+06	\N
order_01JV85E244W709HK2DCVRVKW4H	pay_col_01JV85C50PNPC51HAXYHSK6Z8E	ordpay_01JV85E2CJSWSTXTEF4GC9RZ1J	2025-05-15 01:48:07.173348+06	2025-05-15 01:48:07.173348+06	\N
order_01JV85G46PC72YT56WCSYV08TF	pay_col_01JV85G2R89GSTYD2EBK0VQ8HN	ordpay_01JV85G49K38E5K6AX0KT49CDS	2025-05-15 01:49:14.662369+06	2025-05-15 01:49:14.662369+06	\N
order_01JVAG3CT1EDCTN2FVTR1EWW9P	pay_col_01JVAG3AT8G4D5GCEMTXJ2TYFK	ordpay_01JVAG3CZA75QD6KR97Q327V1P	2025-05-15 23:33:00.758653+06	2025-05-15 23:33:00.758653+06	\N
order_01JVAH3NBW3R5W8TS70XPF2XD1	pay_col_01JVAH3KZ2D0M5W21HCYS1Y56X	ordpay_01JVAH3NH7P4C20YHCXPTRKBM2	2025-05-15 23:50:38.086831+06	2025-05-15 23:50:38.086831+06	\N
order_01JVAKPTP9ZN9BVPZHCV3PZYNV	pay_col_01JVAKPS2N9J3XJ7FGGPXY31CW	ordpay_01JVAKPTSNVJXPVDE6S9XPT5D4	2025-05-16 00:36:03.234684+06	2025-05-16 00:36:03.234684+06	\N
order_01JVANPD30B3X8HRRTD8ZBY410	pay_col_01JVANPBMHB7JCKYN6H339WYXH	ordpay_01JVANPD71266Y4KHCCM7X58BZ	2025-05-16 01:10:46.480972+06	2025-05-16 01:10:46.480972+06	\N
order_01JVAQF3C52QS4VW561RB2E9RW	pay_col_01JVAQF1Y61S6YYYEYMWQ2133V	ordpay_01JVAQF3FHVNQAEER3ATJH9H8M	2025-05-16 01:41:44.286833+06	2025-05-16 01:41:44.286833+06	\N
order_01JVAQNHXEZXSWY4JSBH61N891	pay_col_01JVAQNGCH13SQ26Z5QWYNMAPP	ordpay_01JVAQNJ1DX9M3J52K77WJERTB	2025-05-16 01:45:15.802803+06	2025-05-16 01:45:15.802803+06	\N
order_01JVB15R2Z563128FR18320R0Z	pay_col_01JVB15P5RQ324EJAJFRQVGNK1	ordpay_01JVB15R9RTY8G5284DJMZWE2R	2025-05-16 04:31:23.691604+06	2025-05-16 04:31:23.691604+06	\N
order_01JVC7YPNK7PDQAB205SW239Q4	pay_col_01JVC7YMSVXX0PZDCGGW1TN8P6	ordpay_01JVC7YQ9A19F93DVM4DN2P3PT	2025-05-16 15:49:07.738244+06	2025-05-16 15:49:07.738244+06	\N
order_01JWPASAM75KJVXA6B04A4MKBX	pay_col_01JWPANMDRS2YC792DZEK442K5	ordpay_01JWPASAYG1R9F1W3FKFHXRGBM	2025-06-02 00:06:43.150644+06	2025-06-02 00:06:43.150644+06	\N
order_01JWPBFFCZ1YTX20D62N4E76EE	pay_col_01JWPBFDA6T5JPYWF1CSDKSRHD	ordpay_01JWPBFFFEJ1QMWSYW76NFDD3S	2025-06-02 00:18:48.67475+06	2025-06-02 00:18:48.67475+06	\N
order_01JWR1GJR2GA5WVRGNS1Q6TABW	pay_col_01JWR1GGTZ7R46HHPGK20XN2TD	ordpay_01JWR1GK4A7666TH9P4STB1129	2025-06-02 16:03:08.285899+06	2025-06-02 16:03:08.285899+06	\N
order_01JWR1HKJ5CN4ZV00BV7STZSJQ	pay_col_01JWR1HJ0RXFZ51G2QB42MSWA1	ordpay_01JWR1HKKWWG8P5DTESB06QR9H	2025-06-02 16:03:41.556201+06	2025-06-02 16:03:41.556201+06	\N
order_01JWR42N971AWR051NQJ7KPQQF	pay_col_01JWR42K06QEHYJ5QFTEPEM5A8	ordpay_01JWR42NXNH8M4BA3TP1NF5W7E	2025-06-02 16:47:58.115229+06	2025-06-02 16:47:58.115229+06	\N
order_01JWR48BMKQGNCY5K5FZFVSNXM	pay_col_01JWR48AEYK316F79TE922JVXZ	ordpay_01JWR48BPNMVG8YNCSMA02X23X	2025-06-02 16:51:04.267034+06	2025-06-02 16:51:04.267034+06	\N
order_01JWR50PZPNHC1R4KTFGX38K7K	pay_col_01JWR50NQ7B4MK96BSJWWWK0WV	ordpay_01JWR50Q2T7TWZMBEP3DE0YKHC	2025-06-02 17:04:22.352715+06	2025-06-02 17:04:22.352715+06	\N
order_01JWR56X8AP6AP091TMQG56KZJ	pay_col_01JWR56W71EXQPQ7KKTZY9YJPA	ordpay_01JWR56XBFBWN993ZAVSV5X3YC	2025-06-02 17:07:45.369447+06	2025-06-02 17:07:45.369447+06	\N
order_01JWR6GFQY8KPNJD14T7RAS358	pay_col_01JWR6GENFE95YF5GMFQQ2YRJ6	ordpay_01JWR6GFSZH5J1VY311TT8DQXH	2025-06-02 17:30:27.765726+06	2025-06-02 17:30:27.765726+06	\N
order_01JWR6RRW19APPF46P5VAAF20S	pay_col_01JWR6RQKFTFJ4F2X94QWTK7MS	ordpay_01JWR6RRY3CGBG3CRWTNJSGKCJ	2025-06-02 17:34:59.258465+06	2025-06-02 17:34:59.258465+06	\N
order_01JWR7K96C5TEM16MCTS0WZQMC	pay_col_01JWR7K85GX932XP3FJ9T98GDY	ordpay_01JWR7K98S1BJQ1PAN3D1YWMXB	2025-06-02 17:49:27.949419+06	2025-06-02 17:49:27.949419+06	\N
order_01JWR8RSXF37GM0X4W3ARNJ821	pay_col_01JWR8RRRMJ0X8R07BRXQFSTRT	ordpay_01JWR8RSZR9ZK3WKY950FGRQPR	2025-06-02 18:09:57.487675+06	2025-06-02 18:09:57.487675+06	\N
order_01JY1QN8MJ41FWMFHKHVWZ62EC	pay_col_01JY1QN2YEZJH4H03HP64Q0PZ0	ordpay_01JY1QN95KRA1YD9MQRXYYME69	2025-06-18 20:39:02.314892+06	2025-06-18 20:39:02.314892+06	\N
\.


--
-- Data for Name: order_promotion; Type: TABLE DATA; Schema: public; Owner: -
--

COPY public.order_promotion (order_id, promotion_id, id, created_at, updated_at, deleted_at) FROM stdin;
\.


--
-- Data for Name: order_shipping; Type: TABLE DATA; Schema: public; Owner: -
--

COPY public.order_shipping (id, order_id, version, shipping_method_id, created_at, updated_at, deleted_at, return_id, claim_id, exchange_id) FROM stdin;
ordspmv_01JMCNJAF4SA76PZ7P3TC79Z95	order_01JMCNJAF43DY64PYCHRR9C2M6	1	ordsm_01JMCNJAF4E93CXKTEEFTNRA1R	2025-02-18 19:57:08.715+06	2025-02-18 19:57:08.715+06	\N	\N	\N	\N
ordspmv_01JMCNPFSXTCRWD8J8RN4QGX3J	order_01JMCNJAF43DY64PYCHRR9C2M6	2	ordsm_01JMCNJAF4E93CXKTEEFTNRA1R	2025-02-18 19:57:08.715+06	2025-02-18 19:57:08.715+06	\N	\N	\N	\N
ordspmv_01JMCNPYQ0A5VCGWERKB47NDV8	order_01JMCNJAF43DY64PYCHRR9C2M6	3	ordsm_01JMCNJAF4E93CXKTEEFTNRA1R	2025-02-18 19:57:08.715+06	2025-02-18 19:57:08.715+06	\N	\N	\N	\N
ordspmv_01JMPQDX28K017M9VRP4E3GY24	order_01JMPQDX28SDTY90R92MFNJMXP	1	ordsm_01JMPQDX28ZYZDXW2ZK1JXNBCF	2025-02-22 17:42:05.386+06	2025-02-22 17:42:05.386+06	\N	\N	\N	\N
ordspmv_01JMPQFFKZQ2ZEYKYGJJCEZH7J	order_01JMPQDX28SDTY90R92MFNJMXP	2	ordsm_01JMPQDX28ZYZDXW2ZK1JXNBCF	2025-02-22 17:42:05.386+06	2025-02-22 17:42:05.386+06	\N	\N	\N	\N
ordspmv_01JMPQFSF7BD1P1Y6V575FDD8D	order_01JMPQDX28SDTY90R92MFNJMXP	3	ordsm_01JMPQDX28ZYZDXW2ZK1JXNBCF	2025-02-22 17:42:05.386+06	2025-02-22 17:42:05.386+06	\N	\N	\N	\N
ordspmv_01JMPQGDP9P8KPCC6EBG8APS3V	order_01JMPQDX28SDTY90R92MFNJMXP	4	ordsm_01JMPQDX28ZYZDXW2ZK1JXNBCF	2025-02-22 17:42:05.386+06	2025-02-22 17:42:05.386+06	\N	\N	\N	\N
ordspmv_01JMZ3F51CMH6Y59JYMWFHTMDE	order_01JMZ3F51GG6JAN6H669Q93R3R	1	ordsm_01JMZ3F51CHYAS6SMGYS1XNT2D	2025-02-25 23:46:24.69+06	2025-02-25 23:46:24.69+06	\N	\N	\N	\N
ordspmv_01JMZ3G1JH0SMJ0QQA49WHJP6Y	order_01JMZ3F51GG6JAN6H669Q93R3R	2	ordsm_01JMZ3F51CHYAS6SMGYS1XNT2D	2025-02-25 23:46:24.69+06	2025-02-25 23:46:24.69+06	\N	\N	\N	\N
ordspmv_01JMZ3GBFJFQT9B543NXTFN8YE	order_01JMZ3F51GG6JAN6H669Q93R3R	3	ordsm_01JMZ3F51CHYAS6SMGYS1XNT2D	2025-02-25 23:46:24.69+06	2025-02-25 23:46:24.69+06	\N	\N	\N	\N
ordspmv_01JMZ3GE6TDJW7EGN7PGMRHCPP	order_01JMZ3F51GG6JAN6H669Q93R3R	4	ordsm_01JMZ3F51CHYAS6SMGYS1XNT2D	2025-02-25 23:46:24.69+06	2025-02-25 23:46:24.69+06	\N	\N	\N	\N
ordspmv_01JNX61R3Y6JVNDCZWK34DZW9Y	order_01JNX61R3ZP9763N9G1DRQDJB8	1	ordsm_01JNX61R3YYW51CSQTPX68KCZ5	2025-03-09 16:08:44.161+06	2025-03-09 16:08:44.161+06	\N	\N	\N	\N
ordspmv_01JNX67ZXK7E076ZG8RZ6YD95N	order_01JNX61R3ZP9763N9G1DRQDJB8	2	ordsm_01JNX61R3YYW51CSQTPX68KCZ5	2025-03-09 16:08:44.161+06	2025-03-09 16:08:44.161+06	\N	\N	\N	\N
ordspmv_01JNX6MZNP9HQDN39J2KSSEAHQ	order_01JNX6MZNQ3D0A7WBAYTAQ4W3F	1	ordsm_01JNX6MZNPA73AX083WKXAT9ZY	2025-03-09 16:19:14.488+06	2025-03-09 16:19:14.488+06	\N	\N	\N	\N
ordspmv_01JNY2JNFV09SPJ0AJANZYE3XJ	order_01JNX6MZNQ3D0A7WBAYTAQ4W3F	2	ordsm_01JNX6MZNPA73AX083WKXAT9ZY	2025-03-09 16:19:14.488+06	2025-03-09 16:19:14.488+06	\N	\N	\N	\N
ordspmv_01JQ78WM5Z1JAVGZW52G4Y2ZGE	order_01JQ78WM5ZYCAXSMGW7KM020B6	1	ordsm_01JQ78WM5YWSQ5FX478KZZFDGR	2025-03-26 00:26:28.194+06	2025-03-26 00:26:28.194+06	\N	\N	\N	\N
ordspmv_01JQE4ZXGCK6K1Y3QGBQKXJ3PY	order_01JQ78WM5ZYCAXSMGW7KM020B6	2	ordsm_01JQ78WM5YWSQ5FX478KZZFDGR	2025-03-26 00:26:28.194+06	2025-03-26 00:26:28.194+06	\N	\N	\N	\N
ordspmv_01JQH7D5P2BKHKMCRMXH6WJRMA	order_01JQH7D5P2YJWKHEEJPHQHMWNF	1	ordsm_01JQH7D5P2C13SRBP8Q80X17FX	2025-03-29 21:12:57.543+06	2025-03-29 21:12:57.543+06	\N	\N	\N	\N
ordspmv_01JQH7GSM5R7MVWV90VWAYH5XQ	order_01JQH7D5P2YJWKHEEJPHQHMWNF	2	ordsm_01JQH7D5P2C13SRBP8Q80X17FX	2025-03-29 21:12:57.543+06	2025-03-29 21:12:57.543+06	\N	\N	\N	\N
ordspmv_01JQH7JEH0MG7R7ZFSTDQNX6ZN	order_01JQH7D5P2YJWKHEEJPHQHMWNF	3	ordsm_01JQH7D5P2C13SRBP8Q80X17FX	2025-03-29 21:12:57.543+06	2025-03-29 21:12:57.543+06	\N	\N	\N	\N
ordspmv_01JQH7JVW6D0DAEA7EY01WZN4T	order_01JQH7D5P2YJWKHEEJPHQHMWNF	4	ordsm_01JQH7D5P2C13SRBP8Q80X17FX	2025-03-29 21:12:57.543+06	2025-03-29 21:12:57.543+06	\N	\N	\N	\N
ordspmv_01JQH7K5S01RN4XTWMPRBXH2AG	order_01JQH7D5P2YJWKHEEJPHQHMWNF	5	ordsm_01JQH7D5P2C13SRBP8Q80X17FX	2025-03-29 21:12:57.543+06	2025-03-29 21:12:57.543+06	\N	\N	\N	\N
ordspmv_01JQH7KS4WVAPEF33ED3S3BP6K	order_01JQH7D5P2YJWKHEEJPHQHMWNF	6	ordsm_01JQH7KS4WBA8A23J239WCF314	2025-03-29 21:16:34.077+06	2025-03-29 21:16:34.077+06	\N	return_01JQH7KEEZBS6SHF6B6GEAVRV8	\N	\N
ordspmv_01JQH7KYHT67A2X81SJZ8WHSB7	order_01JQH7D5P2YJWKHEEJPHQHMWNF	6	ordsm_01JQH7D5P2C13SRBP8Q80X17FX	2025-03-29 21:12:57.543+06	2025-03-29 21:12:57.543+06	\N	\N	\N	\N
ordspmv_01JQH7MK4EA3ZEX2QK86Q41E1J	order_01JQH7D5P2YJWKHEEJPHQHMWNF	7	ordsm_01JQH7KS4WBA8A23J239WCF314	2025-03-29 21:16:34.077+06	2025-03-29 21:16:34.077+06	\N	return_01JQH7KEEZBS6SHF6B6GEAVRV8	\N	\N
ordspmv_01JQH7MK4EHF5VPWGHYAPE3PZS	order_01JQH7D5P2YJWKHEEJPHQHMWNF	7	ordsm_01JQH7D5P2C13SRBP8Q80X17FX	2025-03-29 21:12:57.543+06	2025-03-29 21:12:57.543+06	\N	\N	\N	\N
ordspmv_01JQS32NN49G3H6W21AJYN0CJM	order_01JQS32NN560VZZ19PGWX2JTAM	1	ordsm_01JQS32NN3A28AWY4QQWNEFWHF	2025-04-01 22:31:14.61+06	2025-04-01 22:31:14.61+06	\N	\N	\N	\N
ordspmv_01JQS39GJ756767F4NGGZD9E5Y	order_01JQS32NN560VZZ19PGWX2JTAM	2	ordsm_01JQS32NN3A28AWY4QQWNEFWHF	2025-04-01 22:31:14.61+06	2025-04-01 22:31:14.61+06	\N	\N	\N	\N
ordspmv_01JQS39Q5RCGPK27ZK55K9HK3B	order_01JQS32NN560VZZ19PGWX2JTAM	3	ordsm_01JQS32NN3A28AWY4QQWNEFWHF	2025-04-01 22:31:14.61+06	2025-04-01 22:31:14.61+06	\N	\N	\N	\N
ordspmv_01JTYC3RCZWGG3PKXH6HANBXXM	order_01JTYC3RCZQ9TK5KCGM8ERR5A7	1	ordsm_01JTYC3RCZ4DHKXX23Y1JJVQM2	2025-05-11 06:32:24.994+06	2025-05-11 06:32:24.994+06	\N	\N	\N	\N
ordspmv_01JTZ2G9V3NP2396N1GYDCZZBN	order_01JTZ2G9V4C7WWBRYAV57CX1R8	1	ordsm_01JTZ2G9V3W13NFPE4MNT5E99T	2025-05-11 13:03:44.744+06	2025-05-11 13:03:44.744+06	\N	\N	\N	\N
ordspmv_01JV2HYT3W9B854MDGXQ4YDYXY	order_01JV2HYT3XH54EQY7M4H1RVHPS	1	ordsm_01JV2HYT3W9DH0KRXF36EQCQPR	2025-05-12 21:31:32.099+06	2025-05-12 21:31:32.099+06	\N	\N	\N	\N
ordspmv_01JV6SRJFJ4X6ZE22SMMWV3ECC	order_01JV6SRJFJFKCC0YB8F1S9YNV7	1	ordsm_01JV6SRJFJR7DXFQ2FHB2GMN2M	2025-05-14 13:04:54.011+06	2025-05-14 13:04:54.011+06	\N	\N	\N	\N
ordspmv_01JV85E244ERPTZER38BJN239H	order_01JV85E244W709HK2DCVRVKW4H	1	ordsm_01JV85E2438YYGWMGRHJJ8Z2MS	2025-05-15 01:48:06.92+06	2025-05-15 01:48:06.92+06	\N	\N	\N	\N
ordspmv_01JV85G46PR9MVFM8WS4N978RR	order_01JV85G46PC72YT56WCSYV08TF	1	ordsm_01JV85G46NC6P2N1886A6KE707	2025-05-15 01:49:14.587+06	2025-05-15 01:49:14.587+06	\N	\N	\N	\N
ordspmv_01JVAG3CT05ZP08MPJNJS04VDC	order_01JVAG3CT1EDCTN2FVTR1EWW9P	1	ordsm_01JVAG3CT0Q8S3NN7RANV1JTNH	2025-05-15 23:33:00.62+06	2025-05-15 23:33:00.62+06	\N	\N	\N	\N
ordspmv_01JVAG6RC4ZNQRPYFTTY2HBBHW	order_01JVAG3CT1EDCTN2FVTR1EWW9P	2	ordsm_01JVAG3CT0Q8S3NN7RANV1JTNH	2025-05-15 23:33:00.62+06	2025-05-15 23:33:00.62+06	\N	\N	\N	\N
ordspmv_01JVAG8CK82XN4T619S91Z8MFC	order_01JVAG3CT1EDCTN2FVTR1EWW9P	3	ordsm_01JVAG3CT0Q8S3NN7RANV1JTNH	2025-05-15 23:33:00.62+06	2025-05-15 23:33:00.62+06	\N	\N	\N	\N
ordspmv_01JVAGB8DBJBCHJR2GVHCBHH6R	order_01JVAG3CT1EDCTN2FVTR1EWW9P	4	ordsm_01JVAG3CT0Q8S3NN7RANV1JTNH	2025-05-15 23:33:00.62+06	2025-05-15 23:37:18.424+06	2025-05-15 23:37:18.424+06	\N	\N	\N
ordspmv_01JVAH3NBWSYQBCYGDVH041CSB	order_01JVAH3NBW3R5W8TS70XPF2XD1	1	ordsm_01JVAH3NBVGK0Z2GSMA8Q175WQ	2025-05-15 23:50:37.954+06	2025-05-15 23:50:37.954+06	\N	\N	\N	\N
ordspmv_01JVAH76SZQP5M42A68TJGH43K	order_01JVAH3NBW3R5W8TS70XPF2XD1	2	ordsm_01JVAH3NBVGK0Z2GSMA8Q175WQ	2025-05-15 23:50:37.954+06	2025-05-15 23:50:37.954+06	\N	\N	\N	\N
ordspmv_01JVAH7P8ZC4SYV24EYG491TEM	order_01JVAH3NBW3R5W8TS70XPF2XD1	3	ordsm_01JVAH3NBVGK0Z2GSMA8Q175WQ	2025-05-15 23:50:37.954+06	2025-05-15 23:50:37.954+06	\N	\N	\N	\N
ordspmv_01JVAH8BKGXTDX98ZSE8WHTTYY	order_01JVAH3NBW3R5W8TS70XPF2XD1	4	ordsm_01JVAH3NBVGK0Z2GSMA8Q175WQ	2025-05-15 23:50:37.954+06	2025-05-15 23:50:37.954+06	\N	\N	\N	\N
ordspmv_01JVAKCWR2HW3N9KX9X2MTQ84B	order_01JV85G46PC72YT56WCSYV08TF	2	ordsm_01JV85G46NC6P2N1886A6KE707	2025-05-15 01:49:14.587+06	2025-05-15 01:49:14.587+06	\N	\N	\N	\N
ordspmv_01JVAKN5PZRM8T4RS2JY6GX6AS	order_01JV85E244W709HK2DCVRVKW4H	2	ordsm_01JV85E2438YYGWMGRHJJ8Z2MS	2025-05-15 01:48:06.92+06	2025-05-15 01:48:06.92+06	\N	\N	\N	\N
ordspmv_01JVAKPTP9RGXPRQ7XDRBWSB07	order_01JVAKPTP9ZN9BVPZHCV3PZYNV	1	ordsm_01JVAKPTP9TZ77K93VHY3H23GH	2025-05-16 00:36:03.15+06	2025-05-16 00:36:03.15+06	\N	\N	\N	\N
ordspmv_01JVAKS7K9M6NK6YYK6774WR61	order_01JVAKPTP9ZN9BVPZHCV3PZYNV	2	ordsm_01JVAKPTP9TZ77K93VHY3H23GH	2025-05-16 00:36:03.15+06	2025-05-16 00:36:03.15+06	\N	\N	\N	\N
ordspmv_01JVANPD2ZHAJX9EPWRXAPA2K8	order_01JVANPD30B3X8HRRTD8ZBY410	1	ordsm_01JVANPD2ZHYHBM18QFAZNZ1Y8	2025-05-16 01:10:46.379+06	2025-05-16 01:10:46.379+06	\N	\N	\N	\N
ordspmv_01JVANQ4WHMTN6G5GHY7D7R08F	order_01JVANPD30B3X8HRRTD8ZBY410	2	ordsm_01JVANPD2ZHYHBM18QFAZNZ1Y8	2025-05-16 01:10:46.379+06	2025-05-16 01:10:46.379+06	\N	\N	\N	\N
ordspmv_01JVAQ1KNN4QA4VSEVB8DA17G6	order_01JVANPD30B3X8HRRTD8ZBY410	3	ordsm_01JVANPD2ZHYHBM18QFAZNZ1Y8	2025-05-16 01:10:46.379+06	2025-05-16 01:10:46.379+06	\N	\N	\N	\N
ordspmv_01JVAQF3C42PX0RW779V5NKZE6	order_01JVAQF3C52QS4VW561RB2E9RW	1	ordsm_01JVAQF3C4FXQZY01951FX4KFW	2025-05-16 01:41:44.201+06	2025-05-16 01:41:44.201+06	\N	\N	\N	\N
ordspmv_01JVAQFT0QY9F0GMFGGZE2KATA	order_01JVAQF3C52QS4VW561RB2E9RW	2	ordsm_01JVAQF3C4FXQZY01951FX4KFW	2025-05-16 01:41:44.201+06	2025-05-16 01:41:44.201+06	\N	\N	\N	\N
ordspmv_01JVAQG27H9E7ZAS0AB5ZT1GJA	order_01JVAQF3C52QS4VW561RB2E9RW	3	ordsm_01JVAQF3C4FXQZY01951FX4KFW	2025-05-16 01:41:44.201+06	2025-05-16 01:41:44.201+06	\N	\N	\N	\N
ordspmv_01JVAQG4RTHM5K8GDBF3Z0NG2R	order_01JVAQF3C52QS4VW561RB2E9RW	4	ordsm_01JVAQF3C4FXQZY01951FX4KFW	2025-05-16 01:41:44.201+06	2025-05-16 01:41:44.201+06	\N	\N	\N	\N
ordspmv_01JVAQNHXED866PWE59ZSC7MTY	order_01JVAQNHXEZXSWY4JSBH61N891	1	ordsm_01JVAQNHXEMATYKF6FHJQMQX9W	2025-05-16 01:45:15.704+06	2025-05-16 01:45:15.704+06	\N	\N	\N	\N
ordspmv_01JVAQQNE82ZD4JBCAHFBZH3DH	order_01JVAQNHXEZXSWY4JSBH61N891	2	ordsm_01JVAQNHXEMATYKF6FHJQMQX9W	2025-05-16 01:45:15.704+06	2025-05-16 01:45:15.704+06	\N	\N	\N	\N
ordspmv_01JVAQRPK4HJBBJPYMQZ40ZFC6	order_01JVAQNHXEZXSWY4JSBH61N891	3	ordsm_01JVAQNHXEMATYKF6FHJQMQX9W	2025-05-16 01:45:15.704+06	2025-05-16 01:45:15.704+06	\N	\N	\N	\N
ordspmv_01JVAQRYC5BE3WW5M38RQ0PJY0	order_01JVAQNHXEZXSWY4JSBH61N891	4	ordsm_01JVAQNHXEMATYKF6FHJQMQX9W	2025-05-16 01:45:15.704+06	2025-05-16 01:45:15.704+06	\N	\N	\N	\N
ordspmv_01JVB15R2Y66628B5F99DCH968	order_01JVB15R2Z563128FR18320R0Z	1	ordsm_01JVB15R2YJJATP8ATQAPQD8ZS	2025-05-16 04:31:23.494+06	2025-05-16 04:31:23.494+06	\N	\N	\N	\N
ordspmv_01JVC7YPNKJTV0HBPDGR7Y5DDM	order_01JVC7YPNK7PDQAB205SW239Q4	1	ordsm_01JVC7YPNK7CY798WM0AZPHNHJ	2025-05-16 15:49:07.133+06	2025-05-16 15:49:07.133+06	\N	\N	\N	\N
ordspmv_01JVCBHRGDWKK6X0YTHJKSKH1B	order_01JVC7YPNK7PDQAB205SW239Q4	2	ordsm_01JVC7YPNK7CY798WM0AZPHNHJ	2025-05-16 15:49:07.133+06	2025-05-16 15:49:07.133+06	\N	\N	\N	\N
ordspmv_01JVCBN1SZYYMVZSQPKFH5EKK5	order_01JVB15R2Z563128FR18320R0Z	2	ordsm_01JVB15R2YJJATP8ATQAPQD8ZS	2025-05-16 04:31:23.494+06	2025-05-16 04:31:23.494+06	\N	\N	\N	\N
ordspmv_01JWPASAM6YYG27BC41DPE8MMP	order_01JWPASAM75KJVXA6B04A4MKBX	1	ordsm_01JWPASAM6YZYPRR59B1BH9DX1	2025-06-02 00:06:42.825+06	2025-06-02 00:06:42.825+06	\N	\N	\N	\N
ordspmv_01JWPATD9AJ854Y8XXH50K7CQ5	order_01JWPASAM75KJVXA6B04A4MKBX	2	ordsm_01JWPASAM6YZYPRR59B1BH9DX1	2025-06-02 00:06:42.825+06	2025-06-02 00:06:42.825+06	\N	\N	\N	\N
ordspmv_01JWPATNWJWZV5A54C2WSFK26D	order_01JWPASAM75KJVXA6B04A4MKBX	3	ordsm_01JWPASAM6YZYPRR59B1BH9DX1	2025-06-02 00:06:42.825+06	2025-06-02 00:06:42.825+06	\N	\N	\N	\N
ordspmv_01JWPATRSEXW26N25R034XX13B	order_01JWPASAM75KJVXA6B04A4MKBX	4	ordsm_01JWPASAM6YZYPRR59B1BH9DX1	2025-06-02 00:06:42.825+06	2025-06-02 00:06:42.825+06	\N	\N	\N	\N
ordspmv_01JWPBFFCYA89M1R0877GWM1GP	order_01JWPBFFCZ1YTX20D62N4E76EE	1	ordsm_01JWPBFFCYCJFFQGRXHN7CR9AS	2025-06-02 00:18:48.613+06	2025-06-02 00:18:48.613+06	\N	\N	\N	\N
ordspmv_01JWPBG3TV4CVFJR4CV6SHCYKN	order_01JWPBFFCZ1YTX20D62N4E76EE	2	ordsm_01JWPBFFCYCJFFQGRXHN7CR9AS	2025-06-02 00:18:48.613+06	2025-06-02 00:18:48.613+06	\N	\N	\N	\N
ordspmv_01JWPBG7WX1RSV5QK85QF0ZX2A	order_01JWPBFFCZ1YTX20D62N4E76EE	3	ordsm_01JWPBFFCYCJFFQGRXHN7CR9AS	2025-06-02 00:18:48.613+06	2025-06-02 00:18:48.613+06	\N	\N	\N	\N
ordspmv_01JWR1GJR2BH02SFV2Q7E582XT	order_01JWR1GJR2GA5WVRGNS1Q6TABW	1	ordsm_01JWR1GJR25FV6QG8TSQ796K08	2025-06-02 16:03:07.911+06	2025-06-02 16:03:07.911+06	\N	\N	\N	\N
ordspmv_01JWR1HKJ5P0V3TWBH79JXD07P	order_01JWR1HKJ5CN4ZV00BV7STZSJQ	1	ordsm_01JWR1HKJ5EQZNYJP9RB5KEGWM	2025-06-02 16:03:41.511+06	2025-06-02 16:03:41.511+06	\N	\N	\N	\N
ordspmv_01JWR1J9M75BN2DW7FMM2X5BCY	order_01JWR1HKJ5CN4ZV00BV7STZSJQ	2	ordsm_01JWR1HKJ5EQZNYJP9RB5KEGWM	2025-06-02 16:03:41.511+06	2025-06-02 16:03:41.511+06	\N	\N	\N	\N
ordspmv_01JWR1JP8BCX9MBRYSPCVY4GMC	order_01JWR1HKJ5CN4ZV00BV7STZSJQ	3	ordsm_01JWR1HKJ5EQZNYJP9RB5KEGWM	2025-06-02 16:03:41.511+06	2025-06-02 16:03:41.511+06	\N	\N	\N	\N
ordspmv_01JWR3WCJ783BB94FVNTEHHVF6	order_01JWR1GJR2GA5WVRGNS1Q6TABW	2	ordsm_01JWR1GJR25FV6QG8TSQ796K08	2025-06-02 16:03:07.911+06	2025-06-02 16:03:07.911+06	\N	\N	\N	\N
ordspmv_01JWR3WFX2RXAX4YVG8BC59NY1	order_01JWR1GJR2GA5WVRGNS1Q6TABW	3	ordsm_01JWR1GJR25FV6QG8TSQ796K08	2025-06-02 16:03:07.911+06	2025-06-02 16:03:07.911+06	\N	\N	\N	\N
ordspmv_01JWR42N96WKN1V8NGDKM0BF6W	order_01JWR42N971AWR051NQJ7KPQQF	1	ordsm_01JWR42N96XQ3PQCT3KCTRHMAN	2025-06-02 16:47:57.482+06	2025-06-02 16:47:57.482+06	\N	\N	\N	\N
ordspmv_01JWR43B0S42DY119K3Z64JCYP	order_01JWR42N971AWR051NQJ7KPQQF	2	ordsm_01JWR42N96XQ3PQCT3KCTRHMAN	2025-06-02 16:47:57.482+06	2025-06-02 16:47:57.482+06	\N	\N	\N	\N
ordspmv_01JWR43DV455PGAP62C3ZQVX9N	order_01JWR42N971AWR051NQJ7KPQQF	3	ordsm_01JWR42N96XQ3PQCT3KCTRHMAN	2025-06-02 16:47:57.482+06	2025-06-02 16:47:57.482+06	\N	\N	\N	\N
ordspmv_01JWR48BMK0V2HKEP779Y1M5RP	order_01JWR48BMKQGNCY5K5FZFVSNXM	1	ordsm_01JWR48BMKHAYH4Z2XWRKX07DH	2025-06-02 16:51:04.213+06	2025-06-02 16:51:04.213+06	\N	\N	\N	\N
ordspmv_01JWR4CCCP7793RSZSNJ595K0T	order_01JWR48BMKQGNCY5K5FZFVSNXM	2	ordsm_01JWR48BMKHAYH4Z2XWRKX07DH	2025-06-02 16:51:04.213+06	2025-06-02 16:51:04.213+06	\N	\N	\N	\N
ordspmv_01JWR4CSHWG2C3VYM9W3JFF3F0	order_01JWR48BMKQGNCY5K5FZFVSNXM	3	ordsm_01JWR48BMKHAYH4Z2XWRKX07DH	2025-06-02 16:51:04.213+06	2025-06-02 16:51:04.213+06	\N	\N	\N	\N
ordspmv_01JWR4DAKRT99YCPET7PHT12FQ	order_01JWR48BMKQGNCY5K5FZFVSNXM	4	ordsm_01JWR48BMKHAYH4Z2XWRKX07DH	2025-06-02 16:51:04.213+06	2025-06-02 16:53:47.175+06	2025-06-02 16:53:47.174+06	\N	\N	\N
ordspmv_01JWR50PZN2P9HRK406SKM3PP1	order_01JWR50PZPNHC1R4KTFGX38K7K	1	ordsm_01JWR50PZNSHKJ5BNCZ6TVV0K8	2025-06-02 17:04:22.264+06	2025-06-02 17:04:22.264+06	\N	\N	\N	\N
ordspmv_01JWR51BCR02EKDVM2NT3CJDY2	order_01JWR50PZPNHC1R4KTFGX38K7K	2	ordsm_01JWR50PZNSHKJ5BNCZ6TVV0K8	2025-06-02 17:04:22.264+06	2025-06-02 17:04:22.264+06	\N	\N	\N	\N
ordspmv_01JWR51E2NQQGSKNW3RDKTYBBG	order_01JWR50PZPNHC1R4KTFGX38K7K	3	ordsm_01JWR50PZNSHKJ5BNCZ6TVV0K8	2025-06-02 17:04:22.264+06	2025-06-02 17:04:22.264+06	\N	\N	\N	\N
ordspmv_01JWR56X8AVWD9FZ1M0YYEBS0E	order_01JWR56X8AP6AP091TMQG56KZJ	1	ordsm_01JWR56X8ADW84E91FG6EPMD3M	2025-06-02 17:07:45.296+06	2025-06-02 17:07:45.296+06	\N	\N	\N	\N
ordspmv_01JWR580PP0QT0BVFDXC3X3ECS	order_01JWR56X8AP6AP091TMQG56KZJ	2	ordsm_01JWR56X8ADW84E91FG6EPMD3M	2025-06-02 17:07:45.296+06	2025-06-02 17:07:45.296+06	\N	\N	\N	\N
ordspmv_01JWR583SWHY1WC91Q0FM96YGP	order_01JWR56X8AP6AP091TMQG56KZJ	3	ordsm_01JWR56X8ADW84E91FG6EPMD3M	2025-06-02 17:07:45.296+06	2025-06-02 17:07:45.296+06	\N	\N	\N	\N
ordspmv_01JWR6GFQXZKBD0EVMG3NSN5ZD	order_01JWR6GFQY8KPNJD14T7RAS358	1	ordsm_01JWR6GFQX0REP7RX819NTKWYH	2025-06-02 17:30:27.714+06	2025-06-02 17:30:27.714+06	\N	\N	\N	\N
ordspmv_01JWR6H562QE8MQCVEQ0EHZCBJ	order_01JWR6GFQY8KPNJD14T7RAS358	2	ordsm_01JWR6GFQX0REP7RX819NTKWYH	2025-06-02 17:30:27.714+06	2025-06-02 17:30:27.714+06	\N	\N	\N	\N
ordspmv_01JWR6HC84HE07DD6X50HXVGCP	order_01JWR6GFQY8KPNJD14T7RAS358	3	ordsm_01JWR6GFQX0REP7RX819NTKWYH	2025-06-02 17:30:27.714+06	2025-06-02 17:30:27.714+06	\N	\N	\N	\N
ordspmv_01JWR6RRW17EE6KNKCVQRCRH8Y	order_01JWR6RRW19APPF46P5VAAF20S	1	ordsm_01JWR6RRW16910C7S6FEZ2XCAA	2025-06-02 17:34:59.205+06	2025-06-02 17:34:59.205+06	\N	\N	\N	\N
ordspmv_01JWR6SAQWY3DFAEDXESX5CPE7	order_01JWR6RRW19APPF46P5VAAF20S	2	ordsm_01JWR6RRW16910C7S6FEZ2XCAA	2025-06-02 17:34:59.205+06	2025-06-02 17:34:59.205+06	\N	\N	\N	\N
ordspmv_01JWR6SES6MC5XB4SMZAZPMDTQ	order_01JWR6RRW19APPF46P5VAAF20S	3	ordsm_01JWR6RRW16910C7S6FEZ2XCAA	2025-06-02 17:34:59.205+06	2025-06-02 17:34:59.205+06	\N	\N	\N	\N
ordspmv_01JWR7K96CW8RKAP7V59HPNHH2	order_01JWR7K96C5TEM16MCTS0WZQMC	1	ordsm_01JWR7K96CCNZNSXAR8SAFE2BQ	2025-06-02 17:49:27.889+06	2025-06-02 17:49:27.889+06	\N	\N	\N	\N
ordspmv_01JWR7KXNWDGH3A9AAVTKVG0ER	order_01JWR7K96C5TEM16MCTS0WZQMC	2	ordsm_01JWR7K96CCNZNSXAR8SAFE2BQ	2025-06-02 17:49:27.889+06	2025-06-02 17:49:27.889+06	\N	\N	\N	\N
ordspmv_01JWR7MC0A853W9T7HZHKYEV71	order_01JWR7K96C5TEM16MCTS0WZQMC	3	ordsm_01JWR7K96CCNZNSXAR8SAFE2BQ	2025-06-02 17:49:27.889+06	2025-06-02 17:49:27.889+06	\N	\N	\N	\N
ordspmv_01JWR8RSXEPS36DKNK9REN8CKQ	order_01JWR8RSXF37GM0X4W3ARNJ821	1	ordsm_01JWR8RSXEHF93HXVHE8TDDDMN	2025-06-02 18:09:57.429+06	2025-06-02 18:09:57.429+06	\N	\N	\N	\N
ordspmv_01JWR8SEZPAHCRG19646C5AE9A	order_01JWR8RSXF37GM0X4W3ARNJ821	2	ordsm_01JWR8RSXEHF93HXVHE8TDDDMN	2025-06-02 18:09:57.429+06	2025-06-02 18:09:57.429+06	\N	\N	\N	\N
ordspmv_01JWR8SRXRRA5MFK0S15KT37GP	order_01JWR8RSXF37GM0X4W3ARNJ821	3	ordsm_01JWR8RSXEHF93HXVHE8TDDDMN	2025-06-02 18:09:57.429+06	2025-06-02 18:09:57.429+06	\N	\N	\N	\N
ordspmv_01JY1QN8MHEW3KFGMVGZHJRARE	order_01JY1QN8MJ41FWMFHKHVWZ62EC	1	ordsm_01JY1QN8MHYEQJWH6GC2AWDZBH	2025-06-18 20:39:01.78+06	2025-06-18 20:39:01.78+06	\N	\N	\N	\N
\.


--
-- Data for Name: order_shipping_method; Type: TABLE DATA; Schema: public; Owner: -
--

COPY public.order_shipping_method (id, name, description, amount, raw_amount, is_tax_inclusive, shipping_option_id, data, metadata, created_at, updated_at, deleted_at, is_custom_amount) FROM stdin;
ordsm_01JMCNJAF4E93CXKTEEFTNRA1R	Standard Shipping	\N	10	{"value": "10", "precision": 20}	f	so_01JM74X7KQ05QC6WQDY4HJPP0R	{}	\N	2025-02-18 19:57:08.715+06	2025-02-18 19:57:08.715+06	\N	f
ordsm_01JMPQDX28ZYZDXW2ZK1JXNBCF	Express Shipping	\N	10	{"value": "10", "precision": 20}	f	so_01JM74X7KR41WX44NS4Y6ARM7J	{}	\N	2025-02-22 17:42:05.386+06	2025-02-22 17:42:05.386+06	\N	f
ordsm_01JMZ3F51CHYAS6SMGYS1XNT2D	Standard Shipping	\N	10	{"value": "10", "precision": 20}	f	so_01JM74X7KQ05QC6WQDY4HJPP0R	{}	\N	2025-02-25 23:46:24.69+06	2025-02-25 23:46:24.69+06	\N	f
ordsm_01JNX61R3YYW51CSQTPX68KCZ5	Express Shipping	\N	10	{"value": "10", "precision": 20}	f	so_01JM74X7KR41WX44NS4Y6ARM7J	{}	\N	2025-03-09 16:08:44.161+06	2025-03-09 16:08:44.161+06	\N	f
ordsm_01JNX6MZNPA73AX083WKXAT9ZY	Express Shipping	\N	10	{"value": "10", "precision": 20}	f	so_01JM74X7KR41WX44NS4Y6ARM7J	{}	\N	2025-03-09 16:19:14.488+06	2025-03-09 16:19:14.488+06	\N	f
ordsm_01JQ78WM5YWSQ5FX478KZZFDGR	Deffault	\N	100	{"value": "100", "precision": 20}	f	so_01JQ78NHXRGT4Y0G3P1NBCPK48	{}	\N	2025-03-26 00:26:28.194+06	2025-03-26 00:26:28.194+06	\N	f
ordsm_01JQH7D5P2C13SRBP8Q80X17FX	Deffault	\N	100	{"value": "100", "precision": 20}	f	so_01JQ78NHXRGT4Y0G3P1NBCPK48	{}	\N	2025-03-29 21:12:57.543+06	2025-03-29 21:12:57.543+06	\N	f
ordsm_01JQH7KS4WBA8A23J239WCF314	Return	\N	50	{"value": "50", "precision": 20}	f	so_01JQ78P98A84DEHN2ADKTFCY7P	{}	\N	2025-03-29 21:16:34.077+06	2025-03-29 21:16:34.077+06	\N	f
ordsm_01JQS32NN3A28AWY4QQWNEFWHF	Deffault	\N	100	{"value": "100", "precision": 20}	f	so_01JQ78NHXRGT4Y0G3P1NBCPK48	{}	\N	2025-04-01 22:31:14.61+06	2025-04-01 22:31:14.61+06	\N	f
ordsm_01JTYC3RCZ4DHKXX23Y1JJVQM2	Deffault	\N	100	{"value": "100", "precision": 20}	f	so_01JQ78NHXRGT4Y0G3P1NBCPK48	{}	\N	2025-05-11 06:32:24.994+06	2025-05-11 06:32:24.994+06	\N	f
ordsm_01JTZ2G9V3W13NFPE4MNT5E99T	Deffault	\N	100	{"value": "100", "precision": 20}	f	so_01JQ78NHXRGT4Y0G3P1NBCPK48	{}	\N	2025-05-11 13:03:44.744+06	2025-05-11 13:03:44.744+06	\N	f
ordsm_01JV2HYT3W9DH0KRXF36EQCQPR	Deffault	\N	100	{"value": "100", "precision": 20}	f	so_01JQ78NHXRGT4Y0G3P1NBCPK48	{}	\N	2025-05-12 21:31:32.099+06	2025-05-12 21:31:32.099+06	\N	f
ordsm_01JV6SRJFJR7DXFQ2FHB2GMN2M	Deffault	\N	100	{"value": "100", "precision": 20}	f	so_01JQ78NHXRGT4Y0G3P1NBCPK48	{}	\N	2025-05-14 13:04:54.011+06	2025-05-14 13:04:54.011+06	\N	f
ordsm_01JV85E2438YYGWMGRHJJ8Z2MS	Deffault	\N	100	{"value": "100", "precision": 20}	f	so_01JQ78NHXRGT4Y0G3P1NBCPK48	{}	\N	2025-05-15 01:48:06.92+06	2025-05-15 01:48:06.92+06	\N	f
ordsm_01JV85G46NC6P2N1886A6KE707	Deffault	\N	100	{"value": "100", "precision": 20}	f	so_01JQ78NHXRGT4Y0G3P1NBCPK48	{}	\N	2025-05-15 01:49:14.587+06	2025-05-15 01:49:14.587+06	\N	f
ordsm_01JVAG3CT0Q8S3NN7RANV1JTNH	Deffault	\N	100	{"value": "100", "precision": 20}	f	so_01JQ78NHXRGT4Y0G3P1NBCPK48	{}	\N	2025-05-15 23:33:00.62+06	2025-05-15 23:33:00.62+06	\N	f
ordsm_01JVAH3NBVGK0Z2GSMA8Q175WQ	Deffault	\N	100	{"value": "100", "precision": 20}	f	so_01JQ78NHXRGT4Y0G3P1NBCPK48	{}	\N	2025-05-15 23:50:37.954+06	2025-05-15 23:50:37.954+06	\N	f
ordsm_01JVAKPTP9TZ77K93VHY3H23GH	Deffault	\N	100	{"value": "100", "precision": 20}	f	so_01JQ78NHXRGT4Y0G3P1NBCPK48	{}	\N	2025-05-16 00:36:03.15+06	2025-05-16 00:36:03.15+06	\N	f
ordsm_01JVANPD2ZHYHBM18QFAZNZ1Y8	Deffault	\N	100	{"value": "100", "precision": 20}	f	so_01JQ78NHXRGT4Y0G3P1NBCPK48	{}	\N	2025-05-16 01:10:46.378+06	2025-05-16 01:10:46.378+06	\N	f
ordsm_01JVAQF3C4FXQZY01951FX4KFW	Deffault	\N	100	{"value": "100", "precision": 20}	f	so_01JQ78NHXRGT4Y0G3P1NBCPK48	{}	\N	2025-05-16 01:41:44.201+06	2025-05-16 01:41:44.201+06	\N	f
ordsm_01JVAQNHXEMATYKF6FHJQMQX9W	Deffault	\N	100	{"value": "100", "precision": 20}	f	so_01JQ78NHXRGT4Y0G3P1NBCPK48	{}	\N	2025-05-16 01:45:15.703+06	2025-05-16 01:45:15.703+06	\N	f
ordsm_01JVB15R2YJJATP8ATQAPQD8ZS	Deffault	\N	100	{"value": "100", "precision": 20}	f	so_01JQ78NHXRGT4Y0G3P1NBCPK48	{}	\N	2025-05-16 04:31:23.494+06	2025-05-16 04:31:23.494+06	\N	f
ordsm_01JVC7YPNK7CY798WM0AZPHNHJ	Deffault	\N	100	{"value": "100", "precision": 20}	f	so_01JQ78NHXRGT4Y0G3P1NBCPK48	{}	\N	2025-05-16 15:49:07.133+06	2025-05-16 15:49:07.133+06	\N	f
ordsm_01JWPASAM6YZYPRR59B1BH9DX1	Default	\N	100	{"value": "100", "precision": 20}	f	so_01JQ78NHXRGT4Y0G3P1NBCPK48	{}	\N	2025-06-02 00:06:42.825+06	2025-06-02 00:06:42.825+06	\N	f
ordsm_01JWPBFFCYCJFFQGRXHN7CR9AS	Default	\N	100	{"value": "100", "precision": 20}	f	so_01JQ78NHXRGT4Y0G3P1NBCPK48	{}	\N	2025-06-02 00:18:48.613+06	2025-06-02 00:18:48.613+06	\N	f
ordsm_01JWR1GJR25FV6QG8TSQ796K08	Default	\N	100	{"value": "100", "precision": 20}	f	so_01JQ78NHXRGT4Y0G3P1NBCPK48	{}	\N	2025-06-02 16:03:07.911+06	2025-06-02 16:03:07.911+06	\N	f
ordsm_01JWR1HKJ5EQZNYJP9RB5KEGWM	Default	\N	100	{"value": "100", "precision": 20}	f	so_01JQ78NHXRGT4Y0G3P1NBCPK48	{}	\N	2025-06-02 16:03:41.511+06	2025-06-02 16:03:41.511+06	\N	f
ordsm_01JWR42N96XQ3PQCT3KCTRHMAN	Default	\N	100	{"value": "100", "precision": 20}	f	so_01JQ78NHXRGT4Y0G3P1NBCPK48	{}	\N	2025-06-02 16:47:57.482+06	2025-06-02 16:47:57.482+06	\N	f
ordsm_01JWR48BMKHAYH4Z2XWRKX07DH	Default	\N	100	{"value": "100", "precision": 20}	f	so_01JQ78NHXRGT4Y0G3P1NBCPK48	{}	\N	2025-06-02 16:51:04.213+06	2025-06-02 16:51:04.213+06	\N	f
ordsm_01JWR50PZNSHKJ5BNCZ6TVV0K8	Default	\N	100	{"value": "100", "precision": 20}	f	so_01JQ78NHXRGT4Y0G3P1NBCPK48	{}	\N	2025-06-02 17:04:22.264+06	2025-06-02 17:04:22.264+06	\N	f
ordsm_01JWR56X8ADW84E91FG6EPMD3M	Default	\N	100	{"value": "100", "precision": 20}	f	so_01JQ78NHXRGT4Y0G3P1NBCPK48	{}	\N	2025-06-02 17:07:45.295+06	2025-06-02 17:07:45.295+06	\N	f
ordsm_01JWR6GFQX0REP7RX819NTKWYH	Default	\N	100	{"value": "100", "precision": 20}	f	so_01JQ78NHXRGT4Y0G3P1NBCPK48	{}	\N	2025-06-02 17:30:27.714+06	2025-06-02 17:30:27.714+06	\N	f
ordsm_01JWR6RRW16910C7S6FEZ2XCAA	Default	\N	100	{"value": "100", "precision": 20}	f	so_01JQ78NHXRGT4Y0G3P1NBCPK48	{}	\N	2025-06-02 17:34:59.205+06	2025-06-02 17:34:59.205+06	\N	f
ordsm_01JWR7K96CCNZNSXAR8SAFE2BQ	Default	\N	100	{"value": "100", "precision": 20}	f	so_01JQ78NHXRGT4Y0G3P1NBCPK48	{}	\N	2025-06-02 17:49:27.888+06	2025-06-02 17:49:27.888+06	\N	f
ordsm_01JWR8RSXEHF93HXVHE8TDDDMN	Default	\N	100	{"value": "100", "precision": 20}	f	so_01JQ78NHXRGT4Y0G3P1NBCPK48	{}	\N	2025-06-02 18:09:57.429+06	2025-06-02 18:09:57.429+06	\N	f
ordsm_01JY1QN8MHYEQJWH6GC2AWDZBH	Default	\N	100	{"value": "100", "precision": 20}	f	so_01JQ78NHXRGT4Y0G3P1NBCPK48	{}	\N	2025-06-18 20:39:01.78+06	2025-06-18 20:39:01.78+06	\N	f
\.


--
-- Data for Name: order_shipping_method_adjustment; Type: TABLE DATA; Schema: public; Owner: -
--

COPY public.order_shipping_method_adjustment (id, description, promotion_id, code, amount, raw_amount, provider_id, created_at, updated_at, shipping_method_id, deleted_at) FROM stdin;
\.


--
-- Data for Name: order_shipping_method_tax_line; Type: TABLE DATA; Schema: public; Owner: -
--

COPY public.order_shipping_method_tax_line (id, description, tax_rate_id, code, rate, raw_rate, provider_id, created_at, updated_at, shipping_method_id, deleted_at) FROM stdin;
ordsmtxl_01JQ78WM5YY80CB7AR8WWGJ5N6	Bangladesh	txr_01JNX8H0S9X07PTNVN7PBW3NXB		0	{"value": "0", "precision": 20}	system	2025-03-26 00:26:28.195+06	2025-03-26 00:26:28.195+06	ordsm_01JQ78WM5YWSQ5FX478KZZFDGR	\N
ordsmtxl_01JQH7KS9AGHE1B6SHWA3HHYJ2	Bangladesh	txr_01JNX8H0S9X07PTNVN7PBW3NXB		0	{"value": "0", "precision": 20}	system	2025-03-29 21:16:34.218+06	2025-03-29 21:16:34.218+06	ordsm_01JQH7KS4WBA8A23J239WCF314	\N
ordsmtxl_01JQS32NN33BGX8YJCDQ86ZJST	Bangladesh	txr_01JNX8H0S9X07PTNVN7PBW3NXB		0	{"value": "0", "precision": 20}	system	2025-04-01 22:31:14.611+06	2025-04-01 22:31:14.611+06	ordsm_01JQS32NN3A28AWY4QQWNEFWHF	\N
ordsmtxl_01JTYC3RCYWYJ2QX3ZSYM4HHYK	Bangladesh	txr_01JNX8H0S9X07PTNVN7PBW3NXB		0	{"value": "0", "precision": 20}	system	2025-05-11 06:32:24.994+06	2025-05-11 06:32:24.994+06	ordsm_01JTYC3RCZ4DHKXX23Y1JJVQM2	\N
ordsmtxl_01JTZ2G9V3K8JXVE8MDPB5QAJZ	Bangladesh	txr_01JNX8H0S9X07PTNVN7PBW3NXB		0	{"value": "0", "precision": 20}	system	2025-05-11 13:03:44.744+06	2025-05-11 13:03:44.744+06	ordsm_01JTZ2G9V3W13NFPE4MNT5E99T	\N
ordsmtxl_01JV2HYT3W8APHFSJ3HT3QCZN5	Bangladesh	txr_01JNX8H0S9X07PTNVN7PBW3NXB		0	{"value": "0", "precision": 20}	system	2025-05-12 21:31:32.099+06	2025-05-12 21:31:32.099+06	ordsm_01JV2HYT3W9DH0KRXF36EQCQPR	\N
ordsmtxl_01JV6SRJFHA9B9TMR3ENHB153B	Bangladesh	txr_01JNX8H0S9X07PTNVN7PBW3NXB		0	{"value": "0", "precision": 20}	system	2025-05-14 13:04:54.012+06	2025-05-14 13:04:54.012+06	ordsm_01JV6SRJFJR7DXFQ2FHB2GMN2M	\N
ordsmtxl_01JV85E243YBFRJBC4270HD12V	Bangladesh	txr_01JNX8H0S9X07PTNVN7PBW3NXB		0	{"value": "0", "precision": 20}	system	2025-05-15 01:48:06.921+06	2025-05-15 01:48:06.921+06	ordsm_01JV85E2438YYGWMGRHJJ8Z2MS	\N
ordsmtxl_01JV85G46N277D2EMWDYJH0QHV	Bangladesh	txr_01JNX8H0S9X07PTNVN7PBW3NXB		0	{"value": "0", "precision": 20}	system	2025-05-15 01:49:14.587+06	2025-05-15 01:49:14.587+06	ordsm_01JV85G46NC6P2N1886A6KE707	\N
ordsmtxl_01JVAG3CSZJV3MR7627XBGFFPJ	Bangladesh	txr_01JNX8H0S9X07PTNVN7PBW3NXB		0	{"value": "0", "precision": 20}	system	2025-05-15 23:33:00.62+06	2025-05-15 23:33:00.62+06	ordsm_01JVAG3CT0Q8S3NN7RANV1JTNH	\N
ordsmtxl_01JVAH3NBV0Z25N8J1BMSK54P4	Bangladesh	txr_01JNX8H0S9X07PTNVN7PBW3NXB		0	{"value": "0", "precision": 20}	system	2025-05-15 23:50:37.955+06	2025-05-15 23:50:37.955+06	ordsm_01JVAH3NBVGK0Z2GSMA8Q175WQ	\N
ordsmtxl_01JVAKPTP84RHJMGSEZ4EJ4XAV	Bangladesh	txr_01JNX8H0S9X07PTNVN7PBW3NXB		0	{"value": "0", "precision": 20}	system	2025-05-16 00:36:03.15+06	2025-05-16 00:36:03.15+06	ordsm_01JVAKPTP9TZ77K93VHY3H23GH	\N
ordsmtxl_01JVANPD2Y9N30G09MB19X52Z9	Bangladesh	txr_01JNX8H0S9X07PTNVN7PBW3NXB		0	{"value": "0", "precision": 20}	system	2025-05-16 01:10:46.379+06	2025-05-16 01:10:46.379+06	ordsm_01JVANPD2ZHYHBM18QFAZNZ1Y8	\N
ordsmtxl_01JVAQF3C43P34B3SM75XWD64E	Bangladesh	txr_01JNX8H0S9X07PTNVN7PBW3NXB		0	{"value": "0", "precision": 20}	system	2025-05-16 01:41:44.201+06	2025-05-16 01:41:44.201+06	ordsm_01JVAQF3C4FXQZY01951FX4KFW	\N
ordsmtxl_01JVAQNHXD654TSM4SQX75259X	Bangladesh	txr_01JNX8H0S9X07PTNVN7PBW3NXB		0	{"value": "0", "precision": 20}	system	2025-05-16 01:45:15.704+06	2025-05-16 01:45:15.704+06	ordsm_01JVAQNHXEMATYKF6FHJQMQX9W	\N
ordsmtxl_01JVB15R2Y8MNS7THX3KADFP4A	Bangladesh	txr_01JNX8H0S9X07PTNVN7PBW3NXB		0	{"value": "0", "precision": 20}	system	2025-05-16 04:31:23.494+06	2025-05-16 04:31:23.494+06	ordsm_01JVB15R2YJJATP8ATQAPQD8ZS	\N
ordsmtxl_01JVC7YPNJHVZPQYD9PG36P4GM	Bangladesh	txr_01JNX8H0S9X07PTNVN7PBW3NXB		0	{"value": "0", "precision": 20}	system	2025-05-16 15:49:07.133+06	2025-05-16 15:49:07.133+06	ordsm_01JVC7YPNK7CY798WM0AZPHNHJ	\N
ordsmtxl_01JWPASAM69WP6D90Y9NH6MAP4	Bangladesh	txr_01JNX8H0S9X07PTNVN7PBW3NXB		0	{"value": "0", "precision": 20}	system	2025-06-02 00:06:42.825+06	2025-06-02 00:06:42.825+06	ordsm_01JWPASAM6YZYPRR59B1BH9DX1	\N
ordsmtxl_01JWPBFFCYP0ADGZMTZJHDXD9H	Bangladesh	txr_01JNX8H0S9X07PTNVN7PBW3NXB		0	{"value": "0", "precision": 20}	system	2025-06-02 00:18:48.613+06	2025-06-02 00:18:48.613+06	ordsm_01JWPBFFCYCJFFQGRXHN7CR9AS	\N
ordsmtxl_01JWR1GJR1555FWSFT2DBFZXB5	Bangladesh	txr_01JNX8H0S9X07PTNVN7PBW3NXB		0	{"value": "0", "precision": 20}	system	2025-06-02 16:03:07.911+06	2025-06-02 16:03:07.911+06	ordsm_01JWR1GJR25FV6QG8TSQ796K08	\N
ordsmtxl_01JWR1HKJ5HNHHMGSAS9786WE2	Bangladesh	txr_01JNX8H0S9X07PTNVN7PBW3NXB		0	{"value": "0", "precision": 20}	system	2025-06-02 16:03:41.511+06	2025-06-02 16:03:41.511+06	ordsm_01JWR1HKJ5EQZNYJP9RB5KEGWM	\N
ordsmtxl_01JWR42N96W17JF3JS20Y9QR3F	Bangladesh	txr_01JNX8H0S9X07PTNVN7PBW3NXB		0	{"value": "0", "precision": 20}	system	2025-06-02 16:47:57.482+06	2025-06-02 16:47:57.482+06	ordsm_01JWR42N96XQ3PQCT3KCTRHMAN	\N
ordsmtxl_01JWR48BMKSR14M0XKW8PYM32F	Bangladesh	txr_01JNX8H0S9X07PTNVN7PBW3NXB		0	{"value": "0", "precision": 20}	system	2025-06-02 16:51:04.214+06	2025-06-02 16:51:04.214+06	ordsm_01JWR48BMKHAYH4Z2XWRKX07DH	\N
ordsmtxl_01JWR50PZNZZ4KNE6NVJX440P1	Bangladesh	txr_01JNX8H0S9X07PTNVN7PBW3NXB		0	{"value": "0", "precision": 20}	system	2025-06-02 17:04:22.264+06	2025-06-02 17:04:22.264+06	ordsm_01JWR50PZNSHKJ5BNCZ6TVV0K8	\N
ordsmtxl_01JWR56X8A3248QKRS6S9BXH44	Bangladesh	txr_01JNX8H0S9X07PTNVN7PBW3NXB		0	{"value": "0", "precision": 20}	system	2025-06-02 17:07:45.296+06	2025-06-02 17:07:45.296+06	ordsm_01JWR56X8ADW84E91FG6EPMD3M	\N
ordsmtxl_01JWR6GFQX8HQWVAAXVWVBMAQF	Bangladesh	txr_01JNX8H0S9X07PTNVN7PBW3NXB		0	{"value": "0", "precision": 20}	system	2025-06-02 17:30:27.714+06	2025-06-02 17:30:27.714+06	ordsm_01JWR6GFQX0REP7RX819NTKWYH	\N
ordsmtxl_01JWR6RRW196CK90KB9Y7N6753	Bangladesh	txr_01JNX8H0S9X07PTNVN7PBW3NXB		0	{"value": "0", "precision": 20}	system	2025-06-02 17:34:59.206+06	2025-06-02 17:34:59.206+06	ordsm_01JWR6RRW16910C7S6FEZ2XCAA	\N
ordsmtxl_01JWR7K96C8NM89BY2QYBPS8W3	Bangladesh	txr_01JNX8H0S9X07PTNVN7PBW3NXB		0	{"value": "0", "precision": 20}	system	2025-06-02 17:49:27.889+06	2025-06-02 17:49:27.889+06	ordsm_01JWR7K96CCNZNSXAR8SAFE2BQ	\N
ordsmtxl_01JWR8RSXEBZQBXAPKVS2APEX4	Bangladesh	txr_01JNX8H0S9X07PTNVN7PBW3NXB		0	{"value": "0", "precision": 20}	system	2025-06-02 18:09:57.429+06	2025-06-02 18:09:57.429+06	ordsm_01JWR8RSXEHF93HXVHE8TDDDMN	\N
ordsmtxl_01JY1QN8MHSG92D2HBZBGHFQAM	Bangladesh	txr_01JNX8H0S9X07PTNVN7PBW3NXB		0	{"value": "0", "precision": 20}	system	2025-06-18 20:39:01.781+06	2025-06-18 20:39:01.781+06	ordsm_01JY1QN8MHYEQJWH6GC2AWDZBH	\N
\.


--
-- Data for Name: order_summary; Type: TABLE DATA; Schema: public; Owner: -
--

COPY public.order_summary (id, order_id, version, totals, created_at, updated_at, deleted_at) FROM stdin;
ordsum_01JMCNJAF1EP773KHF7DQWACT9	order_01JMCNJAF43DY64PYCHRR9C2M6	1	{"paid_total": 20, "difference_sum": 0, "raw_paid_total": {"value": "20", "precision": 20}, "refunded_total": 0, "accounting_total": 20, "credit_line_total": 0, "transaction_total": 20, "pending_difference": 0, "raw_difference_sum": {"value": "0", "precision": 20}, "raw_refunded_total": {"value": "0", "precision": 20}, "current_order_total": 20, "original_order_total": 20, "raw_accounting_total": {"value": "20", "precision": 20}, "raw_credit_line_total": {"value": "0", "precision": 20}, "raw_transaction_total": {"value": "20", "precision": 20}, "raw_pending_difference": {"value": "0", "precision": 20}, "raw_current_order_total": {"value": "20", "precision": 20}, "raw_original_order_total": {"value": "20", "precision": 20}}	2025-02-18 19:57:08.714+06	2025-02-18 19:58:36.18+06	\N
ordsum_01JMCNPFSXZFQD3CMZHFBYX3FF	order_01JMCNJAF43DY64PYCHRR9C2M6	2	{"paid_total": 20, "difference_sum": 0, "raw_paid_total": {"value": "20", "precision": 20}, "refunded_total": 0, "accounting_total": 20, "credit_line_total": 0, "transaction_total": 20, "pending_difference": 0, "raw_difference_sum": {"value": "0", "precision": 20}, "raw_refunded_total": {"value": "0", "precision": 20}, "current_order_total": 20, "original_order_total": 20, "raw_accounting_total": {"value": "20", "precision": 20}, "raw_credit_line_total": {"value": "0", "precision": 20}, "raw_transaction_total": {"value": "20", "precision": 20}, "raw_pending_difference": {"value": "0", "precision": 20}, "raw_current_order_total": {"value": "20", "precision": 20}, "raw_original_order_total": {"value": "20", "precision": 20}}	2025-02-18 19:59:25.25+06	2025-02-18 19:59:25.25+06	\N
ordsum_01JMCNPYQ06603S9JM0R083582	order_01JMCNJAF43DY64PYCHRR9C2M6	3	{"paid_total": 20, "difference_sum": 0, "raw_paid_total": {"value": "20", "precision": 20}, "refunded_total": 0, "accounting_total": 20, "credit_line_total": 0, "transaction_total": 20, "pending_difference": 0, "raw_difference_sum": {"value": "0", "precision": 20}, "raw_refunded_total": {"value": "0", "precision": 20}, "current_order_total": 20, "original_order_total": 20, "raw_accounting_total": {"value": "20", "precision": 20}, "raw_credit_line_total": {"value": "0", "precision": 20}, "raw_transaction_total": {"value": "20", "precision": 20}, "raw_pending_difference": {"value": "0", "precision": 20}, "raw_current_order_total": {"value": "20", "precision": 20}, "raw_original_order_total": {"value": "20", "precision": 20}}	2025-02-18 19:59:40.517+06	2025-02-18 19:59:40.517+06	\N
ordsum_01JMPQDX277D9BBWWHVW7PG4GZ	order_01JMPQDX28SDTY90R92MFNJMXP	1	{"paid_total": 20, "difference_sum": 0, "raw_paid_total": {"value": "20", "precision": 20}, "refunded_total": 0, "accounting_total": 20, "credit_line_total": 0, "transaction_total": 20, "pending_difference": 0, "raw_difference_sum": {"value": "0", "precision": 20}, "raw_refunded_total": {"value": "0", "precision": 20}, "current_order_total": 20, "original_order_total": 20, "raw_accounting_total": {"value": "20", "precision": 20}, "raw_credit_line_total": {"value": "0", "precision": 20}, "raw_transaction_total": {"value": "20", "precision": 20}, "raw_pending_difference": {"value": "0", "precision": 20}, "raw_current_order_total": {"value": "20", "precision": 20}, "raw_original_order_total": {"value": "20", "precision": 20}}	2025-02-22 17:42:05.386+06	2025-02-22 17:42:28.372+06	\N
ordsum_01JMPQFFKZZ1AKMQYJJ4HSYB6X	order_01JMPQDX28SDTY90R92MFNJMXP	2	{"paid_total": 20, "difference_sum": 0, "raw_paid_total": {"value": "20", "precision": 20}, "refunded_total": 0, "accounting_total": 20, "credit_line_total": 0, "transaction_total": 20, "pending_difference": 0, "raw_difference_sum": {"value": "0", "precision": 20}, "raw_refunded_total": {"value": "0", "precision": 20}, "current_order_total": 20, "original_order_total": 20, "raw_accounting_total": {"value": "20", "precision": 20}, "raw_credit_line_total": {"value": "0", "precision": 20}, "raw_transaction_total": {"value": "20", "precision": 20}, "raw_pending_difference": {"value": "0", "precision": 20}, "raw_current_order_total": {"value": "20", "precision": 20}, "raw_original_order_total": {"value": "20", "precision": 20}}	2025-02-22 17:42:57.158+06	2025-02-22 17:42:57.158+06	\N
ordsum_01JMPQFSF6BMP8MDWKQWGDZE4Q	order_01JMPQDX28SDTY90R92MFNJMXP	3	{"paid_total": 20, "difference_sum": 0, "raw_paid_total": {"value": "20", "precision": 20}, "refunded_total": 0, "accounting_total": 20, "credit_line_total": 0, "transaction_total": 20, "pending_difference": 0, "raw_difference_sum": {"value": "0", "precision": 20}, "raw_refunded_total": {"value": "0", "precision": 20}, "current_order_total": 20, "original_order_total": 20, "raw_accounting_total": {"value": "20", "precision": 20}, "raw_credit_line_total": {"value": "0", "precision": 20}, "raw_transaction_total": {"value": "20", "precision": 20}, "raw_pending_difference": {"value": "0", "precision": 20}, "raw_current_order_total": {"value": "20", "precision": 20}, "raw_original_order_total": {"value": "20", "precision": 20}}	2025-02-22 17:43:07.244+06	2025-02-22 17:43:07.244+06	\N
ordsum_01JMPQGDP9Q3JGJG5KGAFH98CN	order_01JMPQDX28SDTY90R92MFNJMXP	4	{"paid_total": 20, "difference_sum": 0, "raw_paid_total": {"value": "20", "precision": 20}, "refunded_total": 0, "accounting_total": 20, "credit_line_total": 0, "transaction_total": 20, "pending_difference": 0, "raw_difference_sum": {"value": "0", "precision": 20}, "raw_refunded_total": {"value": "0", "precision": 20}, "current_order_total": 20, "original_order_total": 20, "raw_accounting_total": {"value": "20", "precision": 20}, "raw_credit_line_total": {"value": "0", "precision": 20}, "raw_transaction_total": {"value": "20", "precision": 20}, "raw_pending_difference": {"value": "0", "precision": 20}, "raw_current_order_total": {"value": "20", "precision": 20}, "raw_original_order_total": {"value": "20", "precision": 20}}	2025-02-22 17:43:27.951+06	2025-02-22 17:43:27.951+06	\N
ordsum_01JMZ3F51CZQGRX01M5CAYB370	order_01JMZ3F51GG6JAN6H669Q93R3R	1	{"paid_total": 30, "difference_sum": 0, "raw_paid_total": {"value": "30", "precision": 20}, "refunded_total": 0, "accounting_total": 30, "credit_line_total": 0, "transaction_total": 30, "pending_difference": 0, "raw_difference_sum": {"value": "0", "precision": 20}, "raw_refunded_total": {"value": "0", "precision": 20}, "current_order_total": 30, "original_order_total": 30, "raw_accounting_total": {"value": "30", "precision": 20}, "raw_credit_line_total": {"value": "0", "precision": 20}, "raw_transaction_total": {"value": "30", "precision": 20}, "raw_pending_difference": {"value": "0", "precision": 20}, "raw_current_order_total": {"value": "30", "precision": 20}, "raw_original_order_total": {"value": "30", "precision": 20}}	2025-02-25 23:46:24.69+06	2025-02-25 23:46:43.352+06	\N
ordsum_01JMZ3G1JH3RVQ7745Q66X8KD2	order_01JMZ3F51GG6JAN6H669Q93R3R	2	{"paid_total": 30, "difference_sum": 0, "raw_paid_total": {"value": "30", "precision": 20}, "refunded_total": 0, "accounting_total": 30, "credit_line_total": 0, "transaction_total": 30, "pending_difference": 0, "raw_difference_sum": {"value": "0", "precision": 20}, "raw_refunded_total": {"value": "0", "precision": 20}, "current_order_total": 30, "original_order_total": 30, "raw_accounting_total": {"value": "30", "precision": 20}, "raw_credit_line_total": {"value": "0", "precision": 20}, "raw_transaction_total": {"value": "30", "precision": 20}, "raw_pending_difference": {"value": "0", "precision": 20}, "raw_current_order_total": {"value": "30", "precision": 20}, "raw_original_order_total": {"value": "30", "precision": 20}}	2025-02-25 23:46:53.911+06	2025-02-25 23:46:53.911+06	\N
ordsum_01JMZ3GBFJNVPFQ4245ZYBRKXK	order_01JMZ3F51GG6JAN6H669Q93R3R	3	{"paid_total": 30, "difference_sum": 0, "raw_paid_total": {"value": "30", "precision": 20}, "refunded_total": 0, "accounting_total": 30, "credit_line_total": 0, "transaction_total": 30, "pending_difference": 0, "raw_difference_sum": {"value": "0", "precision": 20}, "raw_refunded_total": {"value": "0", "precision": 20}, "current_order_total": 30, "original_order_total": 30, "raw_accounting_total": {"value": "30", "precision": 20}, "raw_credit_line_total": {"value": "0", "precision": 20}, "raw_transaction_total": {"value": "30", "precision": 20}, "raw_pending_difference": {"value": "0", "precision": 20}, "raw_current_order_total": {"value": "30", "precision": 20}, "raw_original_order_total": {"value": "30", "precision": 20}}	2025-02-25 23:47:04.058+06	2025-02-25 23:47:04.058+06	\N
ordsum_01JMZ3GE6TAC0J02SKC8CFF9K4	order_01JMZ3F51GG6JAN6H669Q93R3R	4	{"paid_total": 30, "difference_sum": 0, "raw_paid_total": {"value": "30", "precision": 20}, "refunded_total": 0, "accounting_total": 30, "credit_line_total": 0, "transaction_total": 30, "pending_difference": 0, "raw_difference_sum": {"value": "0", "precision": 20}, "raw_refunded_total": {"value": "0", "precision": 20}, "current_order_total": 30, "original_order_total": 30, "raw_accounting_total": {"value": "30", "precision": 20}, "raw_credit_line_total": {"value": "0", "precision": 20}, "raw_transaction_total": {"value": "30", "precision": 20}, "raw_pending_difference": {"value": "0", "precision": 20}, "raw_current_order_total": {"value": "30", "precision": 20}, "raw_original_order_total": {"value": "30", "precision": 20}}	2025-02-25 23:47:06.85+06	2025-02-25 23:47:06.85+06	\N
ordsum_01JNX61R3Y78P6WVRYCG7BGTTZ	order_01JNX61R3ZP9763N9G1DRQDJB8	1	{"paid_total": 20, "difference_sum": 0, "raw_paid_total": {"value": "20", "precision": 20}, "refunded_total": 0, "accounting_total": 20, "credit_line_total": 0, "transaction_total": 20, "pending_difference": 0, "raw_difference_sum": {"value": "0", "precision": 20}, "raw_refunded_total": {"value": "0", "precision": 20}, "current_order_total": 20, "original_order_total": 20, "raw_accounting_total": {"value": "20", "precision": 20}, "raw_credit_line_total": {"value": "0", "precision": 20}, "raw_transaction_total": {"value": "20", "precision": 20}, "raw_pending_difference": {"value": "0", "precision": 20}, "raw_current_order_total": {"value": "20", "precision": 20}, "raw_original_order_total": {"value": "20", "precision": 20}}	2025-03-09 16:08:44.161+06	2025-03-09 16:11:22.713+06	\N
ordsum_01JNX67ZXK4RH4C82KS3SWWAWY	order_01JNX61R3ZP9763N9G1DRQDJB8	2	{"paid_total": 20, "difference_sum": 0, "raw_paid_total": {"value": "20", "precision": 20}, "refunded_total": 0, "accounting_total": 20, "credit_line_total": 0, "transaction_total": 20, "pending_difference": 0, "raw_difference_sum": {"value": "0", "precision": 20}, "raw_refunded_total": {"value": "0", "precision": 20}, "current_order_total": 20, "original_order_total": 20, "raw_accounting_total": {"value": "20", "precision": 20}, "raw_credit_line_total": {"value": "0", "precision": 20}, "raw_transaction_total": {"value": "20", "precision": 20}, "raw_pending_difference": {"value": "0", "precision": 20}, "raw_current_order_total": {"value": "20", "precision": 20}, "raw_original_order_total": {"value": "20", "precision": 20}}	2025-03-09 16:12:08.761+06	2025-03-09 16:12:08.761+06	\N
ordsum_01JNX6MZNP8FF717ZC0MDTMTEY	order_01JNX6MZNQ3D0A7WBAYTAQ4W3F	1	{"paid_total": 0, "difference_sum": 0, "raw_paid_total": {"value": "0", "precision": 20}, "refunded_total": 0, "accounting_total": 30, "credit_line_total": 0, "transaction_total": 0, "pending_difference": 30, "raw_difference_sum": {"value": "0", "precision": 20}, "raw_refunded_total": {"value": "0", "precision": 20}, "current_order_total": 30, "original_order_total": 30, "raw_accounting_total": {"value": "30", "precision": 20}, "raw_credit_line_total": {"value": "0", "precision": 20}, "raw_transaction_total": {"value": "0", "precision": 20}, "raw_pending_difference": {"value": "30", "precision": 20}, "raw_current_order_total": {"value": "30", "precision": 20}, "raw_original_order_total": {"value": "30", "precision": 20}}	2025-03-09 16:19:14.488+06	2025-03-09 16:19:14.488+06	\N
ordsum_01JNY2JNFT9D8K58AE6JSS6F64	order_01JNX6MZNQ3D0A7WBAYTAQ4W3F	2	{"paid_total": 0, "difference_sum": 0, "raw_paid_total": {"value": "0", "precision": 20}, "refunded_total": 0, "accounting_total": 0, "credit_line_total": 30, "transaction_total": 0, "pending_difference": 0, "raw_difference_sum": {"value": "0", "precision": 20}, "raw_refunded_total": {"value": "0", "precision": 20}, "current_order_total": 0, "original_order_total": 30, "raw_accounting_total": {"value": "0", "precision": 20}, "raw_credit_line_total": {"value": "30", "precision": 20}, "raw_transaction_total": {"value": "0", "precision": 20}, "raw_pending_difference": {"value": "0", "precision": 20}, "raw_current_order_total": {"value": "0", "precision": 20}, "raw_original_order_total": {"value": "30", "precision": 20}}	2025-03-10 00:27:18.65+06	2025-03-10 00:27:18.65+06	\N
ordsum_01JQ78WM5VHSYAP1FWKC1M1K57	order_01JQ78WM5ZYCAXSMGW7KM020B6	1	{"paid_total": 0, "difference_sum": 0, "raw_paid_total": {"value": "0", "precision": 20}, "refunded_total": 0, "accounting_total": 600, "credit_line_total": 0, "transaction_total": 0, "pending_difference": 600, "raw_difference_sum": {"value": "0", "precision": 20}, "raw_refunded_total": {"value": "0", "precision": 20}, "current_order_total": 600, "original_order_total": 600, "raw_accounting_total": {"value": "600", "precision": 20}, "raw_credit_line_total": {"value": "0", "precision": 20}, "raw_transaction_total": {"value": "0", "precision": 20}, "raw_pending_difference": {"value": "600", "precision": 20}, "raw_current_order_total": {"value": "600", "precision": 20}, "raw_original_order_total": {"value": "600", "precision": 20}}	2025-03-26 00:26:28.193+06	2025-03-26 00:26:28.193+06	\N
ordsum_01JQE4ZXG8S03EEG9CZ4B8HXC5	order_01JQ78WM5ZYCAXSMGW7KM020B6	2	{"paid_total": 0, "difference_sum": 0, "raw_paid_total": {"value": "0", "precision": 20}, "refunded_total": 0, "accounting_total": 0, "credit_line_total": 600, "transaction_total": 0, "pending_difference": 0, "raw_difference_sum": {"value": "0", "precision": 20}, "raw_refunded_total": {"value": "0", "precision": 20}, "current_order_total": 0, "original_order_total": 600, "raw_accounting_total": {"value": "0", "precision": 20}, "raw_credit_line_total": {"value": "600", "precision": 20}, "raw_transaction_total": {"value": "0", "precision": 20}, "raw_pending_difference": {"value": "0", "precision": 20}, "raw_current_order_total": {"value": "0", "precision": 20}, "raw_original_order_total": {"value": "600", "precision": 20}}	2025-03-28 16:33:02.729+06	2025-03-28 16:33:02.729+06	\N
ordsum_01JQH7D5P1MPA78ZXP0QGWVJDE	order_01JQH7D5P2YJWKHEEJPHQHMWNF	1	{"paid_total": 2600, "difference_sum": 0, "raw_paid_total": {"value": "2600", "precision": 20}, "refunded_total": 1500, "accounting_total": 2600, "credit_line_total": 0, "transaction_total": 1100, "pending_difference": 1500, "raw_difference_sum": {"value": "0", "precision": 20}, "raw_refunded_total": {"value": "1500", "precision": 20}, "current_order_total": 2600, "original_order_total": 2600, "raw_accounting_total": {"value": "2600", "precision": 20}, "raw_credit_line_total": {"value": "0", "precision": 20}, "raw_transaction_total": {"value": "1100", "precision": 20}, "raw_pending_difference": {"value": "1500", "precision": 20}, "raw_current_order_total": {"value": "2600", "precision": 20}, "raw_original_order_total": {"value": "2600", "precision": 20}}	2025-03-29 21:12:57.543+06	2025-03-29 21:15:02.42+06	\N
ordsum_01JQH7GSM257DY3SK311P9JR00	order_01JQH7D5P2YJWKHEEJPHQHMWNF	2	{"paid_total": 2600, "difference_sum": -1500, "raw_paid_total": {"value": "2600", "precision": 20}, "refunded_total": 1500, "accounting_total": 1100, "credit_line_total": 0, "transaction_total": 1100, "pending_difference": 0, "raw_difference_sum": {"value": "-1500", "precision": 20}, "raw_refunded_total": {"value": "1500", "precision": 20}, "current_order_total": 1100, "original_order_total": 2600, "raw_accounting_total": {"value": "1100", "precision": 20}, "raw_credit_line_total": {"value": "0", "precision": 20}, "raw_transaction_total": {"value": "1100", "precision": 20}, "raw_pending_difference": {"value": "0", "precision": 20}, "raw_current_order_total": {"value": "1100", "precision": 20}, "raw_original_order_total": {"value": "2600", "precision": 20}}	2025-03-29 21:14:56.259+06	2025-03-29 21:15:02.42+06	\N
ordsum_01JQH7JEGZX9F73PDNV7ZZTW3K	order_01JQH7D5P2YJWKHEEJPHQHMWNF	3	{"paid_total": 2600, "difference_sum": 0, "raw_paid_total": {"value": "2600", "precision": 20}, "refunded_total": 1500, "accounting_total": 1100, "credit_line_total": 0, "transaction_total": 1100, "pending_difference": 0, "raw_difference_sum": {"value": "0", "precision": 20}, "raw_refunded_total": {"value": "1500", "precision": 20}, "current_order_total": 1100, "original_order_total": 1100, "raw_accounting_total": {"value": "1100", "precision": 20}, "raw_credit_line_total": {"value": "0", "precision": 20}, "raw_transaction_total": {"value": "1100", "precision": 20}, "raw_pending_difference": {"value": "0", "precision": 20}, "raw_current_order_total": {"value": "1100", "precision": 20}, "raw_original_order_total": {"value": "1100", "precision": 20}}	2025-03-29 21:15:50.438+06	2025-03-29 21:15:50.438+06	\N
ordsum_01JQH7JVW6S04FGC96KE71F9DQ	order_01JQH7D5P2YJWKHEEJPHQHMWNF	4	{"paid_total": 2600, "difference_sum": 0, "raw_paid_total": {"value": "2600", "precision": 20}, "refunded_total": 1500, "accounting_total": 1100, "credit_line_total": 0, "transaction_total": 1100, "pending_difference": 0, "raw_difference_sum": {"value": "0", "precision": 20}, "raw_refunded_total": {"value": "1500", "precision": 20}, "current_order_total": 1100, "original_order_total": 1100, "raw_accounting_total": {"value": "1100", "precision": 20}, "raw_credit_line_total": {"value": "0", "precision": 20}, "raw_transaction_total": {"value": "1100", "precision": 20}, "raw_pending_difference": {"value": "0", "precision": 20}, "raw_current_order_total": {"value": "1100", "precision": 20}, "raw_original_order_total": {"value": "1100", "precision": 20}}	2025-03-29 21:16:04.109+06	2025-03-29 21:16:04.109+06	\N
ordsum_01JQH7K5RZFC1VKTMN6R7RRACJ	order_01JQH7D5P2YJWKHEEJPHQHMWNF	5	{"paid_total": 2600, "difference_sum": 0, "raw_paid_total": {"value": "2600", "precision": 20}, "refunded_total": 1500, "accounting_total": 1100, "credit_line_total": 0, "transaction_total": 1100, "pending_difference": 0, "raw_difference_sum": {"value": "0", "precision": 20}, "raw_refunded_total": {"value": "1500", "precision": 20}, "current_order_total": 1100, "original_order_total": 1100, "raw_accounting_total": {"value": "1100", "precision": 20}, "raw_credit_line_total": {"value": "0", "precision": 20}, "raw_transaction_total": {"value": "1100", "precision": 20}, "raw_pending_difference": {"value": "0", "precision": 20}, "raw_current_order_total": {"value": "1100", "precision": 20}, "raw_original_order_total": {"value": "1100", "precision": 20}}	2025-03-29 21:16:14.244+06	2025-03-29 21:16:14.244+06	\N
ordsum_01JQH7KYHSAMJY9XFK1BDC0M5S	order_01JQH7D5P2YJWKHEEJPHQHMWNF	6	{"paid_total": 2600, "difference_sum": -450, "raw_paid_total": {"value": "2600", "precision": 20}, "refunded_total": 1500, "accounting_total": 650, "credit_line_total": 0, "transaction_total": 1100, "pending_difference": -450, "raw_difference_sum": {"value": "-450", "precision": 20}, "raw_refunded_total": {"value": "1500", "precision": 20}, "current_order_total": 650, "original_order_total": 1100, "raw_accounting_total": {"value": "650", "precision": 20}, "raw_credit_line_total": {"value": "0", "precision": 20}, "raw_transaction_total": {"value": "1100", "precision": 20}, "raw_pending_difference": {"value": "-450", "precision": 20}, "raw_current_order_total": {"value": "650", "precision": 20}, "raw_original_order_total": {"value": "1100", "precision": 20}}	2025-03-29 21:16:39.609+06	2025-03-29 21:16:39.609+06	\N
ordsum_01JQH7MK4HY04SWD3EAM731TGV	order_01JQH7D5P2YJWKHEEJPHQHMWNF	7	{"paid_total": 2600, "difference_sum": -500, "raw_paid_total": {"value": "2600", "precision": 20}, "refunded_total": 1500, "accounting_total": 650, "credit_line_total": 0, "transaction_total": 1100, "pending_difference": -450, "raw_difference_sum": {"value": "-500", "precision": 20}, "raw_refunded_total": {"value": "1500", "precision": 20}, "current_order_total": 650, "original_order_total": 1150, "raw_accounting_total": {"value": "650", "precision": 20}, "raw_credit_line_total": {"value": "0", "precision": 20}, "raw_transaction_total": {"value": "1100", "precision": 20}, "raw_pending_difference": {"value": "-450", "precision": 20}, "raw_current_order_total": {"value": "650", "precision": 20}, "raw_original_order_total": {"value": "1150", "precision": 20}}	2025-03-29 21:17:00.689+06	2025-03-29 21:17:00.689+06	\N
ordsum_01JQS32NMYZ5ES294A5R11MYJW	order_01JQS32NN560VZZ19PGWX2JTAM	1	{"paid_total": 2600, "difference_sum": 0, "raw_paid_total": {"value": "2600", "precision": 20}, "refunded_total": 0, "accounting_total": 2600, "credit_line_total": 0, "transaction_total": 2600, "pending_difference": 0, "raw_difference_sum": {"value": "0", "precision": 20}, "raw_refunded_total": {"value": "0", "precision": 20}, "current_order_total": 2600, "original_order_total": 2600, "raw_accounting_total": {"value": "2600", "precision": 20}, "raw_credit_line_total": {"value": "0", "precision": 20}, "raw_transaction_total": {"value": "2600", "precision": 20}, "raw_pending_difference": {"value": "0", "precision": 20}, "raw_current_order_total": {"value": "2600", "precision": 20}, "raw_original_order_total": {"value": "2600", "precision": 20}}	2025-04-01 22:31:14.609+06	2025-04-01 22:34:31.647+06	\N
ordsum_01JQS39GJ6PBFF204P3Y07TVS6	order_01JQS32NN560VZZ19PGWX2JTAM	2	{"paid_total": 2600, "difference_sum": 0, "raw_paid_total": {"value": "2600", "precision": 20}, "refunded_total": 0, "accounting_total": 2600, "credit_line_total": 0, "transaction_total": 2600, "pending_difference": 0, "raw_difference_sum": {"value": "0", "precision": 20}, "raw_refunded_total": {"value": "0", "precision": 20}, "current_order_total": 2600, "original_order_total": 2600, "raw_accounting_total": {"value": "2600", "precision": 20}, "raw_credit_line_total": {"value": "0", "precision": 20}, "raw_transaction_total": {"value": "2600", "precision": 20}, "raw_pending_difference": {"value": "0", "precision": 20}, "raw_current_order_total": {"value": "2600", "precision": 20}, "raw_original_order_total": {"value": "2600", "precision": 20}}	2025-04-01 22:34:58.79+06	2025-04-01 22:34:58.79+06	\N
ordsum_01JQS39Q5QC6WS69ZFKVW69WB6	order_01JQS32NN560VZZ19PGWX2JTAM	3	{"paid_total": 2600, "difference_sum": 0, "raw_paid_total": {"value": "2600", "precision": 20}, "refunded_total": 0, "accounting_total": 2600, "credit_line_total": 0, "transaction_total": 2600, "pending_difference": 0, "raw_difference_sum": {"value": "0", "precision": 20}, "raw_refunded_total": {"value": "0", "precision": 20}, "current_order_total": 2600, "original_order_total": 2600, "raw_accounting_total": {"value": "2600", "precision": 20}, "raw_credit_line_total": {"value": "0", "precision": 20}, "raw_transaction_total": {"value": "2600", "precision": 20}, "raw_pending_difference": {"value": "0", "precision": 20}, "raw_current_order_total": {"value": "2600", "precision": 20}, "raw_original_order_total": {"value": "2600", "precision": 20}}	2025-04-01 22:35:05.54+06	2025-04-01 22:35:05.54+06	\N
ordsum_01JV2HYT3T2YJJXHYTSJCDHKR6	order_01JV2HYT3XH54EQY7M4H1RVHPS	1	{"paid_total": 600, "difference_sum": 0, "raw_paid_total": {"value": "600", "precision": 20}, "refunded_total": 0, "accounting_total": 600, "credit_line_total": 0, "transaction_total": 600, "pending_difference": 0, "raw_difference_sum": {"value": "0", "precision": 20}, "raw_refunded_total": {"value": "0", "precision": 20}, "current_order_total": 600, "original_order_total": 600, "raw_accounting_total": {"value": "600", "precision": 20}, "raw_credit_line_total": {"value": "0", "precision": 20}, "raw_transaction_total": {"value": "600", "precision": 20}, "raw_pending_difference": {"value": "0", "precision": 20}, "raw_current_order_total": {"value": "600", "precision": 20}, "raw_original_order_total": {"value": "600", "precision": 20}}	2025-05-12 21:31:32.098+06	2025-05-16 00:51:16.164+06	\N
ordsum_01JTZ2G9V13ZEZGJMCSWX75ZN7	order_01JTZ2G9V4C7WWBRYAV57CX1R8	1	{"paid_total": 600, "difference_sum": 0, "raw_paid_total": {"value": "600", "precision": 20}, "refunded_total": 0, "accounting_total": 600, "credit_line_total": 0, "transaction_total": 600, "pending_difference": 0, "raw_difference_sum": {"value": "0", "precision": 20}, "raw_refunded_total": {"value": "0", "precision": 20}, "current_order_total": 600, "original_order_total": 600, "raw_accounting_total": {"value": "600", "precision": 20}, "raw_credit_line_total": {"value": "0", "precision": 20}, "raw_transaction_total": {"value": "600", "precision": 20}, "raw_pending_difference": {"value": "0", "precision": 20}, "raw_current_order_total": {"value": "600", "precision": 20}, "raw_original_order_total": {"value": "600", "precision": 20}}	2025-05-11 13:03:44.744+06	2025-05-16 00:59:19.975+06	\N
ordsum_01JTYC3RCY8ZZ4G7YF3EMR4RW6	order_01JTYC3RCZQ9TK5KCGM8ERR5A7	1	{"paid_total": 600, "difference_sum": 0, "raw_paid_total": {"value": "600", "precision": 20}, "refunded_total": 0, "accounting_total": 600, "credit_line_total": 0, "transaction_total": 600, "pending_difference": 0, "raw_difference_sum": {"value": "0", "precision": 20}, "raw_refunded_total": {"value": "0", "precision": 20}, "current_order_total": 600, "original_order_total": 600, "raw_accounting_total": {"value": "600", "precision": 20}, "raw_credit_line_total": {"value": "0", "precision": 20}, "raw_transaction_total": {"value": "600", "precision": 20}, "raw_pending_difference": {"value": "0", "precision": 20}, "raw_current_order_total": {"value": "600", "precision": 20}, "raw_original_order_total": {"value": "600", "precision": 20}}	2025-05-11 06:32:24.994+06	2025-05-16 01:40:34.809+06	\N
ordsum_01JV85E243XSA9H1J5M2M7PECH	order_01JV85E244W709HK2DCVRVKW4H	1	{"paid_total": 0, "difference_sum": 0, "raw_paid_total": {"value": "0", "precision": 20}, "refunded_total": 0, "accounting_total": 200, "credit_line_total": 0, "transaction_total": 0, "pending_difference": 200, "raw_difference_sum": {"value": "0", "precision": 20}, "raw_refunded_total": {"value": "0", "precision": 20}, "current_order_total": 200, "original_order_total": 200, "raw_accounting_total": {"value": "200", "precision": 20}, "raw_credit_line_total": {"value": "0", "precision": 20}, "raw_transaction_total": {"value": "0", "precision": 20}, "raw_pending_difference": {"value": "200", "precision": 20}, "raw_current_order_total": {"value": "200", "precision": 20}, "raw_original_order_total": {"value": "200", "precision": 20}}	2025-05-15 01:48:06.92+06	2025-05-15 01:48:06.92+06	\N
ordsum_01JV85G46MQHRD9988QN1KZV9H	order_01JV85G46PC72YT56WCSYV08TF	1	{"paid_total": 0, "difference_sum": 0, "raw_paid_total": {"value": "0", "precision": 20}, "refunded_total": 0, "accounting_total": 200, "credit_line_total": 0, "transaction_total": 0, "pending_difference": 200, "raw_difference_sum": {"value": "0", "precision": 20}, "raw_refunded_total": {"value": "0", "precision": 20}, "current_order_total": 200, "original_order_total": 200, "raw_accounting_total": {"value": "200", "precision": 20}, "raw_credit_line_total": {"value": "0", "precision": 20}, "raw_transaction_total": {"value": "0", "precision": 20}, "raw_pending_difference": {"value": "200", "precision": 20}, "raw_current_order_total": {"value": "200", "precision": 20}, "raw_original_order_total": {"value": "200", "precision": 20}}	2025-05-15 01:49:14.587+06	2025-05-15 01:49:14.587+06	\N
ordsum_01JVAG3CSXB2GR5P0JQ8G4S793	order_01JVAG3CT1EDCTN2FVTR1EWW9P	1	{"paid_total": 300, "difference_sum": 0, "raw_paid_total": {"value": "300", "precision": 20}, "refunded_total": 0, "accounting_total": 300, "credit_line_total": 0, "transaction_total": 300, "pending_difference": 0, "raw_difference_sum": {"value": "0", "precision": 20}, "raw_refunded_total": {"value": "0", "precision": 20}, "current_order_total": 300, "original_order_total": 300, "raw_accounting_total": {"value": "300", "precision": 20}, "raw_credit_line_total": {"value": "0", "precision": 20}, "raw_transaction_total": {"value": "300", "precision": 20}, "raw_pending_difference": {"value": "0", "precision": 20}, "raw_current_order_total": {"value": "300", "precision": 20}, "raw_original_order_total": {"value": "300", "precision": 20}}	2025-05-15 23:33:00.619+06	2025-05-15 23:35:17.974+06	\N
ordsum_01JVAG6RC4NMJE8DP1P649AT59	order_01JVAG3CT1EDCTN2FVTR1EWW9P	2	{"paid_total": 300, "difference_sum": 0, "raw_paid_total": {"value": "300", "precision": 20}, "refunded_total": 0, "accounting_total": 300, "credit_line_total": 0, "transaction_total": 300, "pending_difference": 0, "raw_difference_sum": {"value": "0", "precision": 20}, "raw_refunded_total": {"value": "0", "precision": 20}, "current_order_total": 300, "original_order_total": 300, "raw_accounting_total": {"value": "300", "precision": 20}, "raw_credit_line_total": {"value": "0", "precision": 20}, "raw_transaction_total": {"value": "300", "precision": 20}, "raw_pending_difference": {"value": "0", "precision": 20}, "raw_current_order_total": {"value": "300", "precision": 20}, "raw_original_order_total": {"value": "300", "precision": 20}}	2025-05-15 23:34:50.769+06	2025-05-15 23:35:17.974+06	\N
ordsum_01JVAG8CK825N8993T848P70RH	order_01JVAG3CT1EDCTN2FVTR1EWW9P	3	{"paid_total": 300, "difference_sum": 0, "raw_paid_total": {"value": "300", "precision": 20}, "refunded_total": 0, "accounting_total": 300, "credit_line_total": 0, "transaction_total": 300, "pending_difference": 0, "raw_difference_sum": {"value": "0", "precision": 20}, "raw_refunded_total": {"value": "0", "precision": 20}, "current_order_total": 300, "original_order_total": 300, "raw_accounting_total": {"value": "300", "precision": 20}, "raw_credit_line_total": {"value": "0", "precision": 20}, "raw_transaction_total": {"value": "300", "precision": 20}, "raw_pending_difference": {"value": "0", "precision": 20}, "raw_current_order_total": {"value": "300", "precision": 20}, "raw_original_order_total": {"value": "300", "precision": 20}}	2025-05-15 23:35:44.245+06	2025-05-15 23:35:44.245+06	\N
ordsum_01JVAGB8DAS24ZQ2EFMMWZ4564	order_01JVAG3CT1EDCTN2FVTR1EWW9P	4	{"paid_total": 300, "difference_sum": 0, "raw_paid_total": {"value": "300", "precision": 20}, "refunded_total": 0, "accounting_total": 300, "credit_line_total": 0, "transaction_total": 300, "pending_difference": 0, "raw_difference_sum": {"value": "0", "precision": 20}, "raw_refunded_total": {"value": "0", "precision": 20}, "current_order_total": 300, "original_order_total": 300, "raw_accounting_total": {"value": "300", "precision": 20}, "raw_credit_line_total": {"value": "0", "precision": 20}, "raw_transaction_total": {"value": "300", "precision": 20}, "raw_pending_difference": {"value": "0", "precision": 20}, "raw_current_order_total": {"value": "300", "precision": 20}, "raw_original_order_total": {"value": "300", "precision": 20}}	2025-05-15 23:37:18.262+06	2025-05-15 23:37:18.39+06	2025-05-15 23:37:18.39+06
ordsum_01JVAH3NBSRBHNY8K6VT6TT8DG	order_01JVAH3NBW3R5W8TS70XPF2XD1	1	{"paid_total": 200, "difference_sum": 0, "raw_paid_total": {"value": "200", "precision": 20}, "refunded_total": 0, "accounting_total": 200, "credit_line_total": 0, "transaction_total": 200, "pending_difference": 0, "raw_difference_sum": {"value": "0", "precision": 20}, "raw_refunded_total": {"value": "0", "precision": 20}, "current_order_total": 200, "original_order_total": 200, "raw_accounting_total": {"value": "200", "precision": 20}, "raw_credit_line_total": {"value": "0", "precision": 20}, "raw_transaction_total": {"value": "200", "precision": 20}, "raw_pending_difference": {"value": "0", "precision": 20}, "raw_current_order_total": {"value": "200", "precision": 20}, "raw_original_order_total": {"value": "200", "precision": 20}}	2025-05-15 23:50:37.954+06	2025-05-15 23:52:14.114+06	\N
ordsum_01JVAH76SZDA0A2GM35R47RK82	order_01JVAH3NBW3R5W8TS70XPF2XD1	2	{"paid_total": 200, "difference_sum": 0, "raw_paid_total": {"value": "200", "precision": 20}, "refunded_total": 0, "accounting_total": 200, "credit_line_total": 0, "transaction_total": 200, "pending_difference": 0, "raw_difference_sum": {"value": "0", "precision": 20}, "raw_refunded_total": {"value": "0", "precision": 20}, "current_order_total": 200, "original_order_total": 200, "raw_accounting_total": {"value": "200", "precision": 20}, "raw_credit_line_total": {"value": "0", "precision": 20}, "raw_transaction_total": {"value": "200", "precision": 20}, "raw_pending_difference": {"value": "0", "precision": 20}, "raw_current_order_total": {"value": "200", "precision": 20}, "raw_original_order_total": {"value": "200", "precision": 20}}	2025-05-15 23:52:34.122+06	2025-05-15 23:52:34.122+06	\N
ordsum_01JVAH7P8Y52421ABHYT0A50EJ	order_01JVAH3NBW3R5W8TS70XPF2XD1	3	{"paid_total": 200, "difference_sum": 0, "raw_paid_total": {"value": "200", "precision": 20}, "refunded_total": 0, "accounting_total": 200, "credit_line_total": 0, "transaction_total": 200, "pending_difference": 0, "raw_difference_sum": {"value": "0", "precision": 20}, "raw_refunded_total": {"value": "0", "precision": 20}, "current_order_total": 200, "original_order_total": 200, "raw_accounting_total": {"value": "200", "precision": 20}, "raw_credit_line_total": {"value": "0", "precision": 20}, "raw_transaction_total": {"value": "200", "precision": 20}, "raw_pending_difference": {"value": "0", "precision": 20}, "raw_current_order_total": {"value": "200", "precision": 20}, "raw_original_order_total": {"value": "200", "precision": 20}}	2025-05-15 23:52:49.96+06	2025-05-15 23:52:49.96+06	\N
ordsum_01JVAH8BKGCHAMZ61W6EH2PJ60	order_01JVAH3NBW3R5W8TS70XPF2XD1	4	{"paid_total": 200, "difference_sum": 0, "raw_paid_total": {"value": "200", "precision": 20}, "refunded_total": 0, "accounting_total": 200, "credit_line_total": 0, "transaction_total": 200, "pending_difference": 0, "raw_difference_sum": {"value": "0", "precision": 20}, "raw_refunded_total": {"value": "0", "precision": 20}, "current_order_total": 200, "original_order_total": 200, "raw_accounting_total": {"value": "200", "precision": 20}, "raw_credit_line_total": {"value": "0", "precision": 20}, "raw_transaction_total": {"value": "200", "precision": 20}, "raw_pending_difference": {"value": "0", "precision": 20}, "raw_current_order_total": {"value": "200", "precision": 20}, "raw_original_order_total": {"value": "200", "precision": 20}}	2025-05-15 23:53:11.803+06	2025-05-15 23:53:11.803+06	\N
ordsum_01JVAKCWR1ZDEZMAT48W1F5AHZ	order_01JV85G46PC72YT56WCSYV08TF	2	{"paid_total": 0, "difference_sum": 0, "raw_paid_total": {"value": "0", "precision": 20}, "refunded_total": 0, "accounting_total": 0, "credit_line_total": 200, "transaction_total": 0, "pending_difference": 0, "raw_difference_sum": {"value": "0", "precision": 20}, "raw_refunded_total": {"value": "0", "precision": 20}, "current_order_total": 0, "original_order_total": 200, "raw_accounting_total": {"value": "0", "precision": 20}, "raw_credit_line_total": {"value": "200", "precision": 20}, "raw_transaction_total": {"value": "0", "precision": 20}, "raw_pending_difference": {"value": "0", "precision": 20}, "raw_current_order_total": {"value": "0", "precision": 20}, "raw_original_order_total": {"value": "200", "precision": 20}}	2025-05-16 00:30:37.569+06	2025-05-16 00:30:37.569+06	\N
ordsum_01JVAKN5PYTXZSFQMZJR4NK5ZF	order_01JV85E244W709HK2DCVRVKW4H	2	{"paid_total": 0, "difference_sum": 0, "raw_paid_total": {"value": "0", "precision": 20}, "refunded_total": 0, "accounting_total": 0, "credit_line_total": 200, "transaction_total": 0, "pending_difference": 0, "raw_difference_sum": {"value": "0", "precision": 20}, "raw_refunded_total": {"value": "0", "precision": 20}, "current_order_total": 0, "original_order_total": 200, "raw_accounting_total": {"value": "0", "precision": 20}, "raw_credit_line_total": {"value": "200", "precision": 20}, "raw_transaction_total": {"value": "0", "precision": 20}, "raw_pending_difference": {"value": "0", "precision": 20}, "raw_current_order_total": {"value": "0", "precision": 20}, "raw_original_order_total": {"value": "200", "precision": 20}}	2025-05-16 00:35:08.894+06	2025-05-16 00:35:08.894+06	\N
ordsum_01JVAKPTP8NM34TRFHSEYNC2TT	order_01JVAKPTP9ZN9BVPZHCV3PZYNV	1	{"paid_total": 200, "difference_sum": 0, "raw_paid_total": {"value": "200", "precision": 20}, "refunded_total": 0, "accounting_total": 200, "credit_line_total": 0, "transaction_total": 200, "pending_difference": 0, "raw_difference_sum": {"value": "0", "precision": 20}, "raw_refunded_total": {"value": "0", "precision": 20}, "current_order_total": 200, "original_order_total": 200, "raw_accounting_total": {"value": "200", "precision": 20}, "raw_credit_line_total": {"value": "0", "precision": 20}, "raw_transaction_total": {"value": "200", "precision": 20}, "raw_pending_difference": {"value": "0", "precision": 20}, "raw_current_order_total": {"value": "200", "precision": 20}, "raw_original_order_total": {"value": "200", "precision": 20}}	2025-05-16 00:36:03.15+06	2025-05-16 00:36:57.149+06	\N
ordsum_01JVAKS7K8VYEQZ3B0XHXS5AEA	order_01JVAKPTP9ZN9BVPZHCV3PZYNV	2	{"paid_total": 200, "difference_sum": 0, "raw_paid_total": {"value": "200", "precision": 20}, "refunded_total": 0, "accounting_total": 200, "credit_line_total": 0, "transaction_total": 200, "pending_difference": 0, "raw_difference_sum": {"value": "0", "precision": 20}, "raw_refunded_total": {"value": "0", "precision": 20}, "current_order_total": 200, "original_order_total": 200, "raw_accounting_total": {"value": "200", "precision": 20}, "raw_credit_line_total": {"value": "0", "precision": 20}, "raw_transaction_total": {"value": "200", "precision": 20}, "raw_pending_difference": {"value": "0", "precision": 20}, "raw_current_order_total": {"value": "200", "precision": 20}, "raw_original_order_total": {"value": "200", "precision": 20}}	2025-05-16 00:37:21.906+06	2025-05-16 00:37:21.906+06	\N
ordsum_01JV6SRJFF8FMR84WYX98AG8QW	order_01JV6SRJFJFKCC0YB8F1S9YNV7	1	{"paid_total": 600, "difference_sum": 0, "raw_paid_total": {"value": "600", "precision": 20}, "refunded_total": 0, "accounting_total": 600, "credit_line_total": 0, "transaction_total": 600, "pending_difference": 0, "raw_difference_sum": {"value": "0", "precision": 20}, "raw_refunded_total": {"value": "0", "precision": 20}, "current_order_total": 600, "original_order_total": 600, "raw_accounting_total": {"value": "600", "precision": 20}, "raw_credit_line_total": {"value": "0", "precision": 20}, "raw_transaction_total": {"value": "600", "precision": 20}, "raw_pending_difference": {"value": "0", "precision": 20}, "raw_current_order_total": {"value": "600", "precision": 20}, "raw_original_order_total": {"value": "600", "precision": 20}}	2025-05-14 13:04:54.011+06	2025-05-16 00:45:00.308+06	\N
ordsum_01JVANPD2VX9YYP9D9NDH4Q8EM	order_01JVANPD30B3X8HRRTD8ZBY410	1	{"paid_total": 200, "difference_sum": 0, "raw_paid_total": {"value": "200", "precision": 20}, "refunded_total": 0, "accounting_total": 200, "credit_line_total": 0, "transaction_total": 200, "pending_difference": 0, "raw_difference_sum": {"value": "0", "precision": 20}, "raw_refunded_total": {"value": "0", "precision": 20}, "current_order_total": 200, "original_order_total": 200, "raw_accounting_total": {"value": "200", "precision": 20}, "raw_credit_line_total": {"value": "0", "precision": 20}, "raw_transaction_total": {"value": "200", "precision": 20}, "raw_pending_difference": {"value": "0", "precision": 20}, "raw_current_order_total": {"value": "200", "precision": 20}, "raw_original_order_total": {"value": "200", "precision": 20}}	2025-05-16 01:10:46.378+06	2025-05-16 01:35:05.914+06	\N
ordsum_01JVANQ4WHMM1XRYGRQ7TEB9VX	order_01JVANPD30B3X8HRRTD8ZBY410	2	{"paid_total": 200, "difference_sum": 0, "raw_paid_total": {"value": "200", "precision": 20}, "refunded_total": 0, "accounting_total": 200, "credit_line_total": 0, "transaction_total": 200, "pending_difference": 0, "raw_difference_sum": {"value": "0", "precision": 20}, "raw_refunded_total": {"value": "0", "precision": 20}, "current_order_total": 200, "original_order_total": 200, "raw_accounting_total": {"value": "200", "precision": 20}, "raw_credit_line_total": {"value": "0", "precision": 20}, "raw_transaction_total": {"value": "200", "precision": 20}, "raw_pending_difference": {"value": "0", "precision": 20}, "raw_current_order_total": {"value": "200", "precision": 20}, "raw_original_order_total": {"value": "200", "precision": 20}}	2025-05-16 01:11:10.745+06	2025-05-16 01:35:05.914+06	\N
ordsum_01JVAQ1KNMDJS455DW1NW181A0	order_01JVANPD30B3X8HRRTD8ZBY410	3	{"paid_total": 200, "difference_sum": 0, "raw_paid_total": {"value": "200", "precision": 20}, "refunded_total": 0, "accounting_total": 200, "credit_line_total": 0, "transaction_total": 200, "pending_difference": 0, "raw_difference_sum": {"value": "0", "precision": 20}, "raw_refunded_total": {"value": "0", "precision": 20}, "current_order_total": 200, "original_order_total": 200, "raw_accounting_total": {"value": "200", "precision": 20}, "raw_credit_line_total": {"value": "0", "precision": 20}, "raw_transaction_total": {"value": "200", "precision": 20}, "raw_pending_difference": {"value": "0", "precision": 20}, "raw_current_order_total": {"value": "200", "precision": 20}, "raw_original_order_total": {"value": "200", "precision": 20}}	2025-05-16 01:34:22.142+06	2025-05-16 01:35:05.915+06	\N
ordsum_01JVAQF3C3R8QZD3P6FMC922D5	order_01JVAQF3C52QS4VW561RB2E9RW	1	{"paid_total": 200, "difference_sum": 0, "raw_paid_total": {"value": "200", "precision": 20}, "refunded_total": 0, "accounting_total": 200, "credit_line_total": 0, "transaction_total": 200, "pending_difference": 0, "raw_difference_sum": {"value": "0", "precision": 20}, "raw_refunded_total": {"value": "0", "precision": 20}, "current_order_total": 200, "original_order_total": 200, "raw_accounting_total": {"value": "200", "precision": 20}, "raw_credit_line_total": {"value": "0", "precision": 20}, "raw_transaction_total": {"value": "200", "precision": 20}, "raw_pending_difference": {"value": "0", "precision": 20}, "raw_current_order_total": {"value": "200", "precision": 20}, "raw_original_order_total": {"value": "200", "precision": 20}}	2025-05-16 01:41:44.201+06	2025-05-16 01:42:01.528+06	\N
ordsum_01JVAQFT0PF2CDA45YVY45G8FF	order_01JVAQF3C52QS4VW561RB2E9RW	2	{"paid_total": 200, "difference_sum": 0, "raw_paid_total": {"value": "200", "precision": 20}, "refunded_total": 0, "accounting_total": 200, "credit_line_total": 0, "transaction_total": 200, "pending_difference": 0, "raw_difference_sum": {"value": "0", "precision": 20}, "raw_refunded_total": {"value": "0", "precision": 20}, "current_order_total": 200, "original_order_total": 200, "raw_accounting_total": {"value": "200", "precision": 20}, "raw_credit_line_total": {"value": "0", "precision": 20}, "raw_transaction_total": {"value": "200", "precision": 20}, "raw_pending_difference": {"value": "0", "precision": 20}, "raw_current_order_total": {"value": "200", "precision": 20}, "raw_original_order_total": {"value": "200", "precision": 20}}	2025-05-16 01:42:07.391+06	2025-05-16 01:42:07.391+06	\N
ordsum_01JVAQG27HR9ZZSWZ4HP9WAZCH	order_01JVAQF3C52QS4VW561RB2E9RW	3	{"paid_total": 200, "difference_sum": 0, "raw_paid_total": {"value": "200", "precision": 20}, "refunded_total": 0, "accounting_total": 200, "credit_line_total": 0, "transaction_total": 200, "pending_difference": 0, "raw_difference_sum": {"value": "0", "precision": 20}, "raw_refunded_total": {"value": "0", "precision": 20}, "current_order_total": 200, "original_order_total": 200, "raw_accounting_total": {"value": "200", "precision": 20}, "raw_credit_line_total": {"value": "0", "precision": 20}, "raw_transaction_total": {"value": "200", "precision": 20}, "raw_pending_difference": {"value": "0", "precision": 20}, "raw_current_order_total": {"value": "200", "precision": 20}, "raw_original_order_total": {"value": "200", "precision": 20}}	2025-05-16 01:42:15.801+06	2025-05-16 01:42:15.801+06	\N
ordsum_01JVAQG4RS80FXAKABEX00DE5N	order_01JVAQF3C52QS4VW561RB2E9RW	4	{"paid_total": 200, "difference_sum": 0, "raw_paid_total": {"value": "200", "precision": 20}, "refunded_total": 0, "accounting_total": 200, "credit_line_total": 0, "transaction_total": 200, "pending_difference": 0, "raw_difference_sum": {"value": "0", "precision": 20}, "raw_refunded_total": {"value": "0", "precision": 20}, "current_order_total": 200, "original_order_total": 200, "raw_accounting_total": {"value": "200", "precision": 20}, "raw_credit_line_total": {"value": "0", "precision": 20}, "raw_transaction_total": {"value": "200", "precision": 20}, "raw_pending_difference": {"value": "0", "precision": 20}, "raw_current_order_total": {"value": "200", "precision": 20}, "raw_original_order_total": {"value": "200", "precision": 20}}	2025-05-16 01:42:18.4+06	2025-05-16 01:42:18.4+06	\N
ordsum_01JVAQNHXB7MBKMK32ZFGYAP21	order_01JVAQNHXEZXSWY4JSBH61N891	1	{"paid_total": 200, "difference_sum": 0, "raw_paid_total": {"value": "200", "precision": 20}, "refunded_total": 0, "accounting_total": 200, "credit_line_total": 0, "transaction_total": 200, "pending_difference": 0, "raw_difference_sum": {"value": "0", "precision": 20}, "raw_refunded_total": {"value": "0", "precision": 20}, "current_order_total": 200, "original_order_total": 200, "raw_accounting_total": {"value": "200", "precision": 20}, "raw_credit_line_total": {"value": "0", "precision": 20}, "raw_transaction_total": {"value": "200", "precision": 20}, "raw_pending_difference": {"value": "0", "precision": 20}, "raw_current_order_total": {"value": "200", "precision": 20}, "raw_original_order_total": {"value": "200", "precision": 20}}	2025-05-16 01:45:15.703+06	2025-05-16 01:46:02.585+06	\N
ordsum_01JVAQQNE8SN0MG94ZVD1AJMN5	order_01JVAQNHXEZXSWY4JSBH61N891	2	{"paid_total": 200, "difference_sum": 0, "raw_paid_total": {"value": "200", "precision": 20}, "refunded_total": 0, "accounting_total": 200, "credit_line_total": 0, "transaction_total": 200, "pending_difference": 0, "raw_difference_sum": {"value": "0", "precision": 20}, "raw_refunded_total": {"value": "0", "precision": 20}, "current_order_total": 200, "original_order_total": 200, "raw_accounting_total": {"value": "200", "precision": 20}, "raw_credit_line_total": {"value": "0", "precision": 20}, "raw_transaction_total": {"value": "200", "precision": 20}, "raw_pending_difference": {"value": "0", "precision": 20}, "raw_current_order_total": {"value": "200", "precision": 20}, "raw_original_order_total": {"value": "200", "precision": 20}}	2025-05-16 01:46:24.852+06	2025-05-16 01:46:24.852+06	\N
ordsum_01JVAQRPK4VQFDF4HVM7V2NBSQ	order_01JVAQNHXEZXSWY4JSBH61N891	3	{"paid_total": 200, "difference_sum": 0, "raw_paid_total": {"value": "200", "precision": 20}, "refunded_total": 0, "accounting_total": 200, "credit_line_total": 0, "transaction_total": 200, "pending_difference": 0, "raw_difference_sum": {"value": "0", "precision": 20}, "raw_refunded_total": {"value": "0", "precision": 20}, "current_order_total": 200, "original_order_total": 200, "raw_accounting_total": {"value": "200", "precision": 20}, "raw_credit_line_total": {"value": "0", "precision": 20}, "raw_transaction_total": {"value": "200", "precision": 20}, "raw_pending_difference": {"value": "0", "precision": 20}, "raw_current_order_total": {"value": "200", "precision": 20}, "raw_original_order_total": {"value": "200", "precision": 20}}	2025-05-16 01:46:58.799+06	2025-05-16 01:46:58.799+06	\N
ordsum_01JVAQRYC52F19K5EJNTF3TRWJ	order_01JVAQNHXEZXSWY4JSBH61N891	4	{"paid_total": 200, "difference_sum": 0, "raw_paid_total": {"value": "200", "precision": 20}, "refunded_total": 0, "accounting_total": 200, "credit_line_total": 0, "transaction_total": 200, "pending_difference": 0, "raw_difference_sum": {"value": "0", "precision": 20}, "raw_refunded_total": {"value": "0", "precision": 20}, "current_order_total": 200, "original_order_total": 200, "raw_accounting_total": {"value": "200", "precision": 20}, "raw_credit_line_total": {"value": "0", "precision": 20}, "raw_transaction_total": {"value": "200", "precision": 20}, "raw_pending_difference": {"value": "0", "precision": 20}, "raw_current_order_total": {"value": "200", "precision": 20}, "raw_original_order_total": {"value": "200", "precision": 20}}	2025-05-16 01:47:06.765+06	2025-05-16 01:47:06.765+06	\N
ordsum_01JVB15R2V06QECEFQ1GDF9H6A	order_01JVB15R2Z563128FR18320R0Z	1	{"paid_total": 0, "difference_sum": 0, "raw_paid_total": {"value": "0", "precision": 20}, "refunded_total": 0, "accounting_total": 200, "credit_line_total": 0, "transaction_total": 0, "pending_difference": 200, "raw_difference_sum": {"value": "0", "precision": 20}, "raw_refunded_total": {"value": "0", "precision": 20}, "current_order_total": 200, "original_order_total": 200, "raw_accounting_total": {"value": "200", "precision": 20}, "raw_credit_line_total": {"value": "0", "precision": 20}, "raw_transaction_total": {"value": "0", "precision": 20}, "raw_pending_difference": {"value": "200", "precision": 20}, "raw_current_order_total": {"value": "200", "precision": 20}, "raw_original_order_total": {"value": "200", "precision": 20}}	2025-05-16 04:31:23.493+06	2025-05-16 04:31:23.493+06	\N
ordsum_01JVC7YPNGAWKREQ1JJ7QNM3YX	order_01JVC7YPNK7PDQAB205SW239Q4	1	{"paid_total": 0, "difference_sum": 0, "raw_paid_total": {"value": "0", "precision": 20}, "refunded_total": 0, "accounting_total": 200, "credit_line_total": 0, "transaction_total": 0, "pending_difference": 200, "raw_difference_sum": {"value": "0", "precision": 20}, "raw_refunded_total": {"value": "0", "precision": 20}, "current_order_total": 200, "original_order_total": 200, "raw_accounting_total": {"value": "200", "precision": 20}, "raw_credit_line_total": {"value": "0", "precision": 20}, "raw_transaction_total": {"value": "0", "precision": 20}, "raw_pending_difference": {"value": "200", "precision": 20}, "raw_current_order_total": {"value": "200", "precision": 20}, "raw_original_order_total": {"value": "200", "precision": 20}}	2025-05-16 15:49:07.133+06	2025-05-16 15:49:07.133+06	\N
ordsum_01JVCBHRG49R5GXT4MWJ69Z1TN	order_01JVC7YPNK7PDQAB205SW239Q4	2	{"paid_total": 0, "difference_sum": 0, "raw_paid_total": {"value": "0", "precision": 20}, "refunded_total": 0, "accounting_total": 0, "credit_line_total": 200, "transaction_total": 0, "pending_difference": 0, "raw_difference_sum": {"value": "0", "precision": 20}, "raw_refunded_total": {"value": "0", "precision": 20}, "current_order_total": 0, "original_order_total": 200, "raw_accounting_total": {"value": "0", "precision": 20}, "raw_credit_line_total": {"value": "200", "precision": 20}, "raw_transaction_total": {"value": "0", "precision": 20}, "raw_pending_difference": {"value": "0", "precision": 20}, "raw_current_order_total": {"value": "0", "precision": 20}, "raw_original_order_total": {"value": "200", "precision": 20}}	2025-05-16 16:51:57.317+06	2025-05-16 16:51:57.317+06	\N
ordsum_01JVCBN1SX2HT54B8GRMZ7EHC9	order_01JVB15R2Z563128FR18320R0Z	2	{"paid_total": 0, "difference_sum": 0, "raw_paid_total": {"value": "0", "precision": 20}, "refunded_total": 0, "accounting_total": 0, "credit_line_total": 200, "transaction_total": 0, "pending_difference": 0, "raw_difference_sum": {"value": "0", "precision": 20}, "raw_refunded_total": {"value": "0", "precision": 20}, "current_order_total": 0, "original_order_total": 200, "raw_accounting_total": {"value": "0", "precision": 20}, "raw_credit_line_total": {"value": "200", "precision": 20}, "raw_transaction_total": {"value": "0", "precision": 20}, "raw_pending_difference": {"value": "0", "precision": 20}, "raw_current_order_total": {"value": "0", "precision": 20}, "raw_original_order_total": {"value": "200", "precision": 20}}	2025-05-16 16:53:45.15+06	2025-05-16 16:53:45.15+06	\N
ordsum_01JWPASAM6587ZR77FZTRRWH5T	order_01JWPASAM75KJVXA6B04A4MKBX	1	{"paid_total": 1100, "difference_sum": 0, "raw_paid_total": {"value": "1100", "precision": 20}, "refunded_total": 0, "accounting_total": 1100, "credit_line_total": 0, "transaction_total": 1100, "pending_difference": 0, "raw_difference_sum": {"value": "0", "precision": 20}, "raw_refunded_total": {"value": "0", "precision": 20}, "current_order_total": 1100, "original_order_total": 1100, "raw_accounting_total": {"value": "1100", "precision": 20}, "raw_credit_line_total": {"value": "0", "precision": 20}, "raw_transaction_total": {"value": "1100", "precision": 20}, "raw_pending_difference": {"value": "0", "precision": 20}, "raw_current_order_total": {"value": "1100", "precision": 20}, "raw_original_order_total": {"value": "1100", "precision": 20}}	2025-06-02 00:06:42.825+06	2025-06-02 00:07:11.585+06	\N
ordsum_01JWPATD9A09206TEA69NVCGR2	order_01JWPASAM75KJVXA6B04A4MKBX	2	{"paid_total": 1100, "difference_sum": 0, "raw_paid_total": {"value": "1100", "precision": 20}, "refunded_total": 0, "accounting_total": 1100, "credit_line_total": 0, "transaction_total": 1100, "pending_difference": 0, "raw_difference_sum": {"value": "0", "precision": 20}, "raw_refunded_total": {"value": "0", "precision": 20}, "current_order_total": 1100, "original_order_total": 1100, "raw_accounting_total": {"value": "1100", "precision": 20}, "raw_credit_line_total": {"value": "0", "precision": 20}, "raw_transaction_total": {"value": "1100", "precision": 20}, "raw_pending_difference": {"value": "0", "precision": 20}, "raw_current_order_total": {"value": "1100", "precision": 20}, "raw_original_order_total": {"value": "1100", "precision": 20}}	2025-06-02 00:07:18.322+06	2025-06-02 00:07:18.322+06	\N
ordsum_01JWPATNWJ7ABFEFDTM92RRBFE	order_01JWPASAM75KJVXA6B04A4MKBX	3	{"paid_total": 1100, "difference_sum": 0, "raw_paid_total": {"value": "1100", "precision": 20}, "refunded_total": 0, "accounting_total": 1100, "credit_line_total": 0, "transaction_total": 1100, "pending_difference": 0, "raw_difference_sum": {"value": "0", "precision": 20}, "raw_refunded_total": {"value": "0", "precision": 20}, "current_order_total": 1100, "original_order_total": 1100, "raw_accounting_total": {"value": "1100", "precision": 20}, "raw_credit_line_total": {"value": "0", "precision": 20}, "raw_transaction_total": {"value": "1100", "precision": 20}, "raw_pending_difference": {"value": "0", "precision": 20}, "raw_current_order_total": {"value": "1100", "precision": 20}, "raw_original_order_total": {"value": "1100", "precision": 20}}	2025-06-02 00:07:27.132+06	2025-06-02 00:07:27.132+06	\N
ordsum_01JWPATRSED1T9FRY9RQSPRR88	order_01JWPASAM75KJVXA6B04A4MKBX	4	{"paid_total": 1100, "difference_sum": 0, "raw_paid_total": {"value": "1100", "precision": 20}, "refunded_total": 0, "accounting_total": 1100, "credit_line_total": 0, "transaction_total": 1100, "pending_difference": 0, "raw_difference_sum": {"value": "0", "precision": 20}, "raw_refunded_total": {"value": "0", "precision": 20}, "current_order_total": 1100, "original_order_total": 1100, "raw_accounting_total": {"value": "1100", "precision": 20}, "raw_credit_line_total": {"value": "0", "precision": 20}, "raw_transaction_total": {"value": "1100", "precision": 20}, "raw_pending_difference": {"value": "0", "precision": 20}, "raw_current_order_total": {"value": "1100", "precision": 20}, "raw_original_order_total": {"value": "1100", "precision": 20}}	2025-06-02 00:07:30.098+06	2025-06-02 00:07:30.098+06	\N
ordsum_01JWPBFFCW4NDFN2QH320BYNV3	order_01JWPBFFCZ1YTX20D62N4E76EE	1	{"paid_total": 200, "difference_sum": 0, "raw_paid_total": {"value": "200", "precision": 20}, "refunded_total": 0, "accounting_total": 200, "credit_line_total": 0, "transaction_total": 200, "pending_difference": 0, "raw_difference_sum": {"value": "0", "precision": 20}, "raw_refunded_total": {"value": "0", "precision": 20}, "current_order_total": 200, "original_order_total": 200, "raw_accounting_total": {"value": "200", "precision": 20}, "raw_credit_line_total": {"value": "0", "precision": 20}, "raw_transaction_total": {"value": "200", "precision": 20}, "raw_pending_difference": {"value": "0", "precision": 20}, "raw_current_order_total": {"value": "200", "precision": 20}, "raw_original_order_total": {"value": "200", "precision": 20}}	2025-06-02 00:18:48.613+06	2025-06-02 00:19:04.032+06	\N
ordsum_01JWPBG3TV5E7BFPSTCJ77CEZS	order_01JWPBFFCZ1YTX20D62N4E76EE	2	{"paid_total": 200, "difference_sum": 0, "raw_paid_total": {"value": "200", "precision": 20}, "refunded_total": 0, "accounting_total": 200, "credit_line_total": 0, "transaction_total": 200, "pending_difference": 0, "raw_difference_sum": {"value": "0", "precision": 20}, "raw_refunded_total": {"value": "0", "precision": 20}, "current_order_total": 200, "original_order_total": 200, "raw_accounting_total": {"value": "200", "precision": 20}, "raw_credit_line_total": {"value": "0", "precision": 20}, "raw_transaction_total": {"value": "200", "precision": 20}, "raw_pending_difference": {"value": "0", "precision": 20}, "raw_current_order_total": {"value": "200", "precision": 20}, "raw_original_order_total": {"value": "200", "precision": 20}}	2025-06-02 00:19:09.535+06	2025-06-02 00:19:09.535+06	\N
ordsum_01JWPBG7WXR7CGS3R0Q5N1HA38	order_01JWPBFFCZ1YTX20D62N4E76EE	3	{"paid_total": 200, "difference_sum": 0, "raw_paid_total": {"value": "200", "precision": 20}, "refunded_total": 0, "accounting_total": 200, "credit_line_total": 0, "transaction_total": 200, "pending_difference": 0, "raw_difference_sum": {"value": "0", "precision": 20}, "raw_refunded_total": {"value": "0", "precision": 20}, "current_order_total": 200, "original_order_total": 200, "raw_accounting_total": {"value": "200", "precision": 20}, "raw_credit_line_total": {"value": "0", "precision": 20}, "raw_transaction_total": {"value": "200", "precision": 20}, "raw_pending_difference": {"value": "0", "precision": 20}, "raw_current_order_total": {"value": "200", "precision": 20}, "raw_original_order_total": {"value": "200", "precision": 20}}	2025-06-02 00:19:13.699+06	2025-06-02 00:19:13.699+06	\N
ordsum_01JWR1HKJ4C5AW5SCE5T2S5SQJ	order_01JWR1HKJ5CN4ZV00BV7STZSJQ	1	{"paid_total": 200, "difference_sum": 0, "raw_paid_total": {"value": "200", "precision": 20}, "refunded_total": 0, "accounting_total": 200, "credit_line_total": 0, "transaction_total": 200, "pending_difference": 0, "raw_difference_sum": {"value": "0", "precision": 20}, "raw_refunded_total": {"value": "0", "precision": 20}, "current_order_total": 200, "original_order_total": 200, "raw_accounting_total": {"value": "200", "precision": 20}, "raw_credit_line_total": {"value": "0", "precision": 20}, "raw_transaction_total": {"value": "200", "precision": 20}, "raw_pending_difference": {"value": "0", "precision": 20}, "raw_current_order_total": {"value": "200", "precision": 20}, "raw_original_order_total": {"value": "200", "precision": 20}}	2025-06-02 16:03:41.511+06	2025-06-02 16:03:58.586+06	\N
ordsum_01JWR1J9M7GFBVRW4ZB5VEH9Z9	order_01JWR1HKJ5CN4ZV00BV7STZSJQ	2	{"paid_total": 200, "difference_sum": 0, "raw_paid_total": {"value": "200", "precision": 20}, "refunded_total": 0, "accounting_total": 200, "credit_line_total": 0, "transaction_total": 200, "pending_difference": 0, "raw_difference_sum": {"value": "0", "precision": 20}, "raw_refunded_total": {"value": "0", "precision": 20}, "current_order_total": 200, "original_order_total": 200, "raw_accounting_total": {"value": "200", "precision": 20}, "raw_credit_line_total": {"value": "0", "precision": 20}, "raw_transaction_total": {"value": "200", "precision": 20}, "raw_pending_difference": {"value": "0", "precision": 20}, "raw_current_order_total": {"value": "200", "precision": 20}, "raw_original_order_total": {"value": "200", "precision": 20}}	2025-06-02 16:04:04.108+06	2025-06-02 16:04:04.108+06	\N
ordsum_01JWR1JP8B6WWBEH76RK4M7T53	order_01JWR1HKJ5CN4ZV00BV7STZSJQ	3	{"paid_total": 200, "difference_sum": 0, "raw_paid_total": {"value": "200", "precision": 20}, "refunded_total": 0, "accounting_total": 200, "credit_line_total": 0, "transaction_total": 200, "pending_difference": 0, "raw_difference_sum": {"value": "0", "precision": 20}, "raw_refunded_total": {"value": "0", "precision": 20}, "current_order_total": 200, "original_order_total": 200, "raw_accounting_total": {"value": "200", "precision": 20}, "raw_credit_line_total": {"value": "0", "precision": 20}, "raw_transaction_total": {"value": "200", "precision": 20}, "raw_pending_difference": {"value": "0", "precision": 20}, "raw_current_order_total": {"value": "200", "precision": 20}, "raw_original_order_total": {"value": "200", "precision": 20}}	2025-06-02 16:04:17.039+06	2025-06-02 16:04:17.039+06	\N
ordsum_01JWR1GJR173C96JDT57FEKT1V	order_01JWR1GJR2GA5WVRGNS1Q6TABW	1	{"paid_total": 500, "difference_sum": 0, "raw_paid_total": {"value": "500", "precision": 20}, "refunded_total": 0, "accounting_total": 500, "credit_line_total": 0, "transaction_total": 500, "pending_difference": 0, "raw_difference_sum": {"value": "0", "precision": 20}, "raw_refunded_total": {"value": "0", "precision": 20}, "current_order_total": 500, "original_order_total": 500, "raw_accounting_total": {"value": "500", "precision": 20}, "raw_credit_line_total": {"value": "0", "precision": 20}, "raw_transaction_total": {"value": "500", "precision": 20}, "raw_pending_difference": {"value": "0", "precision": 20}, "raw_current_order_total": {"value": "500", "precision": 20}, "raw_original_order_total": {"value": "500", "precision": 20}}	2025-06-02 16:03:07.911+06	2025-06-02 16:44:24.566+06	\N
ordsum_01JWR3WCJ6B2B89S34RG8ZAVP9	order_01JWR1GJR2GA5WVRGNS1Q6TABW	2	{"paid_total": 500, "difference_sum": 0, "raw_paid_total": {"value": "500", "precision": 20}, "refunded_total": 0, "accounting_total": 500, "credit_line_total": 0, "transaction_total": 500, "pending_difference": 0, "raw_difference_sum": {"value": "0", "precision": 20}, "raw_refunded_total": {"value": "0", "precision": 20}, "current_order_total": 500, "original_order_total": 500, "raw_accounting_total": {"value": "500", "precision": 20}, "raw_credit_line_total": {"value": "0", "precision": 20}, "raw_transaction_total": {"value": "500", "precision": 20}, "raw_pending_difference": {"value": "0", "precision": 20}, "raw_current_order_total": {"value": "500", "precision": 20}, "raw_original_order_total": {"value": "500", "precision": 20}}	2025-06-02 16:44:31.953+06	2025-06-02 16:44:31.953+06	\N
ordsum_01JWR3WFX12B9JA01222H2CKHQ	order_01JWR1GJR2GA5WVRGNS1Q6TABW	3	{"paid_total": 500, "difference_sum": 0, "raw_paid_total": {"value": "500", "precision": 20}, "refunded_total": 0, "accounting_total": 500, "credit_line_total": 0, "transaction_total": 500, "pending_difference": 0, "raw_difference_sum": {"value": "0", "precision": 20}, "raw_refunded_total": {"value": "0", "precision": 20}, "current_order_total": 500, "original_order_total": 500, "raw_accounting_total": {"value": "500", "precision": 20}, "raw_credit_line_total": {"value": "0", "precision": 20}, "raw_transaction_total": {"value": "500", "precision": 20}, "raw_pending_difference": {"value": "0", "precision": 20}, "raw_current_order_total": {"value": "500", "precision": 20}, "raw_original_order_total": {"value": "500", "precision": 20}}	2025-06-02 16:44:35.368+06	2025-06-02 16:44:35.368+06	\N
ordsum_01JWR42N96ATRHWC7NYZ8A8RZ2	order_01JWR42N971AWR051NQJ7KPQQF	1	{"paid_total": 200, "difference_sum": 0, "raw_paid_total": {"value": "200", "precision": 20}, "refunded_total": 0, "accounting_total": 200, "credit_line_total": 0, "transaction_total": 200, "pending_difference": 0, "raw_difference_sum": {"value": "0", "precision": 20}, "raw_refunded_total": {"value": "0", "precision": 20}, "current_order_total": 200, "original_order_total": 200, "raw_accounting_total": {"value": "200", "precision": 20}, "raw_credit_line_total": {"value": "0", "precision": 20}, "raw_transaction_total": {"value": "200", "precision": 20}, "raw_pending_difference": {"value": "0", "precision": 20}, "raw_current_order_total": {"value": "200", "precision": 20}, "raw_original_order_total": {"value": "200", "precision": 20}}	2025-06-02 16:47:57.482+06	2025-06-02 16:48:14.805+06	\N
ordsum_01JWR43B0RGQ7FR7N3ACPNPDB0	order_01JWR42N971AWR051NQJ7KPQQF	2	{"paid_total": 200, "difference_sum": 0, "raw_paid_total": {"value": "200", "precision": 20}, "refunded_total": 0, "accounting_total": 200, "credit_line_total": 0, "transaction_total": 200, "pending_difference": 0, "raw_difference_sum": {"value": "0", "precision": 20}, "raw_refunded_total": {"value": "0", "precision": 20}, "current_order_total": 200, "original_order_total": 200, "raw_accounting_total": {"value": "200", "precision": 20}, "raw_credit_line_total": {"value": "0", "precision": 20}, "raw_transaction_total": {"value": "200", "precision": 20}, "raw_pending_difference": {"value": "0", "precision": 20}, "raw_current_order_total": {"value": "200", "precision": 20}, "raw_original_order_total": {"value": "200", "precision": 20}}	2025-06-02 16:48:19.742+06	2025-06-02 16:48:19.742+06	\N
ordsum_01JWR43DV4E8PRJS7WDRGZZWXV	order_01JWR42N971AWR051NQJ7KPQQF	3	{"paid_total": 200, "difference_sum": 0, "raw_paid_total": {"value": "200", "precision": 20}, "refunded_total": 0, "accounting_total": 200, "credit_line_total": 0, "transaction_total": 200, "pending_difference": 0, "raw_difference_sum": {"value": "0", "precision": 20}, "raw_refunded_total": {"value": "0", "precision": 20}, "current_order_total": 200, "original_order_total": 200, "raw_accounting_total": {"value": "200", "precision": 20}, "raw_credit_line_total": {"value": "0", "precision": 20}, "raw_transaction_total": {"value": "200", "precision": 20}, "raw_pending_difference": {"value": "0", "precision": 20}, "raw_current_order_total": {"value": "200", "precision": 20}, "raw_original_order_total": {"value": "200", "precision": 20}}	2025-06-02 16:48:22.632+06	2025-06-02 16:48:22.632+06	\N
ordsum_01JWR48BMJTWPFXYS1XKK2HPF5	order_01JWR48BMKQGNCY5K5FZFVSNXM	1	{"paid_total": 0, "difference_sum": 0, "raw_paid_total": {"value": "0", "precision": 20}, "refunded_total": 0, "accounting_total": 200, "credit_line_total": 0, "transaction_total": 0, "pending_difference": 200, "raw_difference_sum": {"value": "0", "precision": 20}, "raw_refunded_total": {"value": "0", "precision": 20}, "current_order_total": 200, "original_order_total": 200, "raw_accounting_total": {"value": "200", "precision": 20}, "raw_credit_line_total": {"value": "0", "precision": 20}, "raw_transaction_total": {"value": "0", "precision": 20}, "raw_pending_difference": {"value": "200", "precision": 20}, "raw_current_order_total": {"value": "200", "precision": 20}, "raw_original_order_total": {"value": "200", "precision": 20}}	2025-06-02 16:51:04.213+06	2025-06-02 16:51:04.213+06	\N
ordsum_01JWR4CCCNS17V1XN0XGSKZXFE	order_01JWR48BMKQGNCY5K5FZFVSNXM	2	{"paid_total": 0, "difference_sum": 0, "raw_paid_total": {"value": "0", "precision": 20}, "refunded_total": 0, "accounting_total": 200, "credit_line_total": 0, "transaction_total": 0, "pending_difference": 200, "raw_difference_sum": {"value": "0", "precision": 20}, "raw_refunded_total": {"value": "0", "precision": 20}, "current_order_total": 200, "original_order_total": 200, "raw_accounting_total": {"value": "200", "precision": 20}, "raw_credit_line_total": {"value": "0", "precision": 20}, "raw_transaction_total": {"value": "0", "precision": 20}, "raw_pending_difference": {"value": "200", "precision": 20}, "raw_current_order_total": {"value": "200", "precision": 20}, "raw_original_order_total": {"value": "200", "precision": 20}}	2025-06-02 16:53:16.061+06	2025-06-02 16:53:16.061+06	\N
ordsum_01JWR4CSHVXKQMC4A5XQZYGFZR	order_01JWR48BMKQGNCY5K5FZFVSNXM	3	{"paid_total": 0, "difference_sum": 0, "raw_paid_total": {"value": "0", "precision": 20}, "refunded_total": 0, "accounting_total": 200, "credit_line_total": 0, "transaction_total": 0, "pending_difference": 200, "raw_difference_sum": {"value": "0", "precision": 20}, "raw_refunded_total": {"value": "0", "precision": 20}, "current_order_total": 200, "original_order_total": 200, "raw_accounting_total": {"value": "200", "precision": 20}, "raw_credit_line_total": {"value": "0", "precision": 20}, "raw_transaction_total": {"value": "0", "precision": 20}, "raw_pending_difference": {"value": "200", "precision": 20}, "raw_current_order_total": {"value": "200", "precision": 20}, "raw_original_order_total": {"value": "200", "precision": 20}}	2025-06-02 16:53:29.537+06	2025-06-02 16:53:29.537+06	\N
ordsum_01JWR4DAKRP7F8D6MW3Z8VE3PH	order_01JWR48BMKQGNCY5K5FZFVSNXM	4	{"paid_total": 0, "difference_sum": 0, "raw_paid_total": {"value": "0", "precision": 20}, "refunded_total": 0, "accounting_total": 200, "credit_line_total": 0, "transaction_total": 0, "pending_difference": 200, "raw_difference_sum": {"value": "0", "precision": 20}, "raw_refunded_total": {"value": "0", "precision": 20}, "current_order_total": 200, "original_order_total": 200, "raw_accounting_total": {"value": "200", "precision": 20}, "raw_credit_line_total": {"value": "0", "precision": 20}, "raw_transaction_total": {"value": "0", "precision": 20}, "raw_pending_difference": {"value": "200", "precision": 20}, "raw_current_order_total": {"value": "200", "precision": 20}, "raw_original_order_total": {"value": "200", "precision": 20}}	2025-06-02 16:53:47.005+06	2025-06-02 16:53:47.155+06	2025-06-02 16:53:47.155+06
ordsum_01JWR50PZNAGEFQVJR76C6CN0J	order_01JWR50PZPNHC1R4KTFGX38K7K	1	{"paid_total": 0, "difference_sum": 0, "raw_paid_total": {"value": "0", "precision": 20}, "refunded_total": 0, "accounting_total": 200, "credit_line_total": 0, "transaction_total": 0, "pending_difference": 200, "raw_difference_sum": {"value": "0", "precision": 20}, "raw_refunded_total": {"value": "0", "precision": 20}, "current_order_total": 200, "original_order_total": 200, "raw_accounting_total": {"value": "200", "precision": 20}, "raw_credit_line_total": {"value": "0", "precision": 20}, "raw_transaction_total": {"value": "0", "precision": 20}, "raw_pending_difference": {"value": "200", "precision": 20}, "raw_current_order_total": {"value": "200", "precision": 20}, "raw_original_order_total": {"value": "200", "precision": 20}}	2025-06-02 17:04:22.264+06	2025-06-02 17:04:22.264+06	\N
ordsum_01JWR51BCRQHRZAMRWDPRQZ1KY	order_01JWR50PZPNHC1R4KTFGX38K7K	2	{"paid_total": 0, "difference_sum": 0, "raw_paid_total": {"value": "0", "precision": 20}, "refunded_total": 0, "accounting_total": 200, "credit_line_total": 0, "transaction_total": 0, "pending_difference": 200, "raw_difference_sum": {"value": "0", "precision": 20}, "raw_refunded_total": {"value": "0", "precision": 20}, "current_order_total": 200, "original_order_total": 200, "raw_accounting_total": {"value": "200", "precision": 20}, "raw_credit_line_total": {"value": "0", "precision": 20}, "raw_transaction_total": {"value": "0", "precision": 20}, "raw_pending_difference": {"value": "200", "precision": 20}, "raw_current_order_total": {"value": "200", "precision": 20}, "raw_original_order_total": {"value": "200", "precision": 20}}	2025-06-02 17:04:43.165+06	2025-06-02 17:04:43.165+06	\N
ordsum_01JWR51E2NS8QW2D9JPT60FQMP	order_01JWR50PZPNHC1R4KTFGX38K7K	3	{"paid_total": 0, "difference_sum": 0, "raw_paid_total": {"value": "0", "precision": 20}, "refunded_total": 0, "accounting_total": 200, "credit_line_total": 0, "transaction_total": 0, "pending_difference": 200, "raw_difference_sum": {"value": "0", "precision": 20}, "raw_refunded_total": {"value": "0", "precision": 20}, "current_order_total": 200, "original_order_total": 200, "raw_accounting_total": {"value": "200", "precision": 20}, "raw_credit_line_total": {"value": "0", "precision": 20}, "raw_transaction_total": {"value": "0", "precision": 20}, "raw_pending_difference": {"value": "200", "precision": 20}, "raw_current_order_total": {"value": "200", "precision": 20}, "raw_original_order_total": {"value": "200", "precision": 20}}	2025-06-02 17:04:45.913+06	2025-06-02 17:04:45.913+06	\N
ordsum_01JWR56X88ASSP3F57TAQ0F0D6	order_01JWR56X8AP6AP091TMQG56KZJ	1	{"paid_total": 0, "difference_sum": 0, "raw_paid_total": {"value": "0", "precision": 20}, "refunded_total": 0, "accounting_total": 200, "credit_line_total": 0, "transaction_total": 0, "pending_difference": 200, "raw_difference_sum": {"value": "0", "precision": 20}, "raw_refunded_total": {"value": "0", "precision": 20}, "current_order_total": 200, "original_order_total": 200, "raw_accounting_total": {"value": "200", "precision": 20}, "raw_credit_line_total": {"value": "0", "precision": 20}, "raw_transaction_total": {"value": "0", "precision": 20}, "raw_pending_difference": {"value": "200", "precision": 20}, "raw_current_order_total": {"value": "200", "precision": 20}, "raw_original_order_total": {"value": "200", "precision": 20}}	2025-06-02 17:07:45.295+06	2025-06-02 17:07:45.295+06	\N
ordsum_01JWR580PPX5X3HKS2MYXTBF0C	order_01JWR56X8AP6AP091TMQG56KZJ	2	{"paid_total": 0, "difference_sum": 0, "raw_paid_total": {"value": "0", "precision": 20}, "refunded_total": 0, "accounting_total": 200, "credit_line_total": 0, "transaction_total": 0, "pending_difference": 200, "raw_difference_sum": {"value": "0", "precision": 20}, "raw_refunded_total": {"value": "0", "precision": 20}, "current_order_total": 200, "original_order_total": 200, "raw_accounting_total": {"value": "200", "precision": 20}, "raw_credit_line_total": {"value": "0", "precision": 20}, "raw_transaction_total": {"value": "0", "precision": 20}, "raw_pending_difference": {"value": "200", "precision": 20}, "raw_current_order_total": {"value": "200", "precision": 20}, "raw_original_order_total": {"value": "200", "precision": 20}}	2025-06-02 17:08:21.596+06	2025-06-02 17:08:21.596+06	\N
ordsum_01JWR583SWHH0FB7HEESBR3GKG	order_01JWR56X8AP6AP091TMQG56KZJ	3	{"paid_total": 0, "difference_sum": 0, "raw_paid_total": {"value": "0", "precision": 20}, "refunded_total": 0, "accounting_total": 200, "credit_line_total": 0, "transaction_total": 0, "pending_difference": 200, "raw_difference_sum": {"value": "0", "precision": 20}, "raw_refunded_total": {"value": "0", "precision": 20}, "current_order_total": 200, "original_order_total": 200, "raw_accounting_total": {"value": "200", "precision": 20}, "raw_credit_line_total": {"value": "0", "precision": 20}, "raw_transaction_total": {"value": "0", "precision": 20}, "raw_pending_difference": {"value": "200", "precision": 20}, "raw_current_order_total": {"value": "200", "precision": 20}, "raw_original_order_total": {"value": "200", "precision": 20}}	2025-06-02 17:08:24.768+06	2025-06-02 17:08:24.768+06	\N
ordsum_01JWR6GFQVH6HN4PSF5ECP70NT	order_01JWR6GFQY8KPNJD14T7RAS358	1	{"paid_total": 0, "difference_sum": 0, "raw_paid_total": {"value": "0", "precision": 20}, "refunded_total": 0, "accounting_total": 200, "credit_line_total": 0, "transaction_total": 0, "pending_difference": 200, "raw_difference_sum": {"value": "0", "precision": 20}, "raw_refunded_total": {"value": "0", "precision": 20}, "current_order_total": 200, "original_order_total": 200, "raw_accounting_total": {"value": "200", "precision": 20}, "raw_credit_line_total": {"value": "0", "precision": 20}, "raw_transaction_total": {"value": "0", "precision": 20}, "raw_pending_difference": {"value": "200", "precision": 20}, "raw_current_order_total": {"value": "200", "precision": 20}, "raw_original_order_total": {"value": "200", "precision": 20}}	2025-06-02 17:30:27.714+06	2025-06-02 17:30:27.714+06	\N
ordsum_01JWR6H562HKRJYBSRTK9P1MVV	order_01JWR6GFQY8KPNJD14T7RAS358	2	{"paid_total": 0, "difference_sum": 0, "raw_paid_total": {"value": "0", "precision": 20}, "refunded_total": 0, "accounting_total": 200, "credit_line_total": 0, "transaction_total": 0, "pending_difference": 200, "raw_difference_sum": {"value": "0", "precision": 20}, "raw_refunded_total": {"value": "0", "precision": 20}, "current_order_total": 200, "original_order_total": 200, "raw_accounting_total": {"value": "200", "precision": 20}, "raw_credit_line_total": {"value": "0", "precision": 20}, "raw_transaction_total": {"value": "0", "precision": 20}, "raw_pending_difference": {"value": "200", "precision": 20}, "raw_current_order_total": {"value": "200", "precision": 20}, "raw_original_order_total": {"value": "200", "precision": 20}}	2025-06-02 17:30:49.67+06	2025-06-02 17:30:49.67+06	\N
ordsum_01JWR6HC83MSCD0KPNKZXS20XQ	order_01JWR6GFQY8KPNJD14T7RAS358	3	{"paid_total": 0, "difference_sum": 0, "raw_paid_total": {"value": "0", "precision": 20}, "refunded_total": 0, "accounting_total": 200, "credit_line_total": 0, "transaction_total": 0, "pending_difference": 200, "raw_difference_sum": {"value": "0", "precision": 20}, "raw_refunded_total": {"value": "0", "precision": 20}, "current_order_total": 200, "original_order_total": 200, "raw_accounting_total": {"value": "200", "precision": 20}, "raw_credit_line_total": {"value": "0", "precision": 20}, "raw_transaction_total": {"value": "0", "precision": 20}, "raw_pending_difference": {"value": "200", "precision": 20}, "raw_current_order_total": {"value": "200", "precision": 20}, "raw_original_order_total": {"value": "200", "precision": 20}}	2025-06-02 17:30:56.903+06	2025-06-02 17:30:56.903+06	\N
ordsum_01JWR6RRVZMM1NW6Z29TH20QA4	order_01JWR6RRW19APPF46P5VAAF20S	1	{"paid_total": 0, "difference_sum": 0, "raw_paid_total": {"value": "0", "precision": 20}, "refunded_total": 0, "accounting_total": 200, "credit_line_total": 0, "transaction_total": 0, "pending_difference": 200, "raw_difference_sum": {"value": "0", "precision": 20}, "raw_refunded_total": {"value": "0", "precision": 20}, "current_order_total": 200, "original_order_total": 200, "raw_accounting_total": {"value": "200", "precision": 20}, "raw_credit_line_total": {"value": "0", "precision": 20}, "raw_transaction_total": {"value": "0", "precision": 20}, "raw_pending_difference": {"value": "200", "precision": 20}, "raw_current_order_total": {"value": "200", "precision": 20}, "raw_original_order_total": {"value": "200", "precision": 20}}	2025-06-02 17:34:59.205+06	2025-06-02 17:34:59.205+06	\N
ordsum_01JWR6SAQWS4KV5T821KS36R8H	order_01JWR6RRW19APPF46P5VAAF20S	2	{"paid_total": 0, "difference_sum": 0, "raw_paid_total": {"value": "0", "precision": 20}, "refunded_total": 0, "accounting_total": 200, "credit_line_total": 0, "transaction_total": 0, "pending_difference": 200, "raw_difference_sum": {"value": "0", "precision": 20}, "raw_refunded_total": {"value": "0", "precision": 20}, "current_order_total": 200, "original_order_total": 200, "raw_accounting_total": {"value": "200", "precision": 20}, "raw_credit_line_total": {"value": "0", "precision": 20}, "raw_transaction_total": {"value": "0", "precision": 20}, "raw_pending_difference": {"value": "200", "precision": 20}, "raw_current_order_total": {"value": "200", "precision": 20}, "raw_original_order_total": {"value": "200", "precision": 20}}	2025-06-02 17:35:17.505+06	2025-06-02 17:35:17.505+06	\N
ordsum_01JWR6SES6AYHJBC42DH5SC8ZZ	order_01JWR6RRW19APPF46P5VAAF20S	3	{"paid_total": 0, "difference_sum": 0, "raw_paid_total": {"value": "0", "precision": 20}, "refunded_total": 0, "accounting_total": 200, "credit_line_total": 0, "transaction_total": 0, "pending_difference": 200, "raw_difference_sum": {"value": "0", "precision": 20}, "raw_refunded_total": {"value": "0", "precision": 20}, "current_order_total": 200, "original_order_total": 200, "raw_accounting_total": {"value": "200", "precision": 20}, "raw_credit_line_total": {"value": "0", "precision": 20}, "raw_transaction_total": {"value": "0", "precision": 20}, "raw_pending_difference": {"value": "200", "precision": 20}, "raw_current_order_total": {"value": "200", "precision": 20}, "raw_original_order_total": {"value": "200", "precision": 20}}	2025-06-02 17:35:21.642+06	2025-06-02 17:35:21.642+06	\N
ordsum_01JWR7K96AJ1FV3CGFKWGQ3ZX7	order_01JWR7K96C5TEM16MCTS0WZQMC	1	{"paid_total": 0, "difference_sum": 0, "raw_paid_total": {"value": "0", "precision": 20}, "refunded_total": 0, "accounting_total": 200, "credit_line_total": 0, "transaction_total": 0, "pending_difference": 200, "raw_difference_sum": {"value": "0", "precision": 20}, "raw_refunded_total": {"value": "0", "precision": 20}, "current_order_total": 200, "original_order_total": 200, "raw_accounting_total": {"value": "200", "precision": 20}, "raw_credit_line_total": {"value": "0", "precision": 20}, "raw_transaction_total": {"value": "0", "precision": 20}, "raw_pending_difference": {"value": "200", "precision": 20}, "raw_current_order_total": {"value": "200", "precision": 20}, "raw_original_order_total": {"value": "200", "precision": 20}}	2025-06-02 17:49:27.888+06	2025-06-02 17:49:27.888+06	\N
ordsum_01JWR7KXNWW38H8BCRVEQQDCSA	order_01JWR7K96C5TEM16MCTS0WZQMC	2	{"paid_total": 0, "difference_sum": 0, "raw_paid_total": {"value": "0", "precision": 20}, "refunded_total": 0, "accounting_total": 200, "credit_line_total": 0, "transaction_total": 0, "pending_difference": 200, "raw_difference_sum": {"value": "0", "precision": 20}, "raw_refunded_total": {"value": "0", "precision": 20}, "current_order_total": 200, "original_order_total": 200, "raw_accounting_total": {"value": "200", "precision": 20}, "raw_credit_line_total": {"value": "0", "precision": 20}, "raw_transaction_total": {"value": "0", "precision": 20}, "raw_pending_difference": {"value": "200", "precision": 20}, "raw_current_order_total": {"value": "200", "precision": 20}, "raw_original_order_total": {"value": "200", "precision": 20}}	2025-06-02 17:49:48.866+06	2025-06-02 17:49:48.866+06	\N
ordsum_01JWR7MC0A7PH4A4QVTF9E7WCN	order_01JWR7K96C5TEM16MCTS0WZQMC	3	{"paid_total": 0, "difference_sum": 0, "raw_paid_total": {"value": "0", "precision": 20}, "refunded_total": 0, "accounting_total": 200, "credit_line_total": 0, "transaction_total": 0, "pending_difference": 200, "raw_difference_sum": {"value": "0", "precision": 20}, "raw_refunded_total": {"value": "0", "precision": 20}, "current_order_total": 200, "original_order_total": 200, "raw_accounting_total": {"value": "200", "precision": 20}, "raw_credit_line_total": {"value": "0", "precision": 20}, "raw_transaction_total": {"value": "0", "precision": 20}, "raw_pending_difference": {"value": "200", "precision": 20}, "raw_current_order_total": {"value": "200", "precision": 20}, "raw_original_order_total": {"value": "200", "precision": 20}}	2025-06-02 17:50:03.534+06	2025-06-02 17:50:03.534+06	\N
ordsum_01JWR8RSXB6KMYT1KY57G3FT33	order_01JWR8RSXF37GM0X4W3ARNJ821	1	{"paid_total": 0, "difference_sum": 0, "raw_paid_total": {"value": "0", "precision": 20}, "refunded_total": 0, "accounting_total": 200, "credit_line_total": 0, "transaction_total": 0, "pending_difference": 200, "raw_difference_sum": {"value": "0", "precision": 20}, "raw_refunded_total": {"value": "0", "precision": 20}, "current_order_total": 200, "original_order_total": 200, "raw_accounting_total": {"value": "200", "precision": 20}, "raw_credit_line_total": {"value": "0", "precision": 20}, "raw_transaction_total": {"value": "0", "precision": 20}, "raw_pending_difference": {"value": "200", "precision": 20}, "raw_current_order_total": {"value": "200", "precision": 20}, "raw_original_order_total": {"value": "200", "precision": 20}}	2025-06-02 18:09:57.428+06	2025-06-02 18:09:57.428+06	\N
ordsum_01JWR8SEZPDJTV5SZSNXYM093D	order_01JWR8RSXF37GM0X4W3ARNJ821	2	{"paid_total": 0, "difference_sum": 0, "raw_paid_total": {"value": "0", "precision": 20}, "refunded_total": 0, "accounting_total": 200, "credit_line_total": 0, "transaction_total": 0, "pending_difference": 200, "raw_difference_sum": {"value": "0", "precision": 20}, "raw_refunded_total": {"value": "0", "precision": 20}, "current_order_total": 200, "original_order_total": 200, "raw_accounting_total": {"value": "200", "precision": 20}, "raw_credit_line_total": {"value": "0", "precision": 20}, "raw_transaction_total": {"value": "0", "precision": 20}, "raw_pending_difference": {"value": "200", "precision": 20}, "raw_current_order_total": {"value": "200", "precision": 20}, "raw_original_order_total": {"value": "200", "precision": 20}}	2025-06-02 18:10:19.004+06	2025-06-02 18:10:19.004+06	\N
ordsum_01JWR8SRXQ9M25R5C7Y6HGSPYR	order_01JWR8RSXF37GM0X4W3ARNJ821	3	{"paid_total": 0, "difference_sum": 0, "raw_paid_total": {"value": "0", "precision": 20}, "refunded_total": 0, "accounting_total": 200, "credit_line_total": 0, "transaction_total": 0, "pending_difference": 200, "raw_difference_sum": {"value": "0", "precision": 20}, "raw_refunded_total": {"value": "0", "precision": 20}, "current_order_total": 200, "original_order_total": 200, "raw_accounting_total": {"value": "200", "precision": 20}, "raw_credit_line_total": {"value": "0", "precision": 20}, "raw_transaction_total": {"value": "0", "precision": 20}, "raw_pending_difference": {"value": "200", "precision": 20}, "raw_current_order_total": {"value": "200", "precision": 20}, "raw_original_order_total": {"value": "200", "precision": 20}}	2025-06-02 18:10:29.18+06	2025-06-02 18:10:29.18+06	\N
ordsum_01JY1QN8MHAZDVDDDMZGYB3RZV	order_01JY1QN8MJ41FWMFHKHVWZ62EC	1	{"paid_total": 0, "difference_sum": 0, "raw_paid_total": {"value": "0", "precision": 20}, "refunded_total": 0, "accounting_total": 200, "credit_line_total": 0, "transaction_total": 0, "pending_difference": 200, "raw_difference_sum": {"value": "0", "precision": 20}, "raw_refunded_total": {"value": "0", "precision": 20}, "current_order_total": 200, "original_order_total": 200, "raw_accounting_total": {"value": "200", "precision": 20}, "raw_credit_line_total": {"value": "0", "precision": 20}, "raw_transaction_total": {"value": "0", "precision": 20}, "raw_pending_difference": {"value": "200", "precision": 20}, "raw_current_order_total": {"value": "200", "precision": 20}, "raw_original_order_total": {"value": "200", "precision": 20}}	2025-06-18 20:39:01.78+06	2025-06-18 20:39:01.78+06	\N
\.


--
-- Data for Name: order_transaction; Type: TABLE DATA; Schema: public; Owner: -
--

COPY public.order_transaction (id, order_id, version, amount, raw_amount, currency_code, reference, reference_id, created_at, updated_at, deleted_at, return_id, claim_id, exchange_id) FROM stdin;
ordtrx_01JMCNMZVY5B5JV8MEMJ0207V7	order_01JMCNJAF43DY64PYCHRR9C2M6	1	20	{"value": "20", "precision": 20}	eur	capture	capt_01JMCNMZQJHXEE28T3BVR7PY8N	2025-02-18 19:58:36.158+06	2025-02-18 19:58:36.158+06	\N	\N	\N	\N
ordtrx_01JMPQEKG6S22KXH6YR123BW4M	order_01JMPQDX28SDTY90R92MFNJMXP	1	20	{"value": "20", "precision": 20}	eur	capture	capt_01JMPQEKE2E5BP0CD5APFGDGH1	2025-02-22 17:42:28.358+06	2025-02-22 17:42:28.358+06	\N	\N	\N	\N
ordtrx_01JMZ3FQ812K3NWQ87JQRNW5XP	order_01JMZ3F51GG6JAN6H669Q93R3R	1	30	{"value": "30", "precision": 20}	eur	capture	capt_01JMZ3FQ3K7B9M82C99E308D6A	2025-02-25 23:46:43.33+06	2025-02-25 23:46:43.33+06	\N	\N	\N	\N
ordtrx_01JNX66JXAQKHY8YS6CMS15KVS	order_01JNX61R3ZP9763N9G1DRQDJB8	1	20	{"value": "20", "precision": 20}	eur	capture	capt_01JNX66JRKDRF1MZSQB0WRKFDK	2025-03-09 16:11:22.667+06	2025-03-09 16:11:22.667+06	\N	\N	\N	\N
ordtrx_01JQH7DS1M9QHJDEQW4PK4FR04	order_01JQH7D5P2YJWKHEEJPHQHMWNF	1	2600	{"value": "2600", "precision": 20}	bdt	capture	capt_01JQH7DRYB10AS5ZSWRZZV2V2C	2025-03-29 21:13:17.364+06	2025-03-29 21:13:17.364+06	\N	\N	\N	\N
ordtrx_01JQH7GZM4726GESXH434AH5VQ	order_01JQH7D5P2YJWKHEEJPHQHMWNF	2	-1500	{"value": "-1500", "precision": 20}	bdt	refund	pay_01JQH7D5GDGV45PSXQM0VW1CCR	2025-03-29 21:15:02.404+06	2025-03-29 21:15:02.404+06	\N	\N	\N	\N
ordtrx_01JQS38P168HFMSGKWMXM6634J	order_01JQS32NN560VZZ19PGWX2JTAM	1	2600	{"value": "2600", "precision": 20}	bdt	capture	capt_01JQS38NQ98XDJQCYPS8PA25GD	2025-04-01 22:34:31.59+06	2025-04-01 22:34:31.59+06	\N	\N	\N	\N
ordtrx_01JVAG7JXKYBGTXDCJD32T7KWN	order_01JVAG3CT1EDCTN2FVTR1EWW9P	2	300	{"value": "300", "precision": 20}	bdt	capture	capt_01JVAG7JTPV6J2YK90EZ1AWGY3	2025-05-15 23:35:17.939+06	2025-05-15 23:35:17.939+06	\N	\N	\N	\N
ordtrx_01JVAH6K8AK6GBSV2E8BTHWNPD	order_01JVAH3NBW3R5W8TS70XPF2XD1	1	200	{"value": "200", "precision": 20}	bdt	capture	capt_01JVAH6K63CRNEQR7BNXYMQEGV	2025-05-15 23:52:14.09+06	2025-05-15 23:52:14.09+06	\N	\N	\N	\N
ordtrx_01JVAKRFCPSCPAY72QESA4PPKH	order_01JVAKPTP9ZN9BVPZHCV3PZYNV	1	200	{"value": "200", "precision": 20}	bdt	capture	capt_01JVAKRFAQXS8XFC18E338TEQT	2025-05-16 00:36:57.11+06	2025-05-16 00:36:57.11+06	\N	\N	\N	\N
ordtrx_01JVAM776XYK3Q3SJHH8CGZAP0	order_01JV6SRJFJFKCC0YB8F1S9YNV7	1	600	{"value": "600", "precision": 20}	bdt	capture	capt_01JVAM76TPTJADP1H55FCDWWX4	2025-05-16 00:45:00.254+06	2025-05-16 00:45:00.254+06	\N	\N	\N	\N
ordtrx_01JVAMJP9FFXE0VVC6R3J7Z3BP	order_01JV2HYT3XH54EQY7M4H1RVHPS	1	600	{"value": "600", "precision": 20}	bdt	capture	capt_01JVAMJP72KZ9GZCSVQJ6JWR2A	2025-05-16 00:51:16.143+06	2025-05-16 00:51:16.143+06	\N	\N	\N	\N
ordtrx_01JVAN1EQQ6VQQZRC5B2KMRQX2	order_01JTZ2G9V4C7WWBRYAV57CX1R8	1	600	{"value": "600", "precision": 20}	bdt	capture	capt_01JVAN1EM3RNRPG80CYY46X7VJ	2025-05-16 00:59:19.928+06	2025-05-16 00:59:19.928+06	\N	\N	\N	\N
ordtrx_01JVAQ2Y9NZ5FYPQFR73VGS9Y9	order_01JVANPD30B3X8HRRTD8ZBY410	3	200	{"value": "200", "precision": 20}	bdt	capture	capt_01JVAQ2Y2D4KP3DDRGZAAAFGP0	2025-05-16 01:35:05.782+06	2025-05-16 01:35:05.782+06	\N	\N	\N	\N
ordtrx_01JVAQCZK4DR5X0AZMGTSZFR1D	order_01JTYC3RCZQ9TK5KCGM8ERR5A7	1	600	{"value": "600", "precision": 20}	bdt	capture	capt_01JVAQCZG2BEWWA2Y8J3R61FBE	2025-05-16 01:40:34.789+06	2025-05-16 01:40:34.789+06	\N	\N	\N	\N
ordtrx_01JVAQFM8W1ZCPZ5W9246CZ53T	order_01JVAQF3C52QS4VW561RB2E9RW	1	200	{"value": "200", "precision": 20}	bdt	capture	capt_01JVAQFKJN02SZN7VPHQDH0RBQ	2025-05-16 01:42:01.5+06	2025-05-16 01:42:01.5+06	\N	\N	\N	\N
ordtrx_01JVAQPZP253QK2FY4XRZS9DKW	order_01JVAQNHXEZXSWY4JSBH61N891	1	200	{"value": "200", "precision": 20}	bdt	capture	capt_01JVAQPZKYN30PSSPEQNRC1TYX	2025-05-16 01:46:02.562+06	2025-05-16 01:46:02.562+06	\N	\N	\N	\N
ordtrx_01JWPAT6K2JKBVVSHEWJPBG3QY	order_01JWPASAM75KJVXA6B04A4MKBX	1	1100	{"value": "1100", "precision": 20}	bdt	capture	capt_01JWPAT6FQBV2J266KDKR1S41J	2025-06-02 00:07:11.458+06	2025-06-02 00:07:11.458+06	\N	\N	\N	\N
ordtrx_01JWPBFYEB0KF3DGP4RA15CJG4	order_01JWPBFFCZ1YTX20D62N4E76EE	1	200	{"value": "200", "precision": 20}	bdt	capture	capt_01JWPBFYBBVDGJ2SGKFFCCF1NN	2025-06-02 00:19:04.011+06	2025-06-02 00:19:04.011+06	\N	\N	\N	\N
ordtrx_01JWR1J44DKBE3THSBJ2KVDZ5W	order_01JWR1HKJ5CN4ZV00BV7STZSJQ	1	200	{"value": "200", "precision": 20}	bdt	capture	capt_01JWR1J41RXX7QPDD67NYAGDVV	2025-06-02 16:03:58.477+06	2025-06-02 16:03:58.477+06	\N	\N	\N	\N
ordtrx_01JWR3W5B6JZB77XH2W202D1VT	order_01JWR1GJR2GA5WVRGNS1Q6TABW	1	500	{"value": "500", "precision": 20}	bdt	capture	capt_01JWR3W55JP40Y4MNGZ3G5NA2E	2025-06-02 16:44:24.55+06	2025-06-02 16:44:24.55+06	\N	\N	\N	\N
ordtrx_01JWR4366AFZPY3Y651Q9YDC3P	order_01JWR42N971AWR051NQJ7KPQQF	1	200	{"value": "200", "precision": 20}	bdt	capture	capt_01JWR4363S0H1SE57AN46T1R5S	2025-06-02 16:48:14.794+06	2025-06-02 16:48:14.794+06	\N	\N	\N	\N
\.


--
-- Data for Name: payment; Type: TABLE DATA; Schema: public; Owner: -
--

COPY public.payment (id, amount, raw_amount, currency_code, provider_id, data, created_at, updated_at, deleted_at, captured_at, canceled_at, payment_collection_id, payment_session_id, metadata) FROM stdin;
pay_01JMCNJA9F9MEQE7X7WKS5M06Z	20	{"value": "20", "precision": 20}	eur	pp_system_default	{}	2025-02-18 19:57:08.528+06	2025-02-18 19:58:36.076+06	\N	2025-02-18 19:58:36.059+06	\N	pay_col_01JMCNJ77GNVMZNR7XEK2ZZRS8	payses_01JMCNJ7BHPWN1YX85WTGYVAZ3	\N
pay_01JMPQDWXW7XK3NYV5Z4BSXEFY	20	{"value": "20", "precision": 20}	eur	pp_system_default	{}	2025-02-22 17:42:05.245+06	2025-02-22 17:42:28.328+06	\N	2025-02-22 17:42:28.323+06	\N	pay_col_01JMPQB8VPXC2NB3TJQQNVRC45	payses_01JMPQDVV04AC4T51EDAZP10BF	\N
pay_01JMZ3F4YF79R9W502ZWN2ZY05	30	{"value": "30", "precision": 20}	eur	pp_system_default	{}	2025-02-25 23:46:24.591+06	2025-02-25 23:46:43.24+06	\N	2025-02-25 23:46:43.223+06	\N	pay_col_01JMZ3F2XQDT5TQG68SJ5JRCCM	payses_01JMZ3F31DZ1EP102F1PWKH1K1	\N
pay_01JNX61QZ88YDMSM12E83MJDPB	20	{"value": "20", "precision": 20}	eur	pp_system_default	{}	2025-03-09 16:08:44.009+06	2025-03-09 16:11:22.609+06	\N	2025-03-09 16:11:22.596+06	\N	pay_col_01JNX5W6G2ZEX257BWCNW0JZGS	payses_01JNX5W6QJZTA27ZZVYRXY8NPT	\N
pay_01JNX6MZKW3WV5RCC6HCEEQRTP	30	{"value": "30", "precision": 20}	eur	pp_system_default	{}	2025-03-09 16:19:14.428+06	2025-03-10 00:27:18.252+06	\N	\N	2025-03-10 00:27:18.238+06	pay_col_01JNX6DQNH4E83DRDBC2CPM3WG	payses_01JNX6MYAGJJM604298TP2NDQ2	\N
pay_01JQ78WKYXAVKNRJBEKP6EJGYZ	600	{"value": "600", "precision": 20}	bdt	pp_system_default	{}	2025-03-26 00:26:27.933+06	2025-03-28 16:33:02.571+06	\N	\N	2025-03-28 16:33:02.56+06	pay_col_01JQ78WEWQSD46C318JNDWYTTM	payses_01JQ78WF2B6D8GANYPKW7RZRWK	\N
pay_01JQH7D5GDGV45PSXQM0VW1CCR	2600	{"value": "2600", "precision": 20}	bdt	pp_system_default	{}	2025-03-29 21:12:57.358+06	2025-03-29 21:13:17.312+06	\N	2025-03-29 21:13:17.303+06	\N	pay_col_01JQE42VJ3RY3STBVBYMZQN2PS	payses_01JQH7D3XSP1GQ509EYRHAA723	\N
pay_01JQS32NBX5NR1ZM6GTGRS54K3	2600	{"value": "2600", "precision": 20}	bdt	pp_system_default	{}	2025-04-01 22:31:14.301+06	2025-04-01 22:34:31.314+06	\N	2025-04-01 22:34:31.304+06	\N	pay_col_01JQS32GJDZQWZ9DAQAZE80EQF	payses_01JQS32GRZAMHP5V0N0WYQ7CBX	\N
pay_01JVAG3CQJ8DYN6QJ0BGPCH5JG	300	{"value": "300", "precision": 20}	bdt	pp_system_default	{}	2025-05-15 23:33:00.53+06	2025-05-15 23:35:17.896+06	\N	2025-05-15 23:35:17.89+06	\N	pay_col_01JVAG3AT8G4D5GCEMTXJ2TYFK	payses_01JVAG3AX11AAVCTHM5GR4JNVB	\N
pay_01JVAH3N7N3KEX64NWEA89HXE2	200	{"value": "200", "precision": 20}	bdt	pp_system_default	{}	2025-05-15 23:50:37.814+06	2025-05-15 23:52:14.041+06	\N	2025-05-15 23:52:14.035+06	\N	pay_col_01JVAH3KZ2D0M5W21HCYS1Y56X	payses_01JVAH3M1YQJEJ0PM04VY498VY	\N
pay_01JV85G44JFJ7ECY1FDQTTK6GZ	200	{"value": "200", "precision": 20}	bdt	pp_system_default	{}	2025-05-15 01:49:14.514+06	2025-05-16 00:30:37.331+06	\N	\N	2025-05-16 00:30:37.302+06	pay_col_01JV85G2R89GSTYD2EBK0VQ8HN	payses_01JV85G2V8VRHSZDKV0NS892GG	\N
pay_01JV85E1RDX66WC0WV6QNK39QA	200	{"value": "200", "precision": 20}	bdt	pp_system_default	{}	2025-05-15 01:48:06.542+06	2025-05-16 00:35:08.211+06	\N	\N	2025-05-16 00:35:08.188+06	pay_col_01JV85C50PNPC51HAXYHSK6Z8E	payses_01JV85C5629WMBSCRM4ZA4YPXW	\N
pay_01JVAKPTKZGTSKEVVMX6NWCRNJ	200	{"value": "200", "precision": 20}	bdt	pp_system_default	{}	2025-05-16 00:36:03.071+06	2025-05-16 00:36:57.069+06	\N	2025-05-16 00:36:57.064+06	\N	pay_col_01JVAKPS2N9J3XJ7FGGPXY31CW	payses_01JVAKPS5FW4M6MTPDZ9JA5NAY	\N
pay_01JV6SRJ9A4Y1EZWW00PJ11EP7	600	{"value": "600", "precision": 20}	bdt	pp_system_default	{}	2025-05-14 13:04:53.802+06	2025-05-16 00:44:59.958+06	\N	2025-05-16 00:44:59.937+06	\N	pay_col_01JV6SRFZG1FBWVEECPB2BSQC4	payses_01JV6SRG3RVH7TKE7Y67AQ2WQK	\N
pay_01JV2HYSYWZVP7B47HRNNMHGHW	600	{"value": "600", "precision": 20}	bdt	pp_system_default	{}	2025-05-12 21:31:31.933+06	2025-05-16 00:51:16.095+06	\N	2025-05-16 00:51:16.086+06	\N	pay_col_01JV2HYQSAVQNA2FSRTTJZWK3N	payses_01JV2HYQYGRJQWKD135FS79QK4	\N
pay_01JTZ2G9MQV1HCJ6QS29WJJTQK	600	{"value": "600", "precision": 20}	bdt	pp_system_default	{}	2025-05-11 13:03:44.535+06	2025-05-16 00:59:19.855+06	\N	2025-05-16 00:59:19.837+06	\N	pay_col_01JTZ2FYNC064Q5MMTH984QMH4	payses_01JTZ2FYVRP8895G5NCFK6C6A8	\N
pay_01JVANPD01BACX4FFWAV53Q3YY	200	{"value": "200", "precision": 20}	bdt	pp_system_default	{}	2025-05-16 01:10:46.274+06	2025-05-16 01:35:05.617+06	\N	2025-05-16 01:35:05.602+06	\N	pay_col_01JVANPBMHB7JCKYN6H339WYXH	payses_01JVANPBQCRZX8E245RTP2E3X8	\N
pay_01JTYC3R991XGTP01PTDGT1Y6S	600	{"value": "600", "precision": 20}	bdt	pp_system_default	{}	2025-05-11 06:32:24.873+06	2025-05-16 01:40:34.731+06	\N	2025-05-16 01:40:34.725+06	\N	pay_col_01JTYC3PDRMZ33DMXVMM4AGR8D	payses_01JTYC3PHZB9CCEFZNY8RYB5V7	\N
pay_01JVAQF39XANEPZTDMAD1TM8NF	200	{"value": "200", "precision": 20}	bdt	pp_system_default	{}	2025-05-16 01:41:44.125+06	2025-05-16 01:42:01.075+06	\N	2025-05-16 01:42:01.059+06	\N	pay_col_01JVAQF1Y61S6YYYEYMWQ2133V	payses_01JVAQF21BREDCRWNMGQZ75909	\N
pay_01JVAQNHTZCQKBP29S1HX1XHF8	200	{"value": "200", "precision": 20}	bdt	pp_system_default	{}	2025-05-16 01:45:15.615+06	2025-05-16 01:46:02.514+06	\N	2025-05-16 01:46:02.507+06	\N	pay_col_01JVAQNGCH13SQ26Z5QWYNMAPP	payses_01JVAQNGFKDVWWP751HYV93259	\N
pay_01JVC7YPGVGBY5FCSHH1YVNRM2	200	{"value": "200", "precision": 20}	bdt	pp_system_default	{}	2025-05-16 15:49:06.971+06	2025-05-16 16:51:56.651+06	\N	\N	2025-05-16 16:51:56.614+06	pay_col_01JVC7YMSVXX0PZDCGGW1TN8P6	payses_01JVC7YMZRC8K8FBB2HFYV7MMJ	\N
pay_01JVB15QZCHKPZ00TMW58VQ371	200	{"value": "200", "precision": 20}	bdt	pp_system_default	{}	2025-05-16 04:31:23.372+06	2025-05-16 16:53:44.728+06	\N	\N	2025-05-16 16:53:44.697+06	pay_col_01JVB15P5RQ324EJAJFRQVGNK1	payses_01JVB15PCH41XNK7YCX2F3AWG2	\N
pay_01JWPASAFQDT19HJGNBQMADKVQ	1100	{"value": "1100", "precision": 20}	bdt	pp_system_default	{}	2025-06-02 00:06:42.68+06	2025-06-02 00:07:11.427+06	\N	2025-06-02 00:07:11.423+06	\N	pay_col_01JWPANMDRS2YC792DZEK442K5	payses_01JWPANMJ5NYXQ7SCS52EY0JHJ	\N
pay_01JWPBFF7GJPSYFNDHM6XV8608	200	{"value": "200", "precision": 20}	bdt	pp_system_default	{}	2025-06-02 00:18:48.432+06	2025-06-02 00:19:03.938+06	\N	2025-06-02 00:19:03.93+06	\N	pay_col_01JWPBFDA6T5JPYWF1CSDKSRHD	payses_01JWPBFDC2EP52EVR825FV218R	\N
pay_01JWR1HKGBCS8M6WKJ1XYZNTH0	200	{"value": "200", "precision": 20}	bdt	pp_system_default	{}	2025-06-02 16:03:41.451+06	2025-06-02 16:03:58.446+06	\N	2025-06-02 16:03:58.442+06	\N	pay_col_01JWR1HJ0RXFZ51G2QB42MSWA1	payses_01JWR1HJ349SFZ72AMWNPARN5W	\N
pay_01JWR1GJK9MK8ET4Y2GW9JASRN	500	{"value": "500", "precision": 20}	bdt	pp_system_default	{}	2025-06-02 16:03:07.753+06	2025-06-02 16:44:24.43+06	\N	2025-06-02 16:44:24.424+06	\N	pay_col_01JWR1GGTZ7R46HHPGK20XN2TD	payses_01JWR1GH2Z5R0DZBCZDHKQZB4B	\N
pay_01JWR42N415DJPPFEMTNEYZJ7P	200	{"value": "200", "precision": 20}	bdt	pp_system_default	{}	2025-06-02 16:47:57.314+06	2025-06-02 16:48:14.742+06	\N	2025-06-02 16:48:14.732+06	\N	pay_col_01JWR42K06QEHYJ5QFTEPEM5A8	payses_01JWR42K4VXT78R9582MGQG3A3	\N
pay_01JWR48BJW3PEQ9K5N782V1VQ4	200	{"value": "200", "precision": 20}	bdt	pp_system_default	{}	2025-06-02 16:51:04.156+06	2025-06-02 16:51:04.156+06	\N	\N	\N	pay_col_01JWR48AEYK316F79TE922JVXZ	payses_01JWR48AGJGBSEC9XCSD8BDKEH	\N
pay_01JWR50PY0ES9Z5VG27P8RXJE6	200	{"value": "200", "precision": 20}	bdt	pp_system_default	{}	2025-06-02 17:04:22.208+06	2025-06-02 17:04:22.208+06	\N	\N	\N	pay_col_01JWR50NQ7B4MK96BSJWWWK0WV	payses_01JWR50NRTQ9Q5FJN7CS8A2AN5	\N
pay_01JWR56X6JNH5PFSKD15JT7KPE	200	{"value": "200", "precision": 20}	bdt	pp_system_default	{}	2025-06-02 17:07:45.234+06	2025-06-02 17:07:45.234+06	\N	\N	\N	pay_col_01JWR56W71EXQPQ7KKTZY9YJPA	payses_01JWR56W8PN92MSAGH5E61RNZC	\N
pay_01JWR6GFNYF6GSGA6KD6DAMBGT	200	{"value": "200", "precision": 20}	bdt	pp_system_default	{}	2025-06-02 17:30:27.646+06	2025-06-02 17:30:27.646+06	\N	\N	\N	pay_col_01JWR6GENFE95YF5GMFQQ2YRJ6	payses_01JWR6GEQ80VRB2W8VDYTRS3YV	\N
pay_01JWR6RRS961C44M3FWDJ3AHWM	200	{"value": "200", "precision": 20}	bdt	pp_system_default	{}	2025-06-02 17:34:59.114+06	2025-06-02 17:34:59.114+06	\N	\N	\N	pay_col_01JWR6RQKFTFJ4F2X94QWTK7MS	payses_01JWR6RQN3FW1E9W6A7T7YDX89	\N
pay_01JWR7K94M9JA2AJTN5PTDFNRH	200	{"value": "200", "precision": 20}	bdt	pp_system_default	{}	2025-06-02 17:49:27.828+06	2025-06-02 17:49:27.828+06	\N	\N	\N	pay_col_01JWR7K85GX932XP3FJ9T98GDY	payses_01JWR7K876SJX1ZS48YMD5VT5N	\N
pay_01JWR8RSVFVX6G730KM782A8W6	200	{"value": "200", "precision": 20}	bdt	pp_system_default	{}	2025-06-02 18:09:57.36+06	2025-06-02 18:09:57.36+06	\N	\N	\N	pay_col_01JWR8RRRMJ0X8R07BRXQFSTRT	payses_01JWR8RRT6RPD6GQR1K9GHY3C4	\N
pay_01JY1QN8HZGM6H79B3HTKP6N8E	200	{"value": "200", "precision": 20}	bdt	pp_system_default	{}	2025-06-18 20:39:01.695+06	2025-06-18 20:39:01.695+06	\N	\N	\N	pay_col_01JY1QN2YEZJH4H03HP64Q0PZ0	payses_01JY1QN33Y9EWJM7SWB7GQK6MB	\N
\.


--
-- Data for Name: payment_collection; Type: TABLE DATA; Schema: public; Owner: -
--

COPY public.payment_collection (id, currency_code, amount, raw_amount, authorized_amount, raw_authorized_amount, captured_amount, raw_captured_amount, refunded_amount, raw_refunded_amount, created_at, updated_at, deleted_at, completed_at, status, metadata) FROM stdin;
pay_col_01JMCNJ77GNVMZNR7XEK2ZZRS8	eur	20	{"value": "20", "precision": 20}	20	{"value": "20", "precision": 20}	20	{"value": "20", "precision": 20}	0	{"value": "0", "precision": 20}	2025-02-18 19:57:05.392+06	2025-02-18 19:58:36.124+06	\N	2025-02-18 19:58:36.118+06	completed	\N
pay_col_01JV85G2R89GSTYD2EBK0VQ8HN	bdt	200	{"value": "200", "precision": 20}	200	{"value": "200", "precision": 20}	0	{"value": "0", "precision": 20}	0	{"value": "0", "precision": 20}	2025-05-15 01:49:13.096+06	2025-05-16 00:30:37.631+06	\N	\N	canceled	\N
pay_col_01JQS32GJDZQWZ9DAQAZE80EQF	bdt	2600	{"value": "2600", "precision": 20}	2600	{"value": "2600", "precision": 20}	2600	{"value": "2600", "precision": 20}	0	{"value": "0", "precision": 20}	2025-04-01 22:31:09.389+06	2025-04-01 22:34:31.401+06	\N	2025-04-01 22:34:31.396+06	completed	\N
pay_col_01JMPQB8VPXC2NB3TJQQNVRC45	eur	20	{"value": "20", "precision": 20}	20	{"value": "20", "precision": 20}	20	{"value": "20", "precision": 20}	0	{"value": "0", "precision": 20}	2025-02-22 17:40:39.158+06	2025-02-22 17:42:28.34+06	\N	2025-02-22 17:42:28.338+06	completed	\N
pay_col_01JMZ3F2XQDT5TQG68SJ5JRCCM	eur	30	{"value": "30", "precision": 20}	30	{"value": "30", "precision": 20}	30	{"value": "30", "precision": 20}	0	{"value": "0", "precision": 20}	2025-02-25 23:46:22.519+06	2025-02-25 23:46:43.29+06	\N	2025-02-25 23:46:43.283+06	completed	\N
pay_col_01JNX5W6G2ZEX257BWCNW0JZGS	eur	20	{"value": "20", "precision": 20}	20	{"value": "20", "precision": 20}	20	{"value": "20", "precision": 20}	0	{"value": "0", "precision": 20}	2025-03-09 16:05:42.274+06	2025-03-09 16:11:22.646+06	\N	2025-03-09 16:11:22.641+06	completed	\N
pay_col_01JNX6DQNH4E83DRDBC2CPM3WG	eur	30	{"value": "30", "precision": 20}	30	{"value": "30", "precision": 20}	0	{"value": "0", "precision": 20}	0	{"value": "0", "precision": 20}	2025-03-09 16:15:16.914+06	2025-03-10 00:27:18.767+06	\N	\N	canceled	\N
pay_col_01JQ78WEWQSD46C318JNDWYTTM	bdt	600	{"value": "600", "precision": 20}	600	{"value": "600", "precision": 20}	0	{"value": "0", "precision": 20}	0	{"value": "0", "precision": 20}	2025-03-26 00:26:22.743+06	2025-03-28 16:33:02.838+06	\N	\N	canceled	\N
pay_col_01JVANPBMHB7JCKYN6H339WYXH	bdt	200	{"value": "200", "precision": 20}	200	{"value": "200", "precision": 20}	200	{"value": "200", "precision": 20}	0	{"value": "0", "precision": 20}	2025-05-16 01:10:44.882+06	2025-05-16 01:35:05.722+06	\N	2025-05-16 01:35:05.712+06	completed	\N
pay_col_01JTYC3PDRMZ33DMXVMM4AGR8D	bdt	600	{"value": "600", "precision": 20}	600	{"value": "600", "precision": 20}	600	{"value": "600", "precision": 20}	0	{"value": "0", "precision": 20}	2025-05-11 06:32:22.968+06	2025-05-16 01:40:34.762+06	\N	2025-05-16 01:40:34.758+06	completed	\N
pay_col_01JQE42VJ3RY3STBVBYMZQN2PS	bdt	2600	{"value": "2600", "precision": 20}	2600	{"value": "2600", "precision": 20}	2600	{"value": "2600", "precision": 20}	2400	{"value": "2400", "precision": 20}	2025-03-28 16:17:10.467+06	2025-03-29 21:17:13.315+06	\N	2025-03-29 21:17:13.313+06	completed	\N
pay_col_01JV85C50PNPC51HAXYHSK6Z8E	bdt	200	{"value": "200", "precision": 20}	200	{"value": "200", "precision": 20}	0	{"value": "0", "precision": 20}	0	{"value": "0", "precision": 20}	2025-05-15 01:47:04.342+06	2025-05-16 00:35:08.942+06	\N	\N	canceled	\N
pay_col_01JVAG3AT8G4D5GCEMTXJ2TYFK	bdt	300	{"value": "300", "precision": 20}	300	{"value": "300", "precision": 20}	300	{"value": "300", "precision": 20}	0	{"value": "0", "precision": 20}	2025-05-15 23:32:58.568+06	2025-05-15 23:35:17.919+06	\N	2025-05-15 23:35:17.916+06	completed	\N
pay_col_01JVAH3KZ2D0M5W21HCYS1Y56X	bdt	200	{"value": "200", "precision": 20}	200	{"value": "200", "precision": 20}	200	{"value": "200", "precision": 20}	0	{"value": "0", "precision": 20}	2025-05-15 23:50:36.514+06	2025-05-15 23:52:14.065+06	\N	2025-05-15 23:52:14.062+06	completed	\N
pay_col_01JVAQNGCH13SQ26Z5QWYNMAPP	bdt	200	{"value": "200", "precision": 20}	200	{"value": "200", "precision": 20}	200	{"value": "200", "precision": 20}	0	{"value": "0", "precision": 20}	2025-05-16 01:45:14.129+06	2025-05-16 01:46:02.537+06	\N	2025-05-16 01:46:02.533+06	completed	\N
pay_col_01JVAKPS2N9J3XJ7FGGPXY31CW	bdt	200	{"value": "200", "precision": 20}	200	{"value": "200", "precision": 20}	200	{"value": "200", "precision": 20}	0	{"value": "0", "precision": 20}	2025-05-16 00:36:01.493+06	2025-05-16 00:36:57.091+06	\N	2025-05-16 00:36:57.089+06	completed	\N
pay_col_01JV6SRFZG1FBWVEECPB2BSQC4	bdt	600	{"value": "600", "precision": 20}	600	{"value": "600", "precision": 20}	600	{"value": "600", "precision": 20}	0	{"value": "0", "precision": 20}	2025-05-14 13:04:51.44+06	2025-05-16 00:45:00.101+06	\N	2025-05-16 00:45:00.096+06	completed	\N
pay_col_01JV2HYQSAVQNA2FSRTTJZWK3N	bdt	600	{"value": "600", "precision": 20}	600	{"value": "600", "precision": 20}	600	{"value": "600", "precision": 20}	0	{"value": "0", "precision": 20}	2025-05-12 21:31:29.706+06	2025-05-16 00:51:16.122+06	\N	2025-05-16 00:51:16.118+06	completed	\N
pay_col_01JTZ2FYNC064Q5MMTH984QMH4	bdt	600	{"value": "600", "precision": 20}	600	{"value": "600", "precision": 20}	600	{"value": "600", "precision": 20}	0	{"value": "0", "precision": 20}	2025-05-11 13:03:33.293+06	2025-05-16 00:59:19.906+06	\N	2025-05-16 00:59:19.901+06	completed	\N
pay_col_01JVAQF1Y61S6YYYEYMWQ2133V	bdt	200	{"value": "200", "precision": 20}	200	{"value": "200", "precision": 20}	200	{"value": "200", "precision": 20}	0	{"value": "0", "precision": 20}	2025-05-16 01:41:42.726+06	2025-05-16 01:42:01.393+06	\N	2025-05-16 01:42:01.389+06	completed	\N
pay_col_01JVSVFK4ACA54MN99BQ7XZ5DN	bdt	200	{"value": "200", "precision": 20}	\N	\N	\N	\N	\N	\N	2025-05-21 22:40:31.114+06	2025-05-21 22:40:31.114+06	\N	\N	not_paid	\N
pay_col_01JVB15P5RQ324EJAJFRQVGNK1	bdt	200	{"value": "200", "precision": 20}	200	{"value": "200", "precision": 20}	0	{"value": "0", "precision": 20}	0	{"value": "0", "precision": 20}	2025-05-16 04:31:21.528+06	2025-05-16 16:53:45.219+06	\N	\N	canceled	\N
pay_col_01JVC7YMSVXX0PZDCGGW1TN8P6	bdt	200	{"value": "200", "precision": 20}	200	{"value": "200", "precision": 20}	0	{"value": "0", "precision": 20}	0	{"value": "0", "precision": 20}	2025-05-16 15:49:05.211+06	2025-05-16 16:51:57.35+06	\N	\N	canceled	\N
pay_col_01JWPANMDRS2YC792DZEK442K5	bdt	1100	{"value": "1100", "precision": 20}	1100	{"value": "1100", "precision": 20}	1100	{"value": "1100", "precision": 20}	0	{"value": "0", "precision": 20}	2025-06-02 00:04:41.784+06	2025-06-02 00:07:11.441+06	\N	2025-06-02 00:07:11.439+06	completed	\N
pay_col_01JWPBFDA6T5JPYWF1CSDKSRHD	bdt	200	{"value": "200", "precision": 20}	200	{"value": "200", "precision": 20}	200	{"value": "200", "precision": 20}	0	{"value": "0", "precision": 20}	2025-06-02 00:18:46.47+06	2025-06-02 00:19:03.975+06	\N	2025-06-02 00:19:03.968+06	completed	\N
pay_col_01JWR1HJ0RXFZ51G2QB42MSWA1	bdt	200	{"value": "200", "precision": 20}	200	{"value": "200", "precision": 20}	200	{"value": "200", "precision": 20}	0	{"value": "0", "precision": 20}	2025-06-02 16:03:39.928+06	2025-06-02 16:03:58.46+06	\N	2025-06-02 16:03:58.457+06	completed	\N
pay_col_01JWR1GGTZ7R46HHPGK20XN2TD	bdt	500	{"value": "500", "precision": 20}	500	{"value": "500", "precision": 20}	500	{"value": "500", "precision": 20}	0	{"value": "0", "precision": 20}	2025-06-02 16:03:05.951+06	2025-06-02 16:44:24.525+06	\N	2025-06-02 16:44:24.515+06	completed	\N
pay_col_01JWR42K06QEHYJ5QFTEPEM5A8	bdt	200	{"value": "200", "precision": 20}	200	{"value": "200", "precision": 20}	200	{"value": "200", "precision": 20}	0	{"value": "0", "precision": 20}	2025-06-02 16:47:55.142+06	2025-06-02 16:48:14.774+06	\N	2025-06-02 16:48:14.77+06	completed	\N
pay_col_01JWR48AEYK316F79TE922JVXZ	bdt	200	{"value": "200", "precision": 20}	200	{"value": "200", "precision": 20}	0	{"value": "0", "precision": 20}	0	{"value": "0", "precision": 20}	2025-06-02 16:51:03.006+06	2025-06-02 16:51:04.175+06	\N	\N	authorized	\N
pay_col_01JWR50NQ7B4MK96BSJWWWK0WV	bdt	200	{"value": "200", "precision": 20}	200	{"value": "200", "precision": 20}	0	{"value": "0", "precision": 20}	0	{"value": "0", "precision": 20}	2025-06-02 17:04:20.967+06	2025-06-02 17:04:22.226+06	\N	\N	authorized	\N
pay_col_01JWR56W71EXQPQ7KKTZY9YJPA	bdt	200	{"value": "200", "precision": 20}	200	{"value": "200", "precision": 20}	0	{"value": "0", "precision": 20}	0	{"value": "0", "precision": 20}	2025-06-02 17:07:44.225+06	2025-06-02 17:07:45.254+06	\N	\N	authorized	\N
pay_col_01JWR6GENFE95YF5GMFQQ2YRJ6	bdt	200	{"value": "200", "precision": 20}	200	{"value": "200", "precision": 20}	0	{"value": "0", "precision": 20}	0	{"value": "0", "precision": 20}	2025-06-02 17:30:26.607+06	2025-06-02 17:30:27.674+06	\N	\N	authorized	\N
pay_col_01JWR6RQKFTFJ4F2X94QWTK7MS	bdt	200	{"value": "200", "precision": 20}	200	{"value": "200", "precision": 20}	0	{"value": "0", "precision": 20}	0	{"value": "0", "precision": 20}	2025-06-02 17:34:57.903+06	2025-06-02 17:34:59.165+06	\N	\N	authorized	\N
pay_col_01JWR7K85GX932XP3FJ9T98GDY	bdt	200	{"value": "200", "precision": 20}	200	{"value": "200", "precision": 20}	0	{"value": "0", "precision": 20}	0	{"value": "0", "precision": 20}	2025-06-02 17:49:26.833+06	2025-06-02 17:49:27.847+06	\N	\N	authorized	\N
pay_col_01JWR8RRRMJ0X8R07BRXQFSTRT	bdt	200	{"value": "200", "precision": 20}	200	{"value": "200", "precision": 20}	0	{"value": "0", "precision": 20}	0	{"value": "0", "precision": 20}	2025-06-02 18:09:56.245+06	2025-06-02 18:09:57.384+06	\N	\N	authorized	\N
pay_col_01JY1QN2YEZJH4H03HP64Q0PZ0	bdt	200	{"value": "200", "precision": 20}	200	{"value": "200", "precision": 20}	0	{"value": "0", "precision": 20}	0	{"value": "0", "precision": 20}	2025-06-18 20:38:55.95+06	2025-06-18 20:39:01.739+06	\N	\N	authorized	\N
\.


--
-- Data for Name: payment_collection_payment_providers; Type: TABLE DATA; Schema: public; Owner: -
--

COPY public.payment_collection_payment_providers (payment_collection_id, payment_provider_id) FROM stdin;
\.


--
-- Data for Name: payment_provider; Type: TABLE DATA; Schema: public; Owner: -
--

COPY public.payment_provider (id, is_enabled, created_at, updated_at, deleted_at) FROM stdin;
pp_system_default	t	2025-02-16 16:29:36.916+06	2025-02-16 16:29:36.916+06	\N
\.


--
-- Data for Name: payment_session; Type: TABLE DATA; Schema: public; Owner: -
--

COPY public.payment_session (id, currency_code, amount, raw_amount, provider_id, data, context, status, authorized_at, payment_collection_id, metadata, created_at, updated_at, deleted_at) FROM stdin;
payses_01JMCNJ7BHPWN1YX85WTGYVAZ3	eur	20	{"value": "20", "precision": 20}	pp_system_default	{}	{}	authorized	2025-02-18 19:57:08.523+06	pay_col_01JMCNJ77GNVMZNR7XEK2ZZRS8	\N	2025-02-18 19:57:05.522+06	2025-02-18 19:57:08.528+06	\N
payses_01JMPQDVV04AC4T51EDAZP10BF	eur	20	{"value": "20", "precision": 20}	pp_system_default	{}	{"customer": {"id": "cus_01JMPQ9K7R3BKEMBVG59BHS2MY", "email": "mosabbir.fwd@gmail.com", "phone": "01829463584", "metadata": null, "addresses": [], "last_name": "Khan", "first_name": "Md Mosabbir Hossain", "company_name": null}}	authorized	2025-02-22 17:42:05.241+06	pay_col_01JMPQB8VPXC2NB3TJQQNVRC45	\N	2025-02-22 17:42:04.128+06	2025-02-22 17:42:05.245+06	\N
payses_01JMZ3F31DZ1EP102F1PWKH1K1	eur	30	{"value": "30", "precision": 20}	pp_system_default	{}	{}	authorized	2025-02-25 23:46:24.588+06	pay_col_01JMZ3F2XQDT5TQG68SJ5JRCCM	\N	2025-02-25 23:46:22.637+06	2025-02-25 23:46:24.592+06	\N
payses_01JNX5W6QJZTA27ZZVYRXY8NPT	eur	20	{"value": "20", "precision": 20}	pp_system_default	{}	{}	authorized	2025-03-09 16:08:44.004+06	pay_col_01JNX5W6G2ZEX257BWCNW0JZGS	\N	2025-03-09 16:05:42.514+06	2025-03-09 16:08:44.009+06	\N
payses_01JNX6MYAGJJM604298TP2NDQ2	eur	30	{"value": "30", "precision": 20}	pp_system_default	{}	{}	authorized	2025-03-09 16:19:14.426+06	pay_col_01JNX6DQNH4E83DRDBC2CPM3WG	\N	2025-03-09 16:19:13.104+06	2025-03-09 16:19:14.428+06	\N
payses_01JQ78WF2B6D8GANYPKW7RZRWK	bdt	600	{"value": "600", "precision": 20}	pp_system_default	{}	{"customer": {"id": "cus_01JMPQ9K7R3BKEMBVG59BHS2MY", "email": "mosabbir.fwd@gmail.com", "phone": "01829463584", "metadata": null, "addresses": [{"id": "cuaddr_01JQ78TQ6VA197BXHVRV2BZXXR", "city": "Dhaka", "phone": "018454545454", "company": "", "metadata": null, "province": "", "address_1": "300/R Banasree", "address_2": "", "last_name": "Khan", "created_at": "2025-03-25T18:25:25.724Z", "deleted_at": null, "first_name": "Md Mosabbir", "updated_at": "2025-03-25T18:25:25.724Z", "customer_id": "cus_01JMPQ9K7R3BKEMBVG59BHS2MY", "postal_code": "1212", "address_name": null, "country_code": "bd", "is_default_billing": false, "is_default_shipping": true}], "last_name": "Khan", "first_name": "Md Mosabbir Hossain", "company_name": null, "billing_address": {"id": "cuaddr_01JQ78TQ6VA197BXHVRV2BZXXR", "city": "Dhaka", "phone": "018454545454", "company": "", "metadata": null, "province": "", "address_1": "300/R Banasree", "address_2": "", "last_name": "Khan", "created_at": "2025-03-25T18:25:25.724Z", "deleted_at": null, "first_name": "Md Mosabbir", "updated_at": "2025-03-25T18:25:25.724Z", "customer_id": "cus_01JMPQ9K7R3BKEMBVG59BHS2MY", "postal_code": "1212", "address_name": null, "country_code": "bd", "is_default_billing": false, "is_default_shipping": true}}}	authorized	2025-03-26 00:26:27.931+06	pay_col_01JQ78WEWQSD46C318JNDWYTTM	\N	2025-03-26 00:26:22.923+06	2025-03-26 00:26:27.934+06	\N
payses_01JQH7D3XSP1GQ509EYRHAA723	bdt	2600	{"value": "2600", "precision": 20}	pp_system_default	{}	{}	authorized	2025-03-29 21:12:57.352+06	pay_col_01JQE42VJ3RY3STBVBYMZQN2PS	\N	2025-03-29 21:12:55.738+06	2025-03-29 21:12:57.358+06	\N
payses_01JQS32GRZAMHP5V0N0WYQ7CBX	bdt	2600	{"value": "2600", "precision": 20}	pp_system_default	{}	{}	authorized	2025-04-01 22:31:14.293+06	pay_col_01JQS32GJDZQWZ9DAQAZE80EQF	\N	2025-04-01 22:31:09.599+06	2025-04-01 22:31:14.302+06	\N
payses_01JTYC3PHZB9CCEFZNY8RYB5V7	bdt	600	{"value": "600", "precision": 20}	pp_system_default	{}	{"customer": {"id": "cus_01JMPQ9K7R3BKEMBVG59BHS2MY", "email": "mosabbir.fwd@gmail.com", "phone": "01829463584", "metadata": null, "addresses": [{"id": "cuaddr_01JQ78TQ6VA197BXHVRV2BZXXR", "city": "Dhaka", "phone": "018454545454", "company": "", "metadata": null, "province": "", "address_1": "300/R Banasree", "address_2": "", "last_name": "Khan", "created_at": "2025-03-25T18:25:25.724Z", "deleted_at": null, "first_name": "Md Mosabbir", "updated_at": "2025-03-25T18:25:25.724Z", "customer_id": "cus_01JMPQ9K7R3BKEMBVG59BHS2MY", "postal_code": "1212", "address_name": null, "country_code": "bd", "is_default_billing": false, "is_default_shipping": true}], "last_name": "Khan", "first_name": "Md Mosabbir Hossain", "company_name": null, "billing_address": {"id": "cuaddr_01JQ78TQ6VA197BXHVRV2BZXXR", "city": "Dhaka", "phone": "018454545454", "company": "", "metadata": null, "province": "", "address_1": "300/R Banasree", "address_2": "", "last_name": "Khan", "created_at": "2025-03-25T18:25:25.724Z", "deleted_at": null, "first_name": "Md Mosabbir", "updated_at": "2025-03-25T18:25:25.724Z", "customer_id": "cus_01JMPQ9K7R3BKEMBVG59BHS2MY", "postal_code": "1212", "address_name": null, "country_code": "bd", "is_default_billing": false, "is_default_shipping": true}}}	authorized	2025-05-11 06:32:24.869+06	pay_col_01JTYC3PDRMZ33DMXVMM4AGR8D	\N	2025-05-11 06:32:23.103+06	2025-05-11 06:32:24.874+06	\N
payses_01JTZ2FYVRP8895G5NCFK6C6A8	bdt	600	{"value": "600", "precision": 20}	pp_system_default	{}	{"customer": {"id": "cus_01JMPQ9K7R3BKEMBVG59BHS2MY", "email": "mosabbir.fwd@gmail.com", "phone": "01829463584", "metadata": null, "addresses": [{"id": "cuaddr_01JQ78TQ6VA197BXHVRV2BZXXR", "city": "Dhaka", "phone": "018454545454", "company": "", "metadata": null, "province": "", "address_1": "300/R Banasree", "address_2": "", "last_name": "Khan", "created_at": "2025-03-25T18:25:25.724Z", "deleted_at": null, "first_name": "Md Mosabbir", "updated_at": "2025-03-25T18:25:25.724Z", "customer_id": "cus_01JMPQ9K7R3BKEMBVG59BHS2MY", "postal_code": "1212", "address_name": null, "country_code": "bd", "is_default_billing": false, "is_default_shipping": true}], "last_name": "Khan", "first_name": "Md Mosabbir Hossain", "company_name": null, "billing_address": {"id": "cuaddr_01JQ78TQ6VA197BXHVRV2BZXXR", "city": "Dhaka", "phone": "018454545454", "company": "", "metadata": null, "province": "", "address_1": "300/R Banasree", "address_2": "", "last_name": "Khan", "created_at": "2025-03-25T18:25:25.724Z", "deleted_at": null, "first_name": "Md Mosabbir", "updated_at": "2025-03-25T18:25:25.724Z", "customer_id": "cus_01JMPQ9K7R3BKEMBVG59BHS2MY", "postal_code": "1212", "address_name": null, "country_code": "bd", "is_default_billing": false, "is_default_shipping": true}}}	authorized	2025-05-11 13:03:44.531+06	pay_col_01JTZ2FYNC064Q5MMTH984QMH4	\N	2025-05-11 13:03:33.496+06	2025-05-11 13:03:44.536+06	\N
payses_01JV2HYQYGRJQWKD135FS79QK4	bdt	600	{"value": "600", "precision": 20}	pp_system_default	{}	{}	authorized	2025-05-12 21:31:31.925+06	pay_col_01JV2HYQSAVQNA2FSRTTJZWK3N	\N	2025-05-12 21:31:29.873+06	2025-05-12 21:31:31.934+06	\N
payses_01JV6SRG3RVH7TKE7Y67AQ2WQK	bdt	600	{"value": "600", "precision": 20}	pp_system_default	{}	{}	authorized	2025-05-14 13:04:53.798+06	pay_col_01JV6SRFZG1FBWVEECPB2BSQC4	\N	2025-05-14 13:04:51.576+06	2025-05-14 13:04:53.803+06	\N
payses_01JV85C5629WMBSCRM4ZA4YPXW	bdt	200	{"value": "200", "precision": 20}	pp_system_default	{}	{"customer": {"id": "cus_01JMPQ9K7R3BKEMBVG59BHS2MY", "email": "mosabbir.fwd@gmail.com", "phone": "01829463584", "metadata": null, "addresses": [{"id": "cuaddr_01JQ78TQ6VA197BXHVRV2BZXXR", "city": "Dhaka", "phone": "018454545454", "company": "", "metadata": null, "province": "", "address_1": "300/R Banasree", "address_2": "", "last_name": "Khan", "created_at": "2025-03-25T18:25:25.724Z", "deleted_at": null, "first_name": "Md Mosabbir", "updated_at": "2025-03-25T18:25:25.724Z", "customer_id": "cus_01JMPQ9K7R3BKEMBVG59BHS2MY", "postal_code": "1212", "address_name": null, "country_code": "bd", "is_default_billing": false, "is_default_shipping": true}], "last_name": "Khan", "first_name": "Md Mosabbir Hossain", "company_name": null, "billing_address": {"id": "cuaddr_01JQ78TQ6VA197BXHVRV2BZXXR", "city": "Dhaka", "phone": "018454545454", "company": "", "metadata": null, "province": "", "address_1": "300/R Banasree", "address_2": "", "last_name": "Khan", "created_at": "2025-03-25T18:25:25.724Z", "deleted_at": null, "first_name": "Md Mosabbir", "updated_at": "2025-03-25T18:25:25.724Z", "customer_id": "cus_01JMPQ9K7R3BKEMBVG59BHS2MY", "postal_code": "1212", "address_name": null, "country_code": "bd", "is_default_billing": false, "is_default_shipping": true}}}	authorized	2025-05-15 01:48:06.537+06	pay_col_01JV85C50PNPC51HAXYHSK6Z8E	\N	2025-05-15 01:47:04.515+06	2025-05-15 01:48:06.543+06	\N
payses_01JV85G2V8VRHSZDKV0NS892GG	bdt	200	{"value": "200", "precision": 20}	pp_system_default	{}	{"customer": {"id": "cus_01JMPQ9K7R3BKEMBVG59BHS2MY", "email": "mosabbir.fwd@gmail.com", "phone": "01829463584", "metadata": null, "addresses": [{"id": "cuaddr_01JQ78TQ6VA197BXHVRV2BZXXR", "city": "Dhaka", "phone": "018454545454", "company": "", "metadata": null, "province": "", "address_1": "300/R Banasree", "address_2": "", "last_name": "Khan", "created_at": "2025-03-25T18:25:25.724Z", "deleted_at": null, "first_name": "Md Mosabbir", "updated_at": "2025-03-25T18:25:25.724Z", "customer_id": "cus_01JMPQ9K7R3BKEMBVG59BHS2MY", "postal_code": "1212", "address_name": null, "country_code": "bd", "is_default_billing": false, "is_default_shipping": true}], "last_name": "Khan", "first_name": "Md Mosabbir Hossain", "company_name": null, "billing_address": {"id": "cuaddr_01JQ78TQ6VA197BXHVRV2BZXXR", "city": "Dhaka", "phone": "018454545454", "company": "", "metadata": null, "province": "", "address_1": "300/R Banasree", "address_2": "", "last_name": "Khan", "created_at": "2025-03-25T18:25:25.724Z", "deleted_at": null, "first_name": "Md Mosabbir", "updated_at": "2025-03-25T18:25:25.724Z", "customer_id": "cus_01JMPQ9K7R3BKEMBVG59BHS2MY", "postal_code": "1212", "address_name": null, "country_code": "bd", "is_default_billing": false, "is_default_shipping": true}}}	authorized	2025-05-15 01:49:14.51+06	pay_col_01JV85G2R89GSTYD2EBK0VQ8HN	\N	2025-05-15 01:49:13.193+06	2025-05-15 01:49:14.514+06	\N
payses_01JVAG3AX11AAVCTHM5GR4JNVB	bdt	300	{"value": "300", "precision": 20}	pp_system_default	{}	{"customer": {"id": "cus_01JMPQ9K7R3BKEMBVG59BHS2MY", "email": "mosabbir.fwd@gmail.com", "phone": "01829463584", "metadata": null, "addresses": [{"id": "cuaddr_01JQ78TQ6VA197BXHVRV2BZXXR", "city": "Dhaka", "phone": "018454545454", "company": "", "metadata": null, "province": "", "address_1": "300/R Banasree", "address_2": "", "last_name": "Khan", "created_at": "2025-03-25T18:25:25.724Z", "deleted_at": null, "first_name": "Md Mosabbir", "updated_at": "2025-03-25T18:25:25.724Z", "customer_id": "cus_01JMPQ9K7R3BKEMBVG59BHS2MY", "postal_code": "1212", "address_name": null, "country_code": "bd", "is_default_billing": false, "is_default_shipping": true}], "last_name": "Khan", "first_name": "Md Mosabbir Hossain", "company_name": null, "billing_address": {"id": "cuaddr_01JQ78TQ6VA197BXHVRV2BZXXR", "city": "Dhaka", "phone": "018454545454", "company": "", "metadata": null, "province": "", "address_1": "300/R Banasree", "address_2": "", "last_name": "Khan", "created_at": "2025-03-25T18:25:25.724Z", "deleted_at": null, "first_name": "Md Mosabbir", "updated_at": "2025-03-25T18:25:25.724Z", "customer_id": "cus_01JMPQ9K7R3BKEMBVG59BHS2MY", "postal_code": "1212", "address_name": null, "country_code": "bd", "is_default_billing": false, "is_default_shipping": true}}}	authorized	2025-05-15 23:33:00.525+06	pay_col_01JVAG3AT8G4D5GCEMTXJ2TYFK	\N	2025-05-15 23:32:58.657+06	2025-05-15 23:33:00.531+06	\N
payses_01JVAH3M1YQJEJ0PM04VY498VY	bdt	200	{"value": "200", "precision": 20}	pp_system_default	{}	{"customer": {"id": "cus_01JMPQ9K7R3BKEMBVG59BHS2MY", "email": "mosabbir.fwd@gmail.com", "phone": "01829463584", "metadata": null, "addresses": [{"id": "cuaddr_01JQ78TQ6VA197BXHVRV2BZXXR", "city": "Dhaka", "phone": "018454545454", "company": "", "metadata": null, "province": "", "address_1": "300/R Banasree", "address_2": "", "last_name": "Khan", "created_at": "2025-03-25T18:25:25.724Z", "deleted_at": null, "first_name": "Md Mosabbir", "updated_at": "2025-03-25T18:25:25.724Z", "customer_id": "cus_01JMPQ9K7R3BKEMBVG59BHS2MY", "postal_code": "1212", "address_name": null, "country_code": "bd", "is_default_billing": false, "is_default_shipping": true}], "last_name": "Khan", "first_name": "Md Mosabbir Hossain", "company_name": null, "billing_address": {"id": "cuaddr_01JQ78TQ6VA197BXHVRV2BZXXR", "city": "Dhaka", "phone": "018454545454", "company": "", "metadata": null, "province": "", "address_1": "300/R Banasree", "address_2": "", "last_name": "Khan", "created_at": "2025-03-25T18:25:25.724Z", "deleted_at": null, "first_name": "Md Mosabbir", "updated_at": "2025-03-25T18:25:25.724Z", "customer_id": "cus_01JMPQ9K7R3BKEMBVG59BHS2MY", "postal_code": "1212", "address_name": null, "country_code": "bd", "is_default_billing": false, "is_default_shipping": true}}}	authorized	2025-05-15 23:50:37.807+06	pay_col_01JVAH3KZ2D0M5W21HCYS1Y56X	\N	2025-05-15 23:50:36.607+06	2025-05-15 23:50:37.814+06	\N
payses_01JVAKPS5FW4M6MTPDZ9JA5NAY	bdt	200	{"value": "200", "precision": 20}	pp_system_default	{}	{"customer": {"id": "cus_01JMPQ9K7R3BKEMBVG59BHS2MY", "email": "mosabbir.fwd@gmail.com", "phone": "01829463584", "metadata": null, "addresses": [{"id": "cuaddr_01JQ78TQ6VA197BXHVRV2BZXXR", "city": "Dhaka", "phone": "018454545454", "company": "", "metadata": null, "province": "", "address_1": "300/R Banasree", "address_2": "", "last_name": "Khan", "created_at": "2025-03-25T18:25:25.724Z", "deleted_at": null, "first_name": "Md Mosabbir", "updated_at": "2025-03-25T18:25:25.724Z", "customer_id": "cus_01JMPQ9K7R3BKEMBVG59BHS2MY", "postal_code": "1212", "address_name": null, "country_code": "bd", "is_default_billing": false, "is_default_shipping": true}], "last_name": "Khan", "first_name": "Md Mosabbir Hossain", "company_name": null, "billing_address": {"id": "cuaddr_01JQ78TQ6VA197BXHVRV2BZXXR", "city": "Dhaka", "phone": "018454545454", "company": "", "metadata": null, "province": "", "address_1": "300/R Banasree", "address_2": "", "last_name": "Khan", "created_at": "2025-03-25T18:25:25.724Z", "deleted_at": null, "first_name": "Md Mosabbir", "updated_at": "2025-03-25T18:25:25.724Z", "customer_id": "cus_01JMPQ9K7R3BKEMBVG59BHS2MY", "postal_code": "1212", "address_name": null, "country_code": "bd", "is_default_billing": false, "is_default_shipping": true}}}	authorized	2025-05-16 00:36:03.064+06	pay_col_01JVAKPS2N9J3XJ7FGGPXY31CW	\N	2025-05-16 00:36:01.583+06	2025-05-16 00:36:03.071+06	\N
payses_01JVANPBQCRZX8E245RTP2E3X8	bdt	200	{"value": "200", "precision": 20}	pp_system_default	{}	{"customer": {"id": "cus_01JMPQ9K7R3BKEMBVG59BHS2MY", "email": "mosabbir.fwd@gmail.com", "phone": "01829463584", "metadata": null, "addresses": [{"id": "cuaddr_01JQ78TQ6VA197BXHVRV2BZXXR", "city": "Dhaka", "phone": "018454545454", "company": "", "metadata": null, "province": "", "address_1": "300/R Banasree", "address_2": "", "last_name": "Khan", "created_at": "2025-03-25T18:25:25.724Z", "deleted_at": null, "first_name": "Md Mosabbir", "updated_at": "2025-03-25T18:25:25.724Z", "customer_id": "cus_01JMPQ9K7R3BKEMBVG59BHS2MY", "postal_code": "1212", "address_name": null, "country_code": "bd", "is_default_billing": false, "is_default_shipping": true}], "last_name": "Khan", "first_name": "Md Mosabbir Hossain", "company_name": null, "billing_address": {"id": "cuaddr_01JQ78TQ6VA197BXHVRV2BZXXR", "city": "Dhaka", "phone": "018454545454", "company": "", "metadata": null, "province": "", "address_1": "300/R Banasree", "address_2": "", "last_name": "Khan", "created_at": "2025-03-25T18:25:25.724Z", "deleted_at": null, "first_name": "Md Mosabbir", "updated_at": "2025-03-25T18:25:25.724Z", "customer_id": "cus_01JMPQ9K7R3BKEMBVG59BHS2MY", "postal_code": "1212", "address_name": null, "country_code": "bd", "is_default_billing": false, "is_default_shipping": true}}}	authorized	2025-05-16 01:10:46.268+06	pay_col_01JVANPBMHB7JCKYN6H339WYXH	\N	2025-05-16 01:10:44.973+06	2025-05-16 01:10:46.274+06	\N
payses_01JVAQF21BREDCRWNMGQZ75909	bdt	200	{"value": "200", "precision": 20}	pp_system_default	{}	{"customer": {"id": "cus_01JMPQ9K7R3BKEMBVG59BHS2MY", "email": "mosabbir.fwd@gmail.com", "phone": "01829463584", "metadata": null, "addresses": [{"id": "cuaddr_01JQ78TQ6VA197BXHVRV2BZXXR", "city": "Dhaka", "phone": "018454545454", "company": "", "metadata": null, "province": "", "address_1": "300/R Banasree", "address_2": "", "last_name": "Khan", "created_at": "2025-03-25T18:25:25.724Z", "deleted_at": null, "first_name": "Md Mosabbir", "updated_at": "2025-03-25T18:25:25.724Z", "customer_id": "cus_01JMPQ9K7R3BKEMBVG59BHS2MY", "postal_code": "1212", "address_name": null, "country_code": "bd", "is_default_billing": false, "is_default_shipping": true}], "last_name": "Khan", "first_name": "Md Mosabbir Hossain", "company_name": null, "billing_address": {"id": "cuaddr_01JQ78TQ6VA197BXHVRV2BZXXR", "city": "Dhaka", "phone": "018454545454", "company": "", "metadata": null, "province": "", "address_1": "300/R Banasree", "address_2": "", "last_name": "Khan", "created_at": "2025-03-25T18:25:25.724Z", "deleted_at": null, "first_name": "Md Mosabbir", "updated_at": "2025-03-25T18:25:25.724Z", "customer_id": "cus_01JMPQ9K7R3BKEMBVG59BHS2MY", "postal_code": "1212", "address_name": null, "country_code": "bd", "is_default_billing": false, "is_default_shipping": true}}}	authorized	2025-05-16 01:41:44.121+06	pay_col_01JVAQF1Y61S6YYYEYMWQ2133V	\N	2025-05-16 01:41:42.828+06	2025-05-16 01:41:44.126+06	\N
payses_01JVAQNGFKDVWWP751HYV93259	bdt	200	{"value": "200", "precision": 20}	pp_system_default	{}	{"customer": {"id": "cus_01JMPQ9K7R3BKEMBVG59BHS2MY", "email": "mosabbir.fwd@gmail.com", "phone": "01829463584", "metadata": null, "addresses": [{"id": "cuaddr_01JQ78TQ6VA197BXHVRV2BZXXR", "city": "Dhaka", "phone": "018454545454", "company": "", "metadata": null, "province": "", "address_1": "300/R Banasree", "address_2": "", "last_name": "Khan", "created_at": "2025-03-25T18:25:25.724Z", "deleted_at": null, "first_name": "Md Mosabbir", "updated_at": "2025-03-25T18:25:25.724Z", "customer_id": "cus_01JMPQ9K7R3BKEMBVG59BHS2MY", "postal_code": "1212", "address_name": null, "country_code": "bd", "is_default_billing": false, "is_default_shipping": true}], "last_name": "Khan", "first_name": "Md Mosabbir Hossain", "company_name": null, "billing_address": {"id": "cuaddr_01JQ78TQ6VA197BXHVRV2BZXXR", "city": "Dhaka", "phone": "018454545454", "company": "", "metadata": null, "province": "", "address_1": "300/R Banasree", "address_2": "", "last_name": "Khan", "created_at": "2025-03-25T18:25:25.724Z", "deleted_at": null, "first_name": "Md Mosabbir", "updated_at": "2025-03-25T18:25:25.724Z", "customer_id": "cus_01JMPQ9K7R3BKEMBVG59BHS2MY", "postal_code": "1212", "address_name": null, "country_code": "bd", "is_default_billing": false, "is_default_shipping": true}}}	authorized	2025-05-16 01:45:15.608+06	pay_col_01JVAQNGCH13SQ26Z5QWYNMAPP	\N	2025-05-16 01:45:14.228+06	2025-05-16 01:45:15.616+06	\N
payses_01JVB15PCH41XNK7YCX2F3AWG2	bdt	200	{"value": "200", "precision": 20}	pp_system_default	{}	{"customer": {"id": "cus_01JMPQ9K7R3BKEMBVG59BHS2MY", "email": "mosabbir.fwd@gmail.com", "phone": "01829463584", "metadata": null, "addresses": [{"id": "cuaddr_01JQ78TQ6VA197BXHVRV2BZXXR", "city": "Dhaka", "phone": "018454545454", "company": "", "metadata": null, "province": "", "address_1": "300/R Banasree", "address_2": "", "last_name": "Khan", "created_at": "2025-03-25T18:25:25.724Z", "deleted_at": null, "first_name": "Md Mosabbir", "updated_at": "2025-03-25T18:25:25.724Z", "customer_id": "cus_01JMPQ9K7R3BKEMBVG59BHS2MY", "postal_code": "1212", "address_name": null, "country_code": "bd", "is_default_billing": false, "is_default_shipping": true}], "last_name": "Khan", "first_name": "Md Mosabbir Hossain", "company_name": null, "billing_address": {"id": "cuaddr_01JQ78TQ6VA197BXHVRV2BZXXR", "city": "Dhaka", "phone": "018454545454", "company": "", "metadata": null, "province": "", "address_1": "300/R Banasree", "address_2": "", "last_name": "Khan", "created_at": "2025-03-25T18:25:25.724Z", "deleted_at": null, "first_name": "Md Mosabbir", "updated_at": "2025-03-25T18:25:25.724Z", "customer_id": "cus_01JMPQ9K7R3BKEMBVG59BHS2MY", "postal_code": "1212", "address_name": null, "country_code": "bd", "is_default_billing": false, "is_default_shipping": true}}}	authorized	2025-05-16 04:31:23.368+06	pay_col_01JVB15P5RQ324EJAJFRQVGNK1	\N	2025-05-16 04:31:21.745+06	2025-05-16 04:31:23.373+06	\N
payses_01JVC7YMZRC8K8FBB2HFYV7MMJ	bdt	200	{"value": "200", "precision": 20}	pp_system_default	{}	{"customer": {"id": "cus_01JMPQ9K7R3BKEMBVG59BHS2MY", "email": "mosabbir.fwd@gmail.com", "phone": "01829463584", "metadata": null, "addresses": [{"id": "cuaddr_01JQ78TQ6VA197BXHVRV2BZXXR", "city": "Dhaka", "phone": "018454545454", "company": "", "metadata": null, "province": "", "address_1": "300/R Banasree", "address_2": "", "last_name": "Khan", "created_at": "2025-03-25T18:25:25.724Z", "deleted_at": null, "first_name": "Md Mosabbir", "updated_at": "2025-03-25T18:25:25.724Z", "customer_id": "cus_01JMPQ9K7R3BKEMBVG59BHS2MY", "postal_code": "1212", "address_name": null, "country_code": "bd", "is_default_billing": false, "is_default_shipping": true}], "last_name": "Khan", "first_name": "Md Mosabbir Hossain", "company_name": null, "billing_address": {"id": "cuaddr_01JQ78TQ6VA197BXHVRV2BZXXR", "city": "Dhaka", "phone": "018454545454", "company": "", "metadata": null, "province": "", "address_1": "300/R Banasree", "address_2": "", "last_name": "Khan", "created_at": "2025-03-25T18:25:25.724Z", "deleted_at": null, "first_name": "Md Mosabbir", "updated_at": "2025-03-25T18:25:25.724Z", "customer_id": "cus_01JMPQ9K7R3BKEMBVG59BHS2MY", "postal_code": "1212", "address_name": null, "country_code": "bd", "is_default_billing": false, "is_default_shipping": true}}}	authorized	2025-05-16 15:49:06.966+06	pay_col_01JVC7YMSVXX0PZDCGGW1TN8P6	\N	2025-05-16 15:49:05.4+06	2025-05-16 15:49:06.972+06	\N
payses_01JVSVFK7RW50GCZ6CCE625YF8	bdt	200	{"value": "200", "precision": 20}	pp_system_default	{}	{}	pending	\N	pay_col_01JVSVFK4ACA54MN99BQ7XZ5DN	\N	2025-05-21 22:40:31.224+06	2025-05-21 22:40:31.224+06	\N
payses_01JWPANMJ5NYXQ7SCS52EY0JHJ	bdt	1100	{"value": "1100", "precision": 20}	pp_system_default	{}	{}	authorized	2025-06-02 00:06:42.676+06	pay_col_01JWPANMDRS2YC792DZEK442K5	\N	2025-06-02 00:04:41.925+06	2025-06-02 00:06:42.68+06	\N
payses_01JWPBFDC2EP52EVR825FV218R	bdt	200	{"value": "200", "precision": 20}	pp_system_default	{}	{}	authorized	2025-06-02 00:18:48.426+06	pay_col_01JWPBFDA6T5JPYWF1CSDKSRHD	\N	2025-06-02 00:18:46.53+06	2025-06-02 00:18:48.433+06	\N
payses_01JWR1GH2Z5R0DZBCZDHKQZB4B	bdt	500	{"value": "500", "precision": 20}	pp_system_default	{}	{}	authorized	2025-06-02 16:03:07.75+06	pay_col_01JWR1GGTZ7R46HHPGK20XN2TD	\N	2025-06-02 16:03:06.207+06	2025-06-02 16:03:07.753+06	\N
payses_01JWR1HJ349SFZ72AMWNPARN5W	bdt	200	{"value": "200", "precision": 20}	pp_system_default	{}	{}	authorized	2025-06-02 16:03:41.449+06	pay_col_01JWR1HJ0RXFZ51G2QB42MSWA1	\N	2025-06-02 16:03:40.004+06	2025-06-02 16:03:41.452+06	\N
payses_01JWR42K4VXT78R9582MGQG3A3	bdt	200	{"value": "200", "precision": 20}	pp_system_default	{}	{}	authorized	2025-06-02 16:47:57.306+06	pay_col_01JWR42K06QEHYJ5QFTEPEM5A8	\N	2025-06-02 16:47:55.291+06	2025-06-02 16:47:57.314+06	\N
payses_01JWR48AGJGBSEC9XCSD8BDKEH	bdt	200	{"value": "200", "precision": 20}	pp_system_default	{}	{}	authorized	2025-06-02 16:51:04.152+06	pay_col_01JWR48AEYK316F79TE922JVXZ	\N	2025-06-02 16:51:03.058+06	2025-06-02 16:51:04.157+06	\N
payses_01JWR50NRTQ9Q5FJN7CS8A2AN5	bdt	200	{"value": "200", "precision": 20}	pp_system_default	{}	{}	authorized	2025-06-02 17:04:22.205+06	pay_col_01JWR50NQ7B4MK96BSJWWWK0WV	\N	2025-06-02 17:04:21.019+06	2025-06-02 17:04:22.209+06	\N
payses_01JWR56W8PN92MSAGH5E61RNZC	bdt	200	{"value": "200", "precision": 20}	pp_system_default	{}	{}	authorized	2025-06-02 17:07:45.231+06	pay_col_01JWR56W71EXQPQ7KKTZY9YJPA	\N	2025-06-02 17:07:44.278+06	2025-06-02 17:07:45.235+06	\N
payses_01JWR6GEQ80VRB2W8VDYTRS3YV	bdt	200	{"value": "200", "precision": 20}	pp_system_default	{}	{}	authorized	2025-06-02 17:30:27.643+06	pay_col_01JWR6GENFE95YF5GMFQQ2YRJ6	\N	2025-06-02 17:30:26.664+06	2025-06-02 17:30:27.647+06	\N
payses_01JWR6RQN3FW1E9W6A7T7YDX89	bdt	200	{"value": "200", "precision": 20}	pp_system_default	{}	{}	authorized	2025-06-02 17:34:59.11+06	pay_col_01JWR6RQKFTFJ4F2X94QWTK7MS	\N	2025-06-02 17:34:57.956+06	2025-06-02 17:34:59.114+06	\N
payses_01JWR7K876SJX1ZS48YMD5VT5N	bdt	200	{"value": "200", "precision": 20}	pp_system_default	{}	{}	authorized	2025-06-02 17:49:27.824+06	pay_col_01JWR7K85GX932XP3FJ9T98GDY	\N	2025-06-02 17:49:26.887+06	2025-06-02 17:49:27.828+06	\N
payses_01JWR8RRT6RPD6GQR1K9GHY3C4	bdt	200	{"value": "200", "precision": 20}	pp_system_default	{}	{}	authorized	2025-06-02 18:09:57.356+06	pay_col_01JWR8RRRMJ0X8R07BRXQFSTRT	\N	2025-06-02 18:09:56.295+06	2025-06-02 18:09:57.36+06	\N
payses_01JY1QN33Y9EWJM7SWB7GQK6MB	bdt	200	{"value": "200", "precision": 20}	pp_system_default	{}	{"customer": {"id": "cus_01JWBW38ZSRJMBDTA8VKVZSE3A", "email": "mosabbir.fwd@gmail.com", "phone": "01829463584", "metadata": null, "addresses": [], "last_name": "Khan", "first_name": "Mosabbir", "company_name": null}}	authorized	2025-06-18 20:39:01.692+06	pay_col_01JY1QN2YEZJH4H03HP64Q0PZ0	\N	2025-06-18 20:38:56.126+06	2025-06-18 20:39:01.695+06	\N
\.


--
-- Data for Name: price; Type: TABLE DATA; Schema: public; Owner: -
--

COPY public.price (id, title, price_set_id, currency_code, raw_amount, rules_count, created_at, updated_at, deleted_at, price_list_id, amount, min_quantity, max_quantity) FROM stdin;
price_01JM74X7M775HYWYCDPZEJDXPQ	\N	pset_01JM74X7M8K8WBA0V7ACYF4J5S	usd	{"value": "10", "precision": 20}	0	2025-02-16 16:29:48.297+06	2025-02-16 16:29:48.297+06	\N	\N	10	\N	\N
price_01JM74X7M7Y6747XYC927PJT1M	\N	pset_01JM74X7M8K8WBA0V7ACYF4J5S	eur	{"value": "10", "precision": 20}	0	2025-02-16 16:29:48.297+06	2025-02-16 16:29:48.297+06	\N	\N	10	\N	\N
price_01JM74X7M80PFNF8AQ9Y5GENFS	\N	pset_01JM74X7M8K8WBA0V7ACYF4J5S	eur	{"value": "10", "precision": 20}	1	2025-02-16 16:29:48.298+06	2025-02-16 16:29:48.298+06	\N	\N	10	\N	\N
price_01JM74X7M81H6G6HDBMHJPTMMY	\N	pset_01JM74X7M9X23Z6F16G1RCK67A	usd	{"value": "10", "precision": 20}	0	2025-02-16 16:29:48.298+06	2025-02-16 16:29:48.298+06	\N	\N	10	\N	\N
price_01JM74X7M83VD09TRT1AGQ63NW	\N	pset_01JM74X7M9X23Z6F16G1RCK67A	eur	{"value": "10", "precision": 20}	0	2025-02-16 16:29:48.298+06	2025-02-16 16:29:48.298+06	\N	\N	10	\N	\N
price_01JM74X7M97Z8JXZVZTSC2TWTF	\N	pset_01JM74X7M9X23Z6F16G1RCK67A	eur	{"value": "10", "precision": 20}	1	2025-02-16 16:29:48.298+06	2025-02-16 16:29:48.298+06	\N	\N	10	\N	\N
price_01JM74X8ZGMPZV7W4YXQFV4RAA	\N	pset_01JM74X8ZH9WM5WN6E27DTAHA3	eur	{"value": "10", "precision": 20}	0	2025-02-16 16:29:49.687+06	2025-03-10 01:09:53.966+06	2025-03-10 01:09:53.962+06	\N	10	\N	\N
price_01JM74X8ZGWS2VQ8CEFAVSW91A	\N	pset_01JM74X8ZH9WM5WN6E27DTAHA3	usd	{"value": "15", "precision": 20}	0	2025-02-16 16:29:49.687+06	2025-03-10 01:09:53.97+06	2025-03-10 01:09:53.962+06	\N	15	\N	\N
price_01JM74X8ZH485VDRP7XVK7B2N4	\N	pset_01JM74X8ZH3EKFD8GV2F5Z3A30	eur	{"value": "10", "precision": 20}	0	2025-02-16 16:29:49.687+06	2025-03-10 01:09:57.106+06	2025-03-10 01:09:57.103+06	\N	10	\N	\N
price_01JM74X8ZHSKYRPEZRY7X9QRDM	\N	pset_01JM74X8ZH3EKFD8GV2F5Z3A30	usd	{"value": "15", "precision": 20}	0	2025-02-16 16:29:49.687+06	2025-03-10 01:09:57.109+06	2025-03-10 01:09:57.103+06	\N	15	\N	\N
price_01JM74X8ZHX03MM03JJD1M8ACE	\N	pset_01JM74X8ZHVW9BJPPXMSAE2TGR	eur	{"value": "10", "precision": 20}	0	2025-02-16 16:29:49.687+06	2025-03-10 01:10:42.198+06	2025-03-10 01:10:42.183+06	\N	10	\N	\N
price_01JM74X8ZHZ521TP5N45PRRMN8	\N	pset_01JM74X8ZHCHB2CE8WV6156RWP	eur	{"value": "10", "precision": 20}	0	2025-02-16 16:29:49.687+06	2025-03-10 01:10:45.254+06	2025-03-10 01:10:45.25+06	\N	10	\N	\N
price_01JM74X8ZHFQNEFD33B3KQ3G03	\N	pset_01JM74X8ZHCHB2CE8WV6156RWP	usd	{"value": "15", "precision": 20}	0	2025-02-16 16:29:49.687+06	2025-03-10 01:10:45.256+06	2025-03-10 01:10:45.25+06	\N	15	\N	\N
price_01JM74X8ZJ3JSRCZBHR58N8A5A	\N	pset_01JM74X8ZJ4XPSFDG1FM4ZTM0X	eur	{"value": "10", "precision": 20}	0	2025-02-16 16:29:49.687+06	2025-03-10 01:10:48.069+06	2025-03-10 01:10:48.067+06	\N	10	\N	\N
price_01JM74X8ZJ6S05MHMM2M8T3WC2	\N	pset_01JM74X8ZJ4XPSFDG1FM4ZTM0X	usd	{"value": "15", "precision": 20}	0	2025-02-16 16:29:49.687+06	2025-03-10 01:10:48.072+06	2025-03-10 01:10:48.067+06	\N	15	\N	\N
price_01JM74X8ZJZT4Q8NX01W3M5S9A	\N	pset_01JM74X8ZJQZ4785ZXF31K19TZ	eur	{"value": "10", "precision": 20}	0	2025-02-16 16:29:49.687+06	2025-03-10 01:10:50.828+06	2025-03-10 01:10:50.825+06	\N	10	\N	\N
price_01JM74X8ZJEFDFTRVRCHA4XVWJ	\N	pset_01JM74X8ZJQZ4785ZXF31K19TZ	usd	{"value": "15", "precision": 20}	0	2025-02-16 16:29:49.687+06	2025-03-10 01:10:50.831+06	2025-03-10 01:10:50.825+06	\N	15	\N	\N
price_01JM74X8ZJ4W6JQNPYDDGCMYFS	\N	pset_01JM74X8ZJXVRP5ST5JX4PJCHP	eur	{"value": "10", "precision": 20}	0	2025-02-16 16:29:49.687+06	2025-03-10 01:13:28.316+06	2025-03-10 01:13:28.299+06	\N	10	\N	\N
price_01JM74X8ZJS63MCCZR7959V466	\N	pset_01JM74X8ZJXVRP5ST5JX4PJCHP	usd	{"value": "15", "precision": 20}	0	2025-02-16 16:29:49.687+06	2025-03-10 01:13:28.321+06	2025-03-10 01:13:28.299+06	\N	15	\N	\N
price_01JM74X8ZKF5RXCRX7ZM1RRT2P	\N	pset_01JM74X8ZK7NRTTX3ZGYD3NZ08	eur	{"value": "10", "precision": 20}	0	2025-02-16 16:29:49.687+06	2025-03-25 17:40:02.102+06	2025-03-25 17:40:02.08+06	\N	10	\N	\N
price_01JM74X8ZKFMR1SKTNGMZNJP89	\N	pset_01JM74X8ZK7NRTTX3ZGYD3NZ08	usd	{"value": "15", "precision": 20}	0	2025-02-16 16:29:49.687+06	2025-03-25 17:40:02.117+06	2025-03-25 17:40:02.08+06	\N	15	\N	\N
price_01JM74X8ZMF9CTSD6F3B1M1GME	\N	pset_01JM74X8ZMC5FZK28QG6TZKC95	eur	{"value": "10", "precision": 20}	0	2025-02-16 16:29:49.687+06	2025-03-25 17:40:06.543+06	2025-03-25 17:40:06.528+06	\N	10	\N	\N
price_01JM74X8ZMVMPVS9VMYBWT690V	\N	pset_01JM74X8ZMC5FZK28QG6TZKC95	usd	{"value": "15", "precision": 20}	0	2025-02-16 16:29:49.687+06	2025-03-25 17:40:06.55+06	2025-03-25 17:40:06.528+06	\N	15	\N	\N
price_01JM74X8ZMMTNQT13AJ9XE4XMM	\N	pset_01JM74X8ZMT2DKTGQMCG8SK9HR	eur	{"value": "10", "precision": 20}	0	2025-02-16 16:29:49.688+06	2025-03-25 17:40:06.609+06	2025-03-25 17:40:06.528+06	\N	10	\N	\N
price_01JM74X8ZMBH719GXNQQ8X79GT	\N	pset_01JM74X8ZMT2DKTGQMCG8SK9HR	usd	{"value": "15", "precision": 20}	0	2025-02-16 16:29:49.688+06	2025-03-25 17:40:06.619+06	2025-03-25 17:40:06.528+06	\N	15	\N	\N
price_01JM74X8ZMTHJBSB5BKWZM8HFH	\N	pset_01JM74X8ZNN4Q5AW5QGRBF199D	eur	{"value": "10", "precision": 20}	0	2025-02-16 16:29:49.688+06	2025-03-25 17:40:06.631+06	2025-03-25 17:40:06.528+06	\N	10	\N	\N
price_01JM74X8ZNSTJSMYWJZXTD9DGT	\N	pset_01JM74X8ZNN4Q5AW5QGRBF199D	usd	{"value": "15", "precision": 20}	0	2025-02-16 16:29:49.688+06	2025-03-25 17:40:06.635+06	2025-03-25 17:40:06.528+06	\N	15	\N	\N
price_01JM74X8ZNDC4QZHYSBX4BN1DK	\N	pset_01JM74X8ZN1DKS36X5H4SDSJV4	eur	{"value": "10", "precision": 20}	0	2025-02-16 16:29:49.688+06	2025-03-25 17:40:06.643+06	2025-03-25 17:40:06.528+06	\N	10	\N	\N
price_01JM74X8ZNB9152XFQK1Q0KHXV	\N	pset_01JM74X8ZNVJ39KR3ETCVD9263	eur	{"value": "10", "precision": 20}	0	2025-02-16 16:29:49.688+06	2025-05-14 20:47:44.625+06	2025-05-14 20:47:44.613+06	\N	10	\N	\N
price_01JM74X8ZNZ4GQ2RNCQNTRBEZT	\N	pset_01JM74X8ZNVJ39KR3ETCVD9263	usd	{"value": "15", "precision": 20}	0	2025-02-16 16:29:49.688+06	2025-05-14 20:47:44.631+06	2025-05-14 20:47:44.613+06	\N	15	\N	\N
price_01JM74X8ZNHQZNSFKJPC7YRVTM	\N	pset_01JM74X8ZN7X2Q7B3ZJANP04NE	eur	{"value": "10", "precision": 20}	0	2025-02-16 16:29:49.688+06	2025-05-14 20:47:44.638+06	2025-05-14 20:47:44.613+06	\N	10	\N	\N
price_01JM74X8ZN8RCSSEH2V7C0A1T0	\N	pset_01JM74X8ZN7X2Q7B3ZJANP04NE	usd	{"value": "15", "precision": 20}	0	2025-02-16 16:29:49.688+06	2025-05-14 20:47:44.642+06	2025-05-14 20:47:44.613+06	\N	15	\N	\N
price_01JM74X8ZPYHM1W703NF087XRH	\N	pset_01JM74X8ZPAWQ7M2ND5K4KTVSD	eur	{"value": "10", "precision": 20}	0	2025-02-16 16:29:49.688+06	2025-05-14 20:47:44.649+06	2025-05-14 20:47:44.613+06	\N	10	\N	\N
price_01JM74X8ZPTHG8V6RGNKR6398Z	\N	pset_01JM74X8ZPAWQ7M2ND5K4KTVSD	usd	{"value": "15", "precision": 20}	0	2025-02-16 16:29:49.688+06	2025-05-14 20:47:44.652+06	2025-05-14 20:47:44.613+06	\N	15	\N	\N
price_01JM74X8ZP5BCF8FJTA8SPNZMX	\N	pset_01JM74X8ZPHHJG2Y7PGSYRS87C	eur	{"value": "10", "precision": 20}	0	2025-02-16 16:29:49.688+06	2025-05-14 20:47:44.66+06	2025-05-14 20:47:44.613+06	\N	10	\N	\N
price_01JMPQ7X1H72C9R8T3FC6Y3GA2	\N	pset_01JMPQ7X1JNS36VFNHCDZYFDJ5	eur	{"value": "10", "precision": 20}	0	2025-02-22 17:38:48.756+06	2025-02-22 17:59:38.412+06	2025-02-22 17:59:38.403+06	\N	10	\N	\N
price_01JMPQ7X1JYNSCPERW1CMVHAD7	\N	pset_01JMPQ7X1JNS36VFNHCDZYFDJ5	usd	{"value": "10", "precision": 20}	0	2025-02-22 17:38:48.756+06	2025-02-22 17:59:38.428+06	2025-02-22 17:59:38.403+06	\N	10	\N	\N
price_01JMPQ7X1JT1JQ55V61Y13R99T	\N	pset_01JMPQ7X1JPCJY8EXBVE0Q8J06	eur	{"value": "10", "precision": 20}	0	2025-02-22 17:38:48.756+06	2025-02-22 17:59:38.434+06	2025-02-22 17:59:38.403+06	\N	10	\N	\N
price_01JMPQ7X1J0MDCGQDQ24W8ZTTX	\N	pset_01JMPQ7X1JPCJY8EXBVE0Q8J06	usd	{"value": "10", "precision": 20}	0	2025-02-22 17:38:48.756+06	2025-02-22 17:59:38.437+06	2025-02-22 17:59:38.403+06	\N	10	\N	\N
price_01JMPQ7X1JGJBB6XVYGWE199TC	\N	pset_01JMPQ7X1JCR6XR82ARS5CT3NB	eur	{"value": "10", "precision": 20}	0	2025-02-22 17:38:48.756+06	2025-02-22 17:59:38.443+06	2025-02-22 17:59:38.403+06	\N	10	\N	\N
price_01JMPQ7X1JY22MSN6KKPGE0YBJ	\N	pset_01JMPQ7X1JCR6XR82ARS5CT3NB	usd	{"value": "10", "precision": 20}	0	2025-02-22 17:38:48.756+06	2025-02-22 17:59:38.446+06	2025-02-22 17:59:38.403+06	\N	10	\N	\N
price_01JMPQ7X1K8BY47NQ7VY2QJP9Y	\N	pset_01JMPQ7X1KM9CG8N6V2MEKQJR8	eur	{"value": "10", "precision": 20}	0	2025-02-22 17:38:48.756+06	2025-02-22 17:59:38.452+06	2025-02-22 17:59:38.403+06	\N	10	\N	\N
price_01JMPQ7X1KMNB5GH0X09AYR8KS	\N	pset_01JMPQ7X1KM9CG8N6V2MEKQJR8	usd	{"value": "10", "precision": 20}	0	2025-02-22 17:38:48.756+06	2025-02-22 17:59:38.454+06	2025-02-22 17:59:38.403+06	\N	10	\N	\N
price_01JMPRHZAKFV6JHVPZT14E2VDJ	\N	pset_01JMPRHZAKN1GYZNF0BRCM85KV	usd	{"value": "10", "precision": 20}	0	2025-02-22 18:01:47.349+06	2025-03-09 16:29:14.443+06	2025-03-09 16:29:14.422+06	\N	10	\N	\N
price_01JMPRHZAKRZ6145T4HPJ25XAY	\N	pset_01JMPRHZAKAYP9RD6HBXG5QWM9	usd	{"value": "10", "precision": 20}	0	2025-02-22 18:01:47.349+06	2025-03-09 16:29:14.489+06	2025-03-09 16:29:14.422+06	\N	10	\N	\N
price_01JMPRHZAM572AGRGPJAV33M2N	\N	pset_01JMPRHZAMS67GMRA4ZBFJKH1F	usd	{"value": "10", "precision": 20}	0	2025-02-22 18:01:47.349+06	2025-03-09 16:29:14.507+06	2025-03-09 16:29:14.422+06	\N	10	\N	\N
price_01JMPRHZAMZ458SZ0Y4Q09BD41	\N	pset_01JMPRHZAM642RKW49A69A2YNR	usd	{"value": "10", "precision": 20}	0	2025-02-22 18:01:47.349+06	2025-03-09 16:29:14.52+06	2025-03-09 16:29:14.422+06	\N	10	\N	\N
price_01JMZ3APR0BCBJP6Q7AJ1H64D2	\N	pset_01JMZ3APR0B5FYJ7CTCBZCR81Y	eur	{"value": "10", "precision": 20}	0	2025-02-25 23:43:58.979+06	2025-03-09 16:29:17.453+06	2025-03-09 16:29:17.441+06	\N	10	\N	\N
price_01JMZ3APR1ACQD1BNZTZ1XQQNG	\N	pset_01JMZ3APR10EA1MX5RZ53AG0QY	eur	{"value": "10", "precision": 20}	0	2025-02-25 23:43:58.979+06	2025-03-09 16:29:17.48+06	2025-03-09 16:29:17.441+06	\N	10	\N	\N
price_01JM74X8ZGY8Y1DN98GHMAPGG7	\N	pset_01JM74X8ZG8GK84GQ63EJC474X	eur	{"value": "10", "precision": 20}	0	2025-02-16 16:29:49.687+06	2025-03-10 01:09:51.278+06	2025-03-10 01:09:51.261+06	\N	10	\N	\N
price_01JM74X8ZGGKGZCGN397NXMZ7P	\N	pset_01JM74X8ZG8GK84GQ63EJC474X	usd	{"value": "15", "precision": 20}	0	2025-02-16 16:29:49.687+06	2025-03-10 01:09:51.295+06	2025-03-10 01:09:51.261+06	\N	15	\N	\N
price_01JNY3SY346JRBJSQ7PK21M5DB	\N	pset_01JNX7PYBNGH6T046VNVKSNDA9	bdt	{"value": "500", "precision": 20}	0	2025-03-10 00:48:45.408+06	2025-03-10 00:55:04.55+06	2025-03-10 00:55:04.544+06	\N	500	\N	\N
price_01JNY3SY35SG4DZ7Y4F11PKGHT	\N	pset_01JNX7PYBNGH6T046VNVKSNDA9	bdt	{"value": "500", "precision": 20}	1	2025-03-10 00:48:45.408+06	2025-03-10 00:55:04.572+06	2025-03-10 00:55:04.544+06	\N	500	\N	\N
price_01JNY3YZM2KBF7CBCP3P40339K	\N	pset_01JNY3YZM35SJSRE9D515HFS0G	bdt	{"value": "500", "precision": 20}	0	2025-03-10 00:51:30.82+06	2025-03-10 00:55:07.848+06	2025-03-10 00:55:07.844+06	\N	500	\N	\N
price_01JNY3YZM3D3R2637ZGMXGSAWR	\N	pset_01JNY3YZM35SJSRE9D515HFS0G	bdt	{"value": "500", "precision": 20}	1	2025-03-10 00:51:30.82+06	2025-03-10 00:55:07.852+06	2025-03-10 00:55:07.844+06	\N	500	\N	\N
price_01JM74X8ZHEH4QT7KN45WJVEHS	\N	pset_01JM74X8ZHVW9BJPPXMSAE2TGR	usd	{"value": "15", "precision": 20}	0	2025-02-16 16:29:49.687+06	2025-03-10 01:10:42.208+06	2025-03-10 01:10:42.183+06	\N	15	\N	\N
price_01JNY4AY7YPY08N7VMA86M72F8	\N	pset_01JNY4AY7ZGDKY6BFFPFP0AJ2K	bdt	{"value": "500", "precision": 20}	0	2025-03-10 00:58:02.624+06	2025-03-10 01:17:22.914+06	2025-03-10 01:17:22.91+06	\N	500	\N	\N
price_01JNY4AY7ZD89Y1YSJWT6D5DBY	\N	pset_01JNY4AY7ZGDKY6BFFPFP0AJ2K	bdt	{"value": "500", "precision": 20}	1	2025-03-10 00:58:02.624+06	2025-03-10 01:17:22.918+06	2025-03-10 01:17:22.91+06	\N	500	\N	\N
price_01JNY59189B8G1EXH7V5Y2B25B	\N	pset_01JNY5918A7CPH1GPG8J9TGR24	bdt	{"value": "500", "precision": 20}	0	2025-03-10 01:14:28.746+06	2025-03-10 01:17:22.924+06	2025-03-10 01:17:22.91+06	\N	500	\N	\N
price_01JNY59189VDCN704HH1WJVWA9	\N	pset_01JNY5918A7CPH1GPG8J9TGR24	bdt	{"value": "500", "precision": 20}	1	2025-03-10 01:14:28.746+06	2025-03-10 01:17:22.926+06	2025-03-10 01:17:22.91+06	\N	500	\N	\N
price_01JM74X8ZKX37GH3M2CS8HB52V	\N	pset_01JM74X8ZKW69CEGN83A57DWYC	eur	{"value": "10", "precision": 20}	0	2025-02-16 16:29:49.687+06	2025-03-25 17:40:02.135+06	2025-03-25 17:40:02.08+06	\N	10	\N	\N
price_01JM74X8ZKV4C8GQMG51KFJXB9	\N	pset_01JM74X8ZKW69CEGN83A57DWYC	usd	{"value": "15", "precision": 20}	0	2025-02-16 16:29:49.687+06	2025-03-25 17:40:02.153+06	2025-03-25 17:40:02.08+06	\N	15	\N	\N
price_01JM74X8ZK9BFQR454BX37ZF8Q	\N	pset_01JM74X8ZK6FB7YG1Q28EB413H	eur	{"value": "10", "precision": 20}	0	2025-02-16 16:29:49.687+06	2025-03-25 17:40:02.16+06	2025-03-25 17:40:02.08+06	\N	10	\N	\N
price_01JM74X8ZKEPNJT75ZD9M0QENH	\N	pset_01JM74X8ZK6FB7YG1Q28EB413H	usd	{"value": "15", "precision": 20}	0	2025-02-16 16:29:49.687+06	2025-03-25 17:40:02.167+06	2025-03-25 17:40:02.08+06	\N	15	\N	\N
price_01JM74X8ZKR7PP9DXZ4ZSZP68R	\N	pset_01JM74X8ZM4T6W9CTS8AF039H0	eur	{"value": "10", "precision": 20}	0	2025-02-16 16:29:49.687+06	2025-03-25 17:40:02.173+06	2025-03-25 17:40:02.08+06	\N	10	\N	\N
price_01JM74X8ZKT072Q7BKNQYEA4MK	\N	pset_01JM74X8ZM4T6W9CTS8AF039H0	usd	{"value": "15", "precision": 20}	0	2025-02-16 16:29:49.687+06	2025-03-25 17:40:02.176+06	2025-03-25 17:40:02.08+06	\N	15	\N	\N
price_01JM74X8ZNANJW4ZPRX8D9PCM7	\N	pset_01JM74X8ZN1DKS36X5H4SDSJV4	usd	{"value": "15", "precision": 20}	0	2025-02-16 16:29:49.688+06	2025-03-25 17:40:06.646+06	2025-03-25 17:40:06.528+06	\N	15	\N	\N
price_01JQ78NJ2N9CQKJ8PQREE4PPYA	\N	pset_01JQ78NJ2P60CMA88HNTZNYA3F	bdt	{"value": "100", "precision": 20}	0	2025-03-26 00:22:36.631+06	2025-03-26 00:22:36.631+06	\N	\N	100	\N	\N
price_01JNY5E371FTW7EKKCDAEKQPJ5	\N	pset_01JNY5E372TBH18KQR4DFMG678	bdt	{"value": "500", "precision": 20}	0	2025-03-10 01:17:14.596+06	2025-05-14 20:52:46.375+06	2025-05-14 20:52:46.37+06	\N	500	\N	\N
price_01JQ78NJ2PVWXMM0N76ANFHZVT	\N	pset_01JQ78NJ2P60CMA88HNTZNYA3F	bdt	{"value": "100", "precision": 20}	1	2025-03-26 00:22:36.631+06	2025-03-26 00:22:36.631+06	\N	\N	100	\N	\N
price_01JQ78P99BTC5PJSH142M1K6VD	\N	pset_01JQ78P99E4N75PT0QPQS8SWSY	bdt	{"value": "50", "precision": 20}	0	2025-03-26 00:23:00.399+06	2025-03-26 00:23:00.399+06	\N	\N	50	\N	\N
price_01JQ78P99E4XB0Q8R2AE64MRGY	\N	pset_01JQ78P99E4N75PT0QPQS8SWSY	bdt	{"value": "50", "precision": 20}	1	2025-03-26 00:23:00.4+06	2025-03-26 00:23:00.4+06	\N	\N	50	\N	\N
price_01JM74X8ZPJ492WFV20MH80HHF	\N	pset_01JM74X8ZPHHJG2Y7PGSYRS87C	usd	{"value": "15", "precision": 20}	0	2025-02-16 16:29:49.688+06	2025-05-14 20:47:44.663+06	2025-05-14 20:47:44.613+06	\N	15	\N	\N
price_01JNY5E371GRDBGVGNHPPNH22R	\N	pset_01JNY5E372TBH18KQR4DFMG678	bdt	{"value": "500", "precision": 20}	1	2025-03-10 01:17:14.596+06	2025-05-14 20:52:46.378+06	2025-05-14 20:52:46.37+06	\N	500	\N	\N
price_01JNY5E372V9V9C42WAMCEP4KQ	\N	pset_01JNY5E3723Z6WEBC51E6YGAE5	bdt	{"value": "500", "precision": 20}	0	2025-03-10 01:17:14.596+06	2025-05-14 20:52:46.386+06	2025-05-14 20:52:46.37+06	\N	500	\N	\N
price_01JNY5E3725KH1GH7AZ0B82ZXJ	\N	pset_01JNY5E3723Z6WEBC51E6YGAE5	bdt	{"value": "500", "precision": 20}	1	2025-03-10 01:17:14.596+06	2025-05-14 20:52:46.39+06	2025-05-14 20:52:46.37+06	\N	500	\N	\N
price_01JNY5E372NZ4EQ3EJFRMZWHA1	\N	pset_01JNY5E373F5ZVE4TH7JTZ22SN	bdt	{"value": "500", "precision": 20}	0	2025-03-10 01:17:14.596+06	2025-05-14 20:52:46.398+06	2025-05-14 20:52:46.37+06	\N	500	\N	\N
price_01JNY5E373743TP06A7M2WSB16	\N	pset_01JNY5E373F5ZVE4TH7JTZ22SN	bdt	{"value": "500", "precision": 20}	1	2025-03-10 01:17:14.596+06	2025-05-14 20:52:46.402+06	2025-05-14 20:52:46.37+06	\N	500	\N	\N
price_01JNY5E373117SV9GT126MZB44	\N	pset_01JNY5E373CYX2T456WBTBAN00	bdt	{"value": "500", "precision": 20}	0	2025-03-10 01:17:14.596+06	2025-05-14 20:52:46.411+06	2025-05-14 20:52:46.37+06	\N	500	\N	\N
price_01JNY5E3732SQ4QJ1SSR8J0HGT	\N	pset_01JNY5E373CYX2T456WBTBAN00	bdt	{"value": "500", "precision": 20}	1	2025-03-10 01:17:14.597+06	2025-05-14 20:52:46.414+06	2025-05-14 20:52:46.37+06	\N	500	\N	\N
price_01JV7MR3V8Q69A4NS4EK6YED7R	\N	pset_01JV7MR3V9HJPSSQS5SM95K8EX	bdt	{"value": "100", "precision": 20}	0	2025-05-14 20:56:30.57+06	2025-05-14 20:56:43.044+06	2025-05-14 20:56:43.025+06	\N	100	\N	\N
price_01JV7MR3V972C2QCJSTQYV534K	\N	pset_01JV7MR3V9HJPSSQS5SM95K8EX	bdt	{"value": "100", "precision": 20}	1	2025-05-14 20:56:30.57+06	2025-05-14 20:56:43.058+06	2025-05-14 20:56:43.025+06	\N	100	\N	\N
price_01JV7N31XM7K33GCF92WCSJHQY	\N	pset_01JV7N31XPJ2TDDVCGBKJVEJW2	bdt	{"value": "100", "precision": 20}	0	2025-05-14 21:02:29.047+06	2025-05-14 21:02:47.295+06	2025-05-14 21:02:47.29+06	\N	100	\N	\N
price_01JV7N31XPY9KBRWXCY0D1YE3W	\N	pset_01JV7N31XPJ2TDDVCGBKJVEJW2	bdt	{"value": "100", "precision": 20}	1	2025-05-14 21:02:29.048+06	2025-05-14 21:02:47.3+06	2025-05-14 21:02:47.29+06	\N	100	\N	\N
price_01JV858ZWHQ9JQAK7ZNSM7B57J	\N	pset_01JV858ZWKJ2GTYR6F9NWDX9G4	bdt	{"value": "100", "precision": 20}	0	2025-05-15 01:45:20.787+06	2025-05-17 00:20:05.405+06	2025-05-17 00:20:05.4+06	\N	100	\N	\N
price_01JV858ZWJR5DC8SPCD83ST7C8	\N	pset_01JV858ZWKJ2GTYR6F9NWDX9G4	bdt	{"value": "100", "precision": 20}	1	2025-05-15 01:45:20.788+06	2025-05-17 00:20:05.409+06	2025-05-17 00:20:05.4+06	\N	100	\N	\N
price_01JVAZJ6EWH92C28E912GBTPFT	\N	pset_01JVAZ3MN7XA0PF8WN7W8584AM	bdt	{"value": "100", "precision": 20}	0	2025-05-16 04:03:14.261161+06	2025-05-17 00:20:08.063+06	2025-05-17 00:20:08.059+06	\N	100	\N	\N
price_01JVAZJ6EXS04M9YAKYSN2FW23	\N	pset_01JVAZ3MN7XA0PF8WN7W8584AM	bdt	{"value": "100", "precision": 20}	1	2025-05-16 04:03:14.261161+06	2025-05-17 00:20:08.066+06	2025-05-17 00:20:08.059+06	\N	100	\N	\N
price_01JVD5QVVHTTS8M2AGR433K47W	\N	pset_01JVD5QVVJZP3VXX3MJKV7ZFK8	bdt	{"value": "100", "precision": 20}	0	2025-05-17 00:29:40.339+06	2025-05-19 20:29:49.307+06	2025-05-19 20:29:49.299+06	\N	100	\N	\N
price_01JVD5QVVH7PHXBJ5NJ8SHAV3B	\N	pset_01JVD5QVVJZP3VXX3MJKV7ZFK8	bdt	{"value": "100", "precision": 20}	1	2025-05-17 00:29:40.339+06	2025-05-19 20:29:49.32+06	2025-05-19 20:29:49.299+06	\N	100	\N	\N
price_01JVSVCX9JKN6DA8NW4D7A9XAP	\N	pset_01JVSVCX9J89ZB9PTZZF1VE5BR	bdt	{"value": "100", "precision": 20}	1	2025-05-21 22:39:03.22+06	2025-05-21 22:39:03.22+06	\N	\N	100	\N	\N
\.


--
-- Data for Name: price_list; Type: TABLE DATA; Schema: public; Owner: -
--

COPY public.price_list (id, status, starts_at, ends_at, rules_count, title, description, type, created_at, updated_at, deleted_at) FROM stdin;
\.


--
-- Data for Name: price_list_rule; Type: TABLE DATA; Schema: public; Owner: -
--

COPY public.price_list_rule (id, price_list_id, created_at, updated_at, deleted_at, value, attribute) FROM stdin;
\.


--
-- Data for Name: price_preference; Type: TABLE DATA; Schema: public; Owner: -
--

COPY public.price_preference (id, attribute, value, is_tax_inclusive, created_at, updated_at, deleted_at) FROM stdin;
prpref_01JM74X2F3E7HKY1KA1MMFYBK0	currency_code	eur	f	2025-02-16 16:29:43.011+06	2025-02-16 16:29:43.011+06	\N
prpref_01JM74X6SCJCMH4TSVPAWCTY64	region_id	reg_01JM74X6KKWRA6RFHP1S3PHMCF	f	2025-02-16 16:29:47.436+06	2025-02-16 16:29:47.436+06	\N
prpref_01JNX8DW1GVCJX8S52PZDHNATP	currency_code	bdt	f	2025-03-09 16:50:18.544+06	2025-03-09 16:50:39.119+06	\N
prpref_01JM74X6D5TH6Z2PCA8Y1WJXCX	currency_code	usd	t	2025-02-16 16:29:47.045+06	2025-03-09 16:50:46.676+06	\N
prpref_01JNX8FZ0FB4TMF3982M3P38QF	region_id	reg_01JNX8FYXTTQNQR08WNDTE0Z9G	f	2025-03-09 16:51:27.119+06	2025-03-09 16:51:27.119+06	\N
\.


--
-- Data for Name: price_rule; Type: TABLE DATA; Schema: public; Owner: -
--

COPY public.price_rule (id, value, priority, price_id, created_at, updated_at, deleted_at, attribute, operator) FROM stdin;
prule_01JM74X7M8EK6X6FQ25JSVATC8	reg_01JM74X6KKWRA6RFHP1S3PHMCF	0	price_01JM74X7M80PFNF8AQ9Y5GENFS	2025-02-16 16:29:48.298+06	2025-02-16 16:29:48.298+06	\N	region_id	eq
prule_01JM74X7M8VG5JKPF1KE3WZXNH	reg_01JM74X6KKWRA6RFHP1S3PHMCF	0	price_01JM74X7M97Z8JXZVZTSC2TWTF	2025-02-16 16:29:48.298+06	2025-02-16 16:29:48.298+06	\N	region_id	eq
prule_01JNY3SY4RFQM06CJ6ETFFPHJ3	reg_01JNX8FYXTTQNQR08WNDTE0Z9G	0	price_01JNY3SY35SG4DZ7Y4F11PKGHT	2025-03-10 00:48:45.408+06	2025-03-10 00:55:04.576+06	2025-03-10 00:55:04.544+06	region_id	eq
prule_01JNY3YZM2ZMDBYSRSM7PNZPGR	reg_01JNX8FYXTTQNQR08WNDTE0Z9G	0	price_01JNY3YZM3D3R2637ZGMXGSAWR	2025-03-10 00:51:30.82+06	2025-03-10 00:55:07.855+06	2025-03-10 00:55:07.844+06	region_id	eq
prule_01JNY4AY7ZQPYHST17F4TDKT4D	reg_01JNX8FYXTTQNQR08WNDTE0Z9G	0	price_01JNY4AY7ZD89Y1YSJWT6D5DBY	2025-03-10 00:58:02.624+06	2025-03-10 01:17:22.921+06	2025-03-10 01:17:22.91+06	region_id	eq
prule_01JNY59189W9EAWP31ETAFQ71K	reg_01JNX8FYXTTQNQR08WNDTE0Z9G	0	price_01JNY59189VDCN704HH1WJVWA9	2025-03-10 01:14:28.746+06	2025-03-10 01:17:22.929+06	2025-03-10 01:17:22.91+06	region_id	eq
prule_01JQ78NJ2NXSRC2CAV87BQD6ZB	reg_01JNX8FYXTTQNQR08WNDTE0Z9G	0	price_01JQ78NJ2PVWXMM0N76ANFHZVT	2025-03-26 00:22:36.631+06	2025-03-26 00:22:36.631+06	\N	region_id	eq
prule_01JQ78P99DH94VD3VKKBDK14ST	reg_01JNX8FYXTTQNQR08WNDTE0Z9G	0	price_01JQ78P99E4XB0Q8R2AE64MRGY	2025-03-26 00:23:00.4+06	2025-03-26 00:23:00.4+06	\N	region_id	eq
prule_01JNY5E371AESVPV30PHFXCB64	reg_01JNX8FYXTTQNQR08WNDTE0Z9G	0	price_01JNY5E371GRDBGVGNHPPNH22R	2025-03-10 01:17:14.596+06	2025-05-14 20:52:46.382+06	2025-05-14 20:52:46.37+06	region_id	eq
prule_01JNY5E372AZMZ9T8T50W2YR2X	reg_01JNX8FYXTTQNQR08WNDTE0Z9G	0	price_01JNY5E3725KH1GH7AZ0B82ZXJ	2025-03-10 01:17:14.596+06	2025-05-14 20:52:46.393+06	2025-05-14 20:52:46.37+06	region_id	eq
prule_01JNY5E373CVPAZ619J815TA1W	reg_01JNX8FYXTTQNQR08WNDTE0Z9G	0	price_01JNY5E373743TP06A7M2WSB16	2025-03-10 01:17:14.596+06	2025-05-14 20:52:46.406+06	2025-05-14 20:52:46.37+06	region_id	eq
prule_01JNY5E373H76WZN332YR5KYBR	reg_01JNX8FYXTTQNQR08WNDTE0Z9G	0	price_01JNY5E3732SQ4QJ1SSR8J0HGT	2025-03-10 01:17:14.597+06	2025-05-14 20:52:46.419+06	2025-05-14 20:52:46.37+06	region_id	eq
prule_01JV7MR3V9Y0SAB4QSDYWD1XP2	reg_01JNX8FYXTTQNQR08WNDTE0Z9G	0	price_01JV7MR3V972C2QCJSTQYV534K	2025-05-14 20:56:30.57+06	2025-05-14 20:56:43.066+06	2025-05-14 20:56:43.025+06	region_id	eq
prule_01JV7N31XNMMEPXXHPTEH9834G	reg_01JNX8FYXTTQNQR08WNDTE0Z9G	0	price_01JV7N31XPY9KBRWXCY0D1YE3W	2025-05-14 21:02:29.048+06	2025-05-14 21:02:47.304+06	2025-05-14 21:02:47.29+06	region_id	eq
prule_01JV858ZWJX46618JA9DAQ48W6	reg_01JNX8FYXTTQNQR08WNDTE0Z9G	0	price_01JV858ZWJR5DC8SPCD83ST7C8	2025-05-15 01:45:20.788+06	2025-05-17 00:20:05.412+06	2025-05-17 00:20:05.4+06	region_id	eq
prule_01JVAZJ6F4G7ZZ7GFEVKQPVT91	reg_01JNX8FYXTTQNQR08WNDTE0Z9G	0	price_01JVAZJ6EXS04M9YAKYSN2FW23	2025-05-16 04:03:14.261161+06	2025-05-17 00:20:08.069+06	2025-05-17 00:20:08.059+06	region_id	eq
prule_01JVD5QVVHM7JWQPJ0WNS14BSP	reg_01JNX8FYXTTQNQR08WNDTE0Z9G	0	price_01JVD5QVVH7PHXBJ5NJ8SHAV3B	2025-05-17 00:29:40.339+06	2025-05-19 20:29:49.328+06	2025-05-19 20:29:49.299+06	region_id	eq
prule_01JVSVCX9HQR3KF3JZADTWD0F7	reg_01JNX8FYXTTQNQR08WNDTE0Z9G	0	price_01JVSVCX9JKN6DA8NW4D7A9XAP	2025-05-21 22:39:03.221+06	2025-05-21 22:39:03.221+06	\N	region_id	eq
\.


--
-- Data for Name: price_set; Type: TABLE DATA; Schema: public; Owner: -
--

COPY public.price_set (id, created_at, updated_at, deleted_at) FROM stdin;
pset_01JM74X7M8K8WBA0V7ACYF4J5S	2025-02-16 16:29:48.297+06	2025-02-16 16:29:48.297+06	\N
pset_01JM74X7M9X23Z6F16G1RCK67A	2025-02-16 16:29:48.297+06	2025-02-16 16:29:48.297+06	\N
pset_01JMPQ7X1JNS36VFNHCDZYFDJ5	2025-02-22 17:38:48.756+06	2025-02-22 17:59:38.404+06	2025-02-22 17:59:38.403+06
pset_01JMPQ7X1JPCJY8EXBVE0Q8J06	2025-02-22 17:38:48.756+06	2025-02-22 17:59:38.431+06	2025-02-22 17:59:38.403+06
pset_01JMPQ7X1JCR6XR82ARS5CT3NB	2025-02-22 17:38:48.756+06	2025-02-22 17:59:38.44+06	2025-02-22 17:59:38.403+06
pset_01JMPQ7X1KM9CG8N6V2MEKQJR8	2025-02-22 17:38:48.756+06	2025-02-22 17:59:38.449+06	2025-02-22 17:59:38.403+06
pset_01JMPRHZAKN1GYZNF0BRCM85KV	2025-02-22 18:01:47.348+06	2025-03-09 16:29:14.422+06	2025-03-09 16:29:14.422+06
pset_01JMPRHZAKAYP9RD6HBXG5QWM9	2025-02-22 18:01:47.348+06	2025-03-09 16:29:14.478+06	2025-03-09 16:29:14.422+06
pset_01JMPRHZAMS67GMRA4ZBFJKH1F	2025-02-22 18:01:47.348+06	2025-03-09 16:29:14.498+06	2025-03-09 16:29:14.422+06
pset_01JMPRHZAM642RKW49A69A2YNR	2025-02-22 18:01:47.348+06	2025-03-09 16:29:14.514+06	2025-03-09 16:29:14.422+06
pset_01JMZ3APR0B5FYJ7CTCBZCR81Y	2025-02-25 23:43:58.977+06	2025-03-09 16:29:17.442+06	2025-03-09 16:29:17.441+06
pset_01JMZ3APR10EA1MX5RZ53AG0QY	2025-02-25 23:43:58.979+06	2025-03-09 16:29:17.47+06	2025-03-09 16:29:17.441+06
pset_01JV7RE31CFFW1JV6ARJS8X6BA	2025-05-14 22:00:56.365+06	2025-05-14 22:00:56.365+06	\N
pset_01JNX7PYBNGH6T046VNVKSNDA9	2025-03-09 16:37:47.254+06	2025-03-10 00:55:04.545+06	2025-03-10 00:55:04.544+06
pset_01JNY3YZM35SJSRE9D515HFS0G	2025-03-10 00:51:30.82+06	2025-03-10 00:55:07.844+06	2025-03-10 00:55:07.844+06
pset_01JM74X8ZG8GK84GQ63EJC474X	2025-02-16 16:29:49.687+06	2025-03-10 01:09:51.261+06	2025-03-10 01:09:51.261+06
pset_01JM74X8ZH9WM5WN6E27DTAHA3	2025-02-16 16:29:49.687+06	2025-03-10 01:09:53.962+06	2025-03-10 01:09:53.962+06
pset_01JM74X8ZH3EKFD8GV2F5Z3A30	2025-02-16 16:29:49.687+06	2025-03-10 01:09:57.103+06	2025-03-10 01:09:57.103+06
pset_01JM74X8ZHVW9BJPPXMSAE2TGR	2025-02-16 16:29:49.687+06	2025-03-10 01:10:42.183+06	2025-03-10 01:10:42.183+06
pset_01JM74X8ZHCHB2CE8WV6156RWP	2025-02-16 16:29:49.687+06	2025-03-10 01:10:45.25+06	2025-03-10 01:10:45.25+06
pset_01JM74X8ZJ4XPSFDG1FM4ZTM0X	2025-02-16 16:29:49.687+06	2025-03-10 01:10:48.067+06	2025-03-10 01:10:48.067+06
pset_01JM74X8ZJQZ4785ZXF31K19TZ	2025-02-16 16:29:49.687+06	2025-03-10 01:10:50.825+06	2025-03-10 01:10:50.825+06
pset_01JM74X8ZJXVRP5ST5JX4PJCHP	2025-02-16 16:29:49.687+06	2025-03-10 01:13:28.299+06	2025-03-10 01:13:28.299+06
pset_01JNY4AY7ZGDKY6BFFPFP0AJ2K	2025-03-10 00:58:02.623+06	2025-03-10 01:17:22.911+06	2025-03-10 01:17:22.91+06
pset_01JNY5918A7CPH1GPG8J9TGR24	2025-03-10 01:14:28.746+06	2025-03-10 01:17:22.921+06	2025-03-10 01:17:22.91+06
pset_01JM74X8ZK7NRTTX3ZGYD3NZ08	2025-02-16 16:29:49.687+06	2025-03-25 17:40:02.082+06	2025-03-25 17:40:02.08+06
pset_01JM74X8ZKW69CEGN83A57DWYC	2025-02-16 16:29:49.687+06	2025-03-25 17:40:02.129+06	2025-03-25 17:40:02.08+06
pset_01JM74X8ZK6FB7YG1Q28EB413H	2025-02-16 16:29:49.687+06	2025-03-25 17:40:02.156+06	2025-03-25 17:40:02.08+06
pset_01JM74X8ZM4T6W9CTS8AF039H0	2025-02-16 16:29:49.687+06	2025-03-25 17:40:02.17+06	2025-03-25 17:40:02.08+06
pset_01JM74X8ZMC5FZK28QG6TZKC95	2025-02-16 16:29:49.687+06	2025-03-25 17:40:06.528+06	2025-03-25 17:40:06.528+06
pset_01JM74X8ZMT2DKTGQMCG8SK9HR	2025-02-16 16:29:49.687+06	2025-03-25 17:40:06.596+06	2025-03-25 17:40:06.528+06
pset_01JM74X8ZNN4Q5AW5QGRBF199D	2025-02-16 16:29:49.687+06	2025-03-25 17:40:06.626+06	2025-03-25 17:40:06.528+06
pset_01JM74X8ZN1DKS36X5H4SDSJV4	2025-02-16 16:29:49.687+06	2025-03-25 17:40:06.639+06	2025-03-25 17:40:06.528+06
pset_01JQ78NJ2P60CMA88HNTZNYA3F	2025-03-26 00:22:36.63+06	2025-03-26 00:22:36.631+06	\N
pset_01JQ78P99E4N75PT0QPQS8SWSY	2025-03-26 00:23:00.399+06	2025-03-26 00:23:00.399+06	\N
pset_01JM74X8ZNVJ39KR3ETCVD9263	2025-02-16 16:29:49.687+06	2025-05-14 20:47:44.613+06	2025-05-14 20:47:44.613+06
pset_01JM74X8ZN7X2Q7B3ZJANP04NE	2025-02-16 16:29:49.687+06	2025-05-14 20:47:44.634+06	2025-05-14 20:47:44.613+06
pset_01JM74X8ZPAWQ7M2ND5K4KTVSD	2025-02-16 16:29:49.687+06	2025-05-14 20:47:44.645+06	2025-05-14 20:47:44.613+06
pset_01JM74X8ZPHHJG2Y7PGSYRS87C	2025-02-16 16:29:49.687+06	2025-05-14 20:47:44.656+06	2025-05-14 20:47:44.613+06
pset_01JNY5E372TBH18KQR4DFMG678	2025-03-10 01:17:14.596+06	2025-05-14 20:52:46.37+06	2025-05-14 20:52:46.37+06
pset_01JNY5E3723Z6WEBC51E6YGAE5	2025-03-10 01:17:14.596+06	2025-05-14 20:52:46.382+06	2025-05-14 20:52:46.37+06
pset_01JNY5E373F5ZVE4TH7JTZ22SN	2025-03-10 01:17:14.596+06	2025-05-14 20:52:46.393+06	2025-05-14 20:52:46.37+06
pset_01JNY5E373CYX2T456WBTBAN00	2025-03-10 01:17:14.596+06	2025-05-14 20:52:46.406+06	2025-05-14 20:52:46.37+06
pset_01JV7MR3V9HJPSSQS5SM95K8EX	2025-05-14 20:56:30.57+06	2025-05-14 20:56:43.026+06	2025-05-14 20:56:43.025+06
pset_01JV7N31XPJ2TDDVCGBKJVEJW2	2025-05-14 21:02:29.047+06	2025-05-14 21:02:47.29+06	2025-05-14 21:02:47.29+06
pset_01JV7NGZHYQX0CG77V6ZF9KPEQ	2025-05-14 21:10:05.375+06	2025-05-14 21:10:24.123+06	2025-05-14 21:10:24.123+06
pset_01JV7NPJ1PH157D94GRD7K7PR2	2025-05-14 21:13:08.15+06	2025-05-14 21:13:12.699+06	2025-05-14 21:13:12.698+06
pset_01JV7NRNRFS4YVG7QPDF7QFMQW	2025-05-14 21:14:17.487+06	2025-05-14 21:14:20.831+06	2025-05-14 21:14:20.831+06
pset_01JV7QWE0G9ZZ4XQBZ63T7R8JC	2025-05-14 21:51:17.777+06	2025-05-14 21:51:17.777+06	\N
pset_01JV7R2D2N01635WWR88C2V4TY	2025-05-14 21:54:33.43+06	2025-05-14 21:54:33.43+06	\N
pset_01JV7RP42V4K23WG3WQM50B56F	2025-05-14 22:05:19.58+06	2025-05-14 22:10:40.465+06	2025-05-14 22:10:40.464+06
pset_01JV7S4SZNXFKF0ZQJCVKCFD1V	2025-05-14 22:13:20.758+06	2025-05-14 22:13:26.914+06	2025-05-14 22:13:26.914+06
pset_01JV7S8E01ZBQ7Z6Q2DGZMHKF6	2025-05-14 22:15:19.554+06	2025-05-14 22:15:23.651+06	2025-05-14 22:15:23.651+06
pset_01JV7SW1NADGNESYJ41579NE05	2025-05-14 22:26:02.283+06	2025-05-14 22:26:05.507+06	2025-05-14 22:26:05.507+06
pset_01JV7T2TP6B7V0WDKWE2EAVAJM	2025-05-14 22:29:44.518+06	2025-05-14 22:29:47.517+06	2025-05-14 22:29:47.517+06
pset_01JV858ZWKJ2GTYR6F9NWDX9G4	2025-05-15 01:45:20.787+06	2025-05-17 00:20:05.4+06	2025-05-17 00:20:05.4+06
pset_01JVAZ3MN7XA0PF8WN7W8584AM	2025-05-16 03:55:17.288+06	2025-05-17 00:20:08.059+06	2025-05-17 00:20:08.059+06
pset_01JVD5QVVJZP3VXX3MJKV7ZFK8	2025-05-17 00:29:40.338+06	2025-05-19 20:29:49.299+06	2025-05-19 20:29:49.299+06
pset_01JVD5YPPQR4MHR9W5E6DXKR3S	2025-05-17 00:33:24.44+06	2025-05-19 20:29:52.073+06	2025-05-19 20:29:52.073+06
pset_01JVMP92J50TY0WX78QFYF6431	2025-05-19 22:33:22.502+06	2025-05-19 22:33:43.418+06	2025-05-19 22:33:43.418+06
pset_01JVSVCX9J89ZB9PTZZF1VE5BR	2025-05-21 22:39:03.219+06	2025-05-21 22:39:03.219+06	\N
\.


--
-- Data for Name: product; Type: TABLE DATA; Schema: public; Owner: -
--

COPY public.product (id, title, handle, subtitle, description, is_giftcard, status, thumbnail, weight, length, height, width, origin_country, hs_code, mid_code, material, collection_id, type_id, discountable, external_id, created_at, updated_at, deleted_at, metadata) FROM stdin;
prod_01JVSVCWS8G20WMS32E5SJ9Q1R	123	123	\N	wsfasdfdsafsadfsa	f	published	https://vmalvylbpzudqhkvpcqj.supabase.co/storage/v1/object/public/nufatahs//1-01JVSVCSPN2QQ2WX5XA8JSRBYF.png	\N	\N	\N	\N	\N	\N	\N	\N	pcol_01JVAZQH5PFPZP6WMTZYD1T0C1	ptyp_01JNX87TA227NBFF63VMQE8GNR	t	\N	2025-05-21 22:39:02.645194+06	2025-06-18 20:21:45.398+06	\N	\N
\.


--
-- Data for Name: product_category; Type: TABLE DATA; Schema: public; Owner: -
--

COPY public.product_category (id, name, description, handle, mpath, is_active, is_internal, rank, parent_category_id, created_at, updated_at, deleted_at, metadata) FROM stdin;
pcat_01JM74X8DN8BA6Y5J34MP4EX38	Shirts		shirts	pcat_01JM74X8DN8BA6Y5J34MP4EX38	t	f	1	\N	2025-02-16 16:29:49.11+06	2025-03-25 17:40:20.264+06	2025-03-25 17:40:20.264+06	\N
pcat_01JM74X8DPFJE934WTPZHPRF4Y	Sweatshirts		sweatshirts	pcat_01JM74X8DPFJE934WTPZHPRF4Y	t	f	1	\N	2025-02-16 16:29:49.11+06	2025-03-25 17:40:22.969+06	2025-03-25 17:40:22.969+06	\N
pcat_01JM74X8DPZEB733YPNQPZ11QH	Merch		merch	pcat_01JM74X8DPZEB733YPNQPZ11QH	t	f	2	\N	2025-02-16 16:29:49.11+06	2025-03-25 17:40:25.982+06	2025-03-25 17:40:25.982+06	\N
pcat_01JM74X8DPZHDAMC0QZT0V8XCK	Pants		pants	pcat_01JM74X8DPZHDAMC0QZT0V8XCK	t	f	1	\N	2025-02-16 16:29:49.11+06	2025-05-19 20:30:04.586+06	2025-05-19 20:30:04.586+06	\N
pcat_01JNX78KRH84VVHT0A9Z703F8J	Chocolates		chocolates	pcat_01JNX78KRH84VVHT0A9Z703F8J	t	f	0	\N	2025-03-09 16:29:57.649+06	2025-05-19 20:30:11.193+06	2025-05-19 20:30:11.193+06	\N
pcat_01JNX79ATEFZAK8NJK6WPPRNKF	Pitha		pihta	pcat_01JNX79ATEFZAK8NJK6WPPRNKF	t	f	0	\N	2025-03-09 16:30:21.262+06	2025-05-19 20:30:13.845+06	2025-05-19 20:30:13.845+06	\N
\.


--
-- Data for Name: product_category_product; Type: TABLE DATA; Schema: public; Owner: -
--

COPY public.product_category_product (product_id, product_category_id) FROM stdin;
\.


--
-- Data for Name: product_collection; Type: TABLE DATA; Schema: public; Owner: -
--

COPY public.product_collection (id, title, handle, metadata, created_at, updated_at, deleted_at) FROM stdin;
pcol_01JNX7AK3X6HBH69T0TEC6F4E9	Food	food	\N	2025-03-09 16:31:02.523965+06	2025-03-09 16:31:02.523965+06	\N
pcol_01JVAZQH5PFPZP6WMTZYD1T0C1	featured	featured	\N	2025-05-16 04:06:09.077178+06	2025-05-16 04:06:09.077178+06	\N
\.


--
-- Data for Name: product_option; Type: TABLE DATA; Schema: public; Owner: -
--

COPY public.product_option (id, title, product_id, metadata, created_at, updated_at, deleted_at) FROM stdin;
opt_01JVSVCWYEHH5356Y5X2JJKMER	Default option	prod_01JVSVCWS8G20WMS32E5SJ9Q1R	\N	2025-05-21 22:39:02.645194+06	2025-05-21 22:39:02.645194+06	\N
\.


--
-- Data for Name: product_option_value; Type: TABLE DATA; Schema: public; Owner: -
--

COPY public.product_option_value (id, value, option_id, metadata, created_at, updated_at, deleted_at) FROM stdin;
optval_01JVSVCWYPR67ZWKSN98EBMJ6E	Default option value	opt_01JVSVCWYEHH5356Y5X2JJKMER	\N	2025-05-21 22:39:02.645194+06	2025-05-21 22:39:02.645194+06	\N
\.


--
-- Data for Name: product_sales_channel; Type: TABLE DATA; Schema: public; Owner: -
--

COPY public.product_sales_channel (product_id, sales_channel_id, id, created_at, updated_at, deleted_at) FROM stdin;
prod_01JMPQ7WPMDM0D830C94FWMXCH	sc_01JM74X28JRVC097RK9V6GKE95	prodsc_01JMPQ7WW043QRZAMY5W7627DY	2025-02-22 17:38:48.576102+06	2025-02-22 17:59:38.392+06	2025-02-22 17:59:38.391+06
prod_01JMPRHYW8FF92041NA29W4A82	sc_01JM74X28JRVC097RK9V6GKE95	prodsc_01JMPRHZ17SQ8N8Q82QEDPSKSR	2025-02-22 18:01:47.04577+06	2025-03-09 16:29:14.311+06	2025-03-09 16:29:14.31+06
prod_01JMZ3APAAENMATTTNZGG3CX3Q	sc_01JM74X28JRVC097RK9V6GKE95	prodsc_01JMZ3APGNXQG0EPPMKDBPMHWM	2025-02-25 23:43:58.740702+06	2025-03-09 16:29:17.229+06	2025-03-09 16:29:17.229+06
prod_01JM74X8PXPNNP7KX16T389S1A	sc_01JM74X28JRVC097RK9V6GKE95	prodsc_01JM74X8SQDW4EN884SJ6XS004	2025-02-16 16:29:49.493715+06	2025-03-10 01:13:28.283+06	2025-03-10 01:13:28.283+06
prod_01JNX7PY25NB6PHE7FGPZZ96XP	sc_01JM74X28JRVC097RK9V6GKE95	prodsc_01JNX7PY61VSGTSERNHJ4FRACR	2025-03-09 16:37:47.073013+06	2025-03-10 01:17:22.882+06	2025-03-10 01:17:22.882+06
prod_01JM74X8PX4BA4QCWJKEXVGDK9	sc_01JM74X28JRVC097RK9V6GKE95	prodsc_01JM74X8SQ13S98QX49ZBQPA8K	2025-02-16 16:29:49.493715+06	2025-03-25 17:40:01.886+06	2025-03-25 17:40:01.886+06
prod_01JM74X8PYA7JDXZH81J2CG04R	sc_01JM74X28JRVC097RK9V6GKE95	prodsc_01JM74X8SRS4KTEM2JZTDXVSHP	2025-02-16 16:29:49.493715+06	2025-03-25 17:40:06.513+06	2025-03-25 17:40:06.513+06
prod_01JM74X8PYHV69MPRFWABK4NK7	sc_01JM74X28JRVC097RK9V6GKE95	prodsc_01JM74X8SR777FS440PZ7RPRGG	2025-02-16 16:29:49.493715+06	2025-05-14 20:47:44.597+06	2025-05-14 20:47:44.597+06
prod_01JNY5E2ZBH7WKY4FT94Z7DYG4	sc_01JM74X28JRVC097RK9V6GKE95	prodsc_01JNY5E31WQMQDQAF6F6B9RJQH	2025-03-10 01:17:14.428304+06	2025-05-14 20:52:46.279+06	2025-05-14 20:52:46.279+06
prod_01JV7MR3KBR1P8GFNZG4MYEGCE	sc_01JM74X28JRVC097RK9V6GKE95	prodsc_01JV7MR3NB3PR8R1P153NWVVKP	2025-05-14 20:56:30.378518+06	2025-05-14 20:56:42.75+06	2025-05-14 20:56:42.75+06
prod_01JV7N31PM9DM0S3X5NJF2JY67	sc_01JM74X28JRVC097RK9V6GKE95	prodsc_01JV7N31SAJEY5CP8XRC5QRNX8	2025-05-14 21:02:28.905423+06	2025-05-14 21:02:47.268+06	2025-05-14 21:02:47.268+06
prod_01JV7NGZ90NFY981T7A3Q4C4VQ	sc_01JM74X28JRVC097RK9V6GKE95	prodsc_01JV7NGZBSRFRZ4R0CT5YR33KF	2025-05-14 21:10:05.174409+06	2025-05-14 21:10:24.101+06	2025-05-14 21:10:24.101+06
prod_01JV7NPHT8A17SMCF1ARKNBHYZ	sc_01JM74X28JRVC097RK9V6GKE95	prodsc_01JV7NPHXBTYGSF659HF9RP5F4	2025-05-14 21:13:08.01111+06	2025-05-14 21:13:12.611+06	2025-05-14 21:13:12.611+06
prod_01JV7NRNHPXB7CKSPHB40MNSHT	sc_01JM74X28JRVC097RK9V6GKE95	prodsc_01JV7NRNMGHD52V5D1G619MG6T	2025-05-14 21:14:17.359477+06	2025-05-14 21:14:20.816+06	2025-05-14 21:14:20.816+06
prod_01JV7QWDSDSCDN6T5V6XES0G09	sc_01JM74X28JRVC097RK9V6GKE95	prodsc_01JV7QWDVW3XMQXY7F6084NKBD	2025-05-14 21:51:17.626447+06	2025-05-14 21:51:17.626447+06	\N
prod_01JV7R2CT3C0D9NGG8KCS244ZY	sc_01JM74X28JRVC097RK9V6GKE95	prodsc_01JV7R2CXHJW2578W55KZGGCH1	2025-05-14 21:54:33.264797+06	2025-05-14 21:54:33.264797+06	\N
prod_01JV7RE2T3E81Y90896TFTCWJD	sc_01JM74X28JRVC097RK9V6GKE95	prodsc_01JV7RE2X5Q4GBTNHCZ64EJECW	2025-05-14 22:00:56.228876+06	2025-05-14 22:00:56.228876+06	\N
prod_01JV7RP3SYP25MYZKWBHAR2VBJ	sc_01JM74X28JRVC097RK9V6GKE95	prodsc_01JV7RP3WS6NZJBV351EAZJ83B	2025-05-14 22:05:19.384493+06	2025-05-14 22:10:40.433+06	2025-05-14 22:10:40.433+06
prod_01JV7S4SSJNBHB8MPXWJ8M2WXR	sc_01JM74X28JRVC097RK9V6GKE95	prodsc_01JV7S4STZ8M6910A8CTYZNWAS	2025-05-14 22:13:20.606554+06	2025-05-14 22:13:26.896+06	2025-05-14 22:13:26.896+06
prod_01JV7S8DSVPGKNMHQMGWCC91F0	sc_01JM74X28JRVC097RK9V6GKE95	prodsc_01JV7S8DWCV438DW8HPFC1WW6C	2025-05-14 22:15:19.435721+06	2025-05-14 22:15:23.632+06	2025-05-14 22:15:23.632+06
prod_01JV7SW1B0Z504BCGFJ8PH9NR6	sc_01JM74X28JRVC097RK9V6GKE95	prodsc_01JV7SW1DWVBPHKQY9ANGAZZ82	2025-05-14 22:26:02.043785+06	2025-05-14 22:26:05.489+06	2025-05-14 22:26:05.488+06
prod_01JV7T2TGJ5Z4C2RVH5CPZ8SAX	sc_01JM74X28JRVC097RK9V6GKE95	prodsc_01JV7T2TJDEWT5DWPWVZG5RMPD	2025-05-14 22:29:44.39657+06	2025-05-14 22:29:47.497+06	2025-05-14 22:29:47.497+06
prod_01JV858ZAE63830RPWDNTVEYEJ	sc_01JM74X28JRVC097RK9V6GKE95	prodsc_01JV858ZHR693Z40WD1D2P6A62	2025-05-15 01:45:20.435397+06	2025-05-17 00:20:05.35+06	2025-05-17 00:20:05.349+06
prod_01JVAZ3MB741M58VBSN490DV4W	sc_01JM74X28JRVC097RK9V6GKE95	prodsc_01JVAZ3MHD9WSQ9MNF1KDS44D7	2025-05-16 03:55:17.163586+06	2025-05-17 00:20:08.013+06	2025-05-17 00:20:08.012+06
prod_01JVD5QVFDSP5TSE4ZJ40ES7AG	sc_01JM74X28JRVC097RK9V6GKE95	prodsc_01JVD5QVGT1ZGXS2P8QV6VFJRG	2025-05-17 00:29:39.994393+06	2025-05-19 20:29:49.217+06	2025-05-19 20:29:49.217+06
prod_01JVD5YPJX8NJ45DZ8DGB2ZP8M	sc_01JM74X28JRVC097RK9V6GKE95	prodsc_01JVD5YPM0HPDCGCTB9W61QAYG	2025-05-17 00:33:24.351217+06	2025-05-19 20:29:52.057+06	2025-05-19 20:29:52.057+06
prod_01JVMP927XYGVD6EQEZRK7KBRD	sc_01JM74X28JRVC097RK9V6GKE95	prodsc_01JVMP92AY3KFEPMFS03W5TRKS	2025-05-19 22:33:22.269458+06	2025-05-19 22:33:43.394+06	2025-05-19 22:33:43.394+06
prod_01JVSVCWS8G20WMS32E5SJ9Q1R	sc_01JM74X28JRVC097RK9V6GKE95	prodsc_01JVSVCX1Z1QC56SG9MTA7DE31	2025-05-21 22:39:02.974125+06	2025-05-21 22:39:02.974125+06	\N
\.


--
-- Data for Name: product_shipping_profile; Type: TABLE DATA; Schema: public; Owner: -
--

COPY public.product_shipping_profile (product_id, shipping_profile_id, id, created_at, updated_at, deleted_at) FROM stdin;
prod_01JMPQ7WPMDM0D830C94FWMXCH	sp_01JM74WYHM2AWEVJHCHRG9T4BD	prodsp_01JMPQ7WWGWTK1D76KK8V6TG0R	2025-02-22 17:38:48.591938+06	2025-02-22 17:59:38.395+06	2025-02-22 17:59:38.395+06
prod_01JMZ3APAAENMATTTNZGG3CX3Q	sp_01JM74WYHM2AWEVJHCHRG9T4BD	prodsp_01JMZ3APHYFWHBE2V3BNXMJQ4E	2025-02-25 23:43:58.781786+06	2025-03-09 16:08:33.216+06	2025-03-09 16:08:33.215+06
prod_01JMCCTKD5GHDCCXRJ2TV2C0H3	sp_01JM74WYHM2AWEVJHCHRG9T4BD	prodsp_01JMCCTKE0HPHTJ7CFA29VEF36	2025-02-18 17:24:22.848288+06	2025-03-09 16:29:11.559+06	2025-03-09 16:29:11.558+06
prod_01JMPRHYW8FF92041NA29W4A82	sp_01JM74X7HSD9FWNXDBVPKX750C	prodsp_01JMPRHZ3S219SKAXPXSPVEHFP	2025-02-22 18:01:47.125383+06	2025-03-09 16:29:14.315+06	2025-03-09 16:29:14.315+06
prod_01JMZ3APAAENMATTTNZGG3CX3Q	sp_01JM74X7HSD9FWNXDBVPKX750C	prodsp_01JNX61DEWJ0WGB7VT7K67XPXB	2025-03-09 16:08:33.242232+06	2025-03-09 16:29:17.23+06	2025-03-09 16:29:17.23+06
prod_01JM74X8PXPNNP7KX16T389S1A	sp_01JM74X7HSD9FWNXDBVPKX750C	prodsp_01JM74X8T6M07NQ7AE9NESMJ7V	2025-02-16 16:29:49.510151+06	2025-03-10 01:13:28.291+06	2025-03-10 01:13:28.289+06
prod_01JNX7PY25NB6PHE7FGPZZ96XP	sp_01JM74X7HSD9FWNXDBVPKX750C	prodsp_01JNX7PY7CZ4NVK1DSM0G1GNZM	2025-03-09 16:37:47.113765+06	2025-03-10 01:17:22.877+06	2025-03-10 01:17:22.877+06
prod_01JM74X8PX4BA4QCWJKEXVGDK9	sp_01JM74X7HSD9FWNXDBVPKX750C	prodsp_01JM74X8T64YS11J72AGY7236Y	2025-02-16 16:29:49.510151+06	2025-03-25 17:40:02.088+06	2025-03-25 17:40:02.087+06
prod_01JM74X8PYA7JDXZH81J2CG04R	sp_01JM74X7HSD9FWNXDBVPKX750C	prodsp_01JM74X8T6ZRH4XNYWWK1EJ4S2	2025-02-16 16:29:49.510151+06	2025-03-25 17:40:06.518+06	2025-03-25 17:40:06.518+06
prod_01JM74X8PYHV69MPRFWABK4NK7	sp_01JM74X7HSD9FWNXDBVPKX750C	prodsp_01JM74X8T7TQADTZ0J3TTQG441	2025-02-16 16:29:49.510151+06	2025-05-14 20:47:44.604+06	2025-05-14 20:47:44.603+06
prod_01JNY5E2ZBH7WKY4FT94Z7DYG4	sp_01JM74X7HSD9FWNXDBVPKX750C	prodsp_01JNY5E33P8KN9JA8GYX4TT8S7	2025-03-10 01:17:14.485867+06	2025-05-14 20:52:46.282+06	2025-05-14 20:52:46.281+06
prod_01JV7MR3KBR1P8GFNZG4MYEGCE	sp_01JM74WYHM2AWEVJHCHRG9T4BD	prodsp_01JV7MR3PKDHYR8MRJYXXD94ZD	2025-05-14 20:56:30.418285+06	2025-05-14 20:56:42.754+06	2025-05-14 20:56:42.754+06
prod_01JV7N31PM9DM0S3X5NJF2JY67	sp_01JM74WYHM2AWEVJHCHRG9T4BD	prodsp_01JV7N31T31654QDKFDX82FVBV	2025-05-14 21:02:28.93134+06	2025-05-14 21:02:47.286+06	2025-05-14 21:02:47.286+06
prod_01JV7NGZ90NFY981T7A3Q4C4VQ	sp_01JM74WYHM2AWEVJHCHRG9T4BD	prodsp_01JV7NGZDZJ28KFXQ27N5VH4T9	2025-05-14 21:10:05.247504+06	2025-05-14 21:10:24.096+06	2025-05-14 21:10:24.096+06
prod_01JV7NPHT8A17SMCF1ARKNBHYZ	sp_01JM74WYHM2AWEVJHCHRG9T4BD	prodsp_01JV7NPHYD95K7RGCVV6BE65X7	2025-05-14 21:13:08.044573+06	2025-05-14 21:13:12.616+06	2025-05-14 21:13:12.615+06
prod_01JV7NRNHPXB7CKSPHB40MNSHT	sp_01JM74WYHM2AWEVJHCHRG9T4BD	prodsp_01JV7NRNNSPGPDHXQRYY7364AW	2025-05-14 21:14:17.400622+06	2025-05-14 21:14:20.819+06	2025-05-14 21:14:20.819+06
prod_01JV7QWDSDSCDN6T5V6XES0G09	sp_01JM74WYHM2AWEVJHCHRG9T4BD	prodsp_01JV7QWDWRTMBG99Q6BQKJ1N74	2025-05-14 21:51:17.656055+06	2025-05-14 21:51:17.656055+06	\N
prod_01JV7R2CT3C0D9NGG8KCS244ZY	sp_01JM74WYHM2AWEVJHCHRG9T4BD	prodsp_01JV7R2CZCFQ454N59MQ018795	2025-05-14 21:54:33.32368+06	2025-05-14 21:54:33.32368+06	\N
prod_01JV7RE2T3E81Y90896TFTCWJD	sp_01JM74WYHM2AWEVJHCHRG9T4BD	prodsp_01JV7RE2Y7VA1J0D0D62QDF2AS	2025-05-14 22:00:56.263082+06	2025-05-14 22:00:56.263082+06	\N
prod_01JV7RP3SYP25MYZKWBHAR2VBJ	sp_01JM74WYHM2AWEVJHCHRG9T4BD	prodsp_01JV7RP3YJ37DX0SRN1N0WHSGP	2025-05-14 22:05:19.44217+06	2025-05-14 22:10:40.439+06	2025-05-14 22:10:40.438+06
prod_01JV7S4SSJNBHB8MPXWJ8M2WXR	sp_01JM74WYHM2AWEVJHCHRG9T4BD	prodsp_01JV7S4SVYV7N56S4X46G83CEY	2025-05-14 22:13:20.638137+06	2025-05-14 22:13:26.899+06	2025-05-14 22:13:26.899+06
prod_01JV7S8DSVPGKNMHQMGWCC91F0	sp_01JM74WYHM2AWEVJHCHRG9T4BD	prodsp_01JV7S8DXN789B9D3F9YMJGDZ3	2025-05-14 22:15:19.477148+06	2025-05-14 22:15:23.636+06	2025-05-14 22:15:23.636+06
prod_01JV7SW1B0Z504BCGFJ8PH9NR6	sp_01JM74WYHM2AWEVJHCHRG9T4BD	prodsp_01JV7SW1F7KBH49Y6N3BX8MCNX	2025-05-14 22:26:02.086522+06	2025-05-14 22:26:05.492+06	2025-05-14 22:26:05.492+06
prod_01JV7T2TGJ5Z4C2RVH5CPZ8SAX	sp_01JM74WYHM2AWEVJHCHRG9T4BD	prodsp_01JV7T2TK80QDTC8KQNGD75A45	2025-05-14 22:29:44.424466+06	2025-05-14 22:29:47.501+06	2025-05-14 22:29:47.501+06
prod_01JV858ZAE63830RPWDNTVEYEJ	sp_01JM74WYHM2AWEVJHCHRG9T4BD	prodsp_01JV858ZQXSHQPGYMWX58ZMZC2	2025-05-15 01:45:20.637178+06	2025-05-15 01:47:45.179+06	2025-05-15 01:47:45.179+06
prod_01JV858ZAE63830RPWDNTVEYEJ	sp_01JM74X7HSD9FWNXDBVPKX750C	prodsp_01JV85DCX54WZQVP7R2TQ3TTVY	2025-05-15 01:47:45.189275+06	2025-05-17 00:20:05.403+06	2025-05-17 00:20:05.403+06
prod_01JVAZ3MB741M58VBSN490DV4W	sp_01JM74WYHM2AWEVJHCHRG9T4BD	prodsp_01JVAZ3MHV5QNHH2YPAK8BDEDT	2025-05-16 03:55:17.179182+06	2025-05-17 00:20:08.009+06	2025-05-17 00:20:08.009+06
prod_01JVD5QVFDSP5TSE4ZJ40ES7AG	sp_01JM74WYHM2AWEVJHCHRG9T4BD	prodsp_01JVD5QVHW1E757MZV510QE766	2025-05-17 00:29:40.028269+06	2025-05-19 20:29:49.314+06	2025-05-19 20:29:49.313+06
prod_01JVD5YPJX8NJ45DZ8DGB2ZP8M	sp_01JM74WYHM2AWEVJHCHRG9T4BD	prodsp_01JVD5YPMMR1V7AYMW7PQMSRR6	2025-05-17 00:33:24.371087+06	2025-05-19 20:29:52.061+06	2025-05-19 20:29:52.06+06
prod_01JVMP927XYGVD6EQEZRK7KBRD	sp_01JM74WYHM2AWEVJHCHRG9T4BD	prodsp_01JVMP92CFHPE56JSVF3TVA2NJ	2025-05-19 22:33:22.318871+06	2025-05-19 22:33:43.398+06	2025-05-19 22:33:43.398+06
prod_01JVSVCWS8G20WMS32E5SJ9Q1R	sp_01JM74WYHM2AWEVJHCHRG9T4BD	prodsp_01JVSVCX2W1TP970VWK0449C1F	2025-05-21 22:39:03.003793+06	2025-06-02 00:06:39.104+06	2025-06-02 00:06:39.1+06
prod_01JVSVCWS8G20WMS32E5SJ9Q1R	sp_01JM74X7HSD9FWNXDBVPKX750C	prodsp_01JWPAS70EZ5X9SY40903NE093	2025-06-02 00:06:39.117705+06	2025-06-02 00:06:39.117705+06	\N
\.


--
-- Data for Name: product_tag; Type: TABLE DATA; Schema: public; Owner: -
--

COPY public.product_tag (id, value, metadata, created_at, updated_at, deleted_at) FROM stdin;
ptag_01JNX885DBNFPNJH567SHS5RDF	Sweet	\N	2025-03-09 16:47:11.531+06	2025-03-09 16:47:11.531+06	\N
\.


--
-- Data for Name: product_tags; Type: TABLE DATA; Schema: public; Owner: -
--

COPY public.product_tags (product_id, product_tag_id) FROM stdin;
prod_01JVSVCWS8G20WMS32E5SJ9Q1R	ptag_01JNX885DBNFPNJH567SHS5RDF
\.


--
-- Data for Name: product_type; Type: TABLE DATA; Schema: public; Owner: -
--

COPY public.product_type (id, value, metadata, created_at, updated_at, deleted_at) FROM stdin;
ptyp_01JNX87TA227NBFF63VMQE8GNR	Pitha	\N	2025-03-09 16:47:00.162+06	2025-03-09 16:47:00.162+06	\N
\.


--
-- Data for Name: product_variant; Type: TABLE DATA; Schema: public; Owner: -
--

COPY public.product_variant (id, title, sku, barcode, ean, upc, allow_backorder, manage_inventory, hs_code, origin_country, mid_code, material, weight, length, height, width, metadata, variant_rank, product_id, created_at, updated_at, deleted_at) FROM stdin;
variant_01JVSVCX65K1ZKGAP91W2MYPWK	Default variant	\N	\N	\N	\N	f	f	\N	\N	\N	\N	\N	\N	\N	\N	\N	0	prod_01JVSVCWS8G20WMS32E5SJ9Q1R	2025-05-21 22:39:03.111+06	2025-05-21 22:39:03.111+06	\N
\.


--
-- Data for Name: product_variant_inventory_item; Type: TABLE DATA; Schema: public; Owner: -
--

COPY public.product_variant_inventory_item (variant_id, inventory_item_id, id, required_quantity, created_at, updated_at, deleted_at) FROM stdin;
variant_01JM74X8V0BRAWHX3VCC7MADNH	iitem_01JM74X8VV1G5BP580PWS06ZHH	pvitem_01JM74X8X9A1ST7RS6TK61DDD1	1	2025-02-16 16:29:49.608191+06	2025-03-09 16:28:24.374+06	2025-03-09 16:28:24.373+06
variant_01JMPRHZ6QTKWXD782VDK3H1EZ	iitem_01JMPRHZ7XNJTC71Y7THF2TPXJ	pvitem_01JMPRHZ97MEK1P7C93C9DXZE3	1	2025-02-22 18:01:47.303255+06	2025-03-09 16:28:35.653+06	2025-03-09 16:28:35.653+06
variant_01JMPRHZ6R0VM9D7MWP2SB6P0V	iitem_01JMPRHZ7XXJ74NCMTX1AYJHYN	pvitem_01JMPRHZ98QCADWAHAG8FRF22N	1	2025-02-22 18:01:47.303255+06	2025-03-09 16:28:38.765+06	2025-03-09 16:28:38.764+06
variant_01JMPRHZ6RPMA07T72K1CTBGJG	iitem_01JMPRHZ7XYBAHAQH4ZGMEBGYY	pvitem_01JMPRHZ98ZAC3R9Y0V3BCC66Y	1	2025-02-22 18:01:47.303255+06	2025-03-09 16:28:42.225+06	2025-03-09 16:28:42.225+06
variant_01JMPRHZ6R313R7S3WZ2KF87E4	iitem_01JMPRHZ7XZTWTZRJKS0R76QDY	pvitem_01JMPRHZ98Y6EFK3VFXQC18REY	1	2025-02-22 18:01:47.303255+06	2025-03-09 16:28:45.292+06	2025-03-09 16:28:45.292+06
variant_01JM74X8TZN6KETF38G146AP2W	iitem_01JM74X8VVJV1QJZBKKWYG4FXX	pvitem_01JM74X8X8NNXAE2YCYVQRBBKB	1	2025-02-16 16:29:49.608191+06	2025-03-10 01:09:51.217+06	2025-03-10 01:09:51.216+06
variant_01JM74X8V02QY0K09JMJ9HQST7	iitem_01JM74X8VW5GFVTG8R2CWHX263	pvitem_01JM74X8X91FWXXVAY7GBZCYST	1	2025-02-16 16:29:49.608191+06	2025-03-10 01:09:57.074+06	2025-03-10 01:09:57.073+06
variant_01JM74X8V03ND4Y9GH4FZYN7AT	iitem_01JM74X8VWFMD6WPSNRKBHYB73	pvitem_01JM74X8X9XNEEKMWM35AXXKBK	1	2025-02-16 16:29:49.608191+06	2025-03-10 01:10:42.113+06	2025-03-10 01:10:42.112+06
variant_01JM74X8V0MGJT48QF9TNJDX25	iitem_01JM74X8VWHSZVKZF1XK4KN1AC	pvitem_01JM74X8X98478ATJHZ17R69TM	1	2025-02-16 16:29:49.608191+06	2025-03-10 01:10:45.225+06	2025-03-10 01:10:45.224+06
variant_01JM74X8V0XBNQR3DXCV7JJDHH	iitem_01JM74X8VWT8FTAFHQMA32T754	pvitem_01JM74X8X98W6H7FGDR0PZP6ZG	1	2025-02-16 16:29:49.608191+06	2025-03-10 01:10:48.017+06	2025-03-10 01:10:48.017+06
variant_01JM74X8V1FM7N1DHEGKHXGF23	iitem_01JM74X8VWD8DR0Q58N2X4F7MY	pvitem_01JM74X8X9VMJA80YQ2CMKPJH7	1	2025-02-16 16:29:49.608191+06	2025-03-10 01:10:50.8+06	2025-03-10 01:10:50.799+06
variant_01JM74X8V18NRV2BYW5Z1N4GNY	iitem_01JM74X8VWCFGMHA7X875FYT41	pvitem_01JM74X8X9X3JA2WD7PRWG6B3V	1	2025-02-16 16:29:49.608191+06	2025-03-10 01:13:28.247+06	2025-03-10 01:13:28.247+06
variant_01JM74X8V1ZE3Q8ZKQTDVXTP02	iitem_01JM74X8VWV03FJVDVVF0T5400	pvitem_01JM74X8XAPP3FM2QHY4CWT0M6	1	2025-02-16 16:29:49.608191+06	2025-03-25 17:40:01.806+06	2025-03-25 17:40:01.804+06
variant_01JM74X8V1HMZ5XSM361FSQEDJ	iitem_01JM74X8VWKXG28AZWD3BX43V8	pvitem_01JM74X8XAD0RM0FZZ22D5KNSX	1	2025-02-16 16:29:49.608191+06	2025-03-25 17:40:01.807+06	2025-03-25 17:40:01.804+06
variant_01JM74X8V1GQD4BDJA51CBK0BX	iitem_01JM74X8VWY79WNCEVB7EZZHB1	pvitem_01JM74X8XA2MMZRAJQNV2ZK75S	1	2025-02-16 16:29:49.608191+06	2025-03-25 17:40:01.807+06	2025-03-25 17:40:01.804+06
variant_01JM74X8V1DQ32B5MB7C6FTMFH	iitem_01JM74X8VWCQ66F4FX4FY44ER5	pvitem_01JM74X8XAQSHCCHB0CVCC01PR	1	2025-02-16 16:29:49.608191+06	2025-03-25 17:40:01.807+06	2025-03-25 17:40:01.804+06
variant_01JM74X8V23QYSTNVT0MRE5S9K	iitem_01JM74X8VX5RFJZ03V5Z78NAAX	pvitem_01JM74X8XAJ9YGZBS8YDN7MGQ8	1	2025-02-16 16:29:49.608191+06	2025-03-25 17:40:06.491+06	2025-03-25 17:40:06.49+06
variant_01JM74X8V2E7VX7N5Z798ZRX82	iitem_01JM74X8VXVCAK9KJ9H2PY6CFR	pvitem_01JM74X8XAFD8X9FRVEGYFGH3Y	1	2025-02-16 16:29:49.608191+06	2025-03-25 17:40:06.491+06	2025-03-25 17:40:06.49+06
variant_01JM74X8V2ABZYSM6X0X4EXEAA	iitem_01JM74X8VXWB2KAJGSVWNPQAZ9	pvitem_01JM74X8XA6M5YFG5XHQJ4VPC5	1	2025-02-16 16:29:49.608191+06	2025-03-25 17:40:06.491+06	2025-03-25 17:40:06.49+06
variant_01JM74X8V241AFR0HEJZQ7PC8C	iitem_01JM74X8VXSXDS6MVXDGWE1CE3	pvitem_01JM74X8XAP84XF8T59N4VPS1A	1	2025-02-16 16:29:49.608191+06	2025-03-25 17:40:06.491+06	2025-03-25 17:40:06.49+06
variant_01JM74X8V25ED06ENNFKX48844	iitem_01JM74X8VXT4A27J7AQ9TDZBYH	pvitem_01JM74X8XAJ1PXA2VPE8BAT508	1	2025-02-16 16:29:49.608191+06	2025-05-14 20:47:44.567+06	2025-05-14 20:47:44.566+06
variant_01JM74X8V2PYJ08Q78K881H9YY	iitem_01JM74X8VXV37E67X2804V715Q	pvitem_01JM74X8XAE79PR1QSSVQKH38H	1	2025-02-16 16:29:49.608191+06	2025-05-14 20:47:44.567+06	2025-05-14 20:47:44.566+06
variant_01JM74X8V2EY91RPR003R6B449	iitem_01JM74X8VXB95W3KHSQ3V2F84K	pvitem_01JM74X8XBJ6QFG3RKG618Q25N	1	2025-02-16 16:29:49.608191+06	2025-05-14 20:47:44.568+06	2025-05-14 20:47:44.566+06
variant_01JM74X8V2QA637E9FA60NBVGK	iitem_01JM74X8VXPE9KGSHAHV2PGRG9	pvitem_01JM74X8XBSXVBXKTXTBWMFNJB	1	2025-02-16 16:29:49.608191+06	2025-05-14 20:47:44.568+06	2025-05-14 20:47:44.566+06
\.


--
-- Data for Name: product_variant_option; Type: TABLE DATA; Schema: public; Owner: -
--

COPY public.product_variant_option (variant_id, option_value_id) FROM stdin;
variant_01JVSVCX65K1ZKGAP91W2MYPWK	optval_01JVSVCWYPR67ZWKSN98EBMJ6E
\.


--
-- Data for Name: product_variant_price_set; Type: TABLE DATA; Schema: public; Owner: -
--

COPY public.product_variant_price_set (variant_id, price_set_id, id, created_at, updated_at, deleted_at) FROM stdin;
variant_01JMPQ7WZYSFBW7E7MVS86Q5W5	pset_01JMPQ7X1JNS36VFNHCDZYFDJ5	pvps_01JMPQ7X5CTK3GYV1FJAEA11XV	2025-02-22 17:38:48.876168+06	2025-02-22 17:59:38.376+06	2025-02-22 17:59:38.375+06
variant_01JMPQ7WZZG9GPTWPDN82J8K7R	pset_01JMPQ7X1JPCJY8EXBVE0Q8J06	pvps_01JMPQ7X5DDH575RYQFXDZT6ZN	2025-02-22 17:38:48.876168+06	2025-02-22 17:59:38.376+06	2025-02-22 17:59:38.375+06
variant_01JMPQ7WZZYDMK8G4ESYCS3F9Q	pset_01JMPQ7X1JCR6XR82ARS5CT3NB	pvps_01JMPQ7X5D6E3EXFS53138N2K4	2025-02-22 17:38:48.876168+06	2025-02-22 17:59:38.376+06	2025-02-22 17:59:38.375+06
variant_01JMPQ7WZZ02433GHB0BMYR1YA	pset_01JMPQ7X1KM9CG8N6V2MEKQJR8	pvps_01JMPQ7X5D4R5YFNKFG25S92DD	2025-02-22 17:38:48.876168+06	2025-02-22 17:59:38.376+06	2025-02-22 17:59:38.375+06
variant_01JMPRHZ6QTKWXD782VDK3H1EZ	pset_01JMPRHZAKN1GYZNF0BRCM85KV	pvps_01JMPRHZE0FRG69JXT0Z5F2DGF	2025-02-22 18:01:47.456382+06	2025-03-09 16:29:14.309+06	2025-03-09 16:29:14.308+06
variant_01JMPRHZ6RPMA07T72K1CTBGJG	pset_01JMPRHZAKAYP9RD6HBXG5QWM9	pvps_01JMPRHZE1HT4ADS4VJ5E1GQ9Y	2025-02-22 18:01:47.456382+06	2025-03-09 16:29:14.309+06	2025-03-09 16:29:14.308+06
variant_01JMPRHZ6R0VM9D7MWP2SB6P0V	pset_01JMPRHZAMS67GMRA4ZBFJKH1F	pvps_01JMPRHZE13D8DD46WHZQ5M7ZH	2025-02-22 18:01:47.456382+06	2025-03-09 16:29:14.309+06	2025-03-09 16:29:14.308+06
variant_01JMPRHZ6R313R7S3WZ2KF87E4	pset_01JMPRHZAM642RKW49A69A2YNR	pvps_01JMPRHZE1AMC24WN7PAG8AJ5T	2025-02-22 18:01:47.456382+06	2025-03-09 16:29:14.309+06	2025-03-09 16:29:14.308+06
variant_01JMZ3APMSFAGJPFXH5EY9Q32D	pset_01JMZ3APR0B5FYJ7CTCBZCR81Y	pvps_01JMZ3APWRK7HN02F33XGF8Q83	2025-02-25 23:43:59.125511+06	2025-03-09 16:29:17.227+06	2025-03-09 16:29:17.226+06
variant_01JMZ3APMTZ5JPRKSFR681D7ZW	pset_01JMZ3APR10EA1MX5RZ53AG0QY	pvps_01JMZ3APWTYWJBSPQVHFBHZFJA	2025-02-25 23:43:59.125511+06	2025-03-09 16:29:17.227+06	2025-03-09 16:29:17.226+06
variant_01JNX7PY97WBEPBQRHWRTPV0Q1	pset_01JNX7PYBNGH6T046VNVKSNDA9	pvps_01JNX7PYCNGQ5YK6V42XSD1064	2025-03-09 16:37:47.28505+06	2025-03-10 00:55:04.525+06	2025-03-10 00:55:04.523+06
variant_01JNY3YZHXQPTTQN931CJ0MQEG	pset_01JNY3YZM35SJSRE9D515HFS0G	pvps_01JNY3YZMVRWTQ7NQRKKXW84WF	2025-03-10 00:51:30.843019+06	2025-03-10 00:55:07.751+06	2025-03-10 00:55:07.751+06
variant_01JM74X8TZN6KETF38G146AP2W	pset_01JM74X8ZG8GK84GQ63EJC474X	pvps_01JM74X90V9C6MXJAQ1X6WB6CS	2025-02-16 16:29:49.723242+06	2025-03-10 01:09:51.214+06	2025-03-10 01:09:51.213+06
variant_01JM74X8V0BRAWHX3VCC7MADNH	pset_01JM74X8ZH9WM5WN6E27DTAHA3	pvps_01JM74X90W0DS5K8TV18QCDKMM	2025-02-16 16:29:49.723242+06	2025-03-10 01:09:53.946+06	2025-03-10 01:09:53.945+06
variant_01JM74X8V02QY0K09JMJ9HQST7	pset_01JM74X8ZH3EKFD8GV2F5Z3A30	pvps_01JM74X90W3QM55733A27REPH7	2025-02-16 16:29:49.723242+06	2025-03-10 01:09:57.076+06	2025-03-10 01:09:57.076+06
variant_01JM74X8V03ND4Y9GH4FZYN7AT	pset_01JM74X8ZHVW9BJPPXMSAE2TGR	pvps_01JM74X90W7ZSXR0MRAREHA1B3	2025-02-16 16:29:49.723242+06	2025-03-10 01:10:42.114+06	2025-03-10 01:10:42.114+06
variant_01JM74X8V0MGJT48QF9TNJDX25	pset_01JM74X8ZHCHB2CE8WV6156RWP	pvps_01JM74X90W3H4ZPCWFQJYYX2P7	2025-02-16 16:29:49.723242+06	2025-03-10 01:10:45.227+06	2025-03-10 01:10:45.226+06
variant_01JM74X8V0XBNQR3DXCV7JJDHH	pset_01JM74X8ZJ4XPSFDG1FM4ZTM0X	pvps_01JM74X90W1871D1Y35EBXJ2C4	2025-02-16 16:29:49.723242+06	2025-03-10 01:10:48.019+06	2025-03-10 01:10:48.019+06
variant_01JM74X8V1FM7N1DHEGKHXGF23	pset_01JM74X8ZJQZ4785ZXF31K19TZ	pvps_01JM74X90WCNCQN0RVVVZTV0VQ	2025-02-16 16:29:49.723242+06	2025-03-10 01:10:50.801+06	2025-03-10 01:10:50.801+06
variant_01JM74X8V18NRV2BYW5Z1N4GNY	pset_01JM74X8ZJXVRP5ST5JX4PJCHP	pvps_01JM74X90WGAS364TJ8CJBY0Y1	2025-02-16 16:29:49.723242+06	2025-03-10 01:13:28.282+06	2025-03-10 01:13:28.281+06
variant_01JNY4AY6ET9S6J98WF2DSSWR6	pset_01JNY4AY7ZGDKY6BFFPFP0AJ2K	pvps_01JNY4AYA0YHMF4FG7ZWZQ0H33	2025-03-10 00:58:02.687023+06	2025-03-10 01:17:22.876+06	2025-03-10 01:17:22.876+06
variant_01JNY5915ZJ9TN9MQ8Y3D7KESW	pset_01JNY5918A7CPH1GPG8J9TGR24	pvps_01JNY59190W2ZSFFS9EST6B09T	2025-03-10 01:14:28.76804+06	2025-03-10 01:17:22.876+06	2025-03-10 01:17:22.876+06
variant_01JM74X8V1ZE3Q8ZKQTDVXTP02	pset_01JM74X8ZK7NRTTX3ZGYD3NZ08	pvps_01JM74X90WKYQPR5QHEV64C4JS	2025-02-16 16:29:49.723242+06	2025-03-25 17:40:01.885+06	2025-03-25 17:40:01.883+06
variant_01JM74X8V1HMZ5XSM361FSQEDJ	pset_01JM74X8ZKW69CEGN83A57DWYC	pvps_01JM74X90WE4FEYYKFHWBWNH0B	2025-02-16 16:29:49.723242+06	2025-03-25 17:40:01.885+06	2025-03-25 17:40:01.883+06
variant_01JM74X8V1GQD4BDJA51CBK0BX	pset_01JM74X8ZK6FB7YG1Q28EB413H	pvps_01JM74X90WEQYYHDC3BMG2JXS7	2025-02-16 16:29:49.723242+06	2025-03-25 17:40:01.885+06	2025-03-25 17:40:01.883+06
variant_01JM74X8V1DQ32B5MB7C6FTMFH	pset_01JM74X8ZM4T6W9CTS8AF039H0	pvps_01JM74X90XPJNRQGAS1ZQSB23V	2025-02-16 16:29:49.723242+06	2025-03-25 17:40:01.885+06	2025-03-25 17:40:01.883+06
variant_01JM74X8V23QYSTNVT0MRE5S9K	pset_01JM74X8ZMC5FZK28QG6TZKC95	pvps_01JM74X90XY5Z46CEQG8KEJMVW	2025-02-16 16:29:49.723242+06	2025-03-25 17:40:06.513+06	2025-03-25 17:40:06.512+06
variant_01JM74X8V2E7VX7N5Z798ZRX82	pset_01JM74X8ZMT2DKTGQMCG8SK9HR	pvps_01JM74X90XHN8QWEV64XZ5NDCX	2025-02-16 16:29:49.723242+06	2025-03-25 17:40:06.513+06	2025-03-25 17:40:06.512+06
variant_01JM74X8V2ABZYSM6X0X4EXEAA	pset_01JM74X8ZNN4Q5AW5QGRBF199D	pvps_01JM74X90X0Y8GMCC9WQ9TMRDA	2025-02-16 16:29:49.723242+06	2025-03-25 17:40:06.513+06	2025-03-25 17:40:06.512+06
variant_01JM74X8V241AFR0HEJZQ7PC8C	pset_01JM74X8ZN1DKS36X5H4SDSJV4	pvps_01JM74X90XV41TR0XYK0FQXEVT	2025-02-16 16:29:49.723242+06	2025-03-25 17:40:06.513+06	2025-03-25 17:40:06.512+06
variant_01JM74X8V25ED06ENNFKX48844	pset_01JM74X8ZNVJ39KR3ETCVD9263	pvps_01JM74X90XEEFZA2QPB782Y8CZ	2025-02-16 16:29:49.723242+06	2025-05-14 20:47:44.591+06	2025-05-14 20:47:44.59+06
variant_01JM74X8V2PYJ08Q78K881H9YY	pset_01JM74X8ZN7X2Q7B3ZJANP04NE	pvps_01JM74X90XHGVA5Z0FS10THQEE	2025-02-16 16:29:49.723242+06	2025-05-14 20:47:44.591+06	2025-05-14 20:47:44.59+06
variant_01JM74X8V2EY91RPR003R6B449	pset_01JM74X8ZPAWQ7M2ND5K4KTVSD	pvps_01JM74X90XYT6AXWYQM8Z4CNNE	2025-02-16 16:29:49.723242+06	2025-05-14 20:47:44.591+06	2025-05-14 20:47:44.59+06
variant_01JM74X8V2QA637E9FA60NBVGK	pset_01JM74X8ZPHHJG2Y7PGSYRS87C	pvps_01JM74X90XHGZYEA1BSN39YXZ4	2025-02-16 16:29:49.723242+06	2025-05-14 20:47:44.592+06	2025-05-14 20:47:44.59+06
variant_01JNY5E35JDMNVQ8X1DPG93H72	pset_01JNY5E372TBH18KQR4DFMG678	pvps_01JNY5E38PE9AMWX5PVWB4QAAN	2025-03-10 01:17:14.645439+06	2025-05-14 20:52:46.276+06	2025-05-14 20:52:46.276+06
variant_01JNY5E35KZF2NM3AAS3HE2NK8	pset_01JNY5E3723Z6WEBC51E6YGAE5	pvps_01JNY5E38PX8VS25FC9BPWEZTS	2025-03-10 01:17:14.645439+06	2025-05-14 20:52:46.276+06	2025-05-14 20:52:46.276+06
variant_01JNY5E35MNADZMWQKW5HE2TJD	pset_01JNY5E373F5ZVE4TH7JTZ22SN	pvps_01JNY5E38PJM1MX1GJDMNA4J3M	2025-03-10 01:17:14.645439+06	2025-05-14 20:52:46.276+06	2025-05-14 20:52:46.276+06
variant_01JNY5E35MC00804KQJEPY5V7C	pset_01JNY5E373CYX2T456WBTBAN00	pvps_01JNY5E38PBJM20BRMH7YED02M	2025-03-10 01:17:14.645439+06	2025-05-14 20:52:46.276+06	2025-05-14 20:52:46.276+06
variant_01JV7MR3SBRDKTXNF7J0KDHWTM	pset_01JV7MR3V9HJPSSQS5SM95K8EX	pvps_01JV7MR3WBQ5J8RC87KK4FW1V9	2025-05-14 20:56:30.602862+06	2025-05-14 20:56:42.746+06	2025-05-14 20:56:42.745+06
variant_01JV7N31W7VMFRMBMHZ9NQD2BK	pset_01JV7N31XPJ2TDDVCGBKJVEJW2	pvps_01JV7N31YHSHTSYHMF8P6X3R2W	2025-05-14 21:02:29.073102+06	2025-05-14 21:02:47.26+06	2025-05-14 21:02:47.26+06
variant_01JV7NGZFBSGA71ME1RZB5E3EQ	pset_01JV7NGZHYQX0CG77V6ZF9KPEQ	pvps_01JV7NGZJMCSNPVPDA3BP0S3S2	2025-05-14 21:10:05.395952+06	2025-05-14 21:10:24.095+06	2025-05-14 21:10:24.094+06
variant_01JV7NPJ09B42384852PTT6FQW	pset_01JV7NPJ1PH157D94GRD7K7PR2	pvps_01JV7NPJ29Y2XE92Z8A6568H54	2025-05-14 21:13:08.168941+06	2025-05-14 21:13:12.605+06	2025-05-14 21:13:12.605+06
variant_01JV7NRNQ4Z67V842SHGFZ9HRP	pset_01JV7NRNRFS4YVG7QPDF7QFMQW	pvps_01JV7NRNS30C9CSXEWG9CQGNF4	2025-05-14 21:14:17.507453+06	2025-05-14 21:14:20.811+06	2025-05-14 21:14:20.81+06
variant_01JV7QWDYZM7VV5KJTCKD0X12T	pset_01JV7QWE0G9ZZ4XQBZ63T7R8JC	pvps_01JV7QWE141FS7SMEY83MERMMV	2025-05-14 21:51:17.795547+06	2025-05-14 21:51:17.795547+06	\N
variant_01JV7R2D1DY7ES4BFG1HTKGB7Y	pset_01JV7R2D2N01635WWR88C2V4TY	pvps_01JV7R2D32DACN97AHC36QFX61	2025-05-14 21:54:33.440979+06	2025-05-14 21:54:33.440979+06	\N
variant_01JV7RE2ZZ2RM6B955RY39C0HG	pset_01JV7RE31CFFW1JV6ARJS8X6BA	pvps_01JV7RE31V433RRK2WQ0XQN7W4	2025-05-14 22:00:56.379012+06	2025-05-14 22:00:56.379012+06	\N
variant_01JV7RP40X2RSXNJ7VAY44MMRD	pset_01JV7RP42V4K23WG3WQM50B56F	pvps_01JV7RP455MPNJWY1XBR1KHTEE	2025-05-14 22:05:19.652775+06	2025-05-14 22:10:40.432+06	2025-05-14 22:10:40.431+06
variant_01JV7S4SY2PWJNSFEXAJ68RX18	pset_01JV7S4SZNXFKF0ZQJCVKCFD1V	pvps_01JV7S4T0C2PXS1Z823WZXA4PG	2025-05-14 22:13:20.779887+06	2025-05-14 22:13:26.89+06	2025-05-14 22:13:26.89+06
variant_01JV7S8DYNSCSQ5WSH4V23JP5K	pset_01JV7S8E01ZBQ7Z6Q2DGZMHKF6	pvps_01JV7S8E0P159XASGC3SA44XBV	2025-05-14 22:15:19.574254+06	2025-05-14 22:15:23.626+06	2025-05-14 22:15:23.626+06
variant_01JV7SW1JHAQ71ME4069KS2N62	pset_01JV7SW1NADGNESYJ41579NE05	pvps_01JV7SW1PGKAVBF4J86GNYXGZV	2025-05-14 22:26:02.319755+06	2025-05-14 22:26:05.483+06	2025-05-14 22:26:05.483+06
variant_01JV7T2TMM4E4276SEH3MVHR3G	pset_01JV7T2TP6B7V0WDKWE2EAVAJM	pvps_01JV7T2TPVXFH7JKZ9CYCPNGKV	2025-05-14 22:29:44.539382+06	2025-05-14 22:29:47.491+06	2025-05-14 22:29:47.49+06
variant_01JV858ZVBMGKNNRBHCM8YYVX7	pset_01JV858ZWKJ2GTYR6F9NWDX9G4	pvps_01JV85901JAJ4JP0D3FMYBJWNT	2025-05-15 01:45:20.946334+06	2025-05-17 00:20:05.344+06	2025-05-17 00:20:05.342+06
variant_01JVAZ3MM39V3471XRVSPT41AE	pset_01JVAZ3MN7XA0PF8WN7W8584AM	pvps_01JVAZ3MNQGW2077VEQR7YSVCB	2025-05-16 03:55:17.302743+06	2025-05-17 00:20:08.01+06	2025-05-17 00:20:08.01+06
variant_01JVD5QVJE70DKCZ1KV860HGNS	pset_01JVD5QVVJZP3VXX3MJKV7ZFK8	pvps_01JVD5QW14WBW8VDXT8Z9RM0H5	2025-05-17 00:29:40.514328+06	2025-05-19 20:29:49.215+06	2025-05-19 20:29:49.214+06
variant_01JVD5YPNSFG3ZXFCNFBXMGA4N	pset_01JVD5YPPQR4MHR9W5E6DXKR3S	pvps_01JVD5YPQ6G07JHGGH5P1DFDY5	2025-05-17 00:33:24.45405+06	2025-05-19 20:29:52.053+06	2025-05-19 20:29:52.053+06
variant_01JVMP92GNW6YH3EQVEXP3ZAA5	pset_01JVMP92J50TY0WX78QFYF6431	pvps_01JVMP92JMH95K9P8HX31TTPP3	2025-05-19 22:33:22.516237+06	2025-05-19 22:33:43.395+06	2025-05-19 22:33:43.395+06
variant_01JVSVCX65K1ZKGAP91W2MYPWK	pset_01JVSVCX9J89ZB9PTZZF1VE5BR	pvps_01JVSVCXF11V43NYZJYRAEPPB3	2025-05-21 22:39:03.3926+06	2025-05-21 22:39:03.3926+06	\N
\.


--
-- Data for Name: promotion; Type: TABLE DATA; Schema: public; Owner: -
--

COPY public.promotion (id, code, campaign_id, is_automatic, type, created_at, updated_at, deleted_at, status) FROM stdin;
\.


--
-- Data for Name: promotion_application_method; Type: TABLE DATA; Schema: public; Owner: -
--

COPY public.promotion_application_method (id, value, raw_value, max_quantity, apply_to_quantity, buy_rules_min_quantity, type, target_type, allocation, promotion_id, created_at, updated_at, deleted_at, currency_code) FROM stdin;
\.


--
-- Data for Name: promotion_campaign; Type: TABLE DATA; Schema: public; Owner: -
--

COPY public.promotion_campaign (id, name, description, campaign_identifier, starts_at, ends_at, created_at, updated_at, deleted_at) FROM stdin;
\.


--
-- Data for Name: promotion_campaign_budget; Type: TABLE DATA; Schema: public; Owner: -
--

COPY public.promotion_campaign_budget (id, type, campaign_id, "limit", raw_limit, used, raw_used, created_at, updated_at, deleted_at, currency_code) FROM stdin;
\.


--
-- Data for Name: promotion_promotion_rule; Type: TABLE DATA; Schema: public; Owner: -
--

COPY public.promotion_promotion_rule (promotion_id, promotion_rule_id) FROM stdin;
\.


--
-- Data for Name: promotion_rule; Type: TABLE DATA; Schema: public; Owner: -
--

COPY public.promotion_rule (id, description, attribute, operator, created_at, updated_at, deleted_at) FROM stdin;
\.


--
-- Data for Name: promotion_rule_value; Type: TABLE DATA; Schema: public; Owner: -
--

COPY public.promotion_rule_value (id, promotion_rule_id, value, created_at, updated_at, deleted_at) FROM stdin;
\.


--
-- Data for Name: provider_identity; Type: TABLE DATA; Schema: public; Owner: -
--

COPY public.provider_identity (id, entity_id, provider, auth_identity_id, user_metadata, provider_metadata, created_at, updated_at, deleted_at) FROM stdin;
01JWBVFPZ13JR7P3XH5RYC85SW	kmosabbir@gmail.com	emailpass	authid_01JWBVFPZ25E59TRHNHQM68CZR	\N	{"password": "c2NyeXB0AA8AAAAIAAAAAQpqqtc3LX+Ba9rIolNnuLqB4VzduKxPMYCs2U4kLcJXQwhcIW5ovwYm+NfQgwi1kA+6ZJvnw0bsRPb1X8C251OSS5St79W8KDJ8U8MnFzkP"}	2025-05-28 22:26:54.818+06	2025-05-28 22:26:54.818+06	\N
01JWBW38YRB55K66BMW6QZQB4A	mosabbir.fwd@gmail.com	emailpass	authid_01JWBW38YRTB6ZKT1NCPHQ2HKX	\N	{"password": "c2NyeXB0AA8AAAAIAAAAAdGaM5heSj9WJCrx5/TIse0IjlabMcUqx5gOuYlGA5Haaoq0fuzVaaMv4EAFcHPes4NvN3otTRu44A7sWr7XJl563Sum9OgKlTa9DWlKrOIU"}	2025-05-28 22:37:35.833+06	2025-05-28 22:37:35.833+06	\N
\.


--
-- Data for Name: publishable_api_key_sales_channel; Type: TABLE DATA; Schema: public; Owner: -
--

COPY public.publishable_api_key_sales_channel (publishable_key_id, sales_channel_id, id, created_at, updated_at, deleted_at) FROM stdin;
apk_01JM74X7V0PB4SMATW70A7XA32	sc_01JM74X28JRVC097RK9V6GKE95	pksc_01JM74X86H14N0NX3PWPZEQ32P	2025-02-16 16:29:48.880571+06	2025-02-16 16:29:48.880571+06	\N
\.


--
-- Data for Name: refund; Type: TABLE DATA; Schema: public; Owner: -
--

COPY public.refund (id, amount, raw_amount, payment_id, created_at, updated_at, deleted_at, created_by, metadata, refund_reason_id, note) FROM stdin;
ref_01JQH7GZHM687CM5J1XC7B9B8J	1500	{"value": "1500", "precision": 20}	pay_01JQH7D5GDGV45PSXQM0VW1CCR	2025-03-29 21:15:02.324+06	2025-03-29 21:15:02.324+06	\N	user_01JM74YSND8H3N5XK89DEPJENG	\N	\N	
ref_01JQH7MT0VE5DJ6T875SNP8MSD	450	{"value": "450", "precision": 20}	pay_01JQH7D5GDGV45PSXQM0VW1CCR	2025-03-29 21:17:07.739+06	2025-03-29 21:17:07.739+06	\N	user_01JM74YSND8H3N5XK89DEPJENG	\N	\N	
ref_01JQH7MZD7VG0ZK0K5E2X74P71	450	{"value": "450", "precision": 20}	pay_01JQH7D5GDGV45PSXQM0VW1CCR	2025-03-29 21:17:13.256+06	2025-03-29 21:17:13.256+06	\N	user_01JM74YSND8H3N5XK89DEPJENG	\N	\N	
\.


--
-- Data for Name: refund_reason; Type: TABLE DATA; Schema: public; Owner: -
--

COPY public.refund_reason (id, label, description, metadata, created_at, updated_at, deleted_at) FROM stdin;
\.


--
-- Data for Name: region; Type: TABLE DATA; Schema: public; Owner: -
--

COPY public.region (id, name, currency_code, metadata, created_at, updated_at, deleted_at, automatic_taxes) FROM stdin;
reg_01JM74X6KKWRA6RFHP1S3PHMCF	Europe	eur	\N	2025-02-16 16:29:47.257+06	2025-03-09 16:49:29.136+06	2025-03-09 16:49:29.134+06	t
reg_01JNX8FYXTTQNQR08WNDTE0Z9G	Bangladesh	bdt	\N	2025-03-09 16:51:27.039+06	2025-03-09 16:51:27.039+06	\N	t
\.


--
-- Data for Name: region_country; Type: TABLE DATA; Schema: public; Owner: -
--

COPY public.region_country (iso_2, iso_3, num_code, name, display_name, region_id, metadata, created_at, updated_at, deleted_at) FROM stdin;
af	afg	004	AFGHANISTAN	Afghanistan	\N	\N	2025-02-16 16:29:36.413+06	2025-02-16 16:29:36.413+06	\N
al	alb	008	ALBANIA	Albania	\N	\N	2025-02-16 16:29:36.414+06	2025-02-16 16:29:36.414+06	\N
dz	dza	012	ALGERIA	Algeria	\N	\N	2025-02-16 16:29:36.414+06	2025-02-16 16:29:36.414+06	\N
as	asm	016	AMERICAN SAMOA	American Samoa	\N	\N	2025-02-16 16:29:36.414+06	2025-02-16 16:29:36.414+06	\N
ad	and	020	ANDORRA	Andorra	\N	\N	2025-02-16 16:29:36.414+06	2025-02-16 16:29:36.414+06	\N
ao	ago	024	ANGOLA	Angola	\N	\N	2025-02-16 16:29:36.414+06	2025-02-16 16:29:36.414+06	\N
ai	aia	660	ANGUILLA	Anguilla	\N	\N	2025-02-16 16:29:36.414+06	2025-02-16 16:29:36.414+06	\N
aq	ata	010	ANTARCTICA	Antarctica	\N	\N	2025-02-16 16:29:36.414+06	2025-02-16 16:29:36.414+06	\N
ag	atg	028	ANTIGUA AND BARBUDA	Antigua and Barbuda	\N	\N	2025-02-16 16:29:36.414+06	2025-02-16 16:29:36.414+06	\N
ar	arg	032	ARGENTINA	Argentina	\N	\N	2025-02-16 16:29:36.414+06	2025-02-16 16:29:36.414+06	\N
am	arm	051	ARMENIA	Armenia	\N	\N	2025-02-16 16:29:36.414+06	2025-02-16 16:29:36.414+06	\N
aw	abw	533	ARUBA	Aruba	\N	\N	2025-02-16 16:29:36.414+06	2025-02-16 16:29:36.414+06	\N
au	aus	036	AUSTRALIA	Australia	\N	\N	2025-02-16 16:29:36.414+06	2025-02-16 16:29:36.414+06	\N
at	aut	040	AUSTRIA	Austria	\N	\N	2025-02-16 16:29:36.415+06	2025-02-16 16:29:36.415+06	\N
az	aze	031	AZERBAIJAN	Azerbaijan	\N	\N	2025-02-16 16:29:36.415+06	2025-02-16 16:29:36.415+06	\N
bs	bhs	044	BAHAMAS	Bahamas	\N	\N	2025-02-16 16:29:36.415+06	2025-02-16 16:29:36.415+06	\N
bh	bhr	048	BAHRAIN	Bahrain	\N	\N	2025-02-16 16:29:36.415+06	2025-02-16 16:29:36.415+06	\N
bb	brb	052	BARBADOS	Barbados	\N	\N	2025-02-16 16:29:36.415+06	2025-02-16 16:29:36.415+06	\N
by	blr	112	BELARUS	Belarus	\N	\N	2025-02-16 16:29:36.415+06	2025-02-16 16:29:36.415+06	\N
be	bel	056	BELGIUM	Belgium	\N	\N	2025-02-16 16:29:36.415+06	2025-02-16 16:29:36.415+06	\N
bz	blz	084	BELIZE	Belize	\N	\N	2025-02-16 16:29:36.415+06	2025-02-16 16:29:36.415+06	\N
bj	ben	204	BENIN	Benin	\N	\N	2025-02-16 16:29:36.415+06	2025-02-16 16:29:36.415+06	\N
bm	bmu	060	BERMUDA	Bermuda	\N	\N	2025-02-16 16:29:36.415+06	2025-02-16 16:29:36.415+06	\N
bt	btn	064	BHUTAN	Bhutan	\N	\N	2025-02-16 16:29:36.415+06	2025-02-16 16:29:36.415+06	\N
bo	bol	068	BOLIVIA	Bolivia	\N	\N	2025-02-16 16:29:36.415+06	2025-02-16 16:29:36.415+06	\N
bq	bes	535	BONAIRE, SINT EUSTATIUS AND SABA	Bonaire, Sint Eustatius and Saba	\N	\N	2025-02-16 16:29:36.415+06	2025-02-16 16:29:36.415+06	\N
ba	bih	070	BOSNIA AND HERZEGOVINA	Bosnia and Herzegovina	\N	\N	2025-02-16 16:29:36.415+06	2025-02-16 16:29:36.415+06	\N
bw	bwa	072	BOTSWANA	Botswana	\N	\N	2025-02-16 16:29:36.415+06	2025-02-16 16:29:36.415+06	\N
bv	bvd	074	BOUVET ISLAND	Bouvet Island	\N	\N	2025-02-16 16:29:36.415+06	2025-02-16 16:29:36.415+06	\N
br	bra	076	BRAZIL	Brazil	\N	\N	2025-02-16 16:29:36.415+06	2025-02-16 16:29:36.415+06	\N
io	iot	086	BRITISH INDIAN OCEAN TERRITORY	British Indian Ocean Territory	\N	\N	2025-02-16 16:29:36.415+06	2025-02-16 16:29:36.415+06	\N
bn	brn	096	BRUNEI DARUSSALAM	Brunei Darussalam	\N	\N	2025-02-16 16:29:36.415+06	2025-02-16 16:29:36.415+06	\N
bg	bgr	100	BULGARIA	Bulgaria	\N	\N	2025-02-16 16:29:36.415+06	2025-02-16 16:29:36.415+06	\N
bf	bfa	854	BURKINA FASO	Burkina Faso	\N	\N	2025-02-16 16:29:36.415+06	2025-02-16 16:29:36.415+06	\N
bi	bdi	108	BURUNDI	Burundi	\N	\N	2025-02-16 16:29:36.415+06	2025-02-16 16:29:36.415+06	\N
kh	khm	116	CAMBODIA	Cambodia	\N	\N	2025-02-16 16:29:36.415+06	2025-02-16 16:29:36.415+06	\N
cm	cmr	120	CAMEROON	Cameroon	\N	\N	2025-02-16 16:29:36.415+06	2025-02-16 16:29:36.415+06	\N
ca	can	124	CANADA	Canada	\N	\N	2025-02-16 16:29:36.415+06	2025-02-16 16:29:36.415+06	\N
cv	cpv	132	CAPE VERDE	Cape Verde	\N	\N	2025-02-16 16:29:36.415+06	2025-02-16 16:29:36.415+06	\N
ky	cym	136	CAYMAN ISLANDS	Cayman Islands	\N	\N	2025-02-16 16:29:36.415+06	2025-02-16 16:29:36.415+06	\N
cf	caf	140	CENTRAL AFRICAN REPUBLIC	Central African Republic	\N	\N	2025-02-16 16:29:36.415+06	2025-02-16 16:29:36.415+06	\N
td	tcd	148	CHAD	Chad	\N	\N	2025-02-16 16:29:36.415+06	2025-02-16 16:29:36.415+06	\N
cl	chl	152	CHILE	Chile	\N	\N	2025-02-16 16:29:36.415+06	2025-02-16 16:29:36.415+06	\N
cn	chn	156	CHINA	China	\N	\N	2025-02-16 16:29:36.415+06	2025-02-16 16:29:36.415+06	\N
cx	cxr	162	CHRISTMAS ISLAND	Christmas Island	\N	\N	2025-02-16 16:29:36.415+06	2025-02-16 16:29:36.415+06	\N
cc	cck	166	COCOS (KEELING) ISLANDS	Cocos (Keeling) Islands	\N	\N	2025-02-16 16:29:36.415+06	2025-02-16 16:29:36.415+06	\N
co	col	170	COLOMBIA	Colombia	\N	\N	2025-02-16 16:29:36.415+06	2025-02-16 16:29:36.415+06	\N
km	com	174	COMOROS	Comoros	\N	\N	2025-02-16 16:29:36.415+06	2025-02-16 16:29:36.415+06	\N
cg	cog	178	CONGO	Congo	\N	\N	2025-02-16 16:29:36.415+06	2025-02-16 16:29:36.415+06	\N
cd	cod	180	CONGO, THE DEMOCRATIC REPUBLIC OF THE	Congo, the Democratic Republic of the	\N	\N	2025-02-16 16:29:36.415+06	2025-02-16 16:29:36.415+06	\N
ck	cok	184	COOK ISLANDS	Cook Islands	\N	\N	2025-02-16 16:29:36.415+06	2025-02-16 16:29:36.415+06	\N
cr	cri	188	COSTA RICA	Costa Rica	\N	\N	2025-02-16 16:29:36.415+06	2025-02-16 16:29:36.415+06	\N
ci	civ	384	COTE D'IVOIRE	Cote D'Ivoire	\N	\N	2025-02-16 16:29:36.415+06	2025-02-16 16:29:36.415+06	\N
hr	hrv	191	CROATIA	Croatia	\N	\N	2025-02-16 16:29:36.415+06	2025-02-16 16:29:36.415+06	\N
cu	cub	192	CUBA	Cuba	\N	\N	2025-02-16 16:29:36.415+06	2025-02-16 16:29:36.415+06	\N
cw	cuw	531	CURAAO	Curaao	\N	\N	2025-02-16 16:29:36.415+06	2025-02-16 16:29:36.415+06	\N
cy	cyp	196	CYPRUS	Cyprus	\N	\N	2025-02-16 16:29:36.415+06	2025-02-16 16:29:36.415+06	\N
cz	cze	203	CZECH REPUBLIC	Czech Republic	\N	\N	2025-02-16 16:29:36.415+06	2025-02-16 16:29:36.415+06	\N
dj	dji	262	DJIBOUTI	Djibouti	\N	\N	2025-02-16 16:29:36.415+06	2025-02-16 16:29:36.415+06	\N
dm	dma	212	DOMINICA	Dominica	\N	\N	2025-02-16 16:29:36.415+06	2025-02-16 16:29:36.415+06	\N
do	dom	214	DOMINICAN REPUBLIC	Dominican Republic	\N	\N	2025-02-16 16:29:36.415+06	2025-02-16 16:29:36.415+06	\N
ec	ecu	218	ECUADOR	Ecuador	\N	\N	2025-02-16 16:29:36.415+06	2025-02-16 16:29:36.415+06	\N
eg	egy	818	EGYPT	Egypt	\N	\N	2025-02-16 16:29:36.415+06	2025-02-16 16:29:36.415+06	\N
sv	slv	222	EL SALVADOR	El Salvador	\N	\N	2025-02-16 16:29:36.415+06	2025-02-16 16:29:36.415+06	\N
gq	gnq	226	EQUATORIAL GUINEA	Equatorial Guinea	\N	\N	2025-02-16 16:29:36.415+06	2025-02-16 16:29:36.415+06	\N
er	eri	232	ERITREA	Eritrea	\N	\N	2025-02-16 16:29:36.415+06	2025-02-16 16:29:36.415+06	\N
ee	est	233	ESTONIA	Estonia	\N	\N	2025-02-16 16:29:36.415+06	2025-02-16 16:29:36.415+06	\N
et	eth	231	ETHIOPIA	Ethiopia	\N	\N	2025-02-16 16:29:36.415+06	2025-02-16 16:29:36.415+06	\N
fk	flk	238	FALKLAND ISLANDS (MALVINAS)	Falkland Islands (Malvinas)	\N	\N	2025-02-16 16:29:36.415+06	2025-02-16 16:29:36.415+06	\N
fo	fro	234	FAROE ISLANDS	Faroe Islands	\N	\N	2025-02-16 16:29:36.415+06	2025-02-16 16:29:36.415+06	\N
fj	fji	242	FIJI	Fiji	\N	\N	2025-02-16 16:29:36.415+06	2025-02-16 16:29:36.415+06	\N
fi	fin	246	FINLAND	Finland	\N	\N	2025-02-16 16:29:36.415+06	2025-02-16 16:29:36.415+06	\N
gf	guf	254	FRENCH GUIANA	French Guiana	\N	\N	2025-02-16 16:29:36.415+06	2025-02-16 16:29:36.415+06	\N
pf	pyf	258	FRENCH POLYNESIA	French Polynesia	\N	\N	2025-02-16 16:29:36.415+06	2025-02-16 16:29:36.415+06	\N
tf	atf	260	FRENCH SOUTHERN TERRITORIES	French Southern Territories	\N	\N	2025-02-16 16:29:36.415+06	2025-02-16 16:29:36.415+06	\N
ga	gab	266	GABON	Gabon	\N	\N	2025-02-16 16:29:36.415+06	2025-02-16 16:29:36.415+06	\N
gm	gmb	270	GAMBIA	Gambia	\N	\N	2025-02-16 16:29:36.415+06	2025-02-16 16:29:36.415+06	\N
ge	geo	268	GEORGIA	Georgia	\N	\N	2025-02-16 16:29:36.415+06	2025-02-16 16:29:36.415+06	\N
gh	gha	288	GHANA	Ghana	\N	\N	2025-02-16 16:29:36.415+06	2025-02-16 16:29:36.415+06	\N
gi	gib	292	GIBRALTAR	Gibraltar	\N	\N	2025-02-16 16:29:36.415+06	2025-02-16 16:29:36.415+06	\N
gr	grc	300	GREECE	Greece	\N	\N	2025-02-16 16:29:36.415+06	2025-02-16 16:29:36.415+06	\N
gl	grl	304	GREENLAND	Greenland	\N	\N	2025-02-16 16:29:36.415+06	2025-02-16 16:29:36.415+06	\N
gd	grd	308	GRENADA	Grenada	\N	\N	2025-02-16 16:29:36.415+06	2025-02-16 16:29:36.415+06	\N
gp	glp	312	GUADELOUPE	Guadeloupe	\N	\N	2025-02-16 16:29:36.415+06	2025-02-16 16:29:36.415+06	\N
gu	gum	316	GUAM	Guam	\N	\N	2025-02-16 16:29:36.415+06	2025-02-16 16:29:36.415+06	\N
gt	gtm	320	GUATEMALA	Guatemala	\N	\N	2025-02-16 16:29:36.415+06	2025-02-16 16:29:36.415+06	\N
gg	ggy	831	GUERNSEY	Guernsey	\N	\N	2025-02-16 16:29:36.415+06	2025-02-16 16:29:36.415+06	\N
bd	bgd	050	BANGLADESH	Bangladesh	reg_01JNX8FYXTTQNQR08WNDTE0Z9G	\N	2025-02-16 16:29:36.415+06	2025-03-09 16:51:27.039+06	\N
gn	gin	324	GUINEA	Guinea	\N	\N	2025-02-16 16:29:36.415+06	2025-02-16 16:29:36.415+06	\N
gw	gnb	624	GUINEA-BISSAU	Guinea-Bissau	\N	\N	2025-02-16 16:29:36.415+06	2025-02-16 16:29:36.415+06	\N
gy	guy	328	GUYANA	Guyana	\N	\N	2025-02-16 16:29:36.415+06	2025-02-16 16:29:36.415+06	\N
ht	hti	332	HAITI	Haiti	\N	\N	2025-02-16 16:29:36.415+06	2025-02-16 16:29:36.415+06	\N
hm	hmd	334	HEARD ISLAND AND MCDONALD ISLANDS	Heard Island And Mcdonald Islands	\N	\N	2025-02-16 16:29:36.415+06	2025-02-16 16:29:36.415+06	\N
va	vat	336	HOLY SEE (VATICAN CITY STATE)	Holy See (Vatican City State)	\N	\N	2025-02-16 16:29:36.415+06	2025-02-16 16:29:36.415+06	\N
hn	hnd	340	HONDURAS	Honduras	\N	\N	2025-02-16 16:29:36.415+06	2025-02-16 16:29:36.415+06	\N
hk	hkg	344	HONG KONG	Hong Kong	\N	\N	2025-02-16 16:29:36.415+06	2025-02-16 16:29:36.415+06	\N
hu	hun	348	HUNGARY	Hungary	\N	\N	2025-02-16 16:29:36.415+06	2025-02-16 16:29:36.415+06	\N
is	isl	352	ICELAND	Iceland	\N	\N	2025-02-16 16:29:36.415+06	2025-02-16 16:29:36.415+06	\N
in	ind	356	INDIA	India	\N	\N	2025-02-16 16:29:36.415+06	2025-02-16 16:29:36.415+06	\N
id	idn	360	INDONESIA	Indonesia	\N	\N	2025-02-16 16:29:36.415+06	2025-02-16 16:29:36.415+06	\N
ir	irn	364	IRAN, ISLAMIC REPUBLIC OF	Iran, Islamic Republic of	\N	\N	2025-02-16 16:29:36.415+06	2025-02-16 16:29:36.415+06	\N
iq	irq	368	IRAQ	Iraq	\N	\N	2025-02-16 16:29:36.415+06	2025-02-16 16:29:36.415+06	\N
ie	irl	372	IRELAND	Ireland	\N	\N	2025-02-16 16:29:36.415+06	2025-02-16 16:29:36.415+06	\N
im	imn	833	ISLE OF MAN	Isle Of Man	\N	\N	2025-02-16 16:29:36.415+06	2025-02-16 16:29:36.415+06	\N
il	isr	376	ISRAEL	Israel	\N	\N	2025-02-16 16:29:36.415+06	2025-02-16 16:29:36.415+06	\N
jm	jam	388	JAMAICA	Jamaica	\N	\N	2025-02-16 16:29:36.415+06	2025-02-16 16:29:36.415+06	\N
jp	jpn	392	JAPAN	Japan	\N	\N	2025-02-16 16:29:36.415+06	2025-02-16 16:29:36.415+06	\N
je	jey	832	JERSEY	Jersey	\N	\N	2025-02-16 16:29:36.415+06	2025-02-16 16:29:36.415+06	\N
jo	jor	400	JORDAN	Jordan	\N	\N	2025-02-16 16:29:36.415+06	2025-02-16 16:29:36.415+06	\N
kz	kaz	398	KAZAKHSTAN	Kazakhstan	\N	\N	2025-02-16 16:29:36.415+06	2025-02-16 16:29:36.415+06	\N
ke	ken	404	KENYA	Kenya	\N	\N	2025-02-16 16:29:36.415+06	2025-02-16 16:29:36.415+06	\N
ki	kir	296	KIRIBATI	Kiribati	\N	\N	2025-02-16 16:29:36.415+06	2025-02-16 16:29:36.415+06	\N
kp	prk	408	KOREA, DEMOCRATIC PEOPLE'S REPUBLIC OF	Korea, Democratic People's Republic of	\N	\N	2025-02-16 16:29:36.415+06	2025-02-16 16:29:36.415+06	\N
kr	kor	410	KOREA, REPUBLIC OF	Korea, Republic of	\N	\N	2025-02-16 16:29:36.415+06	2025-02-16 16:29:36.415+06	\N
xk	xkx	900	KOSOVO	Kosovo	\N	\N	2025-02-16 16:29:36.416+06	2025-02-16 16:29:36.416+06	\N
kw	kwt	414	KUWAIT	Kuwait	\N	\N	2025-02-16 16:29:36.416+06	2025-02-16 16:29:36.416+06	\N
kg	kgz	417	KYRGYZSTAN	Kyrgyzstan	\N	\N	2025-02-16 16:29:36.416+06	2025-02-16 16:29:36.416+06	\N
la	lao	418	LAO PEOPLE'S DEMOCRATIC REPUBLIC	Lao People's Democratic Republic	\N	\N	2025-02-16 16:29:36.416+06	2025-02-16 16:29:36.416+06	\N
lv	lva	428	LATVIA	Latvia	\N	\N	2025-02-16 16:29:36.416+06	2025-02-16 16:29:36.416+06	\N
lb	lbn	422	LEBANON	Lebanon	\N	\N	2025-02-16 16:29:36.416+06	2025-02-16 16:29:36.416+06	\N
ls	lso	426	LESOTHO	Lesotho	\N	\N	2025-02-16 16:29:36.416+06	2025-02-16 16:29:36.416+06	\N
lr	lbr	430	LIBERIA	Liberia	\N	\N	2025-02-16 16:29:36.416+06	2025-02-16 16:29:36.416+06	\N
ly	lby	434	LIBYA	Libya	\N	\N	2025-02-16 16:29:36.416+06	2025-02-16 16:29:36.416+06	\N
li	lie	438	LIECHTENSTEIN	Liechtenstein	\N	\N	2025-02-16 16:29:36.416+06	2025-02-16 16:29:36.416+06	\N
lt	ltu	440	LITHUANIA	Lithuania	\N	\N	2025-02-16 16:29:36.416+06	2025-02-16 16:29:36.416+06	\N
lu	lux	442	LUXEMBOURG	Luxembourg	\N	\N	2025-02-16 16:29:36.416+06	2025-02-16 16:29:36.416+06	\N
mo	mac	446	MACAO	Macao	\N	\N	2025-02-16 16:29:36.416+06	2025-02-16 16:29:36.416+06	\N
mk	mkd	807	MACEDONIA, THE FORMER YUGOSLAV REPUBLIC OF	Macedonia, the Former Yugoslav Republic of	\N	\N	2025-02-16 16:29:36.416+06	2025-02-16 16:29:36.416+06	\N
mg	mdg	450	MADAGASCAR	Madagascar	\N	\N	2025-02-16 16:29:36.416+06	2025-02-16 16:29:36.416+06	\N
mw	mwi	454	MALAWI	Malawi	\N	\N	2025-02-16 16:29:36.416+06	2025-02-16 16:29:36.416+06	\N
my	mys	458	MALAYSIA	Malaysia	\N	\N	2025-02-16 16:29:36.416+06	2025-02-16 16:29:36.416+06	\N
mv	mdv	462	MALDIVES	Maldives	\N	\N	2025-02-16 16:29:36.416+06	2025-02-16 16:29:36.416+06	\N
ml	mli	466	MALI	Mali	\N	\N	2025-02-16 16:29:36.416+06	2025-02-16 16:29:36.416+06	\N
mt	mlt	470	MALTA	Malta	\N	\N	2025-02-16 16:29:36.416+06	2025-02-16 16:29:36.416+06	\N
mh	mhl	584	MARSHALL ISLANDS	Marshall Islands	\N	\N	2025-02-16 16:29:36.416+06	2025-02-16 16:29:36.416+06	\N
mq	mtq	474	MARTINIQUE	Martinique	\N	\N	2025-02-16 16:29:36.416+06	2025-02-16 16:29:36.416+06	\N
mr	mrt	478	MAURITANIA	Mauritania	\N	\N	2025-02-16 16:29:36.416+06	2025-02-16 16:29:36.416+06	\N
mu	mus	480	MAURITIUS	Mauritius	\N	\N	2025-02-16 16:29:36.416+06	2025-02-16 16:29:36.416+06	\N
yt	myt	175	MAYOTTE	Mayotte	\N	\N	2025-02-16 16:29:36.416+06	2025-02-16 16:29:36.416+06	\N
mx	mex	484	MEXICO	Mexico	\N	\N	2025-02-16 16:29:36.416+06	2025-02-16 16:29:36.416+06	\N
fm	fsm	583	MICRONESIA, FEDERATED STATES OF	Micronesia, Federated States of	\N	\N	2025-02-16 16:29:36.416+06	2025-02-16 16:29:36.416+06	\N
md	mda	498	MOLDOVA, REPUBLIC OF	Moldova, Republic of	\N	\N	2025-02-16 16:29:36.416+06	2025-02-16 16:29:36.416+06	\N
mc	mco	492	MONACO	Monaco	\N	\N	2025-02-16 16:29:36.416+06	2025-02-16 16:29:36.416+06	\N
mn	mng	496	MONGOLIA	Mongolia	\N	\N	2025-02-16 16:29:36.416+06	2025-02-16 16:29:36.416+06	\N
me	mne	499	MONTENEGRO	Montenegro	\N	\N	2025-02-16 16:29:36.416+06	2025-02-16 16:29:36.416+06	\N
ms	msr	500	MONTSERRAT	Montserrat	\N	\N	2025-02-16 16:29:36.416+06	2025-02-16 16:29:36.416+06	\N
ma	mar	504	MOROCCO	Morocco	\N	\N	2025-02-16 16:29:36.416+06	2025-02-16 16:29:36.416+06	\N
mz	moz	508	MOZAMBIQUE	Mozambique	\N	\N	2025-02-16 16:29:36.416+06	2025-02-16 16:29:36.416+06	\N
mm	mmr	104	MYANMAR	Myanmar	\N	\N	2025-02-16 16:29:36.416+06	2025-02-16 16:29:36.416+06	\N
na	nam	516	NAMIBIA	Namibia	\N	\N	2025-02-16 16:29:36.416+06	2025-02-16 16:29:36.416+06	\N
nr	nru	520	NAURU	Nauru	\N	\N	2025-02-16 16:29:36.416+06	2025-02-16 16:29:36.416+06	\N
np	npl	524	NEPAL	Nepal	\N	\N	2025-02-16 16:29:36.416+06	2025-02-16 16:29:36.416+06	\N
nl	nld	528	NETHERLANDS	Netherlands	\N	\N	2025-02-16 16:29:36.416+06	2025-02-16 16:29:36.416+06	\N
nc	ncl	540	NEW CALEDONIA	New Caledonia	\N	\N	2025-02-16 16:29:36.416+06	2025-02-16 16:29:36.416+06	\N
nz	nzl	554	NEW ZEALAND	New Zealand	\N	\N	2025-02-16 16:29:36.416+06	2025-02-16 16:29:36.416+06	\N
ni	nic	558	NICARAGUA	Nicaragua	\N	\N	2025-02-16 16:29:36.416+06	2025-02-16 16:29:36.416+06	\N
ne	ner	562	NIGER	Niger	\N	\N	2025-02-16 16:29:36.416+06	2025-02-16 16:29:36.416+06	\N
ng	nga	566	NIGERIA	Nigeria	\N	\N	2025-02-16 16:29:36.416+06	2025-02-16 16:29:36.416+06	\N
nu	niu	570	NIUE	Niue	\N	\N	2025-02-16 16:29:36.416+06	2025-02-16 16:29:36.416+06	\N
nf	nfk	574	NORFOLK ISLAND	Norfolk Island	\N	\N	2025-02-16 16:29:36.416+06	2025-02-16 16:29:36.416+06	\N
mp	mnp	580	NORTHERN MARIANA ISLANDS	Northern Mariana Islands	\N	\N	2025-02-16 16:29:36.416+06	2025-02-16 16:29:36.416+06	\N
no	nor	578	NORWAY	Norway	\N	\N	2025-02-16 16:29:36.416+06	2025-02-16 16:29:36.416+06	\N
om	omn	512	OMAN	Oman	\N	\N	2025-02-16 16:29:36.416+06	2025-02-16 16:29:36.416+06	\N
pk	pak	586	PAKISTAN	Pakistan	\N	\N	2025-02-16 16:29:36.416+06	2025-02-16 16:29:36.416+06	\N
pw	plw	585	PALAU	Palau	\N	\N	2025-02-16 16:29:36.416+06	2025-02-16 16:29:36.416+06	\N
ps	pse	275	PALESTINIAN TERRITORY, OCCUPIED	Palestinian Territory, Occupied	\N	\N	2025-02-16 16:29:36.416+06	2025-02-16 16:29:36.416+06	\N
pa	pan	591	PANAMA	Panama	\N	\N	2025-02-16 16:29:36.416+06	2025-02-16 16:29:36.416+06	\N
pg	png	598	PAPUA NEW GUINEA	Papua New Guinea	\N	\N	2025-02-16 16:29:36.416+06	2025-02-16 16:29:36.416+06	\N
py	pry	600	PARAGUAY	Paraguay	\N	\N	2025-02-16 16:29:36.416+06	2025-02-16 16:29:36.416+06	\N
pe	per	604	PERU	Peru	\N	\N	2025-02-16 16:29:36.416+06	2025-02-16 16:29:36.416+06	\N
ph	phl	608	PHILIPPINES	Philippines	\N	\N	2025-02-16 16:29:36.416+06	2025-02-16 16:29:36.416+06	\N
pn	pcn	612	PITCAIRN	Pitcairn	\N	\N	2025-02-16 16:29:36.416+06	2025-02-16 16:29:36.416+06	\N
pl	pol	616	POLAND	Poland	\N	\N	2025-02-16 16:29:36.416+06	2025-02-16 16:29:36.416+06	\N
pt	prt	620	PORTUGAL	Portugal	\N	\N	2025-02-16 16:29:36.416+06	2025-02-16 16:29:36.416+06	\N
pr	pri	630	PUERTO RICO	Puerto Rico	\N	\N	2025-02-16 16:29:36.416+06	2025-02-16 16:29:36.416+06	\N
qa	qat	634	QATAR	Qatar	\N	\N	2025-02-16 16:29:36.416+06	2025-02-16 16:29:36.416+06	\N
re	reu	638	REUNION	Reunion	\N	\N	2025-02-16 16:29:36.416+06	2025-02-16 16:29:36.416+06	\N
ro	rom	642	ROMANIA	Romania	\N	\N	2025-02-16 16:29:36.416+06	2025-02-16 16:29:36.416+06	\N
ru	rus	643	RUSSIAN FEDERATION	Russian Federation	\N	\N	2025-02-16 16:29:36.416+06	2025-02-16 16:29:36.416+06	\N
rw	rwa	646	RWANDA	Rwanda	\N	\N	2025-02-16 16:29:36.416+06	2025-02-16 16:29:36.416+06	\N
bl	blm	652	SAINT BARTHLEMY	Saint Barthlemy	\N	\N	2025-02-16 16:29:36.416+06	2025-02-16 16:29:36.416+06	\N
sh	shn	654	SAINT HELENA	Saint Helena	\N	\N	2025-02-16 16:29:36.416+06	2025-02-16 16:29:36.416+06	\N
kn	kna	659	SAINT KITTS AND NEVIS	Saint Kitts and Nevis	\N	\N	2025-02-16 16:29:36.416+06	2025-02-16 16:29:36.416+06	\N
lc	lca	662	SAINT LUCIA	Saint Lucia	\N	\N	2025-02-16 16:29:36.416+06	2025-02-16 16:29:36.416+06	\N
mf	maf	663	SAINT MARTIN (FRENCH PART)	Saint Martin (French part)	\N	\N	2025-02-16 16:29:36.416+06	2025-02-16 16:29:36.416+06	\N
pm	spm	666	SAINT PIERRE AND MIQUELON	Saint Pierre and Miquelon	\N	\N	2025-02-16 16:29:36.416+06	2025-02-16 16:29:36.416+06	\N
vc	vct	670	SAINT VINCENT AND THE GRENADINES	Saint Vincent and the Grenadines	\N	\N	2025-02-16 16:29:36.416+06	2025-02-16 16:29:36.416+06	\N
ws	wsm	882	SAMOA	Samoa	\N	\N	2025-02-16 16:29:36.416+06	2025-02-16 16:29:36.416+06	\N
sm	smr	674	SAN MARINO	San Marino	\N	\N	2025-02-16 16:29:36.416+06	2025-02-16 16:29:36.416+06	\N
st	stp	678	SAO TOME AND PRINCIPE	Sao Tome and Principe	\N	\N	2025-02-16 16:29:36.416+06	2025-02-16 16:29:36.416+06	\N
sa	sau	682	SAUDI ARABIA	Saudi Arabia	\N	\N	2025-02-16 16:29:36.416+06	2025-02-16 16:29:36.416+06	\N
sn	sen	686	SENEGAL	Senegal	\N	\N	2025-02-16 16:29:36.416+06	2025-02-16 16:29:36.416+06	\N
rs	srb	688	SERBIA	Serbia	\N	\N	2025-02-16 16:29:36.416+06	2025-02-16 16:29:36.416+06	\N
sc	syc	690	SEYCHELLES	Seychelles	\N	\N	2025-02-16 16:29:36.416+06	2025-02-16 16:29:36.416+06	\N
sl	sle	694	SIERRA LEONE	Sierra Leone	\N	\N	2025-02-16 16:29:36.416+06	2025-02-16 16:29:36.416+06	\N
sg	sgp	702	SINGAPORE	Singapore	\N	\N	2025-02-16 16:29:36.416+06	2025-02-16 16:29:36.416+06	\N
sx	sxm	534	SINT MAARTEN	Sint Maarten	\N	\N	2025-02-16 16:29:36.416+06	2025-02-16 16:29:36.416+06	\N
sk	svk	703	SLOVAKIA	Slovakia	\N	\N	2025-02-16 16:29:36.416+06	2025-02-16 16:29:36.416+06	\N
si	svn	705	SLOVENIA	Slovenia	\N	\N	2025-02-16 16:29:36.416+06	2025-02-16 16:29:36.416+06	\N
sb	slb	090	SOLOMON ISLANDS	Solomon Islands	\N	\N	2025-02-16 16:29:36.416+06	2025-02-16 16:29:36.416+06	\N
so	som	706	SOMALIA	Somalia	\N	\N	2025-02-16 16:29:36.416+06	2025-02-16 16:29:36.416+06	\N
za	zaf	710	SOUTH AFRICA	South Africa	\N	\N	2025-02-16 16:29:36.416+06	2025-02-16 16:29:36.416+06	\N
gs	sgs	239	SOUTH GEORGIA AND THE SOUTH SANDWICH ISLANDS	South Georgia and the South Sandwich Islands	\N	\N	2025-02-16 16:29:36.416+06	2025-02-16 16:29:36.416+06	\N
ss	ssd	728	SOUTH SUDAN	South Sudan	\N	\N	2025-02-16 16:29:36.416+06	2025-02-16 16:29:36.416+06	\N
lk	lka	144	SRI LANKA	Sri Lanka	\N	\N	2025-02-16 16:29:36.416+06	2025-02-16 16:29:36.416+06	\N
sd	sdn	729	SUDAN	Sudan	\N	\N	2025-02-16 16:29:36.416+06	2025-02-16 16:29:36.416+06	\N
sr	sur	740	SURINAME	Suriname	\N	\N	2025-02-16 16:29:36.416+06	2025-02-16 16:29:36.416+06	\N
sj	sjm	744	SVALBARD AND JAN MAYEN	Svalbard and Jan Mayen	\N	\N	2025-02-16 16:29:36.416+06	2025-02-16 16:29:36.416+06	\N
sz	swz	748	SWAZILAND	Swaziland	\N	\N	2025-02-16 16:29:36.416+06	2025-02-16 16:29:36.416+06	\N
ch	che	756	SWITZERLAND	Switzerland	\N	\N	2025-02-16 16:29:36.416+06	2025-02-16 16:29:36.416+06	\N
sy	syr	760	SYRIAN ARAB REPUBLIC	Syrian Arab Republic	\N	\N	2025-02-16 16:29:36.416+06	2025-02-16 16:29:36.416+06	\N
tw	twn	158	TAIWAN, PROVINCE OF CHINA	Taiwan, Province of China	\N	\N	2025-02-16 16:29:36.416+06	2025-02-16 16:29:36.416+06	\N
tj	tjk	762	TAJIKISTAN	Tajikistan	\N	\N	2025-02-16 16:29:36.416+06	2025-02-16 16:29:36.416+06	\N
tz	tza	834	TANZANIA, UNITED REPUBLIC OF	Tanzania, United Republic of	\N	\N	2025-02-16 16:29:36.416+06	2025-02-16 16:29:36.416+06	\N
th	tha	764	THAILAND	Thailand	\N	\N	2025-02-16 16:29:36.416+06	2025-02-16 16:29:36.416+06	\N
tl	tls	626	TIMOR LESTE	Timor Leste	\N	\N	2025-02-16 16:29:36.416+06	2025-02-16 16:29:36.416+06	\N
tg	tgo	768	TOGO	Togo	\N	\N	2025-02-16 16:29:36.416+06	2025-02-16 16:29:36.416+06	\N
tk	tkl	772	TOKELAU	Tokelau	\N	\N	2025-02-16 16:29:36.416+06	2025-02-16 16:29:36.416+06	\N
to	ton	776	TONGA	Tonga	\N	\N	2025-02-16 16:29:36.416+06	2025-02-16 16:29:36.416+06	\N
tt	tto	780	TRINIDAD AND TOBAGO	Trinidad and Tobago	\N	\N	2025-02-16 16:29:36.416+06	2025-02-16 16:29:36.416+06	\N
tn	tun	788	TUNISIA	Tunisia	\N	\N	2025-02-16 16:29:36.416+06	2025-02-16 16:29:36.416+06	\N
tr	tur	792	TURKEY	Turkey	\N	\N	2025-02-16 16:29:36.416+06	2025-02-16 16:29:36.416+06	\N
tm	tkm	795	TURKMENISTAN	Turkmenistan	\N	\N	2025-02-16 16:29:36.416+06	2025-02-16 16:29:36.416+06	\N
tc	tca	796	TURKS AND CAICOS ISLANDS	Turks and Caicos Islands	\N	\N	2025-02-16 16:29:36.416+06	2025-02-16 16:29:36.416+06	\N
tv	tuv	798	TUVALU	Tuvalu	\N	\N	2025-02-16 16:29:36.416+06	2025-02-16 16:29:36.416+06	\N
ug	uga	800	UGANDA	Uganda	\N	\N	2025-02-16 16:29:36.416+06	2025-02-16 16:29:36.416+06	\N
ua	ukr	804	UKRAINE	Ukraine	\N	\N	2025-02-16 16:29:36.416+06	2025-02-16 16:29:36.416+06	\N
ae	are	784	UNITED ARAB EMIRATES	United Arab Emirates	\N	\N	2025-02-16 16:29:36.416+06	2025-02-16 16:29:36.416+06	\N
us	usa	840	UNITED STATES	United States	\N	\N	2025-02-16 16:29:36.417+06	2025-02-16 16:29:36.417+06	\N
um	umi	581	UNITED STATES MINOR OUTLYING ISLANDS	United States Minor Outlying Islands	\N	\N	2025-02-16 16:29:36.417+06	2025-02-16 16:29:36.417+06	\N
uy	ury	858	URUGUAY	Uruguay	\N	\N	2025-02-16 16:29:36.417+06	2025-02-16 16:29:36.417+06	\N
uz	uzb	860	UZBEKISTAN	Uzbekistan	\N	\N	2025-02-16 16:29:36.417+06	2025-02-16 16:29:36.417+06	\N
vu	vut	548	VANUATU	Vanuatu	\N	\N	2025-02-16 16:29:36.417+06	2025-02-16 16:29:36.417+06	\N
ve	ven	862	VENEZUELA	Venezuela	\N	\N	2025-02-16 16:29:36.417+06	2025-02-16 16:29:36.417+06	\N
vn	vnm	704	VIET NAM	Viet Nam	\N	\N	2025-02-16 16:29:36.417+06	2025-02-16 16:29:36.417+06	\N
vg	vgb	092	VIRGIN ISLANDS, BRITISH	Virgin Islands, British	\N	\N	2025-02-16 16:29:36.417+06	2025-02-16 16:29:36.417+06	\N
vi	vir	850	VIRGIN ISLANDS, U.S.	Virgin Islands, U.S.	\N	\N	2025-02-16 16:29:36.417+06	2025-02-16 16:29:36.417+06	\N
wf	wlf	876	WALLIS AND FUTUNA	Wallis and Futuna	\N	\N	2025-02-16 16:29:36.417+06	2025-02-16 16:29:36.417+06	\N
eh	esh	732	WESTERN SAHARA	Western Sahara	\N	\N	2025-02-16 16:29:36.417+06	2025-02-16 16:29:36.417+06	\N
ye	yem	887	YEMEN	Yemen	\N	\N	2025-02-16 16:29:36.417+06	2025-02-16 16:29:36.417+06	\N
zm	zmb	894	ZAMBIA	Zambia	\N	\N	2025-02-16 16:29:36.417+06	2025-02-16 16:29:36.417+06	\N
zw	zwe	716	ZIMBABWE	Zimbabwe	\N	\N	2025-02-16 16:29:36.417+06	2025-02-16 16:29:36.417+06	\N
ax	ala	248	LAND ISLANDS	land Islands	\N	\N	2025-02-16 16:29:36.417+06	2025-02-16 16:29:36.417+06	\N
dk	dnk	208	DENMARK	Denmark	reg_01JM74X6KKWRA6RFHP1S3PHMCF	\N	2025-02-16 16:29:36.415+06	2025-02-16 16:29:47.257+06	\N
fr	fra	250	FRANCE	France	reg_01JM74X6KKWRA6RFHP1S3PHMCF	\N	2025-02-16 16:29:36.415+06	2025-02-16 16:29:47.257+06	\N
de	deu	276	GERMANY	Germany	reg_01JM74X6KKWRA6RFHP1S3PHMCF	\N	2025-02-16 16:29:36.415+06	2025-02-16 16:29:47.257+06	\N
it	ita	380	ITALY	Italy	reg_01JM74X6KKWRA6RFHP1S3PHMCF	\N	2025-02-16 16:29:36.415+06	2025-02-16 16:29:47.257+06	\N
es	esp	724	SPAIN	Spain	reg_01JM74X6KKWRA6RFHP1S3PHMCF	\N	2025-02-16 16:29:36.416+06	2025-02-16 16:29:47.257+06	\N
se	swe	752	SWEDEN	Sweden	reg_01JM74X6KKWRA6RFHP1S3PHMCF	\N	2025-02-16 16:29:36.416+06	2025-02-16 16:29:47.257+06	\N
gb	gbr	826	UNITED KINGDOM	United Kingdom	reg_01JM74X6KKWRA6RFHP1S3PHMCF	\N	2025-02-16 16:29:36.417+06	2025-02-16 16:29:47.257+06	\N
\.


--
-- Data for Name: region_payment_provider; Type: TABLE DATA; Schema: public; Owner: -
--

COPY public.region_payment_provider (region_id, payment_provider_id, id, created_at, updated_at, deleted_at) FROM stdin;
reg_01JM74X6KKWRA6RFHP1S3PHMCF	pp_system_default	regpp_01JM74X6SJQG22ATV659YCNPF3	2025-02-16 16:29:47.44254+06	2025-02-16 16:29:47.44254+06	\N
reg_01JNX8FYXTTQNQR08WNDTE0Z9G	pp_system_default	regpp_01JNX8FZ0MMQYEGHD0YK7T9B9F	2025-03-09 16:51:27.124404+06	2025-03-09 16:51:27.124404+06	\N
\.


--
-- Data for Name: reservation_item; Type: TABLE DATA; Schema: public; Owner: -
--

COPY public.reservation_item (id, created_at, updated_at, deleted_at, line_item_id, location_id, quantity, external_id, description, created_by, metadata, inventory_item_id, allow_backorder, raw_quantity) FROM stdin;
resitem_01JNX6MZRYSTK99YH7115S3XVG	2025-03-09 16:19:14.594+06	2025-03-25 17:40:01.689+06	2025-03-25 17:40:01.264+06	ordli_01JNX6MZNQA5Z5N0DTQ70KYXYE	sloc_01JM74X773WP7Y9X83MJMV6732	1	\N	\N	\N	\N	iitem_01JM74X8VWKXG28AZWD3BX43V8	f	{"value": "1", "precision": 20}
resitem_01JMCNJAT805SVJ5773AQAHVPA	2025-02-18 19:57:09.067+06	2025-03-25 17:40:01.73+06	2025-03-25 17:40:01.264+06	ordli_01JMCNJAF65E4C4SB1F1YMECS1	sloc_01JM74X773WP7Y9X83MJMV6732	1	\N	\N	\N	\N	iitem_01JM74X8VWCQ66F4FX4FY44ER5	f	{"value": "1", "precision": 20}
resitem_01JMPQDXA942ES7W6J6C9NKWDV	2025-02-22 17:42:05.644+06	2025-05-19 20:30:27.117+06	2025-05-19 20:30:27.105+06	ordli_01JMPQDX28GDVCZQSQA6G45V52	sloc_01JM74X773WP7Y9X83MJMV6732	1	\N	\N	\N	\N	iitem_01JM74X8VW5GFVTG8R2CWHX263	f	{"value": "1", "precision": 20}
resitem_01JMZ3F59YKS3FS1FW5GVV6J0Q	2025-02-25 23:46:24.984+06	2025-05-19 20:30:31.189+06	2025-05-19 20:30:31.178+06	ordli_01JMZ3F51GA7FF9A6BV5D0G5T6	sloc_01JM74X773WP7Y9X83MJMV6732	2	\N	\N	\N	\N	iitem_01JM74X8VWD8DR0Q58N2X4F7MY	f	{"value": "2", "precision": 20}
\.


--
-- Data for Name: return; Type: TABLE DATA; Schema: public; Owner: -
--

COPY public.return (id, order_id, claim_id, exchange_id, order_version, display_id, status, no_notification, refund_amount, raw_refund_amount, metadata, created_at, updated_at, deleted_at, received_at, canceled_at, location_id, requested_at, created_by) FROM stdin;
return_01JQH7KEEZBS6SHF6B6GEAVRV8	order_01JQH7D5P2YJWKHEEJPHQHMWNF	\N	\N	5	1	received	\N	\N	\N	\N	2025-03-29 21:16:23.136+06	2025-03-29 21:17:00.656+06	\N	2025-03-29 21:17:00.622+06	\N	sloc_01JNX89NQNMRYE33K478MMW5MX	2025-03-29 21:16:39.532+06	user_01JM74YSND8H3N5XK89DEPJENG
\.


--
-- Data for Name: return_fulfillment; Type: TABLE DATA; Schema: public; Owner: -
--

COPY public.return_fulfillment (return_id, fulfillment_id, id, created_at, updated_at, deleted_at) FROM stdin;
\.


--
-- Data for Name: return_item; Type: TABLE DATA; Schema: public; Owner: -
--

COPY public.return_item (id, return_id, reason_id, item_id, quantity, raw_quantity, received_quantity, raw_received_quantity, note, metadata, created_at, updated_at, deleted_at, damaged_quantity, raw_damaged_quantity) FROM stdin;
retitem_01JQH7KYEGZTH3V616EPKT3RFP	return_01JQH7KEEZBS6SHF6B6GEAVRV8	\N	ordli_01JQH7D5P3CQPSF5RX231EQMHG	1	{"value": "1", "precision": 20}	1	{"value": "1", "precision": 20}	\N	{}	2025-03-29 21:16:39.504+06	2025-03-29 21:17:00.648+06	\N	0	{"value": "0", "precision": 20}
\.


--
-- Data for Name: return_reason; Type: TABLE DATA; Schema: public; Owner: -
--

COPY public.return_reason (id, value, label, description, metadata, parent_return_reason_id, created_at, updated_at, deleted_at) FROM stdin;
\.


--
-- Data for Name: review; Type: TABLE DATA; Schema: public; Owner: -
--

COPY public.review (id, title, content, rating, first_name, last_name, status, product_id, customer_id, created_at, updated_at, deleted_at) FROM stdin;
01JTAPNWC5WKGAVKS60ZC1T936	hello	wer	4	Md Mosabbir Hossain	Khan	approved	prod_01JNY5E2ZBH7WKY4FT94Z7DYG4	cus_01JMPQ9K7R3BKEMBVG59BHS2MY	2025-05-03 15:12:16.006+06	2025-05-14 09:33:08.927+06	\N
01JVD5TV71Z5H1W6WC8QH8FCTM	faltu	fsdffd	5	Md Mosabbir Hossain	Khan	pending	prod_01JVD5QVFDSP5TSE4ZJ40ES7AG	cus_01JMPQ9K7R3BKEMBVG59BHS2MY	2025-05-17 00:31:17.985+06	2025-05-17 00:31:17.985+06	\N
\.


--
-- Data for Name: sales_channel; Type: TABLE DATA; Schema: public; Owner: -
--

COPY public.sales_channel (id, name, description, is_disabled, metadata, created_at, updated_at, deleted_at) FROM stdin;
sc_01JM74X28JRVC097RK9V6GKE95	Default Sales Channel	Created by Medusa	f	\N	2025-02-16 16:29:42.803+06	2025-02-16 16:29:42.803+06	\N
\.


--
-- Data for Name: sales_channel_stock_location; Type: TABLE DATA; Schema: public; Owner: -
--

COPY public.sales_channel_stock_location (sales_channel_id, stock_location_id, id, created_at, updated_at, deleted_at) FROM stdin;
sc_01JM74X28JRVC097RK9V6GKE95	sloc_01JM74X773WP7Y9X83MJMV6732	scloc_01JM74X7N5FH71AVBEG7AEBA7N	2025-02-16 16:29:48.325727+06	2025-03-09 16:47:43.283+06	2025-03-09 16:47:43.283+06
sc_01JM74X28JRVC097RK9V6GKE95	sloc_01JNX89NQNMRYE33K478MMW5MX	scloc_01JNX8BQQKEZBW5SK8GC1TG36J	2025-03-09 16:49:08.592982+06	2025-03-09 16:49:08.592982+06	\N
\.


--
-- Data for Name: script_migrations; Type: TABLE DATA; Schema: public; Owner: -
--

COPY public.script_migrations (id, script_name, created_at, finished_at) FROM stdin;
1	migrate-product-shipping-profile.js	2025-02-16 16:29:38.838134+06	2025-02-16 16:29:39.051814+06
\.


--
-- Data for Name: service_zone; Type: TABLE DATA; Schema: public; Owner: -
--

COPY public.service_zone (id, name, metadata, fulfillment_set_id, created_at, updated_at, deleted_at) FROM stdin;
serzo_01JM74X7JCW0ZYQHNZTDQR1N3N	Europe	\N	fuset_01JM74X7JC4FAYR8WZVYCSYG0C	2025-02-16 16:29:48.237+06	2025-03-09 16:47:43.298+06	2025-03-09 16:47:43.294+06
serzo_01JNX8ANMN0CKFYA38DGYD07KK	Local	\N	fuset_01JNX8A0XB5VMBC18J2ZCQXVRH	2025-03-09 16:48:33.686+06	2025-03-09 16:48:33.686+06	\N
\.


--
-- Data for Name: shipping_option; Type: TABLE DATA; Schema: public; Owner: -
--

COPY public.shipping_option (id, name, price_type, service_zone_id, shipping_profile_id, provider_id, data, metadata, shipping_option_type_id, created_at, updated_at, deleted_at) FROM stdin;
so_01JM74X7KQ05QC6WQDY4HJPP0R	Standard Shipping	flat	serzo_01JM74X7JCW0ZYQHNZTDQR1N3N	sp_01JM74X7HSD9FWNXDBVPKX750C	manual_manual	\N	\N	sotype_01JM74X7KQ8TT1PJKFEQ79F7C9	2025-02-16 16:29:48.28+06	2025-03-09 16:47:43.31+06	2025-03-09 16:47:43.294+06
so_01JM74X7KR41WX44NS4Y6ARM7J	Express Shipping	flat	serzo_01JM74X7JCW0ZYQHNZTDQR1N3N	sp_01JM74X7HSD9FWNXDBVPKX750C	manual_manual	\N	\N	sotype_01JM74X7KQFTXGVSFKZJW7G406	2025-02-16 16:29:48.281+06	2025-03-09 16:47:43.335+06	2025-03-09 16:47:43.294+06
so_01JQ78P98A84DEHN2ADKTFCY7P	Return	flat	serzo_01JNX8ANMN0CKFYA38DGYD07KK	sp_01JM74X7HSD9FWNXDBVPKX750C	manual_manual	{"id": "manual-fulfillment-return", "is_return": true}	\N	sotype_01JQ78P98AA953R26NC4BDBNB1	2025-03-26 00:23:00.363+06	2025-03-26 00:23:00.363+06	\N
so_01JQ78NHXRGT4Y0G3P1NBCPK48	Default	flat	serzo_01JNX8ANMN0CKFYA38DGYD07KK	sp_01JM74X7HSD9FWNXDBVPKX750C	manual_manual	{"id": "manual-fulfillment"}	\N	sotype_01JQ78NHXM50N0JRS472VWS6NK	2025-03-26 00:22:36.495+06	2025-05-28 22:38:44.288+06	\N
\.


--
-- Data for Name: shipping_option_price_set; Type: TABLE DATA; Schema: public; Owner: -
--

COPY public.shipping_option_price_set (shipping_option_id, price_set_id, id, created_at, updated_at, deleted_at) FROM stdin;
so_01JM74X7KQ05QC6WQDY4HJPP0R	pset_01JM74X7M8K8WBA0V7ACYF4J5S	sops_01JM74X7MX9XYTSX4G3858SKS7	2025-02-16 16:29:48.317472+06	2025-02-16 16:29:48.317472+06	\N
so_01JM74X7KR41WX44NS4Y6ARM7J	pset_01JM74X7M9X23Z6F16G1RCK67A	sops_01JM74X7MYY8HDP7JHE91S8255	2025-02-16 16:29:48.317472+06	2025-02-16 16:29:48.317472+06	\N
so_01JQ78NHXRGT4Y0G3P1NBCPK48	pset_01JQ78NJ2P60CMA88HNTZNYA3F	sops_01JQ78NJ913ZXCM7NBWG2RDZ8Q	2025-03-26 00:22:36.831255+06	2025-03-26 00:22:36.831255+06	\N
so_01JQ78P98A84DEHN2ADKTFCY7P	pset_01JQ78P99E4N75PT0QPQS8SWSY	sops_01JQ78P9AH8AC5SW7YB76V4BGC	2025-03-26 00:23:00.432504+06	2025-03-26 00:23:00.432504+06	\N
\.


--
-- Data for Name: shipping_option_rule; Type: TABLE DATA; Schema: public; Owner: -
--

COPY public.shipping_option_rule (id, attribute, operator, value, shipping_option_id, created_at, updated_at, deleted_at) FROM stdin;
sorul_01JM74X7KQKCJRHK0TVHCQXQ7S	enabled_in_store	eq	"true"	so_01JM74X7KQ05QC6WQDY4HJPP0R	2025-02-16 16:29:48.281+06	2025-03-09 16:47:43.335+06	2025-03-09 16:47:43.294+06
sorul_01JM74X7KQZMXACFQ9B2BVVWG7	is_return	eq	"false"	so_01JM74X7KQ05QC6WQDY4HJPP0R	2025-02-16 16:29:48.281+06	2025-03-09 16:47:43.335+06	2025-03-09 16:47:43.294+06
sorul_01JM74X7KR2G4QW2M1J099H9XQ	enabled_in_store	eq	"true"	so_01JM74X7KR41WX44NS4Y6ARM7J	2025-02-16 16:29:48.281+06	2025-03-09 16:47:43.349+06	2025-03-09 16:47:43.294+06
sorul_01JM74X7KR4C9NXD36BHRM9X0Q	is_return	eq	"false"	so_01JM74X7KR41WX44NS4Y6ARM7J	2025-02-16 16:29:48.281+06	2025-03-09 16:47:43.349+06	2025-03-09 16:47:43.294+06
sorul_01JQ78NHXQC4EHWTDJJ2WXM6AQ	is_return	eq	"false"	so_01JQ78NHXRGT4Y0G3P1NBCPK48	2025-03-26 00:22:36.498+06	2025-03-26 00:22:36.498+06	\N
sorul_01JQ78NHXQPYF8Z8WRXHVHVQA8	enabled_in_store	eq	"true"	so_01JQ78NHXRGT4Y0G3P1NBCPK48	2025-03-26 00:22:36.499+06	2025-03-26 00:22:36.499+06	\N
sorul_01JQ78P98AX8J8RHQA31GCVM9D	is_return	eq	"true"	so_01JQ78P98A84DEHN2ADKTFCY7P	2025-03-26 00:23:00.363+06	2025-03-26 00:23:00.363+06	\N
sorul_01JQ78P98ANCPXV1QRNTDSYBNW	enabled_in_store	eq	"true"	so_01JQ78P98A84DEHN2ADKTFCY7P	2025-03-26 00:23:00.363+06	2025-03-26 00:23:00.363+06	\N
\.


--
-- Data for Name: shipping_option_type; Type: TABLE DATA; Schema: public; Owner: -
--

COPY public.shipping_option_type (id, label, description, code, created_at, updated_at, deleted_at) FROM stdin;
sotype_01JM74X7KQ8TT1PJKFEQ79F7C9	Standard	Ship in 2-3 days.	standard	2025-02-16 16:29:48.28+06	2025-03-09 16:47:43.335+06	2025-03-09 16:47:43.294+06
sotype_01JM74X7KQFTXGVSFKZJW7G406	Express	Ship in 24 hours.	express	2025-02-16 16:29:48.281+06	2025-03-09 16:47:43.349+06	2025-03-09 16:47:43.294+06
sotype_01JQ78NHXM50N0JRS472VWS6NK	Type label	Type description	type-code	2025-03-26 00:22:36.475+06	2025-03-26 00:22:36.475+06	\N
sotype_01JQ78P98AA953R26NC4BDBNB1	Type label	Type description	type-code	2025-03-26 00:23:00.363+06	2025-03-26 00:23:00.363+06	\N
\.


--
-- Data for Name: shipping_profile; Type: TABLE DATA; Schema: public; Owner: -
--

COPY public.shipping_profile (id, name, type, metadata, created_at, updated_at, deleted_at) FROM stdin;
sp_01JM74WYHM2AWEVJHCHRG9T4BD	Default Shipping Profile	default	\N	2025-02-16 16:29:38.998+06	2025-02-16 16:29:38.998+06	\N
sp_01JM74X7HSD9FWNXDBVPKX750C	Default	default	\N	2025-02-16 16:29:48.218+06	2025-02-16 16:29:48.218+06	\N
\.


--
-- Data for Name: stock_location; Type: TABLE DATA; Schema: public; Owner: -
--

COPY public.stock_location (id, created_at, updated_at, deleted_at, name, address_id, metadata) FROM stdin;
sloc_01JM74X773WP7Y9X83MJMV6732	2025-02-16 16:29:47.875+06	2025-03-09 16:47:43.233+06	2025-03-09 16:47:43.233+06	European Warehouse	laddr_01JM74X773T4SEYPBECY3W5B6R	\N
sloc_01JNX89NQNMRYE33K478MMW5MX	2025-03-09 16:48:01.014+06	2025-03-09 16:48:01.014+06	\N	Local	laddr_01JNX89NQMZXSVXPEMF6SWR5KY	\N
\.


--
-- Data for Name: stock_location_address; Type: TABLE DATA; Schema: public; Owner: -
--

COPY public.stock_location_address (id, created_at, updated_at, deleted_at, address_1, address_2, company, city, country_code, phone, province, postal_code, metadata) FROM stdin;
laddr_01JM74X773T4SEYPBECY3W5B6R	2025-02-16 16:29:47.875+06	2025-03-09 16:47:43.238+06	2025-03-09 16:47:43.233+06		\N	\N	Copenhagen	DK	\N	\N	\N	\N
laddr_01JNX89NQMZXSVXPEMF6SWR5KY	2025-03-09 16:48:01.013+06	2025-03-09 16:48:01.013+06	\N	314/A Ulon,  Rampura			Dhaka	bd	01829463584		1319	\N
\.


--
-- Data for Name: store; Type: TABLE DATA; Schema: public; Owner: -
--

COPY public.store (id, name, default_sales_channel_id, default_region_id, default_location_id, metadata, created_at, updated_at, deleted_at) FROM stdin;
store_01JM74X2CJHDG18CWYV4K9M9W3	Nufatah's	sc_01JM74X28JRVC097RK9V6GKE95	reg_01JNX8FYXTTQNQR08WNDTE0Z9G	sloc_01JNX89NQNMRYE33K478MMW5MX	\N	2025-02-16 16:29:42.929257+06	2025-02-16 16:29:42.929257+06	\N
\.


--
-- Data for Name: store_currency; Type: TABLE DATA; Schema: public; Owner: -
--

COPY public.store_currency (id, currency_code, is_default, store_id, created_at, updated_at, deleted_at) FROM stdin;
stocur_01JQ6HZK2W85B3N1YMVM5DFRXH	bdt	t	store_01JM74X2CJHDG18CWYV4K9M9W3	2025-03-25 17:46:07.855096+06	2025-03-25 17:46:07.855096+06	\N
\.


--
-- Data for Name: tax_provider; Type: TABLE DATA; Schema: public; Owner: -
--

COPY public.tax_provider (id, is_enabled, created_at, updated_at, deleted_at) FROM stdin;
\.


--
-- Data for Name: tax_rate; Type: TABLE DATA; Schema: public; Owner: -
--

COPY public.tax_rate (id, rate, code, name, is_default, is_combinable, tax_region_id, metadata, created_at, updated_at, created_by, deleted_at) FROM stdin;
txr_01JNX8H0S9X07PTNVN7PBW3NXB	\N		Bangladesh	t	f	txreg_01JNX8H0PRH7C5S72R76T82364	\N	2025-03-09 16:52:01.706+06	2025-03-09 16:52:01.706+06	user_01JM74YSND8H3N5XK89DEPJENG	\N
\.


--
-- Data for Name: tax_rate_rule; Type: TABLE DATA; Schema: public; Owner: -
--

COPY public.tax_rate_rule (id, tax_rate_id, reference_id, reference, metadata, created_at, updated_at, created_by, deleted_at) FROM stdin;
\.


--
-- Data for Name: tax_region; Type: TABLE DATA; Schema: public; Owner: -
--

COPY public.tax_region (id, provider_id, country_code, province_code, parent_id, metadata, created_at, updated_at, created_by, deleted_at) FROM stdin;
txreg_01JM74X713QTVY87EF5SF0EF37	\N	se	\N	\N	\N	2025-02-16 16:29:47.684+06	2025-03-09 16:51:37.745+06	\N	2025-03-09 16:51:37.744+06
txreg_01JM74X713PEP55BC1XSKAAGB6	\N	it	\N	\N	\N	2025-02-16 16:29:47.684+06	2025-03-09 16:51:40.109+06	\N	2025-03-09 16:51:40.108+06
txreg_01JM74X7138H677Y5NXFSBHY8A	\N	gb	\N	\N	\N	2025-02-16 16:29:47.683+06	2025-03-09 16:51:42.79+06	\N	2025-03-09 16:51:42.789+06
txreg_01JM74X713E3C3E6RGKMNBXB7R	\N	de	\N	\N	\N	2025-02-16 16:29:47.684+06	2025-03-09 16:51:45.623+06	\N	2025-03-09 16:51:45.622+06
txreg_01JM74X713A8P238J5RQ5CCF1S	\N	dk	\N	\N	\N	2025-02-16 16:29:47.684+06	2025-03-09 16:51:47.845+06	\N	2025-03-09 16:51:47.845+06
txreg_01JM74X713CR3E2FZMS73SC707	\N	es	\N	\N	\N	2025-02-16 16:29:47.684+06	2025-03-09 16:51:50.117+06	\N	2025-03-09 16:51:50.117+06
txreg_01JM74X713FZHY0VT5JFGFT1VP	\N	fr	\N	\N	\N	2025-02-16 16:29:47.684+06	2025-03-09 16:51:52.845+06	\N	2025-03-09 16:51:52.845+06
txreg_01JNX8H0PRH7C5S72R76T82364	\N	bd	\N	\N	\N	2025-03-09 16:52:01.624+06	2025-03-09 16:52:01.624+06	user_01JM74YSND8H3N5XK89DEPJENG	\N
\.


--
-- Data for Name: user; Type: TABLE DATA; Schema: public; Owner: -
--

COPY public."user" (id, first_name, last_name, email, avatar_url, metadata, created_at, updated_at, deleted_at) FROM stdin;
user_01JWBVFPS5RHWQ8J1Z7WWZ36S5	\N	\N	kmosabbir@gmail.com	\N	\N	2025-05-28 22:26:54.63+06	2025-05-28 22:26:54.63+06	\N
\.


--
-- Data for Name: workflow_execution; Type: TABLE DATA; Schema: public; Owner: -
--

COPY public.workflow_execution (id, workflow_id, transaction_id, execution, context, state, created_at, updated_at, deleted_at, retention_time) FROM stdin;
\.


--
-- Name: link_module_migrations_id_seq; Type: SEQUENCE SET; Schema: public; Owner: -
--

SELECT pg_catalog.setval('public.link_module_migrations_id_seq', 312, true);


--
-- Name: mikro_orm_migrations_id_seq; Type: SEQUENCE SET; Schema: public; Owner: -
--

SELECT pg_catalog.setval('public.mikro_orm_migrations_id_seq', 104, true);


--
-- Name: order_change_action_ordering_seq; Type: SEQUENCE SET; Schema: public; Owner: -
--

SELECT pg_catalog.setval('public.order_change_action_ordering_seq', 77, true);


--
-- Name: order_claim_display_id_seq; Type: SEQUENCE SET; Schema: public; Owner: -
--

SELECT pg_catalog.setval('public.order_claim_display_id_seq', 1, true);


--
-- Name: order_display_id_seq; Type: SEQUENCE SET; Schema: public; Owner: -
--

SELECT pg_catalog.setval('public.order_display_id_seq', 35, true);


--
-- Name: order_exchange_display_id_seq; Type: SEQUENCE SET; Schema: public; Owner: -
--

SELECT pg_catalog.setval('public.order_exchange_display_id_seq', 1, false);


--
-- Name: return_display_id_seq; Type: SEQUENCE SET; Schema: public; Owner: -
--

SELECT pg_catalog.setval('public.return_display_id_seq', 1, true);


--
-- Name: script_migrations_id_seq; Type: SEQUENCE SET; Schema: public; Owner: -
--

SELECT pg_catalog.setval('public.script_migrations_id_seq', 1, true);


--
-- Name: promotion IDX_promotion_code_unique; Type: CONSTRAINT; Schema: public; Owner: -
--

ALTER TABLE ONLY public.promotion
    ADD CONSTRAINT "IDX_promotion_code_unique" UNIQUE (code);


--
-- Name: workflow_execution PK_workflow_execution_workflow_id_transaction_id; Type: CONSTRAINT; Schema: public; Owner: -
--

ALTER TABLE ONLY public.workflow_execution
    ADD CONSTRAINT "PK_workflow_execution_workflow_id_transaction_id" PRIMARY KEY (workflow_id, transaction_id);


--
-- Name: account_holder account_holder_pkey; Type: CONSTRAINT; Schema: public; Owner: -
--

ALTER TABLE ONLY public.account_holder
    ADD CONSTRAINT account_holder_pkey PRIMARY KEY (id);


--
-- Name: api_key api_key_pkey; Type: CONSTRAINT; Schema: public; Owner: -
--

ALTER TABLE ONLY public.api_key
    ADD CONSTRAINT api_key_pkey PRIMARY KEY (id);


--
-- Name: application_method_buy_rules application_method_buy_rules_pkey; Type: CONSTRAINT; Schema: public; Owner: -
--

ALTER TABLE ONLY public.application_method_buy_rules
    ADD CONSTRAINT application_method_buy_rules_pkey PRIMARY KEY (application_method_id, promotion_rule_id);


--
-- Name: application_method_target_rules application_method_target_rules_pkey; Type: CONSTRAINT; Schema: public; Owner: -
--

ALTER TABLE ONLY public.application_method_target_rules
    ADD CONSTRAINT application_method_target_rules_pkey PRIMARY KEY (application_method_id, promotion_rule_id);


--
-- Name: auth_identity auth_identity_pkey; Type: CONSTRAINT; Schema: public; Owner: -
--

ALTER TABLE ONLY public.auth_identity
    ADD CONSTRAINT auth_identity_pkey PRIMARY KEY (id);


--
-- Name: brand brand_pkey; Type: CONSTRAINT; Schema: public; Owner: -
--

ALTER TABLE ONLY public.brand
    ADD CONSTRAINT brand_pkey PRIMARY KEY (id);


--
-- Name: capture capture_pkey; Type: CONSTRAINT; Schema: public; Owner: -
--

ALTER TABLE ONLY public.capture
    ADD CONSTRAINT capture_pkey PRIMARY KEY (id);


--
-- Name: cart_address cart_address_pkey; Type: CONSTRAINT; Schema: public; Owner: -
--

ALTER TABLE ONLY public.cart_address
    ADD CONSTRAINT cart_address_pkey PRIMARY KEY (id);


--
-- Name: cart_line_item_adjustment cart_line_item_adjustment_pkey; Type: CONSTRAINT; Schema: public; Owner: -
--

ALTER TABLE ONLY public.cart_line_item_adjustment
    ADD CONSTRAINT cart_line_item_adjustment_pkey PRIMARY KEY (id);


--
-- Name: cart_line_item cart_line_item_pkey; Type: CONSTRAINT; Schema: public; Owner: -
--

ALTER TABLE ONLY public.cart_line_item
    ADD CONSTRAINT cart_line_item_pkey PRIMARY KEY (id);


--
-- Name: cart_line_item_tax_line cart_line_item_tax_line_pkey; Type: CONSTRAINT; Schema: public; Owner: -
--

ALTER TABLE ONLY public.cart_line_item_tax_line
    ADD CONSTRAINT cart_line_item_tax_line_pkey PRIMARY KEY (id);


--
-- Name: cart_payment_collection cart_payment_collection_pkey; Type: CONSTRAINT; Schema: public; Owner: -
--

ALTER TABLE ONLY public.cart_payment_collection
    ADD CONSTRAINT cart_payment_collection_pkey PRIMARY KEY (cart_id, payment_collection_id);


--
-- Name: cart cart_pkey; Type: CONSTRAINT; Schema: public; Owner: -
--

ALTER TABLE ONLY public.cart
    ADD CONSTRAINT cart_pkey PRIMARY KEY (id);


--
-- Name: cart_promotion cart_promotion_pkey; Type: CONSTRAINT; Schema: public; Owner: -
--

ALTER TABLE ONLY public.cart_promotion
    ADD CONSTRAINT cart_promotion_pkey PRIMARY KEY (cart_id, promotion_id);


--
-- Name: cart_shipping_method_adjustment cart_shipping_method_adjustment_pkey; Type: CONSTRAINT; Schema: public; Owner: -
--

ALTER TABLE ONLY public.cart_shipping_method_adjustment
    ADD CONSTRAINT cart_shipping_method_adjustment_pkey PRIMARY KEY (id);


--
-- Name: cart_shipping_method cart_shipping_method_pkey; Type: CONSTRAINT; Schema: public; Owner: -
--

ALTER TABLE ONLY public.cart_shipping_method
    ADD CONSTRAINT cart_shipping_method_pkey PRIMARY KEY (id);


--
-- Name: cart_shipping_method_tax_line cart_shipping_method_tax_line_pkey; Type: CONSTRAINT; Schema: public; Owner: -
--

ALTER TABLE ONLY public.cart_shipping_method_tax_line
    ADD CONSTRAINT cart_shipping_method_tax_line_pkey PRIMARY KEY (id);


--
-- Name: currency currency_pkey; Type: CONSTRAINT; Schema: public; Owner: -
--

ALTER TABLE ONLY public.currency
    ADD CONSTRAINT currency_pkey PRIMARY KEY (code);


--
-- Name: customer_account_holder customer_account_holder_pkey; Type: CONSTRAINT; Schema: public; Owner: -
--

ALTER TABLE ONLY public.customer_account_holder
    ADD CONSTRAINT customer_account_holder_pkey PRIMARY KEY (customer_id, account_holder_id);


--
-- Name: customer_address customer_address_pkey; Type: CONSTRAINT; Schema: public; Owner: -
--

ALTER TABLE ONLY public.customer_address
    ADD CONSTRAINT customer_address_pkey PRIMARY KEY (id);


--
-- Name: customer_group_customer customer_group_customer_pkey; Type: CONSTRAINT; Schema: public; Owner: -
--

ALTER TABLE ONLY public.customer_group_customer
    ADD CONSTRAINT customer_group_customer_pkey PRIMARY KEY (id);


--
-- Name: customer_group customer_group_pkey; Type: CONSTRAINT; Schema: public; Owner: -
--

ALTER TABLE ONLY public.customer_group
    ADD CONSTRAINT customer_group_pkey PRIMARY KEY (id);


--
-- Name: customer customer_pkey; Type: CONSTRAINT; Schema: public; Owner: -
--

ALTER TABLE ONLY public.customer
    ADD CONSTRAINT customer_pkey PRIMARY KEY (id);


--
-- Name: fulfillment_address fulfillment_address_pkey; Type: CONSTRAINT; Schema: public; Owner: -
--

ALTER TABLE ONLY public.fulfillment_address
    ADD CONSTRAINT fulfillment_address_pkey PRIMARY KEY (id);


--
-- Name: fulfillment_item fulfillment_item_pkey; Type: CONSTRAINT; Schema: public; Owner: -
--

ALTER TABLE ONLY public.fulfillment_item
    ADD CONSTRAINT fulfillment_item_pkey PRIMARY KEY (id);


--
-- Name: fulfillment_label fulfillment_label_pkey; Type: CONSTRAINT; Schema: public; Owner: -
--

ALTER TABLE ONLY public.fulfillment_label
    ADD CONSTRAINT fulfillment_label_pkey PRIMARY KEY (id);


--
-- Name: fulfillment fulfillment_pkey; Type: CONSTRAINT; Schema: public; Owner: -
--

ALTER TABLE ONLY public.fulfillment
    ADD CONSTRAINT fulfillment_pkey PRIMARY KEY (id);


--
-- Name: fulfillment_provider fulfillment_provider_pkey; Type: CONSTRAINT; Schema: public; Owner: -
--

ALTER TABLE ONLY public.fulfillment_provider
    ADD CONSTRAINT fulfillment_provider_pkey PRIMARY KEY (id);


--
-- Name: fulfillment_set fulfillment_set_pkey; Type: CONSTRAINT; Schema: public; Owner: -
--

ALTER TABLE ONLY public.fulfillment_set
    ADD CONSTRAINT fulfillment_set_pkey PRIMARY KEY (id);


--
-- Name: geo_zone geo_zone_pkey; Type: CONSTRAINT; Schema: public; Owner: -
--

ALTER TABLE ONLY public.geo_zone
    ADD CONSTRAINT geo_zone_pkey PRIMARY KEY (id);


--
-- Name: image image_pkey; Type: CONSTRAINT; Schema: public; Owner: -
--

ALTER TABLE ONLY public.image
    ADD CONSTRAINT image_pkey PRIMARY KEY (id);


--
-- Name: ingredient ingredient_pkey; Type: CONSTRAINT; Schema: public; Owner: -
--

ALTER TABLE ONLY public.ingredient
    ADD CONSTRAINT ingredient_pkey PRIMARY KEY (id);


--
-- Name: inventory_item inventory_item_pkey; Type: CONSTRAINT; Schema: public; Owner: -
--

ALTER TABLE ONLY public.inventory_item
    ADD CONSTRAINT inventory_item_pkey PRIMARY KEY (id);


--
-- Name: inventory_level inventory_level_pkey; Type: CONSTRAINT; Schema: public; Owner: -
--

ALTER TABLE ONLY public.inventory_level
    ADD CONSTRAINT inventory_level_pkey PRIMARY KEY (id);


--
-- Name: invite invite_pkey; Type: CONSTRAINT; Schema: public; Owner: -
--

ALTER TABLE ONLY public.invite
    ADD CONSTRAINT invite_pkey PRIMARY KEY (id);


--
-- Name: link_module_migrations link_module_migrations_pkey; Type: CONSTRAINT; Schema: public; Owner: -
--

ALTER TABLE ONLY public.link_module_migrations
    ADD CONSTRAINT link_module_migrations_pkey PRIMARY KEY (id);


--
-- Name: link_module_migrations link_module_migrations_table_name_key; Type: CONSTRAINT; Schema: public; Owner: -
--

ALTER TABLE ONLY public.link_module_migrations
    ADD CONSTRAINT link_module_migrations_table_name_key UNIQUE (table_name);


--
-- Name: location_fulfillment_provider location_fulfillment_provider_pkey; Type: CONSTRAINT; Schema: public; Owner: -
--

ALTER TABLE ONLY public.location_fulfillment_provider
    ADD CONSTRAINT location_fulfillment_provider_pkey PRIMARY KEY (stock_location_id, fulfillment_provider_id);


--
-- Name: location_fulfillment_set location_fulfillment_set_pkey; Type: CONSTRAINT; Schema: public; Owner: -
--

ALTER TABLE ONLY public.location_fulfillment_set
    ADD CONSTRAINT location_fulfillment_set_pkey PRIMARY KEY (stock_location_id, fulfillment_set_id);


--
-- Name: mikro_orm_migrations mikro_orm_migrations_pkey; Type: CONSTRAINT; Schema: public; Owner: -
--

ALTER TABLE ONLY public.mikro_orm_migrations
    ADD CONSTRAINT mikro_orm_migrations_pkey PRIMARY KEY (id);


--
-- Name: notification notification_pkey; Type: CONSTRAINT; Schema: public; Owner: -
--

ALTER TABLE ONLY public.notification
    ADD CONSTRAINT notification_pkey PRIMARY KEY (id);


--
-- Name: notification_provider notification_provider_pkey; Type: CONSTRAINT; Schema: public; Owner: -
--

ALTER TABLE ONLY public.notification_provider
    ADD CONSTRAINT notification_provider_pkey PRIMARY KEY (id);


--
-- Name: order_address order_address_pkey; Type: CONSTRAINT; Schema: public; Owner: -
--

ALTER TABLE ONLY public.order_address
    ADD CONSTRAINT order_address_pkey PRIMARY KEY (id);


--
-- Name: order_cart order_cart_pkey; Type: CONSTRAINT; Schema: public; Owner: -
--

ALTER TABLE ONLY public.order_cart
    ADD CONSTRAINT order_cart_pkey PRIMARY KEY (order_id, cart_id);


--
-- Name: order_change_action order_change_action_pkey; Type: CONSTRAINT; Schema: public; Owner: -
--

ALTER TABLE ONLY public.order_change_action
    ADD CONSTRAINT order_change_action_pkey PRIMARY KEY (id);


--
-- Name: order_change order_change_pkey; Type: CONSTRAINT; Schema: public; Owner: -
--

ALTER TABLE ONLY public.order_change
    ADD CONSTRAINT order_change_pkey PRIMARY KEY (id);


--
-- Name: order_claim_item_image order_claim_item_image_pkey; Type: CONSTRAINT; Schema: public; Owner: -
--

ALTER TABLE ONLY public.order_claim_item_image
    ADD CONSTRAINT order_claim_item_image_pkey PRIMARY KEY (id);


--
-- Name: order_claim_item order_claim_item_pkey; Type: CONSTRAINT; Schema: public; Owner: -
--

ALTER TABLE ONLY public.order_claim_item
    ADD CONSTRAINT order_claim_item_pkey PRIMARY KEY (id);


--
-- Name: order_claim order_claim_pkey; Type: CONSTRAINT; Schema: public; Owner: -
--

ALTER TABLE ONLY public.order_claim
    ADD CONSTRAINT order_claim_pkey PRIMARY KEY (id);


--
-- Name: order_credit_line order_credit_line_pkey; Type: CONSTRAINT; Schema: public; Owner: -
--

ALTER TABLE ONLY public.order_credit_line
    ADD CONSTRAINT order_credit_line_pkey PRIMARY KEY (id);


--
-- Name: order_exchange_item order_exchange_item_pkey; Type: CONSTRAINT; Schema: public; Owner: -
--

ALTER TABLE ONLY public.order_exchange_item
    ADD CONSTRAINT order_exchange_item_pkey PRIMARY KEY (id);


--
-- Name: order_exchange order_exchange_pkey; Type: CONSTRAINT; Schema: public; Owner: -
--

ALTER TABLE ONLY public.order_exchange
    ADD CONSTRAINT order_exchange_pkey PRIMARY KEY (id);


--
-- Name: order_fulfillment order_fulfillment_pkey; Type: CONSTRAINT; Schema: public; Owner: -
--

ALTER TABLE ONLY public.order_fulfillment
    ADD CONSTRAINT order_fulfillment_pkey PRIMARY KEY (order_id, fulfillment_id);


--
-- Name: order_item order_item_pkey; Type: CONSTRAINT; Schema: public; Owner: -
--

ALTER TABLE ONLY public.order_item
    ADD CONSTRAINT order_item_pkey PRIMARY KEY (id);


--
-- Name: order_line_item_adjustment order_line_item_adjustment_pkey; Type: CONSTRAINT; Schema: public; Owner: -
--

ALTER TABLE ONLY public.order_line_item_adjustment
    ADD CONSTRAINT order_line_item_adjustment_pkey PRIMARY KEY (id);


--
-- Name: order_line_item order_line_item_pkey; Type: CONSTRAINT; Schema: public; Owner: -
--

ALTER TABLE ONLY public.order_line_item
    ADD CONSTRAINT order_line_item_pkey PRIMARY KEY (id);


--
-- Name: order_line_item_tax_line order_line_item_tax_line_pkey; Type: CONSTRAINT; Schema: public; Owner: -
--

ALTER TABLE ONLY public.order_line_item_tax_line
    ADD CONSTRAINT order_line_item_tax_line_pkey PRIMARY KEY (id);


--
-- Name: order_payment_collection order_payment_collection_pkey; Type: CONSTRAINT; Schema: public; Owner: -
--

ALTER TABLE ONLY public.order_payment_collection
    ADD CONSTRAINT order_payment_collection_pkey PRIMARY KEY (order_id, payment_collection_id);


--
-- Name: order order_pkey; Type: CONSTRAINT; Schema: public; Owner: -
--

ALTER TABLE ONLY public."order"
    ADD CONSTRAINT order_pkey PRIMARY KEY (id);


--
-- Name: order_promotion order_promotion_pkey; Type: CONSTRAINT; Schema: public; Owner: -
--

ALTER TABLE ONLY public.order_promotion
    ADD CONSTRAINT order_promotion_pkey PRIMARY KEY (order_id, promotion_id);


--
-- Name: order_shipping_method_adjustment order_shipping_method_adjustment_pkey; Type: CONSTRAINT; Schema: public; Owner: -
--

ALTER TABLE ONLY public.order_shipping_method_adjustment
    ADD CONSTRAINT order_shipping_method_adjustment_pkey PRIMARY KEY (id);


--
-- Name: order_shipping_method order_shipping_method_pkey; Type: CONSTRAINT; Schema: public; Owner: -
--

ALTER TABLE ONLY public.order_shipping_method
    ADD CONSTRAINT order_shipping_method_pkey PRIMARY KEY (id);


--
-- Name: order_shipping_method_tax_line order_shipping_method_tax_line_pkey; Type: CONSTRAINT; Schema: public; Owner: -
--

ALTER TABLE ONLY public.order_shipping_method_tax_line
    ADD CONSTRAINT order_shipping_method_tax_line_pkey PRIMARY KEY (id);


--
-- Name: order_shipping order_shipping_pkey; Type: CONSTRAINT; Schema: public; Owner: -
--

ALTER TABLE ONLY public.order_shipping
    ADD CONSTRAINT order_shipping_pkey PRIMARY KEY (id);


--
-- Name: order_summary order_summary_pkey; Type: CONSTRAINT; Schema: public; Owner: -
--

ALTER TABLE ONLY public.order_summary
    ADD CONSTRAINT order_summary_pkey PRIMARY KEY (id);


--
-- Name: order_transaction order_transaction_pkey; Type: CONSTRAINT; Schema: public; Owner: -
--

ALTER TABLE ONLY public.order_transaction
    ADD CONSTRAINT order_transaction_pkey PRIMARY KEY (id);


--
-- Name: payment_collection_payment_providers payment_collection_payment_providers_pkey; Type: CONSTRAINT; Schema: public; Owner: -
--

ALTER TABLE ONLY public.payment_collection_payment_providers
    ADD CONSTRAINT payment_collection_payment_providers_pkey PRIMARY KEY (payment_collection_id, payment_provider_id);


--
-- Name: payment_collection payment_collection_pkey; Type: CONSTRAINT; Schema: public; Owner: -
--

ALTER TABLE ONLY public.payment_collection
    ADD CONSTRAINT payment_collection_pkey PRIMARY KEY (id);


--
-- Name: payment payment_pkey; Type: CONSTRAINT; Schema: public; Owner: -
--

ALTER TABLE ONLY public.payment
    ADD CONSTRAINT payment_pkey PRIMARY KEY (id);


--
-- Name: payment_provider payment_provider_pkey; Type: CONSTRAINT; Schema: public; Owner: -
--

ALTER TABLE ONLY public.payment_provider
    ADD CONSTRAINT payment_provider_pkey PRIMARY KEY (id);


--
-- Name: payment_session payment_session_pkey; Type: CONSTRAINT; Schema: public; Owner: -
--

ALTER TABLE ONLY public.payment_session
    ADD CONSTRAINT payment_session_pkey PRIMARY KEY (id);


--
-- Name: price_list price_list_pkey; Type: CONSTRAINT; Schema: public; Owner: -
--

ALTER TABLE ONLY public.price_list
    ADD CONSTRAINT price_list_pkey PRIMARY KEY (id);


--
-- Name: price_list_rule price_list_rule_pkey; Type: CONSTRAINT; Schema: public; Owner: -
--

ALTER TABLE ONLY public.price_list_rule
    ADD CONSTRAINT price_list_rule_pkey PRIMARY KEY (id);


--
-- Name: price price_pkey; Type: CONSTRAINT; Schema: public; Owner: -
--

ALTER TABLE ONLY public.price
    ADD CONSTRAINT price_pkey PRIMARY KEY (id);


--
-- Name: price_preference price_preference_pkey; Type: CONSTRAINT; Schema: public; Owner: -
--

ALTER TABLE ONLY public.price_preference
    ADD CONSTRAINT price_preference_pkey PRIMARY KEY (id);


--
-- Name: price_rule price_rule_pkey; Type: CONSTRAINT; Schema: public; Owner: -
--

ALTER TABLE ONLY public.price_rule
    ADD CONSTRAINT price_rule_pkey PRIMARY KEY (id);


--
-- Name: price_set price_set_pkey; Type: CONSTRAINT; Schema: public; Owner: -
--

ALTER TABLE ONLY public.price_set
    ADD CONSTRAINT price_set_pkey PRIMARY KEY (id);


--
-- Name: product_category product_category_pkey; Type: CONSTRAINT; Schema: public; Owner: -
--

ALTER TABLE ONLY public.product_category
    ADD CONSTRAINT product_category_pkey PRIMARY KEY (id);


--
-- Name: product_category_product product_category_product_pkey; Type: CONSTRAINT; Schema: public; Owner: -
--

ALTER TABLE ONLY public.product_category_product
    ADD CONSTRAINT product_category_product_pkey PRIMARY KEY (product_id, product_category_id);


--
-- Name: product_collection product_collection_pkey; Type: CONSTRAINT; Schema: public; Owner: -
--

ALTER TABLE ONLY public.product_collection
    ADD CONSTRAINT product_collection_pkey PRIMARY KEY (id);


--
-- Name: product_option product_option_pkey; Type: CONSTRAINT; Schema: public; Owner: -
--

ALTER TABLE ONLY public.product_option
    ADD CONSTRAINT product_option_pkey PRIMARY KEY (id);


--
-- Name: product_option_value product_option_value_pkey; Type: CONSTRAINT; Schema: public; Owner: -
--

ALTER TABLE ONLY public.product_option_value
    ADD CONSTRAINT product_option_value_pkey PRIMARY KEY (id);


--
-- Name: product product_pkey; Type: CONSTRAINT; Schema: public; Owner: -
--

ALTER TABLE ONLY public.product
    ADD CONSTRAINT product_pkey PRIMARY KEY (id);


--
-- Name: product_sales_channel product_sales_channel_pkey; Type: CONSTRAINT; Schema: public; Owner: -
--

ALTER TABLE ONLY public.product_sales_channel
    ADD CONSTRAINT product_sales_channel_pkey PRIMARY KEY (product_id, sales_channel_id);


--
-- Name: product_shipping_profile product_shipping_profile_pkey; Type: CONSTRAINT; Schema: public; Owner: -
--

ALTER TABLE ONLY public.product_shipping_profile
    ADD CONSTRAINT product_shipping_profile_pkey PRIMARY KEY (product_id, shipping_profile_id);


--
-- Name: product_tag product_tag_pkey; Type: CONSTRAINT; Schema: public; Owner: -
--

ALTER TABLE ONLY public.product_tag
    ADD CONSTRAINT product_tag_pkey PRIMARY KEY (id);


--
-- Name: product_tags product_tags_pkey; Type: CONSTRAINT; Schema: public; Owner: -
--

ALTER TABLE ONLY public.product_tags
    ADD CONSTRAINT product_tags_pkey PRIMARY KEY (product_id, product_tag_id);


--
-- Name: product_type product_type_pkey; Type: CONSTRAINT; Schema: public; Owner: -
--

ALTER TABLE ONLY public.product_type
    ADD CONSTRAINT product_type_pkey PRIMARY KEY (id);


--
-- Name: product_variant_inventory_item product_variant_inventory_item_pkey; Type: CONSTRAINT; Schema: public; Owner: -
--

ALTER TABLE ONLY public.product_variant_inventory_item
    ADD CONSTRAINT product_variant_inventory_item_pkey PRIMARY KEY (variant_id, inventory_item_id);


--
-- Name: product_variant_option product_variant_option_pkey; Type: CONSTRAINT; Schema: public; Owner: -
--

ALTER TABLE ONLY public.product_variant_option
    ADD CONSTRAINT product_variant_option_pkey PRIMARY KEY (variant_id, option_value_id);


--
-- Name: product_variant product_variant_pkey; Type: CONSTRAINT; Schema: public; Owner: -
--

ALTER TABLE ONLY public.product_variant
    ADD CONSTRAINT product_variant_pkey PRIMARY KEY (id);


--
-- Name: product_variant_price_set product_variant_price_set_pkey; Type: CONSTRAINT; Schema: public; Owner: -
--

ALTER TABLE ONLY public.product_variant_price_set
    ADD CONSTRAINT product_variant_price_set_pkey PRIMARY KEY (variant_id, price_set_id);


--
-- Name: promotion_application_method promotion_application_method_pkey; Type: CONSTRAINT; Schema: public; Owner: -
--

ALTER TABLE ONLY public.promotion_application_method
    ADD CONSTRAINT promotion_application_method_pkey PRIMARY KEY (id);


--
-- Name: promotion_campaign_budget promotion_campaign_budget_pkey; Type: CONSTRAINT; Schema: public; Owner: -
--

ALTER TABLE ONLY public.promotion_campaign_budget
    ADD CONSTRAINT promotion_campaign_budget_pkey PRIMARY KEY (id);


--
-- Name: promotion_campaign promotion_campaign_pkey; Type: CONSTRAINT; Schema: public; Owner: -
--

ALTER TABLE ONLY public.promotion_campaign
    ADD CONSTRAINT promotion_campaign_pkey PRIMARY KEY (id);


--
-- Name: promotion promotion_pkey; Type: CONSTRAINT; Schema: public; Owner: -
--

ALTER TABLE ONLY public.promotion
    ADD CONSTRAINT promotion_pkey PRIMARY KEY (id);


--
-- Name: promotion_promotion_rule promotion_promotion_rule_pkey; Type: CONSTRAINT; Schema: public; Owner: -
--

ALTER TABLE ONLY public.promotion_promotion_rule
    ADD CONSTRAINT promotion_promotion_rule_pkey PRIMARY KEY (promotion_id, promotion_rule_id);


--
-- Name: promotion_rule promotion_rule_pkey; Type: CONSTRAINT; Schema: public; Owner: -
--

ALTER TABLE ONLY public.promotion_rule
    ADD CONSTRAINT promotion_rule_pkey PRIMARY KEY (id);


--
-- Name: promotion_rule_value promotion_rule_value_pkey; Type: CONSTRAINT; Schema: public; Owner: -
--

ALTER TABLE ONLY public.promotion_rule_value
    ADD CONSTRAINT promotion_rule_value_pkey PRIMARY KEY (id);


--
-- Name: provider_identity provider_identity_pkey; Type: CONSTRAINT; Schema: public; Owner: -
--

ALTER TABLE ONLY public.provider_identity
    ADD CONSTRAINT provider_identity_pkey PRIMARY KEY (id);


--
-- Name: publishable_api_key_sales_channel publishable_api_key_sales_channel_pkey; Type: CONSTRAINT; Schema: public; Owner: -
--

ALTER TABLE ONLY public.publishable_api_key_sales_channel
    ADD CONSTRAINT publishable_api_key_sales_channel_pkey PRIMARY KEY (publishable_key_id, sales_channel_id);


--
-- Name: refund refund_pkey; Type: CONSTRAINT; Schema: public; Owner: -
--

ALTER TABLE ONLY public.refund
    ADD CONSTRAINT refund_pkey PRIMARY KEY (id);


--
-- Name: refund_reason refund_reason_pkey; Type: CONSTRAINT; Schema: public; Owner: -
--

ALTER TABLE ONLY public.refund_reason
    ADD CONSTRAINT refund_reason_pkey PRIMARY KEY (id);


--
-- Name: region_country region_country_pkey; Type: CONSTRAINT; Schema: public; Owner: -
--

ALTER TABLE ONLY public.region_country
    ADD CONSTRAINT region_country_pkey PRIMARY KEY (iso_2);


--
-- Name: region_payment_provider region_payment_provider_pkey; Type: CONSTRAINT; Schema: public; Owner: -
--

ALTER TABLE ONLY public.region_payment_provider
    ADD CONSTRAINT region_payment_provider_pkey PRIMARY KEY (region_id, payment_provider_id);


--
-- Name: region region_pkey; Type: CONSTRAINT; Schema: public; Owner: -
--

ALTER TABLE ONLY public.region
    ADD CONSTRAINT region_pkey PRIMARY KEY (id);


--
-- Name: reservation_item reservation_item_pkey; Type: CONSTRAINT; Schema: public; Owner: -
--

ALTER TABLE ONLY public.reservation_item
    ADD CONSTRAINT reservation_item_pkey PRIMARY KEY (id);


--
-- Name: return_fulfillment return_fulfillment_pkey; Type: CONSTRAINT; Schema: public; Owner: -
--

ALTER TABLE ONLY public.return_fulfillment
    ADD CONSTRAINT return_fulfillment_pkey PRIMARY KEY (return_id, fulfillment_id);


--
-- Name: return_item return_item_pkey; Type: CONSTRAINT; Schema: public; Owner: -
--

ALTER TABLE ONLY public.return_item
    ADD CONSTRAINT return_item_pkey PRIMARY KEY (id);


--
-- Name: return return_pkey; Type: CONSTRAINT; Schema: public; Owner: -
--

ALTER TABLE ONLY public.return
    ADD CONSTRAINT return_pkey PRIMARY KEY (id);


--
-- Name: return_reason return_reason_pkey; Type: CONSTRAINT; Schema: public; Owner: -
--

ALTER TABLE ONLY public.return_reason
    ADD CONSTRAINT return_reason_pkey PRIMARY KEY (id);


--
-- Name: review review_pkey; Type: CONSTRAINT; Schema: public; Owner: -
--

ALTER TABLE ONLY public.review
    ADD CONSTRAINT review_pkey PRIMARY KEY (id);


--
-- Name: sales_channel sales_channel_pkey; Type: CONSTRAINT; Schema: public; Owner: -
--

ALTER TABLE ONLY public.sales_channel
    ADD CONSTRAINT sales_channel_pkey PRIMARY KEY (id);


--
-- Name: sales_channel_stock_location sales_channel_stock_location_pkey; Type: CONSTRAINT; Schema: public; Owner: -
--

ALTER TABLE ONLY public.sales_channel_stock_location
    ADD CONSTRAINT sales_channel_stock_location_pkey PRIMARY KEY (sales_channel_id, stock_location_id);


--
-- Name: script_migrations script_migrations_pkey; Type: CONSTRAINT; Schema: public; Owner: -
--

ALTER TABLE ONLY public.script_migrations
    ADD CONSTRAINT script_migrations_pkey PRIMARY KEY (id);


--
-- Name: service_zone service_zone_pkey; Type: CONSTRAINT; Schema: public; Owner: -
--

ALTER TABLE ONLY public.service_zone
    ADD CONSTRAINT service_zone_pkey PRIMARY KEY (id);


--
-- Name: shipping_option shipping_option_pkey; Type: CONSTRAINT; Schema: public; Owner: -
--

ALTER TABLE ONLY public.shipping_option
    ADD CONSTRAINT shipping_option_pkey PRIMARY KEY (id);


--
-- Name: shipping_option_price_set shipping_option_price_set_pkey; Type: CONSTRAINT; Schema: public; Owner: -
--

ALTER TABLE ONLY public.shipping_option_price_set
    ADD CONSTRAINT shipping_option_price_set_pkey PRIMARY KEY (shipping_option_id, price_set_id);


--
-- Name: shipping_option_rule shipping_option_rule_pkey; Type: CONSTRAINT; Schema: public; Owner: -
--

ALTER TABLE ONLY public.shipping_option_rule
    ADD CONSTRAINT shipping_option_rule_pkey PRIMARY KEY (id);


--
-- Name: shipping_option_type shipping_option_type_pkey; Type: CONSTRAINT; Schema: public; Owner: -
--

ALTER TABLE ONLY public.shipping_option_type
    ADD CONSTRAINT shipping_option_type_pkey PRIMARY KEY (id);


--
-- Name: shipping_profile shipping_profile_pkey; Type: CONSTRAINT; Schema: public; Owner: -
--

ALTER TABLE ONLY public.shipping_profile
    ADD CONSTRAINT shipping_profile_pkey PRIMARY KEY (id);


--
-- Name: stock_location_address stock_location_address_pkey; Type: CONSTRAINT; Schema: public; Owner: -
--

ALTER TABLE ONLY public.stock_location_address
    ADD CONSTRAINT stock_location_address_pkey PRIMARY KEY (id);


--
-- Name: stock_location stock_location_pkey; Type: CONSTRAINT; Schema: public; Owner: -
--

ALTER TABLE ONLY public.stock_location
    ADD CONSTRAINT stock_location_pkey PRIMARY KEY (id);


--
-- Name: store_currency store_currency_pkey; Type: CONSTRAINT; Schema: public; Owner: -
--

ALTER TABLE ONLY public.store_currency
    ADD CONSTRAINT store_currency_pkey PRIMARY KEY (id);


--
-- Name: store store_pkey; Type: CONSTRAINT; Schema: public; Owner: -
--

ALTER TABLE ONLY public.store
    ADD CONSTRAINT store_pkey PRIMARY KEY (id);


--
-- Name: tax_provider tax_provider_pkey; Type: CONSTRAINT; Schema: public; Owner: -
--

ALTER TABLE ONLY public.tax_provider
    ADD CONSTRAINT tax_provider_pkey PRIMARY KEY (id);


--
-- Name: tax_rate tax_rate_pkey; Type: CONSTRAINT; Schema: public; Owner: -
--

ALTER TABLE ONLY public.tax_rate
    ADD CONSTRAINT tax_rate_pkey PRIMARY KEY (id);


--
-- Name: tax_rate_rule tax_rate_rule_pkey; Type: CONSTRAINT; Schema: public; Owner: -
--

ALTER TABLE ONLY public.tax_rate_rule
    ADD CONSTRAINT tax_rate_rule_pkey PRIMARY KEY (id);


--
-- Name: tax_region tax_region_pkey; Type: CONSTRAINT; Schema: public; Owner: -
--

ALTER TABLE ONLY public.tax_region
    ADD CONSTRAINT tax_region_pkey PRIMARY KEY (id);


--
-- Name: user user_pkey; Type: CONSTRAINT; Schema: public; Owner: -
--

ALTER TABLE ONLY public."user"
    ADD CONSTRAINT user_pkey PRIMARY KEY (id);


--
-- Name: IDX_INGREDIENT_PRODUCT_ID; Type: INDEX; Schema: public; Owner: -
--

CREATE INDEX "IDX_INGREDIENT_PRODUCT_ID" ON public.ingredient USING btree (product_id) WHERE (deleted_at IS NULL);


--
-- Name: IDX_REVIEW_PRODUCT_ID; Type: INDEX; Schema: public; Owner: -
--

CREATE INDEX "IDX_REVIEW_PRODUCT_ID" ON public.review USING btree (product_id) WHERE (deleted_at IS NULL);


--
-- Name: IDX_account_holder_deleted_at; Type: INDEX; Schema: public; Owner: -
--

CREATE INDEX "IDX_account_holder_deleted_at" ON public.account_holder USING btree (deleted_at) WHERE (deleted_at IS NULL);


--
-- Name: IDX_account_holder_id_5cb3a0c0; Type: INDEX; Schema: public; Owner: -
--

CREATE INDEX "IDX_account_holder_id_5cb3a0c0" ON public.customer_account_holder USING btree (account_holder_id);


--
-- Name: IDX_account_holder_provider_id_external_id_unique; Type: INDEX; Schema: public; Owner: -
--

CREATE UNIQUE INDEX "IDX_account_holder_provider_id_external_id_unique" ON public.account_holder USING btree (provider_id, external_id) WHERE (deleted_at IS NULL);


--
-- Name: IDX_adjustment_item_id; Type: INDEX; Schema: public; Owner: -
--

CREATE INDEX "IDX_adjustment_item_id" ON public.cart_line_item_adjustment USING btree (item_id) WHERE (deleted_at IS NULL);


--
-- Name: IDX_adjustment_shipping_method_id; Type: INDEX; Schema: public; Owner: -
--

CREATE INDEX "IDX_adjustment_shipping_method_id" ON public.cart_shipping_method_adjustment USING btree (shipping_method_id) WHERE (deleted_at IS NULL);


--
-- Name: IDX_api_key_deleted_at; Type: INDEX; Schema: public; Owner: -
--

CREATE INDEX "IDX_api_key_deleted_at" ON public.api_key USING btree (deleted_at) WHERE (deleted_at IS NULL);


--
-- Name: IDX_api_key_token_unique; Type: INDEX; Schema: public; Owner: -
--

CREATE UNIQUE INDEX "IDX_api_key_token_unique" ON public.api_key USING btree (token);


--
-- Name: IDX_api_key_type; Type: INDEX; Schema: public; Owner: -
--

CREATE INDEX "IDX_api_key_type" ON public.api_key USING btree (type);


--
-- Name: IDX_application_method_allocation; Type: INDEX; Schema: public; Owner: -
--

CREATE INDEX "IDX_application_method_allocation" ON public.promotion_application_method USING btree (allocation);


--
-- Name: IDX_application_method_target_type; Type: INDEX; Schema: public; Owner: -
--

CREATE INDEX "IDX_application_method_target_type" ON public.promotion_application_method USING btree (target_type);


--
-- Name: IDX_application_method_type; Type: INDEX; Schema: public; Owner: -
--

CREATE INDEX "IDX_application_method_type" ON public.promotion_application_method USING btree (type);


--
-- Name: IDX_auth_identity_deleted_at; Type: INDEX; Schema: public; Owner: -
--

CREATE INDEX "IDX_auth_identity_deleted_at" ON public.auth_identity USING btree (deleted_at) WHERE (deleted_at IS NULL);


--
-- Name: IDX_brand_deleted_at; Type: INDEX; Schema: public; Owner: -
--

CREATE INDEX "IDX_brand_deleted_at" ON public.brand USING btree (deleted_at) WHERE (deleted_at IS NULL);


--
-- Name: IDX_campaign_budget_type; Type: INDEX; Schema: public; Owner: -
--

CREATE INDEX "IDX_campaign_budget_type" ON public.promotion_campaign_budget USING btree (type);


--
-- Name: IDX_capture_deleted_at; Type: INDEX; Schema: public; Owner: -
--

CREATE INDEX "IDX_capture_deleted_at" ON public.capture USING btree (deleted_at);


--
-- Name: IDX_capture_payment_id; Type: INDEX; Schema: public; Owner: -
--

CREATE INDEX "IDX_capture_payment_id" ON public.capture USING btree (payment_id) WHERE (deleted_at IS NULL);


--
-- Name: IDX_cart_address_deleted_at; Type: INDEX; Schema: public; Owner: -
--

CREATE INDEX "IDX_cart_address_deleted_at" ON public.cart_address USING btree (deleted_at) WHERE (deleted_at IS NOT NULL);


--
-- Name: IDX_cart_billing_address_id; Type: INDEX; Schema: public; Owner: -
--

CREATE INDEX "IDX_cart_billing_address_id" ON public.cart USING btree (billing_address_id) WHERE ((deleted_at IS NULL) AND (billing_address_id IS NOT NULL));


--
-- Name: IDX_cart_currency_code; Type: INDEX; Schema: public; Owner: -
--

CREATE INDEX "IDX_cart_currency_code" ON public.cart USING btree (currency_code);


--
-- Name: IDX_cart_customer_id; Type: INDEX; Schema: public; Owner: -
--

CREATE INDEX "IDX_cart_customer_id" ON public.cart USING btree (customer_id) WHERE ((deleted_at IS NULL) AND (customer_id IS NOT NULL));


--
-- Name: IDX_cart_deleted_at; Type: INDEX; Schema: public; Owner: -
--

CREATE INDEX "IDX_cart_deleted_at" ON public.cart USING btree (deleted_at) WHERE (deleted_at IS NOT NULL);


--
-- Name: IDX_cart_id_-4a39f6c9; Type: INDEX; Schema: public; Owner: -
--

CREATE INDEX "IDX_cart_id_-4a39f6c9" ON public.cart_payment_collection USING btree (cart_id);


--
-- Name: IDX_cart_id_-71069c16; Type: INDEX; Schema: public; Owner: -
--

CREATE INDEX "IDX_cart_id_-71069c16" ON public.order_cart USING btree (cart_id);


--
-- Name: IDX_cart_id_-a9d4a70b; Type: INDEX; Schema: public; Owner: -
--

CREATE INDEX "IDX_cart_id_-a9d4a70b" ON public.cart_promotion USING btree (cart_id);


--
-- Name: IDX_cart_line_item_adjustment_deleted_at; Type: INDEX; Schema: public; Owner: -
--

CREATE INDEX "IDX_cart_line_item_adjustment_deleted_at" ON public.cart_line_item_adjustment USING btree (deleted_at) WHERE (deleted_at IS NOT NULL);


--
-- Name: IDX_cart_line_item_adjustment_item_id; Type: INDEX; Schema: public; Owner: -
--

CREATE INDEX "IDX_cart_line_item_adjustment_item_id" ON public.cart_line_item_adjustment USING btree (item_id) WHERE (deleted_at IS NULL);


--
-- Name: IDX_cart_line_item_cart_id; Type: INDEX; Schema: public; Owner: -
--

CREATE INDEX "IDX_cart_line_item_cart_id" ON public.cart_line_item USING btree (cart_id) WHERE (deleted_at IS NULL);


--
-- Name: IDX_cart_line_item_deleted_at; Type: INDEX; Schema: public; Owner: -
--

CREATE INDEX "IDX_cart_line_item_deleted_at" ON public.cart_line_item USING btree (deleted_at) WHERE (deleted_at IS NOT NULL);


--
-- Name: IDX_cart_line_item_tax_line_deleted_at; Type: INDEX; Schema: public; Owner: -
--

CREATE INDEX "IDX_cart_line_item_tax_line_deleted_at" ON public.cart_line_item_tax_line USING btree (deleted_at) WHERE (deleted_at IS NOT NULL);


--
-- Name: IDX_cart_line_item_tax_line_item_id; Type: INDEX; Schema: public; Owner: -
--

CREATE INDEX "IDX_cart_line_item_tax_line_item_id" ON public.cart_line_item_tax_line USING btree (item_id) WHERE (deleted_at IS NULL);


--
-- Name: IDX_cart_region_id; Type: INDEX; Schema: public; Owner: -
--

CREATE INDEX "IDX_cart_region_id" ON public.cart USING btree (region_id) WHERE ((deleted_at IS NULL) AND (region_id IS NOT NULL));


--
-- Name: IDX_cart_sales_channel_id; Type: INDEX; Schema: public; Owner: -
--

CREATE INDEX "IDX_cart_sales_channel_id" ON public.cart USING btree (sales_channel_id) WHERE ((deleted_at IS NULL) AND (sales_channel_id IS NOT NULL));


--
-- Name: IDX_cart_shipping_address_id; Type: INDEX; Schema: public; Owner: -
--

CREATE INDEX "IDX_cart_shipping_address_id" ON public.cart USING btree (shipping_address_id) WHERE ((deleted_at IS NULL) AND (shipping_address_id IS NOT NULL));


--
-- Name: IDX_cart_shipping_method_adjustment_deleted_at; Type: INDEX; Schema: public; Owner: -
--

CREATE INDEX "IDX_cart_shipping_method_adjustment_deleted_at" ON public.cart_shipping_method_adjustment USING btree (deleted_at) WHERE (deleted_at IS NOT NULL);


--
-- Name: IDX_cart_shipping_method_adjustment_shipping_method_id; Type: INDEX; Schema: public; Owner: -
--

CREATE INDEX "IDX_cart_shipping_method_adjustment_shipping_method_id" ON public.cart_shipping_method_adjustment USING btree (shipping_method_id) WHERE (deleted_at IS NULL);


--
-- Name: IDX_cart_shipping_method_cart_id; Type: INDEX; Schema: public; Owner: -
--

CREATE INDEX "IDX_cart_shipping_method_cart_id" ON public.cart_shipping_method USING btree (cart_id) WHERE (deleted_at IS NULL);


--
-- Name: IDX_cart_shipping_method_deleted_at; Type: INDEX; Schema: public; Owner: -
--

CREATE INDEX "IDX_cart_shipping_method_deleted_at" ON public.cart_shipping_method USING btree (deleted_at) WHERE (deleted_at IS NOT NULL);


--
-- Name: IDX_cart_shipping_method_tax_line_deleted_at; Type: INDEX; Schema: public; Owner: -
--

CREATE INDEX "IDX_cart_shipping_method_tax_line_deleted_at" ON public.cart_shipping_method_tax_line USING btree (deleted_at) WHERE (deleted_at IS NOT NULL);


--
-- Name: IDX_cart_shipping_method_tax_line_shipping_method_id; Type: INDEX; Schema: public; Owner: -
--

CREATE INDEX "IDX_cart_shipping_method_tax_line_shipping_method_id" ON public.cart_shipping_method_tax_line USING btree (shipping_method_id) WHERE (deleted_at IS NULL);


--
-- Name: IDX_category_handle_unique; Type: INDEX; Schema: public; Owner: -
--

CREATE UNIQUE INDEX "IDX_category_handle_unique" ON public.product_category USING btree (handle) WHERE (deleted_at IS NULL);


--
-- Name: IDX_collection_handle_unique; Type: INDEX; Schema: public; Owner: -
--

CREATE UNIQUE INDEX "IDX_collection_handle_unique" ON public.product_collection USING btree (handle) WHERE (deleted_at IS NULL);


--
-- Name: IDX_customer_address_customer_id; Type: INDEX; Schema: public; Owner: -
--

CREATE INDEX "IDX_customer_address_customer_id" ON public.customer_address USING btree (customer_id);


--
-- Name: IDX_customer_address_deleted_at; Type: INDEX; Schema: public; Owner: -
--

CREATE INDEX "IDX_customer_address_deleted_at" ON public.customer_address USING btree (deleted_at) WHERE (deleted_at IS NULL);


--
-- Name: IDX_customer_address_unique_customer_billing; Type: INDEX; Schema: public; Owner: -
--

CREATE UNIQUE INDEX "IDX_customer_address_unique_customer_billing" ON public.customer_address USING btree (customer_id) WHERE (is_default_billing = true);


--
-- Name: IDX_customer_address_unique_customer_shipping; Type: INDEX; Schema: public; Owner: -
--

CREATE UNIQUE INDEX "IDX_customer_address_unique_customer_shipping" ON public.customer_address USING btree (customer_id) WHERE (is_default_shipping = true);


--
-- Name: IDX_customer_deleted_at; Type: INDEX; Schema: public; Owner: -
--

CREATE INDEX "IDX_customer_deleted_at" ON public.customer USING btree (deleted_at) WHERE (deleted_at IS NULL);


--
-- Name: IDX_customer_email_has_account_unique; Type: INDEX; Schema: public; Owner: -
--

CREATE UNIQUE INDEX "IDX_customer_email_has_account_unique" ON public.customer USING btree (email, has_account) WHERE (deleted_at IS NULL);


--
-- Name: IDX_customer_group_customer_customer_group_id; Type: INDEX; Schema: public; Owner: -
--

CREATE INDEX "IDX_customer_group_customer_customer_group_id" ON public.customer_group_customer USING btree (customer_group_id) WHERE (deleted_at IS NULL);


--
-- Name: IDX_customer_group_customer_customer_id; Type: INDEX; Schema: public; Owner: -
--

CREATE INDEX "IDX_customer_group_customer_customer_id" ON public.customer_group_customer USING btree (customer_id);


--
-- Name: IDX_customer_group_customer_deleted_at; Type: INDEX; Schema: public; Owner: -
--

CREATE INDEX "IDX_customer_group_customer_deleted_at" ON public.customer_group_customer USING btree (deleted_at) WHERE (deleted_at IS NULL);


--
-- Name: IDX_customer_group_deleted_at; Type: INDEX; Schema: public; Owner: -
--

CREATE INDEX "IDX_customer_group_deleted_at" ON public.customer_group USING btree (deleted_at) WHERE (deleted_at IS NULL);


--
-- Name: IDX_customer_group_name; Type: INDEX; Schema: public; Owner: -
--

CREATE UNIQUE INDEX "IDX_customer_group_name" ON public.customer_group USING btree (name) WHERE (deleted_at IS NULL);


--
-- Name: IDX_customer_group_name_unique; Type: INDEX; Schema: public; Owner: -
--

CREATE UNIQUE INDEX "IDX_customer_group_name_unique" ON public.customer_group USING btree (name) WHERE (deleted_at IS NULL);


--
-- Name: IDX_customer_id_5cb3a0c0; Type: INDEX; Schema: public; Owner: -
--

CREATE INDEX "IDX_customer_id_5cb3a0c0" ON public.customer_account_holder USING btree (customer_id);


--
-- Name: IDX_deleted_at_-1d67bae40; Type: INDEX; Schema: public; Owner: -
--

CREATE INDEX "IDX_deleted_at_-1d67bae40" ON public.publishable_api_key_sales_channel USING btree (deleted_at);


--
-- Name: IDX_deleted_at_-1e5992737; Type: INDEX; Schema: public; Owner: -
--

CREATE INDEX "IDX_deleted_at_-1e5992737" ON public.location_fulfillment_provider USING btree (deleted_at);


--
-- Name: IDX_deleted_at_-31ea43a; Type: INDEX; Schema: public; Owner: -
--

CREATE INDEX "IDX_deleted_at_-31ea43a" ON public.return_fulfillment USING btree (deleted_at);


--
-- Name: IDX_deleted_at_-4a39f6c9; Type: INDEX; Schema: public; Owner: -
--

CREATE INDEX "IDX_deleted_at_-4a39f6c9" ON public.cart_payment_collection USING btree (deleted_at);


--
-- Name: IDX_deleted_at_-71069c16; Type: INDEX; Schema: public; Owner: -
--

CREATE INDEX "IDX_deleted_at_-71069c16" ON public.order_cart USING btree (deleted_at);


--
-- Name: IDX_deleted_at_-71518339; Type: INDEX; Schema: public; Owner: -
--

CREATE INDEX "IDX_deleted_at_-71518339" ON public.order_promotion USING btree (deleted_at);


--
-- Name: IDX_deleted_at_-a9d4a70b; Type: INDEX; Schema: public; Owner: -
--

CREATE INDEX "IDX_deleted_at_-a9d4a70b" ON public.cart_promotion USING btree (deleted_at);


--
-- Name: IDX_deleted_at_-e88adb96; Type: INDEX; Schema: public; Owner: -
--

CREATE INDEX "IDX_deleted_at_-e88adb96" ON public.location_fulfillment_set USING btree (deleted_at);


--
-- Name: IDX_deleted_at_-e8d2543e; Type: INDEX; Schema: public; Owner: -
--

CREATE INDEX "IDX_deleted_at_-e8d2543e" ON public.order_fulfillment USING btree (deleted_at);


--
-- Name: IDX_deleted_at_17a262437; Type: INDEX; Schema: public; Owner: -
--

CREATE INDEX "IDX_deleted_at_17a262437" ON public.product_shipping_profile USING btree (deleted_at);


--
-- Name: IDX_deleted_at_17b4c4e35; Type: INDEX; Schema: public; Owner: -
--

CREATE INDEX "IDX_deleted_at_17b4c4e35" ON public.product_variant_inventory_item USING btree (deleted_at);


--
-- Name: IDX_deleted_at_1c934dab0; Type: INDEX; Schema: public; Owner: -
--

CREATE INDEX "IDX_deleted_at_1c934dab0" ON public.region_payment_provider USING btree (deleted_at);


--
-- Name: IDX_deleted_at_20b454295; Type: INDEX; Schema: public; Owner: -
--

CREATE INDEX "IDX_deleted_at_20b454295" ON public.product_sales_channel USING btree (deleted_at);


--
-- Name: IDX_deleted_at_26d06f470; Type: INDEX; Schema: public; Owner: -
--

CREATE INDEX "IDX_deleted_at_26d06f470" ON public.sales_channel_stock_location USING btree (deleted_at);


--
-- Name: IDX_deleted_at_52b23597; Type: INDEX; Schema: public; Owner: -
--

CREATE INDEX "IDX_deleted_at_52b23597" ON public.product_variant_price_set USING btree (deleted_at);


--
-- Name: IDX_deleted_at_5cb3a0c0; Type: INDEX; Schema: public; Owner: -
--

CREATE INDEX "IDX_deleted_at_5cb3a0c0" ON public.customer_account_holder USING btree (deleted_at);


--
-- Name: IDX_deleted_at_ba32fa9c; Type: INDEX; Schema: public; Owner: -
--

CREATE INDEX "IDX_deleted_at_ba32fa9c" ON public.shipping_option_price_set USING btree (deleted_at);


--
-- Name: IDX_deleted_at_f42b9949; Type: INDEX; Schema: public; Owner: -
--

CREATE INDEX "IDX_deleted_at_f42b9949" ON public.order_payment_collection USING btree (deleted_at);


--
-- Name: IDX_fulfillment_address_deleted_at; Type: INDEX; Schema: public; Owner: -
--

CREATE INDEX "IDX_fulfillment_address_deleted_at" ON public.fulfillment_address USING btree (deleted_at) WHERE (deleted_at IS NOT NULL);


--
-- Name: IDX_fulfillment_deleted_at; Type: INDEX; Schema: public; Owner: -
--

CREATE INDEX "IDX_fulfillment_deleted_at" ON public.fulfillment USING btree (deleted_at) WHERE (deleted_at IS NOT NULL);


--
-- Name: IDX_fulfillment_id_-31ea43a; Type: INDEX; Schema: public; Owner: -
--

CREATE INDEX "IDX_fulfillment_id_-31ea43a" ON public.return_fulfillment USING btree (fulfillment_id);


--
-- Name: IDX_fulfillment_id_-e8d2543e; Type: INDEX; Schema: public; Owner: -
--

CREATE INDEX "IDX_fulfillment_id_-e8d2543e" ON public.order_fulfillment USING btree (fulfillment_id);


--
-- Name: IDX_fulfillment_item_deleted_at; Type: INDEX; Schema: public; Owner: -
--

CREATE INDEX "IDX_fulfillment_item_deleted_at" ON public.fulfillment_item USING btree (deleted_at) WHERE (deleted_at IS NOT NULL);


--
-- Name: IDX_fulfillment_item_fulfillment_id; Type: INDEX; Schema: public; Owner: -
--

CREATE INDEX "IDX_fulfillment_item_fulfillment_id" ON public.fulfillment_item USING btree (fulfillment_id) WHERE (deleted_at IS NULL);


--
-- Name: IDX_fulfillment_item_inventory_item_id; Type: INDEX; Schema: public; Owner: -
--

CREATE INDEX "IDX_fulfillment_item_inventory_item_id" ON public.fulfillment_item USING btree (inventory_item_id) WHERE (deleted_at IS NULL);


--
-- Name: IDX_fulfillment_item_line_item_id; Type: INDEX; Schema: public; Owner: -
--

CREATE INDEX "IDX_fulfillment_item_line_item_id" ON public.fulfillment_item USING btree (line_item_id) WHERE (deleted_at IS NULL);


--
-- Name: IDX_fulfillment_label_deleted_at; Type: INDEX; Schema: public; Owner: -
--

CREATE INDEX "IDX_fulfillment_label_deleted_at" ON public.fulfillment_label USING btree (deleted_at) WHERE (deleted_at IS NOT NULL);


--
-- Name: IDX_fulfillment_label_fulfillment_id; Type: INDEX; Schema: public; Owner: -
--

CREATE INDEX "IDX_fulfillment_label_fulfillment_id" ON public.fulfillment_label USING btree (fulfillment_id) WHERE (deleted_at IS NULL);


--
-- Name: IDX_fulfillment_location_id; Type: INDEX; Schema: public; Owner: -
--

CREATE INDEX "IDX_fulfillment_location_id" ON public.fulfillment USING btree (location_id) WHERE (deleted_at IS NULL);


--
-- Name: IDX_fulfillment_provider_deleted_at; Type: INDEX; Schema: public; Owner: -
--

CREATE INDEX "IDX_fulfillment_provider_deleted_at" ON public.fulfillment_provider USING btree (deleted_at) WHERE (deleted_at IS NULL);


--
-- Name: IDX_fulfillment_provider_id_-1e5992737; Type: INDEX; Schema: public; Owner: -
--

CREATE INDEX "IDX_fulfillment_provider_id_-1e5992737" ON public.location_fulfillment_provider USING btree (fulfillment_provider_id);


--
-- Name: IDX_fulfillment_set_deleted_at; Type: INDEX; Schema: public; Owner: -
--

CREATE INDEX "IDX_fulfillment_set_deleted_at" ON public.fulfillment_set USING btree (deleted_at) WHERE (deleted_at IS NOT NULL);


--
-- Name: IDX_fulfillment_set_id_-e88adb96; Type: INDEX; Schema: public; Owner: -
--

CREATE INDEX "IDX_fulfillment_set_id_-e88adb96" ON public.location_fulfillment_set USING btree (fulfillment_set_id);


--
-- Name: IDX_fulfillment_set_name_unique; Type: INDEX; Schema: public; Owner: -
--

CREATE UNIQUE INDEX "IDX_fulfillment_set_name_unique" ON public.fulfillment_set USING btree (name) WHERE (deleted_at IS NULL);


--
-- Name: IDX_fulfillment_shipping_option_id; Type: INDEX; Schema: public; Owner: -
--

CREATE INDEX "IDX_fulfillment_shipping_option_id" ON public.fulfillment USING btree (shipping_option_id) WHERE (deleted_at IS NULL);


--
-- Name: IDX_geo_zone_city; Type: INDEX; Schema: public; Owner: -
--

CREATE INDEX "IDX_geo_zone_city" ON public.geo_zone USING btree (city) WHERE ((deleted_at IS NULL) AND (city IS NOT NULL));


--
-- Name: IDX_geo_zone_country_code; Type: INDEX; Schema: public; Owner: -
--

CREATE INDEX "IDX_geo_zone_country_code" ON public.geo_zone USING btree (country_code) WHERE (deleted_at IS NULL);


--
-- Name: IDX_geo_zone_deleted_at; Type: INDEX; Schema: public; Owner: -
--

CREATE INDEX "IDX_geo_zone_deleted_at" ON public.geo_zone USING btree (deleted_at) WHERE (deleted_at IS NOT NULL);


--
-- Name: IDX_geo_zone_province_code; Type: INDEX; Schema: public; Owner: -
--

CREATE INDEX "IDX_geo_zone_province_code" ON public.geo_zone USING btree (province_code) WHERE ((deleted_at IS NULL) AND (province_code IS NOT NULL));


--
-- Name: IDX_geo_zone_service_zone_id; Type: INDEX; Schema: public; Owner: -
--

CREATE INDEX "IDX_geo_zone_service_zone_id" ON public.geo_zone USING btree (service_zone_id) WHERE (deleted_at IS NULL);


--
-- Name: IDX_id_-1d67bae40; Type: INDEX; Schema: public; Owner: -
--

CREATE INDEX "IDX_id_-1d67bae40" ON public.publishable_api_key_sales_channel USING btree (id);


--
-- Name: IDX_id_-1e5992737; Type: INDEX; Schema: public; Owner: -
--

CREATE INDEX "IDX_id_-1e5992737" ON public.location_fulfillment_provider USING btree (id);


--
-- Name: IDX_id_-31ea43a; Type: INDEX; Schema: public; Owner: -
--

CREATE INDEX "IDX_id_-31ea43a" ON public.return_fulfillment USING btree (id);


--
-- Name: IDX_id_-4a39f6c9; Type: INDEX; Schema: public; Owner: -
--

CREATE INDEX "IDX_id_-4a39f6c9" ON public.cart_payment_collection USING btree (id);


--
-- Name: IDX_id_-71069c16; Type: INDEX; Schema: public; Owner: -
--

CREATE INDEX "IDX_id_-71069c16" ON public.order_cart USING btree (id);


--
-- Name: IDX_id_-71518339; Type: INDEX; Schema: public; Owner: -
--

CREATE INDEX "IDX_id_-71518339" ON public.order_promotion USING btree (id);


--
-- Name: IDX_id_-a9d4a70b; Type: INDEX; Schema: public; Owner: -
--

CREATE INDEX "IDX_id_-a9d4a70b" ON public.cart_promotion USING btree (id);


--
-- Name: IDX_id_-e88adb96; Type: INDEX; Schema: public; Owner: -
--

CREATE INDEX "IDX_id_-e88adb96" ON public.location_fulfillment_set USING btree (id);


--
-- Name: IDX_id_-e8d2543e; Type: INDEX; Schema: public; Owner: -
--

CREATE INDEX "IDX_id_-e8d2543e" ON public.order_fulfillment USING btree (id);


--
-- Name: IDX_id_17a262437; Type: INDEX; Schema: public; Owner: -
--

CREATE INDEX "IDX_id_17a262437" ON public.product_shipping_profile USING btree (id);


--
-- Name: IDX_id_17b4c4e35; Type: INDEX; Schema: public; Owner: -
--

CREATE INDEX "IDX_id_17b4c4e35" ON public.product_variant_inventory_item USING btree (id);


--
-- Name: IDX_id_1c934dab0; Type: INDEX; Schema: public; Owner: -
--

CREATE INDEX "IDX_id_1c934dab0" ON public.region_payment_provider USING btree (id);


--
-- Name: IDX_id_20b454295; Type: INDEX; Schema: public; Owner: -
--

CREATE INDEX "IDX_id_20b454295" ON public.product_sales_channel USING btree (id);


--
-- Name: IDX_id_26d06f470; Type: INDEX; Schema: public; Owner: -
--

CREATE INDEX "IDX_id_26d06f470" ON public.sales_channel_stock_location USING btree (id);


--
-- Name: IDX_id_52b23597; Type: INDEX; Schema: public; Owner: -
--

CREATE INDEX "IDX_id_52b23597" ON public.product_variant_price_set USING btree (id);


--
-- Name: IDX_id_5cb3a0c0; Type: INDEX; Schema: public; Owner: -
--

CREATE INDEX "IDX_id_5cb3a0c0" ON public.customer_account_holder USING btree (id);


--
-- Name: IDX_id_ba32fa9c; Type: INDEX; Schema: public; Owner: -
--

CREATE INDEX "IDX_id_ba32fa9c" ON public.shipping_option_price_set USING btree (id);


--
-- Name: IDX_id_f42b9949; Type: INDEX; Schema: public; Owner: -
--

CREATE INDEX "IDX_id_f42b9949" ON public.order_payment_collection USING btree (id);


--
-- Name: IDX_image_deleted_at; Type: INDEX; Schema: public; Owner: -
--

CREATE INDEX "IDX_image_deleted_at" ON public.image USING btree (deleted_at) WHERE (deleted_at IS NULL);


--
-- Name: IDX_ingredient_deleted_at; Type: INDEX; Schema: public; Owner: -
--

CREATE INDEX "IDX_ingredient_deleted_at" ON public.ingredient USING btree (deleted_at) WHERE (deleted_at IS NULL);


--
-- Name: IDX_inventory_item_deleted_at; Type: INDEX; Schema: public; Owner: -
--

CREATE INDEX "IDX_inventory_item_deleted_at" ON public.inventory_item USING btree (deleted_at) WHERE (deleted_at IS NOT NULL);


--
-- Name: IDX_inventory_item_id_17b4c4e35; Type: INDEX; Schema: public; Owner: -
--

CREATE INDEX "IDX_inventory_item_id_17b4c4e35" ON public.product_variant_inventory_item USING btree (inventory_item_id);


--
-- Name: IDX_inventory_item_sku; Type: INDEX; Schema: public; Owner: -
--

CREATE UNIQUE INDEX "IDX_inventory_item_sku" ON public.inventory_item USING btree (sku) WHERE (deleted_at IS NULL);


--
-- Name: IDX_inventory_level_deleted_at; Type: INDEX; Schema: public; Owner: -
--

CREATE INDEX "IDX_inventory_level_deleted_at" ON public.inventory_level USING btree (deleted_at) WHERE (deleted_at IS NOT NULL);


--
-- Name: IDX_inventory_level_inventory_item_id; Type: INDEX; Schema: public; Owner: -
--

CREATE INDEX "IDX_inventory_level_inventory_item_id" ON public.inventory_level USING btree (inventory_item_id) WHERE (deleted_at IS NULL);


--
-- Name: IDX_inventory_level_item_location; Type: INDEX; Schema: public; Owner: -
--

CREATE UNIQUE INDEX "IDX_inventory_level_item_location" ON public.inventory_level USING btree (inventory_item_id, location_id) WHERE (deleted_at IS NULL);


--
-- Name: IDX_inventory_level_location_id; Type: INDEX; Schema: public; Owner: -
--

CREATE INDEX "IDX_inventory_level_location_id" ON public.inventory_level USING btree (location_id) WHERE (deleted_at IS NULL);


--
-- Name: IDX_inventory_level_location_id_inventory_item_id; Type: INDEX; Schema: public; Owner: -
--

CREATE UNIQUE INDEX "IDX_inventory_level_location_id_inventory_item_id" ON public.inventory_level USING btree (inventory_item_id, location_id) WHERE (deleted_at IS NULL);


--
-- Name: IDX_invite_deleted_at; Type: INDEX; Schema: public; Owner: -
--

CREATE INDEX "IDX_invite_deleted_at" ON public.invite USING btree (deleted_at) WHERE (deleted_at IS NOT NULL);


--
-- Name: IDX_invite_email_unique; Type: INDEX; Schema: public; Owner: -
--

CREATE UNIQUE INDEX "IDX_invite_email_unique" ON public.invite USING btree (email) WHERE (deleted_at IS NULL);


--
-- Name: IDX_invite_token; Type: INDEX; Schema: public; Owner: -
--

CREATE INDEX "IDX_invite_token" ON public.invite USING btree (token) WHERE (deleted_at IS NULL);


--
-- Name: IDX_line_item_adjustment_promotion_id; Type: INDEX; Schema: public; Owner: -
--

CREATE INDEX "IDX_line_item_adjustment_promotion_id" ON public.cart_line_item_adjustment USING btree (promotion_id) WHERE ((deleted_at IS NULL) AND (promotion_id IS NOT NULL));


--
-- Name: IDX_line_item_cart_id; Type: INDEX; Schema: public; Owner: -
--

CREATE INDEX "IDX_line_item_cart_id" ON public.cart_line_item USING btree (cart_id) WHERE (deleted_at IS NULL);


--
-- Name: IDX_line_item_product_id; Type: INDEX; Schema: public; Owner: -
--

CREATE INDEX "IDX_line_item_product_id" ON public.cart_line_item USING btree (product_id) WHERE ((deleted_at IS NULL) AND (product_id IS NOT NULL));


--
-- Name: IDX_line_item_product_type_id; Type: INDEX; Schema: public; Owner: -
--

CREATE INDEX "IDX_line_item_product_type_id" ON public.cart_line_item USING btree (product_type_id) WHERE ((deleted_at IS NULL) AND (product_type_id IS NOT NULL));


--
-- Name: IDX_line_item_tax_line_tax_rate_id; Type: INDEX; Schema: public; Owner: -
--

CREATE INDEX "IDX_line_item_tax_line_tax_rate_id" ON public.cart_line_item_tax_line USING btree (tax_rate_id) WHERE ((deleted_at IS NULL) AND (tax_rate_id IS NOT NULL));


--
-- Name: IDX_line_item_variant_id; Type: INDEX; Schema: public; Owner: -
--

CREATE INDEX "IDX_line_item_variant_id" ON public.cart_line_item USING btree (variant_id) WHERE ((deleted_at IS NULL) AND (variant_id IS NOT NULL));


--
-- Name: IDX_notification_deleted_at; Type: INDEX; Schema: public; Owner: -
--

CREATE INDEX "IDX_notification_deleted_at" ON public.notification USING btree (deleted_at) WHERE (deleted_at IS NULL);


--
-- Name: IDX_notification_idempotency_key_unique; Type: INDEX; Schema: public; Owner: -
--

CREATE UNIQUE INDEX "IDX_notification_idempotency_key_unique" ON public.notification USING btree (idempotency_key) WHERE (deleted_at IS NULL);


--
-- Name: IDX_notification_provider_deleted_at; Type: INDEX; Schema: public; Owner: -
--

CREATE INDEX "IDX_notification_provider_deleted_at" ON public.notification_provider USING btree (deleted_at) WHERE (deleted_at IS NULL);


--
-- Name: IDX_notification_provider_id; Type: INDEX; Schema: public; Owner: -
--

CREATE INDEX "IDX_notification_provider_id" ON public.notification USING btree (provider_id);


--
-- Name: IDX_notification_receiver_id; Type: INDEX; Schema: public; Owner: -
--

CREATE INDEX "IDX_notification_receiver_id" ON public.notification USING btree (receiver_id);


--
-- Name: IDX_option_product_id_title_unique; Type: INDEX; Schema: public; Owner: -
--

CREATE UNIQUE INDEX "IDX_option_product_id_title_unique" ON public.product_option USING btree (product_id, title) WHERE (deleted_at IS NULL);


--
-- Name: IDX_option_value_option_id_unique; Type: INDEX; Schema: public; Owner: -
--

CREATE UNIQUE INDEX "IDX_option_value_option_id_unique" ON public.product_option_value USING btree (option_id, value) WHERE (deleted_at IS NULL);


--
-- Name: IDX_order_address_customer_id; Type: INDEX; Schema: public; Owner: -
--

CREATE INDEX "IDX_order_address_customer_id" ON public.order_address USING btree (customer_id);


--
-- Name: IDX_order_address_deleted_at; Type: INDEX; Schema: public; Owner: -
--

CREATE INDEX "IDX_order_address_deleted_at" ON public.order_address USING btree (deleted_at) WHERE (deleted_at IS NULL);


--
-- Name: IDX_order_billing_address_id; Type: INDEX; Schema: public; Owner: -
--

CREATE INDEX "IDX_order_billing_address_id" ON public."order" USING btree (billing_address_id) WHERE (deleted_at IS NULL);


--
-- Name: IDX_order_change_action_claim_id; Type: INDEX; Schema: public; Owner: -
--

CREATE INDEX "IDX_order_change_action_claim_id" ON public.order_change_action USING btree (claim_id) WHERE ((claim_id IS NOT NULL) AND (deleted_at IS NULL));


--
-- Name: IDX_order_change_action_deleted_at; Type: INDEX; Schema: public; Owner: -
--

CREATE INDEX "IDX_order_change_action_deleted_at" ON public.order_change_action USING btree (deleted_at);


--
-- Name: IDX_order_change_action_exchange_id; Type: INDEX; Schema: public; Owner: -
--

CREATE INDEX "IDX_order_change_action_exchange_id" ON public.order_change_action USING btree (exchange_id) WHERE ((exchange_id IS NOT NULL) AND (deleted_at IS NULL));


--
-- Name: IDX_order_change_action_order_change_id; Type: INDEX; Schema: public; Owner: -
--

CREATE INDEX "IDX_order_change_action_order_change_id" ON public.order_change_action USING btree (order_change_id);


--
-- Name: IDX_order_change_action_order_id; Type: INDEX; Schema: public; Owner: -
--

CREATE INDEX "IDX_order_change_action_order_id" ON public.order_change_action USING btree (order_id);


--
-- Name: IDX_order_change_action_ordering; Type: INDEX; Schema: public; Owner: -
--

CREATE INDEX "IDX_order_change_action_ordering" ON public.order_change_action USING btree (ordering);


--
-- Name: IDX_order_change_action_return_id; Type: INDEX; Schema: public; Owner: -
--

CREATE INDEX "IDX_order_change_action_return_id" ON public.order_change_action USING btree (return_id) WHERE ((return_id IS NOT NULL) AND (deleted_at IS NULL));


--
-- Name: IDX_order_change_change_type; Type: INDEX; Schema: public; Owner: -
--

CREATE INDEX "IDX_order_change_change_type" ON public.order_change USING btree (change_type);


--
-- Name: IDX_order_change_claim_id; Type: INDEX; Schema: public; Owner: -
--

CREATE INDEX "IDX_order_change_claim_id" ON public.order_change USING btree (claim_id) WHERE ((claim_id IS NOT NULL) AND (deleted_at IS NULL));


--
-- Name: IDX_order_change_deleted_at; Type: INDEX; Schema: public; Owner: -
--

CREATE INDEX "IDX_order_change_deleted_at" ON public.order_change USING btree (deleted_at);


--
-- Name: IDX_order_change_exchange_id; Type: INDEX; Schema: public; Owner: -
--

CREATE INDEX "IDX_order_change_exchange_id" ON public.order_change USING btree (exchange_id) WHERE ((exchange_id IS NOT NULL) AND (deleted_at IS NULL));


--
-- Name: IDX_order_change_order_id; Type: INDEX; Schema: public; Owner: -
--

CREATE INDEX "IDX_order_change_order_id" ON public.order_change USING btree (order_id);


--
-- Name: IDX_order_change_order_id_version; Type: INDEX; Schema: public; Owner: -
--

CREATE INDEX "IDX_order_change_order_id_version" ON public.order_change USING btree (order_id, version);


--
-- Name: IDX_order_change_return_id; Type: INDEX; Schema: public; Owner: -
--

CREATE INDEX "IDX_order_change_return_id" ON public.order_change USING btree (return_id) WHERE ((return_id IS NOT NULL) AND (deleted_at IS NULL));


--
-- Name: IDX_order_change_status; Type: INDEX; Schema: public; Owner: -
--

CREATE INDEX "IDX_order_change_status" ON public.order_change USING btree (status);


--
-- Name: IDX_order_claim_deleted_at; Type: INDEX; Schema: public; Owner: -
--

CREATE INDEX "IDX_order_claim_deleted_at" ON public.order_claim USING btree (deleted_at) WHERE (deleted_at IS NULL);


--
-- Name: IDX_order_claim_display_id; Type: INDEX; Schema: public; Owner: -
--

CREATE INDEX "IDX_order_claim_display_id" ON public.order_claim USING btree (display_id) WHERE (deleted_at IS NULL);


--
-- Name: IDX_order_claim_item_claim_id; Type: INDEX; Schema: public; Owner: -
--

CREATE INDEX "IDX_order_claim_item_claim_id" ON public.order_claim_item USING btree (claim_id) WHERE (deleted_at IS NULL);


--
-- Name: IDX_order_claim_item_deleted_at; Type: INDEX; Schema: public; Owner: -
--

CREATE INDEX "IDX_order_claim_item_deleted_at" ON public.order_claim_item USING btree (deleted_at) WHERE (deleted_at IS NULL);


--
-- Name: IDX_order_claim_item_image_claim_item_id; Type: INDEX; Schema: public; Owner: -
--

CREATE INDEX "IDX_order_claim_item_image_claim_item_id" ON public.order_claim_item_image USING btree (claim_item_id) WHERE (deleted_at IS NOT NULL);


--
-- Name: IDX_order_claim_item_image_deleted_at; Type: INDEX; Schema: public; Owner: -
--

CREATE INDEX "IDX_order_claim_item_image_deleted_at" ON public.order_claim_item_image USING btree (deleted_at) WHERE (deleted_at IS NOT NULL);


--
-- Name: IDX_order_claim_item_item_id; Type: INDEX; Schema: public; Owner: -
--

CREATE INDEX "IDX_order_claim_item_item_id" ON public.order_claim_item USING btree (item_id) WHERE (deleted_at IS NULL);


--
-- Name: IDX_order_claim_order_id; Type: INDEX; Schema: public; Owner: -
--

CREATE INDEX "IDX_order_claim_order_id" ON public.order_claim USING btree (order_id) WHERE (deleted_at IS NULL);


--
-- Name: IDX_order_claim_return_id; Type: INDEX; Schema: public; Owner: -
--

CREATE INDEX "IDX_order_claim_return_id" ON public.order_claim USING btree (return_id) WHERE ((return_id IS NOT NULL) AND (deleted_at IS NULL));


--
-- Name: IDX_order_credit_line_deleted_at; Type: INDEX; Schema: public; Owner: -
--

CREATE INDEX "IDX_order_credit_line_deleted_at" ON public.order_credit_line USING btree (deleted_at) WHERE (deleted_at IS NOT NULL);


--
-- Name: IDX_order_credit_line_order_id; Type: INDEX; Schema: public; Owner: -
--

CREATE INDEX "IDX_order_credit_line_order_id" ON public.order_credit_line USING btree (order_id) WHERE (deleted_at IS NOT NULL);


--
-- Name: IDX_order_currency_code; Type: INDEX; Schema: public; Owner: -
--

CREATE INDEX "IDX_order_currency_code" ON public."order" USING btree (currency_code) WHERE (deleted_at IS NULL);


--
-- Name: IDX_order_customer_id; Type: INDEX; Schema: public; Owner: -
--

CREATE INDEX "IDX_order_customer_id" ON public."order" USING btree (customer_id) WHERE (deleted_at IS NULL);


--
-- Name: IDX_order_deleted_at; Type: INDEX; Schema: public; Owner: -
--

CREATE INDEX "IDX_order_deleted_at" ON public."order" USING btree (deleted_at);


--
-- Name: IDX_order_display_id; Type: INDEX; Schema: public; Owner: -
--

CREATE INDEX "IDX_order_display_id" ON public."order" USING btree (display_id) WHERE (deleted_at IS NULL);


--
-- Name: IDX_order_exchange_deleted_at; Type: INDEX; Schema: public; Owner: -
--

CREATE INDEX "IDX_order_exchange_deleted_at" ON public.order_exchange USING btree (deleted_at) WHERE (deleted_at IS NULL);


--
-- Name: IDX_order_exchange_display_id; Type: INDEX; Schema: public; Owner: -
--

CREATE INDEX "IDX_order_exchange_display_id" ON public.order_exchange USING btree (display_id) WHERE (deleted_at IS NULL);


--
-- Name: IDX_order_exchange_item_deleted_at; Type: INDEX; Schema: public; Owner: -
--

CREATE INDEX "IDX_order_exchange_item_deleted_at" ON public.order_exchange_item USING btree (deleted_at) WHERE (deleted_at IS NULL);


--
-- Name: IDX_order_exchange_item_exchange_id; Type: INDEX; Schema: public; Owner: -
--

CREATE INDEX "IDX_order_exchange_item_exchange_id" ON public.order_exchange_item USING btree (exchange_id) WHERE (deleted_at IS NULL);


--
-- Name: IDX_order_exchange_item_item_id; Type: INDEX; Schema: public; Owner: -
--

CREATE INDEX "IDX_order_exchange_item_item_id" ON public.order_exchange_item USING btree (item_id) WHERE (deleted_at IS NULL);


--
-- Name: IDX_order_exchange_order_id; Type: INDEX; Schema: public; Owner: -
--

CREATE INDEX "IDX_order_exchange_order_id" ON public.order_exchange USING btree (order_id) WHERE (deleted_at IS NULL);


--
-- Name: IDX_order_exchange_return_id; Type: INDEX; Schema: public; Owner: -
--

CREATE INDEX "IDX_order_exchange_return_id" ON public.order_exchange USING btree (return_id) WHERE ((return_id IS NOT NULL) AND (deleted_at IS NULL));


--
-- Name: IDX_order_id_-71069c16; Type: INDEX; Schema: public; Owner: -
--

CREATE INDEX "IDX_order_id_-71069c16" ON public.order_cart USING btree (order_id);


--
-- Name: IDX_order_id_-71518339; Type: INDEX; Schema: public; Owner: -
--

CREATE INDEX "IDX_order_id_-71518339" ON public.order_promotion USING btree (order_id);


--
-- Name: IDX_order_id_-e8d2543e; Type: INDEX; Schema: public; Owner: -
--

CREATE INDEX "IDX_order_id_-e8d2543e" ON public.order_fulfillment USING btree (order_id);


--
-- Name: IDX_order_id_f42b9949; Type: INDEX; Schema: public; Owner: -
--

CREATE INDEX "IDX_order_id_f42b9949" ON public.order_payment_collection USING btree (order_id);


--
-- Name: IDX_order_is_draft_order; Type: INDEX; Schema: public; Owner: -
--

CREATE INDEX "IDX_order_is_draft_order" ON public."order" USING btree (is_draft_order) WHERE (deleted_at IS NULL);


--
-- Name: IDX_order_item_deleted_at; Type: INDEX; Schema: public; Owner: -
--

CREATE INDEX "IDX_order_item_deleted_at" ON public.order_item USING btree (deleted_at) WHERE (deleted_at IS NOT NULL);


--
-- Name: IDX_order_item_item_id; Type: INDEX; Schema: public; Owner: -
--

CREATE INDEX "IDX_order_item_item_id" ON public.order_item USING btree (item_id) WHERE (deleted_at IS NULL);


--
-- Name: IDX_order_item_order_id; Type: INDEX; Schema: public; Owner: -
--

CREATE INDEX "IDX_order_item_order_id" ON public.order_item USING btree (order_id) WHERE (deleted_at IS NULL);


--
-- Name: IDX_order_item_order_id_version; Type: INDEX; Schema: public; Owner: -
--

CREATE INDEX "IDX_order_item_order_id_version" ON public.order_item USING btree (order_id, version) WHERE (deleted_at IS NULL);


--
-- Name: IDX_order_line_item_adjustment_item_id; Type: INDEX; Schema: public; Owner: -
--

CREATE INDEX "IDX_order_line_item_adjustment_item_id" ON public.order_line_item_adjustment USING btree (item_id) WHERE (deleted_at IS NULL);


--
-- Name: IDX_order_line_item_product_id; Type: INDEX; Schema: public; Owner: -
--

CREATE INDEX "IDX_order_line_item_product_id" ON public.order_line_item USING btree (product_id) WHERE (deleted_at IS NULL);


--
-- Name: IDX_order_line_item_tax_line_item_id; Type: INDEX; Schema: public; Owner: -
--

CREATE INDEX "IDX_order_line_item_tax_line_item_id" ON public.order_line_item_tax_line USING btree (item_id) WHERE (deleted_at IS NULL);


--
-- Name: IDX_order_line_item_variant_id; Type: INDEX; Schema: public; Owner: -
--

CREATE INDEX "IDX_order_line_item_variant_id" ON public.order_line_item USING btree (variant_id) WHERE (deleted_at IS NULL);


--
-- Name: IDX_order_region_id; Type: INDEX; Schema: public; Owner: -
--

CREATE INDEX "IDX_order_region_id" ON public."order" USING btree (region_id) WHERE (deleted_at IS NULL);


--
-- Name: IDX_order_shipping_address_id; Type: INDEX; Schema: public; Owner: -
--

CREATE INDEX "IDX_order_shipping_address_id" ON public."order" USING btree (shipping_address_id) WHERE (deleted_at IS NULL);


--
-- Name: IDX_order_shipping_claim_id; Type: INDEX; Schema: public; Owner: -
--

CREATE INDEX "IDX_order_shipping_claim_id" ON public.order_shipping USING btree (claim_id) WHERE ((claim_id IS NOT NULL) AND (deleted_at IS NULL));


--
-- Name: IDX_order_shipping_deleted_at; Type: INDEX; Schema: public; Owner: -
--

CREATE INDEX "IDX_order_shipping_deleted_at" ON public.order_shipping USING btree (deleted_at) WHERE (deleted_at IS NOT NULL);


--
-- Name: IDX_order_shipping_exchange_id; Type: INDEX; Schema: public; Owner: -
--

CREATE INDEX "IDX_order_shipping_exchange_id" ON public.order_shipping USING btree (exchange_id) WHERE ((exchange_id IS NOT NULL) AND (deleted_at IS NULL));


--
-- Name: IDX_order_shipping_item_id; Type: INDEX; Schema: public; Owner: -
--

CREATE INDEX "IDX_order_shipping_item_id" ON public.order_shipping USING btree (shipping_method_id) WHERE (deleted_at IS NULL);


--
-- Name: IDX_order_shipping_method_adjustment_shipping_method_id; Type: INDEX; Schema: public; Owner: -
--

CREATE INDEX "IDX_order_shipping_method_adjustment_shipping_method_id" ON public.order_shipping_method_adjustment USING btree (shipping_method_id) WHERE (deleted_at IS NULL);


--
-- Name: IDX_order_shipping_method_shipping_option_id; Type: INDEX; Schema: public; Owner: -
--

CREATE INDEX "IDX_order_shipping_method_shipping_option_id" ON public.order_shipping_method USING btree (shipping_option_id) WHERE (deleted_at IS NULL);


--
-- Name: IDX_order_shipping_method_tax_line_shipping_method_id; Type: INDEX; Schema: public; Owner: -
--

CREATE INDEX "IDX_order_shipping_method_tax_line_shipping_method_id" ON public.order_shipping_method_tax_line USING btree (shipping_method_id) WHERE (deleted_at IS NULL);


--
-- Name: IDX_order_shipping_order_id; Type: INDEX; Schema: public; Owner: -
--

CREATE INDEX "IDX_order_shipping_order_id" ON public.order_shipping USING btree (order_id) WHERE (deleted_at IS NULL);


--
-- Name: IDX_order_shipping_order_id_version; Type: INDEX; Schema: public; Owner: -
--

CREATE INDEX "IDX_order_shipping_order_id_version" ON public.order_shipping USING btree (order_id, version) WHERE (deleted_at IS NULL);


--
-- Name: IDX_order_shipping_return_id; Type: INDEX; Schema: public; Owner: -
--

CREATE INDEX "IDX_order_shipping_return_id" ON public.order_shipping USING btree (return_id) WHERE ((return_id IS NOT NULL) AND (deleted_at IS NULL));


--
-- Name: IDX_order_summary_deleted_at; Type: INDEX; Schema: public; Owner: -
--

CREATE INDEX "IDX_order_summary_deleted_at" ON public.order_summary USING btree (deleted_at) WHERE (deleted_at IS NOT NULL);


--
-- Name: IDX_order_summary_order_id_version; Type: INDEX; Schema: public; Owner: -
--

CREATE INDEX "IDX_order_summary_order_id_version" ON public.order_summary USING btree (order_id, version) WHERE (deleted_at IS NULL);


--
-- Name: IDX_order_transaction_claim_id; Type: INDEX; Schema: public; Owner: -
--

CREATE INDEX "IDX_order_transaction_claim_id" ON public.order_transaction USING btree (claim_id) WHERE ((claim_id IS NOT NULL) AND (deleted_at IS NULL));


--
-- Name: IDX_order_transaction_currency_code; Type: INDEX; Schema: public; Owner: -
--

CREATE INDEX "IDX_order_transaction_currency_code" ON public.order_transaction USING btree (currency_code) WHERE (deleted_at IS NULL);


--
-- Name: IDX_order_transaction_exchange_id; Type: INDEX; Schema: public; Owner: -
--

CREATE INDEX "IDX_order_transaction_exchange_id" ON public.order_transaction USING btree (exchange_id) WHERE ((exchange_id IS NOT NULL) AND (deleted_at IS NULL));


--
-- Name: IDX_order_transaction_order_id_version; Type: INDEX; Schema: public; Owner: -
--

CREATE INDEX "IDX_order_transaction_order_id_version" ON public.order_transaction USING btree (order_id, version) WHERE (deleted_at IS NULL);


--
-- Name: IDX_order_transaction_reference_id; Type: INDEX; Schema: public; Owner: -
--

CREATE INDEX "IDX_order_transaction_reference_id" ON public.order_transaction USING btree (reference_id) WHERE (deleted_at IS NULL);


--
-- Name: IDX_order_transaction_return_id; Type: INDEX; Schema: public; Owner: -
--

CREATE INDEX "IDX_order_transaction_return_id" ON public.order_transaction USING btree (return_id) WHERE ((return_id IS NOT NULL) AND (deleted_at IS NULL));


--
-- Name: IDX_payment_collection_deleted_at; Type: INDEX; Schema: public; Owner: -
--

CREATE INDEX "IDX_payment_collection_deleted_at" ON public.payment_collection USING btree (deleted_at) WHERE (deleted_at IS NOT NULL);


--
-- Name: IDX_payment_collection_id_-4a39f6c9; Type: INDEX; Schema: public; Owner: -
--

CREATE INDEX "IDX_payment_collection_id_-4a39f6c9" ON public.cart_payment_collection USING btree (payment_collection_id);


--
-- Name: IDX_payment_collection_id_f42b9949; Type: INDEX; Schema: public; Owner: -
--

CREATE INDEX "IDX_payment_collection_id_f42b9949" ON public.order_payment_collection USING btree (payment_collection_id);


--
-- Name: IDX_payment_deleted_at; Type: INDEX; Schema: public; Owner: -
--

CREATE INDEX "IDX_payment_deleted_at" ON public.payment USING btree (deleted_at) WHERE (deleted_at IS NOT NULL);


--
-- Name: IDX_payment_payment_collection_id; Type: INDEX; Schema: public; Owner: -
--

CREATE INDEX "IDX_payment_payment_collection_id" ON public.payment USING btree (payment_collection_id) WHERE (deleted_at IS NULL);


--
-- Name: IDX_payment_payment_session_id; Type: INDEX; Schema: public; Owner: -
--

CREATE INDEX "IDX_payment_payment_session_id" ON public.payment USING btree (payment_session_id);


--
-- Name: IDX_payment_payment_session_id_unique; Type: INDEX; Schema: public; Owner: -
--

CREATE UNIQUE INDEX "IDX_payment_payment_session_id_unique" ON public.payment USING btree (payment_session_id) WHERE (deleted_at IS NULL);


--
-- Name: IDX_payment_provider_deleted_at; Type: INDEX; Schema: public; Owner: -
--

CREATE INDEX "IDX_payment_provider_deleted_at" ON public.payment_provider USING btree (deleted_at) WHERE (deleted_at IS NULL);


--
-- Name: IDX_payment_provider_id; Type: INDEX; Schema: public; Owner: -
--

CREATE INDEX "IDX_payment_provider_id" ON public.payment USING btree (provider_id) WHERE (deleted_at IS NULL);


--
-- Name: IDX_payment_provider_id_1c934dab0; Type: INDEX; Schema: public; Owner: -
--

CREATE INDEX "IDX_payment_provider_id_1c934dab0" ON public.region_payment_provider USING btree (payment_provider_id);


--
-- Name: IDX_payment_session_deleted_at; Type: INDEX; Schema: public; Owner: -
--

CREATE INDEX "IDX_payment_session_deleted_at" ON public.payment_session USING btree (deleted_at);


--
-- Name: IDX_payment_session_payment_collection_id; Type: INDEX; Schema: public; Owner: -
--

CREATE INDEX "IDX_payment_session_payment_collection_id" ON public.payment_session USING btree (payment_collection_id) WHERE (deleted_at IS NULL);


--
-- Name: IDX_price_currency_code; Type: INDEX; Schema: public; Owner: -
--

CREATE INDEX "IDX_price_currency_code" ON public.price USING btree (currency_code) WHERE (deleted_at IS NULL);


--
-- Name: IDX_price_deleted_at; Type: INDEX; Schema: public; Owner: -
--

CREATE INDEX "IDX_price_deleted_at" ON public.price USING btree (deleted_at) WHERE (deleted_at IS NOT NULL);


--
-- Name: IDX_price_list_deleted_at; Type: INDEX; Schema: public; Owner: -
--

CREATE INDEX "IDX_price_list_deleted_at" ON public.price_list USING btree (deleted_at) WHERE (deleted_at IS NOT NULL);


--
-- Name: IDX_price_list_rule_deleted_at; Type: INDEX; Schema: public; Owner: -
--

CREATE INDEX "IDX_price_list_rule_deleted_at" ON public.price_list_rule USING btree (deleted_at) WHERE (deleted_at IS NOT NULL);


--
-- Name: IDX_price_list_rule_price_list_id; Type: INDEX; Schema: public; Owner: -
--

CREATE INDEX "IDX_price_list_rule_price_list_id" ON public.price_list_rule USING btree (price_list_id) WHERE (deleted_at IS NOT NULL);


--
-- Name: IDX_price_preference_attribute_value; Type: INDEX; Schema: public; Owner: -
--

CREATE UNIQUE INDEX "IDX_price_preference_attribute_value" ON public.price_preference USING btree (attribute, value) WHERE (deleted_at IS NULL);


--
-- Name: IDX_price_preference_deleted_at; Type: INDEX; Schema: public; Owner: -
--

CREATE INDEX "IDX_price_preference_deleted_at" ON public.price_preference USING btree (deleted_at) WHERE (deleted_at IS NOT NULL);


--
-- Name: IDX_price_price_list_id; Type: INDEX; Schema: public; Owner: -
--

CREATE INDEX "IDX_price_price_list_id" ON public.price USING btree (price_list_id) WHERE (deleted_at IS NULL);


--
-- Name: IDX_price_price_set_id; Type: INDEX; Schema: public; Owner: -
--

CREATE INDEX "IDX_price_price_set_id" ON public.price USING btree (price_set_id) WHERE (deleted_at IS NULL);


--
-- Name: IDX_price_rule_deleted_at; Type: INDEX; Schema: public; Owner: -
--

CREATE INDEX "IDX_price_rule_deleted_at" ON public.price_rule USING btree (deleted_at) WHERE (deleted_at IS NOT NULL);


--
-- Name: IDX_price_rule_operator; Type: INDEX; Schema: public; Owner: -
--

CREATE INDEX "IDX_price_rule_operator" ON public.price_rule USING btree (operator);


--
-- Name: IDX_price_rule_price_id; Type: INDEX; Schema: public; Owner: -
--

CREATE INDEX "IDX_price_rule_price_id" ON public.price_rule USING btree (price_id) WHERE (deleted_at IS NULL);


--
-- Name: IDX_price_rule_price_id_attribute_operator_unique; Type: INDEX; Schema: public; Owner: -
--

CREATE UNIQUE INDEX "IDX_price_rule_price_id_attribute_operator_unique" ON public.price_rule USING btree (price_id, attribute, operator) WHERE (deleted_at IS NULL);


--
-- Name: IDX_price_set_deleted_at; Type: INDEX; Schema: public; Owner: -
--

CREATE INDEX "IDX_price_set_deleted_at" ON public.price_set USING btree (deleted_at) WHERE (deleted_at IS NOT NULL);


--
-- Name: IDX_price_set_id_52b23597; Type: INDEX; Schema: public; Owner: -
--

CREATE INDEX "IDX_price_set_id_52b23597" ON public.product_variant_price_set USING btree (price_set_id);


--
-- Name: IDX_price_set_id_ba32fa9c; Type: INDEX; Schema: public; Owner: -
--

CREATE INDEX "IDX_price_set_id_ba32fa9c" ON public.shipping_option_price_set USING btree (price_set_id);


--
-- Name: IDX_product_category_deleted_at; Type: INDEX; Schema: public; Owner: -
--

CREATE INDEX "IDX_product_category_deleted_at" ON public.product_collection USING btree (deleted_at);


--
-- Name: IDX_product_category_parent_category_id; Type: INDEX; Schema: public; Owner: -
--

CREATE INDEX "IDX_product_category_parent_category_id" ON public.product_category USING btree (parent_category_id) WHERE (deleted_at IS NULL);


--
-- Name: IDX_product_category_path; Type: INDEX; Schema: public; Owner: -
--

CREATE INDEX "IDX_product_category_path" ON public.product_category USING btree (mpath) WHERE (deleted_at IS NULL);


--
-- Name: IDX_product_collection_deleted_at; Type: INDEX; Schema: public; Owner: -
--

CREATE INDEX "IDX_product_collection_deleted_at" ON public.product_collection USING btree (deleted_at);


--
-- Name: IDX_product_collection_id; Type: INDEX; Schema: public; Owner: -
--

CREATE INDEX "IDX_product_collection_id" ON public.product USING btree (collection_id) WHERE (deleted_at IS NULL);


--
-- Name: IDX_product_deleted_at; Type: INDEX; Schema: public; Owner: -
--

CREATE INDEX "IDX_product_deleted_at" ON public.product USING btree (deleted_at);


--
-- Name: IDX_product_handle_unique; Type: INDEX; Schema: public; Owner: -
--

CREATE UNIQUE INDEX "IDX_product_handle_unique" ON public.product USING btree (handle) WHERE (deleted_at IS NULL);


--
-- Name: IDX_product_id_17a262437; Type: INDEX; Schema: public; Owner: -
--

CREATE INDEX "IDX_product_id_17a262437" ON public.product_shipping_profile USING btree (product_id);


--
-- Name: IDX_product_id_20b454295; Type: INDEX; Schema: public; Owner: -
--

CREATE INDEX "IDX_product_id_20b454295" ON public.product_sales_channel USING btree (product_id);


--
-- Name: IDX_product_image_url; Type: INDEX; Schema: public; Owner: -
--

CREATE INDEX "IDX_product_image_url" ON public.image USING btree (url) WHERE (deleted_at IS NULL);


--
-- Name: IDX_product_option_deleted_at; Type: INDEX; Schema: public; Owner: -
--

CREATE INDEX "IDX_product_option_deleted_at" ON public.product_option USING btree (deleted_at);


--
-- Name: IDX_product_option_product_id; Type: INDEX; Schema: public; Owner: -
--

CREATE INDEX "IDX_product_option_product_id" ON public.product_option USING btree (product_id) WHERE (deleted_at IS NULL);


--
-- Name: IDX_product_option_value_deleted_at; Type: INDEX; Schema: public; Owner: -
--

CREATE INDEX "IDX_product_option_value_deleted_at" ON public.product_option_value USING btree (deleted_at);


--
-- Name: IDX_product_option_value_option_id; Type: INDEX; Schema: public; Owner: -
--

CREATE INDEX "IDX_product_option_value_option_id" ON public.product_option_value USING btree (option_id) WHERE (deleted_at IS NULL);


--
-- Name: IDX_product_tag_deleted_at; Type: INDEX; Schema: public; Owner: -
--

CREATE INDEX "IDX_product_tag_deleted_at" ON public.product_tag USING btree (deleted_at);


--
-- Name: IDX_product_type_deleted_at; Type: INDEX; Schema: public; Owner: -
--

CREATE INDEX "IDX_product_type_deleted_at" ON public.product_type USING btree (deleted_at);


--
-- Name: IDX_product_type_id; Type: INDEX; Schema: public; Owner: -
--

CREATE INDEX "IDX_product_type_id" ON public.product USING btree (type_id) WHERE (deleted_at IS NULL);


--
-- Name: IDX_product_variant_barcode_unique; Type: INDEX; Schema: public; Owner: -
--

CREATE UNIQUE INDEX "IDX_product_variant_barcode_unique" ON public.product_variant USING btree (barcode) WHERE (deleted_at IS NULL);


--
-- Name: IDX_product_variant_deleted_at; Type: INDEX; Schema: public; Owner: -
--

CREATE INDEX "IDX_product_variant_deleted_at" ON public.product_variant USING btree (deleted_at);


--
-- Name: IDX_product_variant_ean_unique; Type: INDEX; Schema: public; Owner: -
--

CREATE UNIQUE INDEX "IDX_product_variant_ean_unique" ON public.product_variant USING btree (ean) WHERE (deleted_at IS NULL);


--
-- Name: IDX_product_variant_product_id; Type: INDEX; Schema: public; Owner: -
--

CREATE INDEX "IDX_product_variant_product_id" ON public.product_variant USING btree (product_id) WHERE (deleted_at IS NULL);


--
-- Name: IDX_product_variant_sku_unique; Type: INDEX; Schema: public; Owner: -
--

CREATE UNIQUE INDEX "IDX_product_variant_sku_unique" ON public.product_variant USING btree (sku) WHERE (deleted_at IS NULL);


--
-- Name: IDX_product_variant_upc_unique; Type: INDEX; Schema: public; Owner: -
--

CREATE UNIQUE INDEX "IDX_product_variant_upc_unique" ON public.product_variant USING btree (upc) WHERE (deleted_at IS NULL);


--
-- Name: IDX_promotion_application_method_currency_code; Type: INDEX; Schema: public; Owner: -
--

CREATE INDEX "IDX_promotion_application_method_currency_code" ON public.promotion_application_method USING btree (currency_code) WHERE (deleted_at IS NOT NULL);


--
-- Name: IDX_promotion_application_method_deleted_at; Type: INDEX; Schema: public; Owner: -
--

CREATE INDEX "IDX_promotion_application_method_deleted_at" ON public.promotion_application_method USING btree (deleted_at) WHERE (deleted_at IS NULL);


--
-- Name: IDX_promotion_application_method_promotion_id_unique; Type: INDEX; Schema: public; Owner: -
--

CREATE UNIQUE INDEX "IDX_promotion_application_method_promotion_id_unique" ON public.promotion_application_method USING btree (promotion_id) WHERE (deleted_at IS NULL);


--
-- Name: IDX_promotion_campaign_budget_campaign_id_unique; Type: INDEX; Schema: public; Owner: -
--

CREATE UNIQUE INDEX "IDX_promotion_campaign_budget_campaign_id_unique" ON public.promotion_campaign_budget USING btree (campaign_id) WHERE (deleted_at IS NULL);


--
-- Name: IDX_promotion_campaign_budget_deleted_at; Type: INDEX; Schema: public; Owner: -
--

CREATE INDEX "IDX_promotion_campaign_budget_deleted_at" ON public.promotion_campaign_budget USING btree (deleted_at) WHERE (deleted_at IS NULL);


--
-- Name: IDX_promotion_campaign_campaign_identifier_unique; Type: INDEX; Schema: public; Owner: -
--

CREATE UNIQUE INDEX "IDX_promotion_campaign_campaign_identifier_unique" ON public.promotion_campaign USING btree (campaign_identifier) WHERE (deleted_at IS NULL);


--
-- Name: IDX_promotion_campaign_deleted_at; Type: INDEX; Schema: public; Owner: -
--

CREATE INDEX "IDX_promotion_campaign_deleted_at" ON public.promotion_campaign USING btree (deleted_at) WHERE (deleted_at IS NULL);


--
-- Name: IDX_promotion_campaign_id; Type: INDEX; Schema: public; Owner: -
--

CREATE INDEX "IDX_promotion_campaign_id" ON public.promotion USING btree (campaign_id) WHERE (deleted_at IS NULL);


--
-- Name: IDX_promotion_code; Type: INDEX; Schema: public; Owner: -
--

CREATE INDEX "IDX_promotion_code" ON public.promotion USING btree (code);


--
-- Name: IDX_promotion_deleted_at; Type: INDEX; Schema: public; Owner: -
--

CREATE INDEX "IDX_promotion_deleted_at" ON public.promotion USING btree (deleted_at) WHERE (deleted_at IS NULL);


--
-- Name: IDX_promotion_id_-71518339; Type: INDEX; Schema: public; Owner: -
--

CREATE INDEX "IDX_promotion_id_-71518339" ON public.order_promotion USING btree (promotion_id);


--
-- Name: IDX_promotion_id_-a9d4a70b; Type: INDEX; Schema: public; Owner: -
--

CREATE INDEX "IDX_promotion_id_-a9d4a70b" ON public.cart_promotion USING btree (promotion_id);


--
-- Name: IDX_promotion_rule_attribute; Type: INDEX; Schema: public; Owner: -
--

CREATE INDEX "IDX_promotion_rule_attribute" ON public.promotion_rule USING btree (attribute);


--
-- Name: IDX_promotion_rule_deleted_at; Type: INDEX; Schema: public; Owner: -
--

CREATE INDEX "IDX_promotion_rule_deleted_at" ON public.promotion_rule USING btree (deleted_at) WHERE (deleted_at IS NULL);


--
-- Name: IDX_promotion_rule_operator; Type: INDEX; Schema: public; Owner: -
--

CREATE INDEX "IDX_promotion_rule_operator" ON public.promotion_rule USING btree (operator);


--
-- Name: IDX_promotion_rule_value_deleted_at; Type: INDEX; Schema: public; Owner: -
--

CREATE INDEX "IDX_promotion_rule_value_deleted_at" ON public.promotion_rule_value USING btree (deleted_at) WHERE (deleted_at IS NULL);


--
-- Name: IDX_promotion_rule_value_promotion_rule_id; Type: INDEX; Schema: public; Owner: -
--

CREATE INDEX "IDX_promotion_rule_value_promotion_rule_id" ON public.promotion_rule_value USING btree (promotion_rule_id) WHERE (deleted_at IS NULL);


--
-- Name: IDX_promotion_status; Type: INDEX; Schema: public; Owner: -
--

CREATE INDEX "IDX_promotion_status" ON public.promotion USING btree (status) WHERE (deleted_at IS NULL);


--
-- Name: IDX_promotion_type; Type: INDEX; Schema: public; Owner: -
--

CREATE INDEX "IDX_promotion_type" ON public.promotion USING btree (type);


--
-- Name: IDX_provider_identity_auth_identity_id; Type: INDEX; Schema: public; Owner: -
--

CREATE INDEX "IDX_provider_identity_auth_identity_id" ON public.provider_identity USING btree (auth_identity_id);


--
-- Name: IDX_provider_identity_deleted_at; Type: INDEX; Schema: public; Owner: -
--

CREATE INDEX "IDX_provider_identity_deleted_at" ON public.provider_identity USING btree (deleted_at) WHERE (deleted_at IS NULL);


--
-- Name: IDX_provider_identity_provider_entity_id; Type: INDEX; Schema: public; Owner: -
--

CREATE UNIQUE INDEX "IDX_provider_identity_provider_entity_id" ON public.provider_identity USING btree (entity_id, provider);


--
-- Name: IDX_publishable_key_id_-1d67bae40; Type: INDEX; Schema: public; Owner: -
--

CREATE INDEX "IDX_publishable_key_id_-1d67bae40" ON public.publishable_api_key_sales_channel USING btree (publishable_key_id);


--
-- Name: IDX_refund_deleted_at; Type: INDEX; Schema: public; Owner: -
--

CREATE INDEX "IDX_refund_deleted_at" ON public.refund USING btree (deleted_at);


--
-- Name: IDX_refund_payment_id; Type: INDEX; Schema: public; Owner: -
--

CREATE INDEX "IDX_refund_payment_id" ON public.refund USING btree (payment_id) WHERE (deleted_at IS NULL);


--
-- Name: IDX_refund_reason_deleted_at; Type: INDEX; Schema: public; Owner: -
--

CREATE INDEX "IDX_refund_reason_deleted_at" ON public.refund_reason USING btree (deleted_at) WHERE (deleted_at IS NULL);


--
-- Name: IDX_refund_refund_reason_id; Type: INDEX; Schema: public; Owner: -
--

CREATE INDEX "IDX_refund_refund_reason_id" ON public.refund USING btree (refund_reason_id) WHERE (deleted_at IS NULL);


--
-- Name: IDX_region_country_deleted_at; Type: INDEX; Schema: public; Owner: -
--

CREATE INDEX "IDX_region_country_deleted_at" ON public.region_country USING btree (deleted_at) WHERE (deleted_at IS NULL);


--
-- Name: IDX_region_country_region_id; Type: INDEX; Schema: public; Owner: -
--

CREATE INDEX "IDX_region_country_region_id" ON public.region_country USING btree (region_id) WHERE (deleted_at IS NULL);


--
-- Name: IDX_region_country_region_id_iso_2_unique; Type: INDEX; Schema: public; Owner: -
--

CREATE UNIQUE INDEX "IDX_region_country_region_id_iso_2_unique" ON public.region_country USING btree (region_id, iso_2);


--
-- Name: IDX_region_deleted_at; Type: INDEX; Schema: public; Owner: -
--

CREATE INDEX "IDX_region_deleted_at" ON public.region USING btree (deleted_at) WHERE (deleted_at IS NOT NULL);


--
-- Name: IDX_region_id_1c934dab0; Type: INDEX; Schema: public; Owner: -
--

CREATE INDEX "IDX_region_id_1c934dab0" ON public.region_payment_provider USING btree (region_id);


--
-- Name: IDX_reservation_item_deleted_at; Type: INDEX; Schema: public; Owner: -
--

CREATE INDEX "IDX_reservation_item_deleted_at" ON public.reservation_item USING btree (deleted_at) WHERE (deleted_at IS NOT NULL);


--
-- Name: IDX_reservation_item_inventory_item_id; Type: INDEX; Schema: public; Owner: -
--

CREATE INDEX "IDX_reservation_item_inventory_item_id" ON public.reservation_item USING btree (inventory_item_id) WHERE (deleted_at IS NULL);


--
-- Name: IDX_reservation_item_line_item_id; Type: INDEX; Schema: public; Owner: -
--

CREATE INDEX "IDX_reservation_item_line_item_id" ON public.reservation_item USING btree (line_item_id) WHERE (deleted_at IS NULL);


--
-- Name: IDX_reservation_item_location_id; Type: INDEX; Schema: public; Owner: -
--

CREATE INDEX "IDX_reservation_item_location_id" ON public.reservation_item USING btree (location_id) WHERE (deleted_at IS NULL);


--
-- Name: IDX_return_claim_id; Type: INDEX; Schema: public; Owner: -
--

CREATE INDEX "IDX_return_claim_id" ON public.return USING btree (claim_id) WHERE ((claim_id IS NOT NULL) AND (deleted_at IS NULL));


--
-- Name: IDX_return_display_id; Type: INDEX; Schema: public; Owner: -
--

CREATE INDEX "IDX_return_display_id" ON public.return USING btree (display_id) WHERE (deleted_at IS NULL);


--
-- Name: IDX_return_exchange_id; Type: INDEX; Schema: public; Owner: -
--

CREATE INDEX "IDX_return_exchange_id" ON public.return USING btree (exchange_id) WHERE ((exchange_id IS NOT NULL) AND (deleted_at IS NULL));


--
-- Name: IDX_return_id_-31ea43a; Type: INDEX; Schema: public; Owner: -
--

CREATE INDEX "IDX_return_id_-31ea43a" ON public.return_fulfillment USING btree (return_id);


--
-- Name: IDX_return_item_deleted_at; Type: INDEX; Schema: public; Owner: -
--

CREATE INDEX "IDX_return_item_deleted_at" ON public.return_item USING btree (deleted_at) WHERE (deleted_at IS NULL);


--
-- Name: IDX_return_item_item_id; Type: INDEX; Schema: public; Owner: -
--

CREATE INDEX "IDX_return_item_item_id" ON public.return_item USING btree (item_id) WHERE (deleted_at IS NULL);


--
-- Name: IDX_return_item_reason_id; Type: INDEX; Schema: public; Owner: -
--

CREATE INDEX "IDX_return_item_reason_id" ON public.return_item USING btree (reason_id) WHERE (deleted_at IS NULL);


--
-- Name: IDX_return_item_return_id; Type: INDEX; Schema: public; Owner: -
--

CREATE INDEX "IDX_return_item_return_id" ON public.return_item USING btree (return_id) WHERE (deleted_at IS NULL);


--
-- Name: IDX_return_order_id; Type: INDEX; Schema: public; Owner: -
--

CREATE INDEX "IDX_return_order_id" ON public.return USING btree (order_id) WHERE (deleted_at IS NULL);


--
-- Name: IDX_return_reason_value; Type: INDEX; Schema: public; Owner: -
--

CREATE UNIQUE INDEX "IDX_return_reason_value" ON public.return_reason USING btree (value) WHERE (deleted_at IS NULL);


--
-- Name: IDX_review_deleted_at; Type: INDEX; Schema: public; Owner: -
--

CREATE INDEX "IDX_review_deleted_at" ON public.review USING btree (deleted_at) WHERE (deleted_at IS NULL);


--
-- Name: IDX_sales_channel_deleted_at; Type: INDEX; Schema: public; Owner: -
--

CREATE INDEX "IDX_sales_channel_deleted_at" ON public.sales_channel USING btree (deleted_at);


--
-- Name: IDX_sales_channel_id_-1d67bae40; Type: INDEX; Schema: public; Owner: -
--

CREATE INDEX "IDX_sales_channel_id_-1d67bae40" ON public.publishable_api_key_sales_channel USING btree (sales_channel_id);


--
-- Name: IDX_sales_channel_id_20b454295; Type: INDEX; Schema: public; Owner: -
--

CREATE INDEX "IDX_sales_channel_id_20b454295" ON public.product_sales_channel USING btree (sales_channel_id);


--
-- Name: IDX_sales_channel_id_26d06f470; Type: INDEX; Schema: public; Owner: -
--

CREATE INDEX "IDX_sales_channel_id_26d06f470" ON public.sales_channel_stock_location USING btree (sales_channel_id);


--
-- Name: IDX_service_zone_deleted_at; Type: INDEX; Schema: public; Owner: -
--

CREATE INDEX "IDX_service_zone_deleted_at" ON public.service_zone USING btree (deleted_at) WHERE (deleted_at IS NOT NULL);


--
-- Name: IDX_service_zone_fulfillment_set_id; Type: INDEX; Schema: public; Owner: -
--

CREATE INDEX "IDX_service_zone_fulfillment_set_id" ON public.service_zone USING btree (fulfillment_set_id) WHERE (deleted_at IS NULL);


--
-- Name: IDX_service_zone_name_unique; Type: INDEX; Schema: public; Owner: -
--

CREATE UNIQUE INDEX "IDX_service_zone_name_unique" ON public.service_zone USING btree (name) WHERE (deleted_at IS NULL);


--
-- Name: IDX_shipping_method_adjustment_promotion_id; Type: INDEX; Schema: public; Owner: -
--

CREATE INDEX "IDX_shipping_method_adjustment_promotion_id" ON public.cart_shipping_method_adjustment USING btree (promotion_id) WHERE ((deleted_at IS NULL) AND (promotion_id IS NOT NULL));


--
-- Name: IDX_shipping_method_cart_id; Type: INDEX; Schema: public; Owner: -
--

CREATE INDEX "IDX_shipping_method_cart_id" ON public.cart_shipping_method USING btree (cart_id) WHERE (deleted_at IS NULL);


--
-- Name: IDX_shipping_method_option_id; Type: INDEX; Schema: public; Owner: -
--

CREATE INDEX "IDX_shipping_method_option_id" ON public.cart_shipping_method USING btree (shipping_option_id) WHERE ((deleted_at IS NULL) AND (shipping_option_id IS NOT NULL));


--
-- Name: IDX_shipping_method_tax_line_tax_rate_id; Type: INDEX; Schema: public; Owner: -
--

CREATE INDEX "IDX_shipping_method_tax_line_tax_rate_id" ON public.cart_shipping_method_tax_line USING btree (tax_rate_id) WHERE ((deleted_at IS NULL) AND (tax_rate_id IS NOT NULL));


--
-- Name: IDX_shipping_option_deleted_at; Type: INDEX; Schema: public; Owner: -
--

CREATE INDEX "IDX_shipping_option_deleted_at" ON public.shipping_option USING btree (deleted_at) WHERE (deleted_at IS NOT NULL);


--
-- Name: IDX_shipping_option_id_ba32fa9c; Type: INDEX; Schema: public; Owner: -
--

CREATE INDEX "IDX_shipping_option_id_ba32fa9c" ON public.shipping_option_price_set USING btree (shipping_option_id);


--
-- Name: IDX_shipping_option_provider_id; Type: INDEX; Schema: public; Owner: -
--

CREATE INDEX "IDX_shipping_option_provider_id" ON public.shipping_option USING btree (provider_id) WHERE (deleted_at IS NULL);


--
-- Name: IDX_shipping_option_rule_deleted_at; Type: INDEX; Schema: public; Owner: -
--

CREATE INDEX "IDX_shipping_option_rule_deleted_at" ON public.shipping_option_rule USING btree (deleted_at) WHERE (deleted_at IS NOT NULL);


--
-- Name: IDX_shipping_option_rule_shipping_option_id; Type: INDEX; Schema: public; Owner: -
--

CREATE INDEX "IDX_shipping_option_rule_shipping_option_id" ON public.shipping_option_rule USING btree (shipping_option_id) WHERE (deleted_at IS NULL);


--
-- Name: IDX_shipping_option_service_zone_id; Type: INDEX; Schema: public; Owner: -
--

CREATE INDEX "IDX_shipping_option_service_zone_id" ON public.shipping_option USING btree (service_zone_id) WHERE (deleted_at IS NULL);


--
-- Name: IDX_shipping_option_shipping_profile_id; Type: INDEX; Schema: public; Owner: -
--

CREATE INDEX "IDX_shipping_option_shipping_profile_id" ON public.shipping_option USING btree (shipping_profile_id) WHERE (deleted_at IS NULL);


--
-- Name: IDX_shipping_option_type_deleted_at; Type: INDEX; Schema: public; Owner: -
--

CREATE INDEX "IDX_shipping_option_type_deleted_at" ON public.shipping_option_type USING btree (deleted_at) WHERE (deleted_at IS NOT NULL);


--
-- Name: IDX_shipping_profile_deleted_at; Type: INDEX; Schema: public; Owner: -
--

CREATE INDEX "IDX_shipping_profile_deleted_at" ON public.shipping_profile USING btree (deleted_at) WHERE (deleted_at IS NOT NULL);


--
-- Name: IDX_shipping_profile_id_17a262437; Type: INDEX; Schema: public; Owner: -
--

CREATE INDEX "IDX_shipping_profile_id_17a262437" ON public.product_shipping_profile USING btree (shipping_profile_id);


--
-- Name: IDX_shipping_profile_name_unique; Type: INDEX; Schema: public; Owner: -
--

CREATE UNIQUE INDEX "IDX_shipping_profile_name_unique" ON public.shipping_profile USING btree (name) WHERE (deleted_at IS NULL);


--
-- Name: IDX_single_default_region; Type: INDEX; Schema: public; Owner: -
--

CREATE UNIQUE INDEX "IDX_single_default_region" ON public.tax_rate USING btree (tax_region_id) WHERE ((is_default = true) AND (deleted_at IS NULL));


--
-- Name: IDX_stock_location_address_deleted_at; Type: INDEX; Schema: public; Owner: -
--

CREATE INDEX "IDX_stock_location_address_deleted_at" ON public.stock_location_address USING btree (deleted_at) WHERE (deleted_at IS NOT NULL);


--
-- Name: IDX_stock_location_address_id_unique; Type: INDEX; Schema: public; Owner: -
--

CREATE UNIQUE INDEX "IDX_stock_location_address_id_unique" ON public.stock_location USING btree (address_id) WHERE (deleted_at IS NULL);


--
-- Name: IDX_stock_location_deleted_at; Type: INDEX; Schema: public; Owner: -
--

CREATE INDEX "IDX_stock_location_deleted_at" ON public.stock_location USING btree (deleted_at) WHERE (deleted_at IS NOT NULL);


--
-- Name: IDX_stock_location_id_-1e5992737; Type: INDEX; Schema: public; Owner: -
--

CREATE INDEX "IDX_stock_location_id_-1e5992737" ON public.location_fulfillment_provider USING btree (stock_location_id);


--
-- Name: IDX_stock_location_id_-e88adb96; Type: INDEX; Schema: public; Owner: -
--

CREATE INDEX "IDX_stock_location_id_-e88adb96" ON public.location_fulfillment_set USING btree (stock_location_id);


--
-- Name: IDX_stock_location_id_26d06f470; Type: INDEX; Schema: public; Owner: -
--

CREATE INDEX "IDX_stock_location_id_26d06f470" ON public.sales_channel_stock_location USING btree (stock_location_id);


--
-- Name: IDX_store_currency_deleted_at; Type: INDEX; Schema: public; Owner: -
--

CREATE INDEX "IDX_store_currency_deleted_at" ON public.store_currency USING btree (deleted_at) WHERE (deleted_at IS NOT NULL);


--
-- Name: IDX_store_currency_store_id; Type: INDEX; Schema: public; Owner: -
--

CREATE INDEX "IDX_store_currency_store_id" ON public.store_currency USING btree (store_id) WHERE (deleted_at IS NULL);


--
-- Name: IDX_store_deleted_at; Type: INDEX; Schema: public; Owner: -
--

CREATE INDEX "IDX_store_deleted_at" ON public.store USING btree (deleted_at) WHERE (deleted_at IS NOT NULL);


--
-- Name: IDX_tag_value_unique; Type: INDEX; Schema: public; Owner: -
--

CREATE UNIQUE INDEX "IDX_tag_value_unique" ON public.product_tag USING btree (value) WHERE (deleted_at IS NULL);


--
-- Name: IDX_tax_line_item_id; Type: INDEX; Schema: public; Owner: -
--

CREATE INDEX "IDX_tax_line_item_id" ON public.cart_line_item_tax_line USING btree (item_id) WHERE (deleted_at IS NULL);


--
-- Name: IDX_tax_line_shipping_method_id; Type: INDEX; Schema: public; Owner: -
--

CREATE INDEX "IDX_tax_line_shipping_method_id" ON public.cart_shipping_method_tax_line USING btree (shipping_method_id) WHERE (deleted_at IS NULL);


--
-- Name: IDX_tax_provider_deleted_at; Type: INDEX; Schema: public; Owner: -
--

CREATE INDEX "IDX_tax_provider_deleted_at" ON public.tax_provider USING btree (deleted_at) WHERE (deleted_at IS NULL);


--
-- Name: IDX_tax_rate_deleted_at; Type: INDEX; Schema: public; Owner: -
--

CREATE INDEX "IDX_tax_rate_deleted_at" ON public.tax_rate USING btree (deleted_at) WHERE (deleted_at IS NOT NULL);


--
-- Name: IDX_tax_rate_rule_deleted_at; Type: INDEX; Schema: public; Owner: -
--

CREATE INDEX "IDX_tax_rate_rule_deleted_at" ON public.tax_rate_rule USING btree (deleted_at) WHERE (deleted_at IS NOT NULL);


--
-- Name: IDX_tax_rate_rule_reference_id; Type: INDEX; Schema: public; Owner: -
--

CREATE INDEX "IDX_tax_rate_rule_reference_id" ON public.tax_rate_rule USING btree (reference_id) WHERE (deleted_at IS NULL);


--
-- Name: IDX_tax_rate_rule_tax_rate_id; Type: INDEX; Schema: public; Owner: -
--

CREATE INDEX "IDX_tax_rate_rule_tax_rate_id" ON public.tax_rate_rule USING btree (tax_rate_id) WHERE (deleted_at IS NULL);


--
-- Name: IDX_tax_rate_rule_unique_rate_reference; Type: INDEX; Schema: public; Owner: -
--

CREATE UNIQUE INDEX "IDX_tax_rate_rule_unique_rate_reference" ON public.tax_rate_rule USING btree (tax_rate_id, reference_id) WHERE (deleted_at IS NULL);


--
-- Name: IDX_tax_rate_tax_region_id; Type: INDEX; Schema: public; Owner: -
--

CREATE INDEX "IDX_tax_rate_tax_region_id" ON public.tax_rate USING btree (tax_region_id) WHERE (deleted_at IS NULL);


--
-- Name: IDX_tax_region_deleted_at; Type: INDEX; Schema: public; Owner: -
--

CREATE INDEX "IDX_tax_region_deleted_at" ON public.tax_region USING btree (deleted_at) WHERE (deleted_at IS NOT NULL);


--
-- Name: IDX_tax_region_parent_id; Type: INDEX; Schema: public; Owner: -
--

CREATE INDEX "IDX_tax_region_parent_id" ON public.tax_region USING btree (parent_id);


--
-- Name: IDX_tax_region_provider_id; Type: INDEX; Schema: public; Owner: -
--

CREATE INDEX "IDX_tax_region_provider_id" ON public.tax_region USING btree (provider_id) WHERE (deleted_at IS NULL);


--
-- Name: IDX_tax_region_unique_country_nullable_province; Type: INDEX; Schema: public; Owner: -
--

CREATE UNIQUE INDEX "IDX_tax_region_unique_country_nullable_province" ON public.tax_region USING btree (country_code) WHERE ((province_code IS NULL) AND (deleted_at IS NULL));


--
-- Name: IDX_tax_region_unique_country_province; Type: INDEX; Schema: public; Owner: -
--

CREATE UNIQUE INDEX "IDX_tax_region_unique_country_province" ON public.tax_region USING btree (country_code, province_code) WHERE (deleted_at IS NULL);


--
-- Name: IDX_type_value_unique; Type: INDEX; Schema: public; Owner: -
--

CREATE UNIQUE INDEX "IDX_type_value_unique" ON public.product_type USING btree (value) WHERE (deleted_at IS NULL);


--
-- Name: IDX_user_deleted_at; Type: INDEX; Schema: public; Owner: -
--

CREATE INDEX "IDX_user_deleted_at" ON public."user" USING btree (deleted_at) WHERE (deleted_at IS NOT NULL);


--
-- Name: IDX_user_email_unique; Type: INDEX; Schema: public; Owner: -
--

CREATE UNIQUE INDEX "IDX_user_email_unique" ON public."user" USING btree (email) WHERE (deleted_at IS NULL);


--
-- Name: IDX_variant_id_17b4c4e35; Type: INDEX; Schema: public; Owner: -
--

CREATE INDEX "IDX_variant_id_17b4c4e35" ON public.product_variant_inventory_item USING btree (variant_id);


--
-- Name: IDX_variant_id_52b23597; Type: INDEX; Schema: public; Owner: -
--

CREATE INDEX "IDX_variant_id_52b23597" ON public.product_variant_price_set USING btree (variant_id);


--
-- Name: IDX_workflow_execution_deleted_at; Type: INDEX; Schema: public; Owner: -
--

CREATE INDEX "IDX_workflow_execution_deleted_at" ON public.workflow_execution USING btree (deleted_at) WHERE (deleted_at IS NULL);


--
-- Name: IDX_workflow_execution_id; Type: INDEX; Schema: public; Owner: -
--

CREATE INDEX "IDX_workflow_execution_id" ON public.workflow_execution USING btree (id) WHERE (deleted_at IS NULL);


--
-- Name: IDX_workflow_execution_state; Type: INDEX; Schema: public; Owner: -
--

CREATE INDEX "IDX_workflow_execution_state" ON public.workflow_execution USING btree (state) WHERE (deleted_at IS NULL);


--
-- Name: IDX_workflow_execution_transaction_id; Type: INDEX; Schema: public; Owner: -
--

CREATE INDEX "IDX_workflow_execution_transaction_id" ON public.workflow_execution USING btree (transaction_id) WHERE (deleted_at IS NULL);


--
-- Name: IDX_workflow_execution_workflow_id; Type: INDEX; Schema: public; Owner: -
--

CREATE INDEX "IDX_workflow_execution_workflow_id" ON public.workflow_execution USING btree (workflow_id) WHERE (deleted_at IS NULL);


--
-- Name: idx_script_name_unique; Type: INDEX; Schema: public; Owner: -
--

CREATE UNIQUE INDEX idx_script_name_unique ON public.script_migrations USING btree (script_name);


--
-- Name: tax_rate_rule FK_tax_rate_rule_tax_rate_id; Type: FK CONSTRAINT; Schema: public; Owner: -
--

ALTER TABLE ONLY public.tax_rate_rule
    ADD CONSTRAINT "FK_tax_rate_rule_tax_rate_id" FOREIGN KEY (tax_rate_id) REFERENCES public.tax_rate(id) ON DELETE CASCADE;


--
-- Name: tax_rate FK_tax_rate_tax_region_id; Type: FK CONSTRAINT; Schema: public; Owner: -
--

ALTER TABLE ONLY public.tax_rate
    ADD CONSTRAINT "FK_tax_rate_tax_region_id" FOREIGN KEY (tax_region_id) REFERENCES public.tax_region(id) ON DELETE CASCADE;


--
-- Name: tax_region FK_tax_region_parent_id; Type: FK CONSTRAINT; Schema: public; Owner: -
--

ALTER TABLE ONLY public.tax_region
    ADD CONSTRAINT "FK_tax_region_parent_id" FOREIGN KEY (parent_id) REFERENCES public.tax_region(id) ON DELETE CASCADE;


--
-- Name: tax_region FK_tax_region_provider_id; Type: FK CONSTRAINT; Schema: public; Owner: -
--

ALTER TABLE ONLY public.tax_region
    ADD CONSTRAINT "FK_tax_region_provider_id" FOREIGN KEY (provider_id) REFERENCES public.tax_provider(id) ON DELETE SET NULL;


--
-- Name: application_method_buy_rules application_method_buy_rules_application_method_id_foreign; Type: FK CONSTRAINT; Schema: public; Owner: -
--

ALTER TABLE ONLY public.application_method_buy_rules
    ADD CONSTRAINT application_method_buy_rules_application_method_id_foreign FOREIGN KEY (application_method_id) REFERENCES public.promotion_application_method(id) ON UPDATE CASCADE ON DELETE CASCADE;


--
-- Name: application_method_buy_rules application_method_buy_rules_promotion_rule_id_foreign; Type: FK CONSTRAINT; Schema: public; Owner: -
--

ALTER TABLE ONLY public.application_method_buy_rules
    ADD CONSTRAINT application_method_buy_rules_promotion_rule_id_foreign FOREIGN KEY (promotion_rule_id) REFERENCES public.promotion_rule(id) ON UPDATE CASCADE ON DELETE CASCADE;


--
-- Name: application_method_target_rules application_method_target_rules_application_method_id_foreign; Type: FK CONSTRAINT; Schema: public; Owner: -
--

ALTER TABLE ONLY public.application_method_target_rules
    ADD CONSTRAINT application_method_target_rules_application_method_id_foreign FOREIGN KEY (application_method_id) REFERENCES public.promotion_application_method(id) ON UPDATE CASCADE ON DELETE CASCADE;


--
-- Name: application_method_target_rules application_method_target_rules_promotion_rule_id_foreign; Type: FK CONSTRAINT; Schema: public; Owner: -
--

ALTER TABLE ONLY public.application_method_target_rules
    ADD CONSTRAINT application_method_target_rules_promotion_rule_id_foreign FOREIGN KEY (promotion_rule_id) REFERENCES public.promotion_rule(id) ON UPDATE CASCADE ON DELETE CASCADE;


--
-- Name: capture capture_payment_id_foreign; Type: FK CONSTRAINT; Schema: public; Owner: -
--

ALTER TABLE ONLY public.capture
    ADD CONSTRAINT capture_payment_id_foreign FOREIGN KEY (payment_id) REFERENCES public.payment(id) ON UPDATE CASCADE ON DELETE CASCADE;


--
-- Name: cart cart_billing_address_id_foreign; Type: FK CONSTRAINT; Schema: public; Owner: -
--

ALTER TABLE ONLY public.cart
    ADD CONSTRAINT cart_billing_address_id_foreign FOREIGN KEY (billing_address_id) REFERENCES public.cart_address(id) ON UPDATE CASCADE ON DELETE SET NULL;


--
-- Name: cart_line_item_adjustment cart_line_item_adjustment_item_id_foreign; Type: FK CONSTRAINT; Schema: public; Owner: -
--

ALTER TABLE ONLY public.cart_line_item_adjustment
    ADD CONSTRAINT cart_line_item_adjustment_item_id_foreign FOREIGN KEY (item_id) REFERENCES public.cart_line_item(id) ON UPDATE CASCADE ON DELETE CASCADE;


--
-- Name: cart_line_item cart_line_item_cart_id_foreign; Type: FK CONSTRAINT; Schema: public; Owner: -
--

ALTER TABLE ONLY public.cart_line_item
    ADD CONSTRAINT cart_line_item_cart_id_foreign FOREIGN KEY (cart_id) REFERENCES public.cart(id) ON UPDATE CASCADE ON DELETE CASCADE;


--
-- Name: cart_line_item_tax_line cart_line_item_tax_line_item_id_foreign; Type: FK CONSTRAINT; Schema: public; Owner: -
--

ALTER TABLE ONLY public.cart_line_item_tax_line
    ADD CONSTRAINT cart_line_item_tax_line_item_id_foreign FOREIGN KEY (item_id) REFERENCES public.cart_line_item(id) ON UPDATE CASCADE ON DELETE CASCADE;


--
-- Name: cart cart_shipping_address_id_foreign; Type: FK CONSTRAINT; Schema: public; Owner: -
--

ALTER TABLE ONLY public.cart
    ADD CONSTRAINT cart_shipping_address_id_foreign FOREIGN KEY (shipping_address_id) REFERENCES public.cart_address(id) ON UPDATE CASCADE ON DELETE SET NULL;


--
-- Name: cart_shipping_method_adjustment cart_shipping_method_adjustment_shipping_method_id_foreign; Type: FK CONSTRAINT; Schema: public; Owner: -
--

ALTER TABLE ONLY public.cart_shipping_method_adjustment
    ADD CONSTRAINT cart_shipping_method_adjustment_shipping_method_id_foreign FOREIGN KEY (shipping_method_id) REFERENCES public.cart_shipping_method(id) ON UPDATE CASCADE ON DELETE CASCADE;


--
-- Name: cart_shipping_method cart_shipping_method_cart_id_foreign; Type: FK CONSTRAINT; Schema: public; Owner: -
--

ALTER TABLE ONLY public.cart_shipping_method
    ADD CONSTRAINT cart_shipping_method_cart_id_foreign FOREIGN KEY (cart_id) REFERENCES public.cart(id) ON UPDATE CASCADE ON DELETE CASCADE;


--
-- Name: cart_shipping_method_tax_line cart_shipping_method_tax_line_shipping_method_id_foreign; Type: FK CONSTRAINT; Schema: public; Owner: -
--

ALTER TABLE ONLY public.cart_shipping_method_tax_line
    ADD CONSTRAINT cart_shipping_method_tax_line_shipping_method_id_foreign FOREIGN KEY (shipping_method_id) REFERENCES public.cart_shipping_method(id) ON UPDATE CASCADE ON DELETE CASCADE;


--
-- Name: customer_address customer_address_customer_id_foreign; Type: FK CONSTRAINT; Schema: public; Owner: -
--

ALTER TABLE ONLY public.customer_address
    ADD CONSTRAINT customer_address_customer_id_foreign FOREIGN KEY (customer_id) REFERENCES public.customer(id) ON UPDATE CASCADE ON DELETE CASCADE;


--
-- Name: customer_group_customer customer_group_customer_customer_group_id_foreign; Type: FK CONSTRAINT; Schema: public; Owner: -
--

ALTER TABLE ONLY public.customer_group_customer
    ADD CONSTRAINT customer_group_customer_customer_group_id_foreign FOREIGN KEY (customer_group_id) REFERENCES public.customer_group(id) ON UPDATE CASCADE ON DELETE CASCADE;


--
-- Name: customer_group_customer customer_group_customer_customer_id_foreign; Type: FK CONSTRAINT; Schema: public; Owner: -
--

ALTER TABLE ONLY public.customer_group_customer
    ADD CONSTRAINT customer_group_customer_customer_id_foreign FOREIGN KEY (customer_id) REFERENCES public.customer(id) ON UPDATE CASCADE ON DELETE CASCADE;


--
-- Name: fulfillment fulfillment_delivery_address_id_foreign; Type: FK CONSTRAINT; Schema: public; Owner: -
--

ALTER TABLE ONLY public.fulfillment
    ADD CONSTRAINT fulfillment_delivery_address_id_foreign FOREIGN KEY (delivery_address_id) REFERENCES public.fulfillment_address(id) ON UPDATE CASCADE ON DELETE SET NULL;


--
-- Name: fulfillment_item fulfillment_item_fulfillment_id_foreign; Type: FK CONSTRAINT; Schema: public; Owner: -
--

ALTER TABLE ONLY public.fulfillment_item
    ADD CONSTRAINT fulfillment_item_fulfillment_id_foreign FOREIGN KEY (fulfillment_id) REFERENCES public.fulfillment(id) ON UPDATE CASCADE ON DELETE CASCADE;


--
-- Name: fulfillment_label fulfillment_label_fulfillment_id_foreign; Type: FK CONSTRAINT; Schema: public; Owner: -
--

ALTER TABLE ONLY public.fulfillment_label
    ADD CONSTRAINT fulfillment_label_fulfillment_id_foreign FOREIGN KEY (fulfillment_id) REFERENCES public.fulfillment(id) ON UPDATE CASCADE ON DELETE CASCADE;


--
-- Name: fulfillment fulfillment_provider_id_foreign; Type: FK CONSTRAINT; Schema: public; Owner: -
--

ALTER TABLE ONLY public.fulfillment
    ADD CONSTRAINT fulfillment_provider_id_foreign FOREIGN KEY (provider_id) REFERENCES public.fulfillment_provider(id) ON UPDATE CASCADE ON DELETE SET NULL;


--
-- Name: fulfillment fulfillment_shipping_option_id_foreign; Type: FK CONSTRAINT; Schema: public; Owner: -
--

ALTER TABLE ONLY public.fulfillment
    ADD CONSTRAINT fulfillment_shipping_option_id_foreign FOREIGN KEY (shipping_option_id) REFERENCES public.shipping_option(id) ON UPDATE CASCADE ON DELETE SET NULL;


--
-- Name: geo_zone geo_zone_service_zone_id_foreign; Type: FK CONSTRAINT; Schema: public; Owner: -
--

ALTER TABLE ONLY public.geo_zone
    ADD CONSTRAINT geo_zone_service_zone_id_foreign FOREIGN KEY (service_zone_id) REFERENCES public.service_zone(id) ON UPDATE CASCADE ON DELETE CASCADE;


--
-- Name: image image_product_id_foreign; Type: FK CONSTRAINT; Schema: public; Owner: -
--

ALTER TABLE ONLY public.image
    ADD CONSTRAINT image_product_id_foreign FOREIGN KEY (product_id) REFERENCES public.product(id) ON UPDATE CASCADE ON DELETE CASCADE;


--
-- Name: inventory_level inventory_level_inventory_item_id_foreign; Type: FK CONSTRAINT; Schema: public; Owner: -
--

ALTER TABLE ONLY public.inventory_level
    ADD CONSTRAINT inventory_level_inventory_item_id_foreign FOREIGN KEY (inventory_item_id) REFERENCES public.inventory_item(id) ON UPDATE CASCADE ON DELETE CASCADE;


--
-- Name: notification notification_provider_id_foreign; Type: FK CONSTRAINT; Schema: public; Owner: -
--

ALTER TABLE ONLY public.notification
    ADD CONSTRAINT notification_provider_id_foreign FOREIGN KEY (provider_id) REFERENCES public.notification_provider(id) ON UPDATE CASCADE ON DELETE SET NULL;


--
-- Name: order order_billing_address_id_foreign; Type: FK CONSTRAINT; Schema: public; Owner: -
--

ALTER TABLE ONLY public."order"
    ADD CONSTRAINT order_billing_address_id_foreign FOREIGN KEY (billing_address_id) REFERENCES public.order_address(id) ON UPDATE CASCADE ON DELETE CASCADE;


--
-- Name: order_change_action order_change_action_order_change_id_foreign; Type: FK CONSTRAINT; Schema: public; Owner: -
--

ALTER TABLE ONLY public.order_change_action
    ADD CONSTRAINT order_change_action_order_change_id_foreign FOREIGN KEY (order_change_id) REFERENCES public.order_change(id) ON UPDATE CASCADE ON DELETE CASCADE;


--
-- Name: order_change order_change_order_id_foreign; Type: FK CONSTRAINT; Schema: public; Owner: -
--

ALTER TABLE ONLY public.order_change
    ADD CONSTRAINT order_change_order_id_foreign FOREIGN KEY (order_id) REFERENCES public."order"(id) ON UPDATE CASCADE ON DELETE CASCADE;


--
-- Name: order_credit_line order_credit_line_order_id_foreign; Type: FK CONSTRAINT; Schema: public; Owner: -
--

ALTER TABLE ONLY public.order_credit_line
    ADD CONSTRAINT order_credit_line_order_id_foreign FOREIGN KEY (order_id) REFERENCES public."order"(id) ON UPDATE CASCADE;


--
-- Name: order_item order_item_item_id_foreign; Type: FK CONSTRAINT; Schema: public; Owner: -
--

ALTER TABLE ONLY public.order_item
    ADD CONSTRAINT order_item_item_id_foreign FOREIGN KEY (item_id) REFERENCES public.order_line_item(id) ON UPDATE CASCADE ON DELETE CASCADE;


--
-- Name: order_item order_item_order_id_foreign; Type: FK CONSTRAINT; Schema: public; Owner: -
--

ALTER TABLE ONLY public.order_item
    ADD CONSTRAINT order_item_order_id_foreign FOREIGN KEY (order_id) REFERENCES public."order"(id) ON UPDATE CASCADE ON DELETE CASCADE;


--
-- Name: order_line_item_adjustment order_line_item_adjustment_item_id_foreign; Type: FK CONSTRAINT; Schema: public; Owner: -
--

ALTER TABLE ONLY public.order_line_item_adjustment
    ADD CONSTRAINT order_line_item_adjustment_item_id_foreign FOREIGN KEY (item_id) REFERENCES public.order_line_item(id) ON UPDATE CASCADE ON DELETE CASCADE;


--
-- Name: order_line_item_tax_line order_line_item_tax_line_item_id_foreign; Type: FK CONSTRAINT; Schema: public; Owner: -
--

ALTER TABLE ONLY public.order_line_item_tax_line
    ADD CONSTRAINT order_line_item_tax_line_item_id_foreign FOREIGN KEY (item_id) REFERENCES public.order_line_item(id) ON UPDATE CASCADE ON DELETE CASCADE;


--
-- Name: order_line_item order_line_item_totals_id_foreign; Type: FK CONSTRAINT; Schema: public; Owner: -
--

ALTER TABLE ONLY public.order_line_item
    ADD CONSTRAINT order_line_item_totals_id_foreign FOREIGN KEY (totals_id) REFERENCES public.order_item(id) ON UPDATE CASCADE ON DELETE CASCADE;


--
-- Name: order order_shipping_address_id_foreign; Type: FK CONSTRAINT; Schema: public; Owner: -
--

ALTER TABLE ONLY public."order"
    ADD CONSTRAINT order_shipping_address_id_foreign FOREIGN KEY (shipping_address_id) REFERENCES public.order_address(id) ON UPDATE CASCADE ON DELETE CASCADE;


--
-- Name: order_shipping_method_adjustment order_shipping_method_adjustment_shipping_method_id_foreign; Type: FK CONSTRAINT; Schema: public; Owner: -
--

ALTER TABLE ONLY public.order_shipping_method_adjustment
    ADD CONSTRAINT order_shipping_method_adjustment_shipping_method_id_foreign FOREIGN KEY (shipping_method_id) REFERENCES public.order_shipping_method(id) ON UPDATE CASCADE ON DELETE CASCADE;


--
-- Name: order_shipping_method_tax_line order_shipping_method_tax_line_shipping_method_id_foreign; Type: FK CONSTRAINT; Schema: public; Owner: -
--

ALTER TABLE ONLY public.order_shipping_method_tax_line
    ADD CONSTRAINT order_shipping_method_tax_line_shipping_method_id_foreign FOREIGN KEY (shipping_method_id) REFERENCES public.order_shipping_method(id) ON UPDATE CASCADE ON DELETE CASCADE;


--
-- Name: order_shipping order_shipping_order_id_foreign; Type: FK CONSTRAINT; Schema: public; Owner: -
--

ALTER TABLE ONLY public.order_shipping
    ADD CONSTRAINT order_shipping_order_id_foreign FOREIGN KEY (order_id) REFERENCES public."order"(id) ON UPDATE CASCADE ON DELETE CASCADE;


--
-- Name: order_transaction order_transaction_order_id_foreign; Type: FK CONSTRAINT; Schema: public; Owner: -
--

ALTER TABLE ONLY public.order_transaction
    ADD CONSTRAINT order_transaction_order_id_foreign FOREIGN KEY (order_id) REFERENCES public."order"(id) ON UPDATE CASCADE ON DELETE CASCADE;


--
-- Name: payment_collection_payment_providers payment_collection_payment_providers_payment_col_aa276_foreign; Type: FK CONSTRAINT; Schema: public; Owner: -
--

ALTER TABLE ONLY public.payment_collection_payment_providers
    ADD CONSTRAINT payment_collection_payment_providers_payment_col_aa276_foreign FOREIGN KEY (payment_collection_id) REFERENCES public.payment_collection(id) ON UPDATE CASCADE ON DELETE CASCADE;


--
-- Name: payment_collection_payment_providers payment_collection_payment_providers_payment_pro_2d555_foreign; Type: FK CONSTRAINT; Schema: public; Owner: -
--

ALTER TABLE ONLY public.payment_collection_payment_providers
    ADD CONSTRAINT payment_collection_payment_providers_payment_pro_2d555_foreign FOREIGN KEY (payment_provider_id) REFERENCES public.payment_provider(id) ON UPDATE CASCADE ON DELETE CASCADE;


--
-- Name: payment payment_payment_collection_id_foreign; Type: FK CONSTRAINT; Schema: public; Owner: -
--

ALTER TABLE ONLY public.payment
    ADD CONSTRAINT payment_payment_collection_id_foreign FOREIGN KEY (payment_collection_id) REFERENCES public.payment_collection(id) ON UPDATE CASCADE ON DELETE CASCADE;


--
-- Name: payment_session payment_session_payment_collection_id_foreign; Type: FK CONSTRAINT; Schema: public; Owner: -
--

ALTER TABLE ONLY public.payment_session
    ADD CONSTRAINT payment_session_payment_collection_id_foreign FOREIGN KEY (payment_collection_id) REFERENCES public.payment_collection(id) ON UPDATE CASCADE ON DELETE CASCADE;


--
-- Name: price_list_rule price_list_rule_price_list_id_foreign; Type: FK CONSTRAINT; Schema: public; Owner: -
--

ALTER TABLE ONLY public.price_list_rule
    ADD CONSTRAINT price_list_rule_price_list_id_foreign FOREIGN KEY (price_list_id) REFERENCES public.price_list(id) ON UPDATE CASCADE ON DELETE CASCADE;


--
-- Name: price price_price_list_id_foreign; Type: FK CONSTRAINT; Schema: public; Owner: -
--

ALTER TABLE ONLY public.price
    ADD CONSTRAINT price_price_list_id_foreign FOREIGN KEY (price_list_id) REFERENCES public.price_list(id) ON UPDATE CASCADE ON DELETE CASCADE;


--
-- Name: price price_price_set_id_foreign; Type: FK CONSTRAINT; Schema: public; Owner: -
--

ALTER TABLE ONLY public.price
    ADD CONSTRAINT price_price_set_id_foreign FOREIGN KEY (price_set_id) REFERENCES public.price_set(id) ON UPDATE CASCADE ON DELETE CASCADE;


--
-- Name: price_rule price_rule_price_id_foreign; Type: FK CONSTRAINT; Schema: public; Owner: -
--

ALTER TABLE ONLY public.price_rule
    ADD CONSTRAINT price_rule_price_id_foreign FOREIGN KEY (price_id) REFERENCES public.price(id) ON UPDATE CASCADE ON DELETE CASCADE;


--
-- Name: product_category product_category_parent_category_id_foreign; Type: FK CONSTRAINT; Schema: public; Owner: -
--

ALTER TABLE ONLY public.product_category
    ADD CONSTRAINT product_category_parent_category_id_foreign FOREIGN KEY (parent_category_id) REFERENCES public.product_category(id) ON UPDATE CASCADE ON DELETE CASCADE;


--
-- Name: product_category_product product_category_product_product_category_id_foreign; Type: FK CONSTRAINT; Schema: public; Owner: -
--

ALTER TABLE ONLY public.product_category_product
    ADD CONSTRAINT product_category_product_product_category_id_foreign FOREIGN KEY (product_category_id) REFERENCES public.product_category(id) ON UPDATE CASCADE ON DELETE CASCADE;


--
-- Name: product_category_product product_category_product_product_id_foreign; Type: FK CONSTRAINT; Schema: public; Owner: -
--

ALTER TABLE ONLY public.product_category_product
    ADD CONSTRAINT product_category_product_product_id_foreign FOREIGN KEY (product_id) REFERENCES public.product(id) ON UPDATE CASCADE ON DELETE CASCADE;


--
-- Name: product product_collection_id_foreign; Type: FK CONSTRAINT; Schema: public; Owner: -
--

ALTER TABLE ONLY public.product
    ADD CONSTRAINT product_collection_id_foreign FOREIGN KEY (collection_id) REFERENCES public.product_collection(id) ON UPDATE CASCADE ON DELETE SET NULL;


--
-- Name: product_option product_option_product_id_foreign; Type: FK CONSTRAINT; Schema: public; Owner: -
--

ALTER TABLE ONLY public.product_option
    ADD CONSTRAINT product_option_product_id_foreign FOREIGN KEY (product_id) REFERENCES public.product(id) ON UPDATE CASCADE ON DELETE CASCADE;


--
-- Name: product_option_value product_option_value_option_id_foreign; Type: FK CONSTRAINT; Schema: public; Owner: -
--

ALTER TABLE ONLY public.product_option_value
    ADD CONSTRAINT product_option_value_option_id_foreign FOREIGN KEY (option_id) REFERENCES public.product_option(id) ON UPDATE CASCADE ON DELETE CASCADE;


--
-- Name: product_tags product_tags_product_id_foreign; Type: FK CONSTRAINT; Schema: public; Owner: -
--

ALTER TABLE ONLY public.product_tags
    ADD CONSTRAINT product_tags_product_id_foreign FOREIGN KEY (product_id) REFERENCES public.product(id) ON UPDATE CASCADE ON DELETE CASCADE;


--
-- Name: product_tags product_tags_product_tag_id_foreign; Type: FK CONSTRAINT; Schema: public; Owner: -
--

ALTER TABLE ONLY public.product_tags
    ADD CONSTRAINT product_tags_product_tag_id_foreign FOREIGN KEY (product_tag_id) REFERENCES public.product_tag(id) ON UPDATE CASCADE ON DELETE CASCADE;


--
-- Name: product product_type_id_foreign; Type: FK CONSTRAINT; Schema: public; Owner: -
--

ALTER TABLE ONLY public.product
    ADD CONSTRAINT product_type_id_foreign FOREIGN KEY (type_id) REFERENCES public.product_type(id) ON UPDATE CASCADE ON DELETE SET NULL;


--
-- Name: product_variant_option product_variant_option_option_value_id_foreign; Type: FK CONSTRAINT; Schema: public; Owner: -
--

ALTER TABLE ONLY public.product_variant_option
    ADD CONSTRAINT product_variant_option_option_value_id_foreign FOREIGN KEY (option_value_id) REFERENCES public.product_option_value(id) ON UPDATE CASCADE ON DELETE CASCADE;


--
-- Name: product_variant_option product_variant_option_variant_id_foreign; Type: FK CONSTRAINT; Schema: public; Owner: -
--

ALTER TABLE ONLY public.product_variant_option
    ADD CONSTRAINT product_variant_option_variant_id_foreign FOREIGN KEY (variant_id) REFERENCES public.product_variant(id) ON UPDATE CASCADE ON DELETE CASCADE;


--
-- Name: product_variant product_variant_product_id_foreign; Type: FK CONSTRAINT; Schema: public; Owner: -
--

ALTER TABLE ONLY public.product_variant
    ADD CONSTRAINT product_variant_product_id_foreign FOREIGN KEY (product_id) REFERENCES public.product(id) ON UPDATE CASCADE ON DELETE CASCADE;


--
-- Name: promotion_application_method promotion_application_method_promotion_id_foreign; Type: FK CONSTRAINT; Schema: public; Owner: -
--

ALTER TABLE ONLY public.promotion_application_method
    ADD CONSTRAINT promotion_application_method_promotion_id_foreign FOREIGN KEY (promotion_id) REFERENCES public.promotion(id) ON UPDATE CASCADE ON DELETE CASCADE;


--
-- Name: promotion_campaign_budget promotion_campaign_budget_campaign_id_foreign; Type: FK CONSTRAINT; Schema: public; Owner: -
--

ALTER TABLE ONLY public.promotion_campaign_budget
    ADD CONSTRAINT promotion_campaign_budget_campaign_id_foreign FOREIGN KEY (campaign_id) REFERENCES public.promotion_campaign(id) ON UPDATE CASCADE ON DELETE CASCADE;


--
-- Name: promotion promotion_campaign_id_foreign; Type: FK CONSTRAINT; Schema: public; Owner: -
--

ALTER TABLE ONLY public.promotion
    ADD CONSTRAINT promotion_campaign_id_foreign FOREIGN KEY (campaign_id) REFERENCES public.promotion_campaign(id) ON UPDATE CASCADE ON DELETE SET NULL;


--
-- Name: promotion_promotion_rule promotion_promotion_rule_promotion_id_foreign; Type: FK CONSTRAINT; Schema: public; Owner: -
--

ALTER TABLE ONLY public.promotion_promotion_rule
    ADD CONSTRAINT promotion_promotion_rule_promotion_id_foreign FOREIGN KEY (promotion_id) REFERENCES public.promotion(id) ON UPDATE CASCADE ON DELETE CASCADE;


--
-- Name: promotion_promotion_rule promotion_promotion_rule_promotion_rule_id_foreign; Type: FK CONSTRAINT; Schema: public; Owner: -
--

ALTER TABLE ONLY public.promotion_promotion_rule
    ADD CONSTRAINT promotion_promotion_rule_promotion_rule_id_foreign FOREIGN KEY (promotion_rule_id) REFERENCES public.promotion_rule(id) ON UPDATE CASCADE ON DELETE CASCADE;


--
-- Name: promotion_rule_value promotion_rule_value_promotion_rule_id_foreign; Type: FK CONSTRAINT; Schema: public; Owner: -
--

ALTER TABLE ONLY public.promotion_rule_value
    ADD CONSTRAINT promotion_rule_value_promotion_rule_id_foreign FOREIGN KEY (promotion_rule_id) REFERENCES public.promotion_rule(id) ON UPDATE CASCADE ON DELETE CASCADE;


--
-- Name: provider_identity provider_identity_auth_identity_id_foreign; Type: FK CONSTRAINT; Schema: public; Owner: -
--

ALTER TABLE ONLY public.provider_identity
    ADD CONSTRAINT provider_identity_auth_identity_id_foreign FOREIGN KEY (auth_identity_id) REFERENCES public.auth_identity(id) ON UPDATE CASCADE ON DELETE CASCADE;


--
-- Name: refund refund_payment_id_foreign; Type: FK CONSTRAINT; Schema: public; Owner: -
--

ALTER TABLE ONLY public.refund
    ADD CONSTRAINT refund_payment_id_foreign FOREIGN KEY (payment_id) REFERENCES public.payment(id) ON UPDATE CASCADE ON DELETE CASCADE;


--
-- Name: region_country region_country_region_id_foreign; Type: FK CONSTRAINT; Schema: public; Owner: -
--

ALTER TABLE ONLY public.region_country
    ADD CONSTRAINT region_country_region_id_foreign FOREIGN KEY (region_id) REFERENCES public.region(id) ON UPDATE CASCADE ON DELETE SET NULL;


--
-- Name: reservation_item reservation_item_inventory_item_id_foreign; Type: FK CONSTRAINT; Schema: public; Owner: -
--

ALTER TABLE ONLY public.reservation_item
    ADD CONSTRAINT reservation_item_inventory_item_id_foreign FOREIGN KEY (inventory_item_id) REFERENCES public.inventory_item(id) ON UPDATE CASCADE ON DELETE CASCADE;


--
-- Name: return_reason return_reason_parent_return_reason_id_foreign; Type: FK CONSTRAINT; Schema: public; Owner: -
--

ALTER TABLE ONLY public.return_reason
    ADD CONSTRAINT return_reason_parent_return_reason_id_foreign FOREIGN KEY (parent_return_reason_id) REFERENCES public.return_reason(id);


--
-- Name: service_zone service_zone_fulfillment_set_id_foreign; Type: FK CONSTRAINT; Schema: public; Owner: -
--

ALTER TABLE ONLY public.service_zone
    ADD CONSTRAINT service_zone_fulfillment_set_id_foreign FOREIGN KEY (fulfillment_set_id) REFERENCES public.fulfillment_set(id) ON UPDATE CASCADE ON DELETE CASCADE;


--
-- Name: shipping_option shipping_option_provider_id_foreign; Type: FK CONSTRAINT; Schema: public; Owner: -
--

ALTER TABLE ONLY public.shipping_option
    ADD CONSTRAINT shipping_option_provider_id_foreign FOREIGN KEY (provider_id) REFERENCES public.fulfillment_provider(id) ON UPDATE CASCADE ON DELETE SET NULL;


--
-- Name: shipping_option_rule shipping_option_rule_shipping_option_id_foreign; Type: FK CONSTRAINT; Schema: public; Owner: -
--

ALTER TABLE ONLY public.shipping_option_rule
    ADD CONSTRAINT shipping_option_rule_shipping_option_id_foreign FOREIGN KEY (shipping_option_id) REFERENCES public.shipping_option(id) ON UPDATE CASCADE ON DELETE CASCADE;


--
-- Name: shipping_option shipping_option_service_zone_id_foreign; Type: FK CONSTRAINT; Schema: public; Owner: -
--

ALTER TABLE ONLY public.shipping_option
    ADD CONSTRAINT shipping_option_service_zone_id_foreign FOREIGN KEY (service_zone_id) REFERENCES public.service_zone(id) ON UPDATE CASCADE ON DELETE CASCADE;


--
-- Name: shipping_option shipping_option_shipping_option_type_id_foreign; Type: FK CONSTRAINT; Schema: public; Owner: -
--

ALTER TABLE ONLY public.shipping_option
    ADD CONSTRAINT shipping_option_shipping_option_type_id_foreign FOREIGN KEY (shipping_option_type_id) REFERENCES public.shipping_option_type(id) ON UPDATE CASCADE;


--
-- Name: shipping_option shipping_option_shipping_profile_id_foreign; Type: FK CONSTRAINT; Schema: public; Owner: -
--

ALTER TABLE ONLY public.shipping_option
    ADD CONSTRAINT shipping_option_shipping_profile_id_foreign FOREIGN KEY (shipping_profile_id) REFERENCES public.shipping_profile(id) ON UPDATE CASCADE ON DELETE SET NULL;


--
-- Name: stock_location stock_location_address_id_foreign; Type: FK CONSTRAINT; Schema: public; Owner: -
--

ALTER TABLE ONLY public.stock_location
    ADD CONSTRAINT stock_location_address_id_foreign FOREIGN KEY (address_id) REFERENCES public.stock_location_address(id) ON UPDATE CASCADE ON DELETE CASCADE;


--
-- Name: store_currency store_currency_store_id_foreign; Type: FK CONSTRAINT; Schema: public; Owner: -
--

ALTER TABLE ONLY public.store_currency
    ADD CONSTRAINT store_currency_store_id_foreign FOREIGN KEY (store_id) REFERENCES public.store(id) ON UPDATE CASCADE ON DELETE CASCADE;


--
-- PostgreSQL database dump complete
--

